rank,votesCount,commentsCount,launch_hour,weekday,month,is_featured,description_length,tagline_length,topic_count,maker_count,maker_total_followers,hunter_followers_count,media_count,has_video,self_launched,primary_topic
3,10.0,96.0,6,1,5,True,73,45,3,1,0,21548.0,7,True,False,Open Source
17,32.0,39.0,16,6,6,False,388,52,3,0,0,0.0,2,False,False,iOS
9,88.0,6.0,7,3,6,True,500,56,3,4,28,2323.0,3,False,False,Productivity
1,0.0,7.0,21,0,6,False,373,49,3,1,497,0.0,6,False,False,Design Tools
1,117.0,6.0,8,0,5,True,85,38,3,1,516,2641.0,9,False,False,Productivity
6,141.0,0.0,20,0,5,False,500,60,4,2,310,0.0,3,True,False,API
6,54.0,0.0,13,0,5,True,476,60,3,1,0,905.0,4,False,False,API
8,35.0,28.0,6,5,6,True,346,50,3,1,252,1071.0,2,True,False,Chrome Extensions
9,0.0,0.0,10,5,6,True,500,31,3,7,458,6810.0,3,True,False,Social Media
16,46.0,0.0,6,3,5,True,89,42,4,1,2725,1119.0,7,False,False,Productivity
10,129.0,46.0,16,1,5,True,424,52,3,1,1189,94030.0,9,False,False,Productivity
8,81.0,49.0,7,5,5,True,408,17,3,1,0,2203.0,4,True,False,Artificial Intelligence
11,0.0,45.0,12,2,5,False,192,60,3,5,203,2348.0,8,True,False,Productivity
1,258.0,0.0,7,0,1,True,387,27,3,1,350,2388.0,6,False,False,API
18,66.0,10.0,17,4,5,True,370,31,1,2,378,2893.0,12,True,False,Health & Fitness
12,1.0,24.0,4,5,5,False,464,53,5,1,427,2660.0,5,True,False,Customer Communication
1,107.0,28.0,8,3,5,True,467,59,3,1,0,3972.0,7,False,False,Developer Tools
1,94.0,0.0,19,6,6,True,434,50,3,1,0,2989.0,4,True,False,Health & Fitness
1,0.0,17.0,23,3,5,True,378,55,3,0,0,154486.0,6,True,False,Comics & Graphic Novels
2,57.0,0.0,7,2,6,True,164,52,3,3,255,0.0,5,False,False,Design Tools
1,172.0,32.0,7,6,5,True,496,60,3,1,300,112778.0,6,True,False,Mac
28,23.0,11.0,21,5,5,True,81,48,4,0,101,3163.0,6,True,False,Chrome Extensions
1,218.0,4.0,7,6,5,True,500,54,3,1,131,2957.0,7,False,False,Virtual Reality
3,648.0,26.0,7,0,9,True,477,45,3,1,490,0.0,7,False,False,Productivity
1,200.0,103.0,7,5,5,True,402,57,3,1,404,0.0,6,False,False,Mac
17,33.0,0.0,6,6,5,True,408,54,3,3,0,3532.0,5,True,False,Sales
4,21.0,13.0,6,4,5,True,364,56,3,1,0,9255.0,8,False,False,Marketing
222,18.0,20.0,0,0,6,True,500,49,2,1,343,0.0,7,True,False,Productivity
1,0.0,14.0,17,5,6,True,237,57,3,4,316,1092.0,8,False,False,Productivity
13,4.0,43.0,7,6,6,False,500,60,3,0,0,0.0,2,True,False,Browser Extensions
26,1.0,42.0,11,1,5,True,500,57,3,1,295,0.0,4,False,False,API
6,0.0,25.0,6,4,5,True,445,24,3,3,226,2174.0,4,True,False,Productivity
1,0.0,3.0,7,4,5,True,347,40,3,2,404,620.0,4,False,False,Android
11,174.0,0.0,14,5,5,True,482,58,8,1,49,2990.0,5,False,False,Home
1,0.0,0.0,7,4,6,True,238,60,3,2,632,28641.0,7,False,False,Mac
5,0.0,0.0,7,3,5,True,453,50,4,1,191,5572.0,10,False,False,API
1,0.0,22.0,16,2,1,True,421,55,3,2,2655,26699.0,10,False,False,Vibe coding
1,103.0,15.0,6,6,5,True,345,56,3,6,806,2765.0,5,False,False,SaaS
1,0.0,35.0,7,5,5,True,48,56,4,2,0,21523.0,6,False,False,Time Tracking
1,340.0,19.0,19,3,6,True,500,46,3,9,389,3991.0,5,False,False,Dating
20,527.0,8.0,7,2,5,False,242,35,3,0,258,0.0,7,True,False,iOS
11,83.0,26.0,17,3,6,True,238,60,3,0,0,0.0,5,False,False,Health & Fitness
14,411.0,0.0,21,6,5,False,411,56,4,3,314,162988.0,7,False,False,SaaS
1,35.0,11.0,16,3,12,True,395,55,3,6,0,122.0,8,True,False,Analytics
11,122.0,0.0,7,3,5,False,226,42,4,9,23,24769.0,6,False,False,Productivity
13,127.0,6.0,6,5,5,True,84,60,4,1,0,0.0,7,True,False,Productivity
1,95.0,85.0,10,0,5,True,315,53,2,1,23,1514.0,7,False,False,Crypto
16,143.0,0.0,7,4,5,True,218,52,1,3,738,6124.0,9,False,False,Startup Books
7,116.0,14.0,1,6,5,True,378,58,3,3,33,57868.0,9,True,False,Crypto
5,66.0,0.0,7,5,6,True,265,54,3,6,0,4245.0,8,False,False,Productivity
10,127.0,7.0,10,1,5,True,48,43,3,3,0,0.0,4,True,False,Venture Capital
1,0.0,14.0,3,3,5,True,422,60,3,3,244,2568.0,10,True,False,Design Tools
1,0.0,65.0,10,3,5,False,467,58,2,0,0,518.0,6,True,False,SaaS
2,23.0,20.0,12,3,6,True,293,37,3,0,135,3543.0,6,False,False,Design Tools
38,194.0,18.0,7,5,5,False,344,48,1,1,0,2809.0,7,True,False,Writing
5,52.0,31.0,6,1,5,True,458,60,4,1,0,2181.0,9,True,False,Cars
1,59.0,67.0,7,5,6,False,124,58,1,0,507,3653.0,1,True,False,Productivity
74,331.0,0.0,20,0,5,False,418,60,3,1,129,955.0,8,False,False,Streaming Services
1,87.0,57.0,4,6,6,True,500,52,3,1,229,6905.0,10,False,False,Web App
1,7.0,26.0,19,6,1,True,89,51,3,0,0,27447.0,4,False,False,Tech
23,4.0,120.0,7,0,6,True,500,60,3,1,0,1605.0,5,True,False,Android
14,265.0,0.0,15,3,5,False,376,54,3,2,0,4326.0,5,False,False,Android
20,94.0,13.0,6,0,5,True,331,56,3,3,0,0.0,4,True,False,Time Tracking
15,154.0,149.0,6,0,6,True,500,52,1,1,527,0.0,6,False,False,Artificial Intelligence
1,89.0,27.0,14,3,5,True,104,49,3,1,0,1610.0,8,True,False,Android
2,54.0,20.0,14,4,1,True,308,47,3,3,0,0.0,10,True,False,Android
1,0.0,0.0,19,5,5,False,362,60,2,1,258,29450.0,6,False,False,Productivity
6,30.0,2.0,23,1,5,False,304,50,2,1,0,0.0,20,False,False,Android
3,0.0,0.0,15,0,5,True,60,25,2,2,0,14243.0,7,True,False,Marketing
12,43.0,14.0,7,1,5,True,500,42,3,1,111,4711.0,3,False,False,Social Media
7,12.0,0.0,17,4,5,True,245,57,3,0,0,0.0,8,False,False,Advertising
26,14.0,0.0,7,4,5,True,402,44,2,3,3674,3137.0,6,False,False,Robots
19,0.0,2.0,6,3,6,True,429,49,3,2,0,2142.0,8,False,False,Productivity
1,30.0,39.0,19,5,5,False,426,54,5,2,319,627.0,6,False,False,Hardware
5,20.0,25.0,7,3,6,True,242,58,2,1,10,0.0,17,True,False,Android
9,117.0,0.0,10,6,6,True,112,55,1,1,0,3148.0,5,True,False,Sales
3,66.0,11.0,22,6,5,True,462,56,3,1,485,0.0,2,False,False,Android
1,68.0,44.0,23,3,6,True,423,49,3,21,273,0.0,7,True,False,iOS
11,0.0,0.0,7,5,6,False,500,55,3,1,46,3707.0,6,True,False,Crypto
1,37.0,38.0,10,3,6,True,234,60,3,1,0,3076.0,3,False,False,Productivity
1,19.0,72.0,7,5,6,True,374,60,2,1,147,0.0,9,True,False,API
1,103.0,1.0,9,0,5,True,377,18,3,4,0,4625.0,4,False,False,Emoji
42,100.0,2.0,6,6,5,True,48,41,3,1,147,2176.0,7,False,False,Developer Tools
7,0.0,58.0,7,6,5,True,382,59,3,0,0,13479.0,6,False,False,Customer Success
38,8.0,17.0,6,4,1,True,500,28,3,1,12,1454.0,11,True,False,Email Marketing
5,148.0,59.0,6,3,6,True,447,59,4,1,0,132234.0,7,False,False,Marketing
1,0.0,2.0,14,1,6,False,373,44,2,0,0,2502.0,4,False,False,Sales
13,57.0,0.0,14,6,5,True,132,40,3,1,50,42.0,6,True,False,Productivity
14,24.0,27.0,7,0,6,True,500,51,3,2,308,0.0,8,False,False,Streaming Services
1,119.0,14.0,0,3,5,True,105,37,3,2,0,4166.0,13,True,False,Design Tools
20,186.0,18.0,7,1,6,True,448,29,2,1,0,2099.0,7,False,False,Productivity
9,257.0,0.0,22,1,6,True,380,47,3,1,157,4759.0,4,True,False,Marketing
7,0.0,7.0,6,0,5,True,500,35,2,1,232,62234.0,2,False,False,Productivity
10,26.0,14.0,7,0,5,True,474,26,3,1,321,4633.0,7,False,False,Health & Fitness
10,27.0,76.0,7,3,5,True,457,37,2,2,421,2155.0,10,True,False,Chrome Extensions
1,0.0,42.0,3,1,5,True,206,56,3,1,0,0.0,4,False,False,Venture Capital
15,114.0,0.0,7,6,6,False,239,60,4,1,6433,16138.0,6,False,False,Robots
11,56.0,11.0,20,2,5,True,254,54,4,1,0,0.0,5,True,False,SaaS
19,76.0,13.0,7,5,5,True,135,56,3,1,0,0.0,6,False,False,User Experience
3,33.0,40.0,22,4,6,True,500,38,3,2,204,120658.0,5,False,False,Payments
17,182.0,14.0,11,4,5,True,475,59,3,5,346,2651.0,3,False,False,Prototyping
2,0.0,33.0,11,0,9,True,272,58,3,3,0,0.0,16,False,False,Productivity
60,76.0,0.0,7,3,5,False,188,60,2,2,0,21939.0,6,False,False,Mac
2,125.0,3.0,20,6,5,False,434,58,1,1,58,2137.0,21,False,False,Android
16,2.0,18.0,6,1,5,True,265,32,1,1,536,3315.0,8,False,False,Art
1,11.0,0.0,10,1,6,True,48,22,3,5,0,203.0,7,True,False,Chrome Extensions
1,32.0,0.0,15,0,5,True,367,60,3,1,393,0.0,5,False,False,Productivity
18,16.0,18.0,13,0,5,True,286,50,3,1,165,1291.0,20,True,False,Artificial Intelligence
16,33.0,33.0,7,4,5,True,367,57,3,1,0,1484.0,21,True,False,Software Engineering
1,146.0,47.0,21,5,6,True,321,57,8,1,313,2044.0,5,False,False,Home
2,505.0,0.0,7,0,5,True,450,60,3,3,725,614.0,3,False,False,Sales
2,4.0,0.0,8,1,5,True,434,60,3,1,298,31623.0,6,True,False,Software Engineering
10,35.0,5.0,7,4,6,True,500,58,3,1,109,2774.0,9,False,False,Mac
10,98.0,7.0,18,3,6,True,500,55,3,1,752,2121.0,9,True,False,SaaS
12,2661.0,31.0,23,0,5,True,456,51,3,1,0,4690.0,9,True,False,Customer Communication
9,100.0,92.0,23,3,6,True,492,45,2,1,190,746.0,0,False,False,Mac
1,6.0,90.0,23,6,6,True,476,47,3,5,138,3450.0,8,True,False,Android
1,56.0,0.0,5,3,6,False,500,29,2,0,108,5583.0,7,False,False,Hiring
3,3.0,0.0,3,6,2,False,500,50,1,1,69,3341.0,8,True,False,Developer Tools
21,466.0,51.0,7,0,5,True,351,26,3,1,1829,159483.0,6,False,False,Productivity
10,50.0,0.0,7,4,5,True,195,60,2,1,0,48665.0,3,False,False,Productivity
11,0.0,21.0,7,1,6,False,122,55,3,5,0,0.0,3,False,False,Developer Tools
1,154.0,6.0,20,1,5,True,323,59,3,1,251,111810.0,6,True,False,Web App
13,96.0,8.0,7,1,5,True,222,54,4,1,0,3387.0,7,True,False,Mac
1,64.0,65.0,6,3,6,True,424,45,2,2,135,0.0,6,True,False,Mac
1,43.0,1.0,17,0,5,True,301,55,8,5,304,548.0,3,True,False,Web App
8,0.0,3.0,15,0,5,False,455,55,2,1,171,1872.0,6,False,False,Open Source
2,69.0,0.0,17,6,6,True,376,57,1,1,28,5329.0,5,False,False,Startup Books
9,0.0,7.0,7,5,6,True,471,60,3,1,330,589.0,6,False,False,Open Source
20,0.0,0.0,8,5,6,False,198,60,3,1,374,0.0,7,False,False,Fintech
5,36.0,38.0,16,4,5,True,466,55,1,1,0,4221.0,3,True,False,Hardware
9,696.0,26.0,9,4,6,True,386,59,3,2,0,0.0,5,True,False,Health & Fitness
2,1031.0,0.0,6,0,6,True,460,58,3,1,366,1443.0,8,False,False,Productivity
1,0.0,2.0,6,0,1,True,496,59,1,1,166,0.0,3,False,False,User Experience
1,539.0,57.0,7,0,5,True,124,33,3,3,0,935.0,6,False,False,Marketing
13,119.0,42.0,6,4,5,True,313,38,3,0,0,20843.0,9,True,False,Productivity
9,118.0,76.0,6,5,6,False,380,55,3,4,415,0.0,5,False,False,Analytics
11,107.0,0.0,7,5,5,False,135,57,4,1,0,2021.0,9,True,False,Slack
9,344.0,5.0,21,2,5,True,210,57,1,0,0,0.0,2,True,False,API
3,27.0,29.0,21,3,6,True,500,57,2,0,30809,43776.0,7,True,False,Mac
2,34.0,85.0,10,3,5,True,384,48,3,0,439,1582.0,6,False,False,Productivity
3,0.0,99.0,6,1,5,True,332,53,3,2,197,983.0,7,False,False,iOS
3,30.0,40.0,8,6,5,True,136,57,3,5,19,666.0,4,True,False,Analytics
14,218.0,3.0,9,4,6,True,451,52,3,1,0,8514.0,8,False,False,API
9,43.0,5.0,19,4,5,True,452,56,3,1,156,2091.0,5,False,False,Productivity
28,72.0,55.0,7,1,4,True,500,52,4,5,197,4159.0,5,False,False,Social Media
20,147.0,29.0,7,4,6,True,500,58,4,2,52,128632.0,9,False,False,Marketing
88,58.0,0.0,6,1,6,False,451,45,5,4,683,1392.0,5,False,False,Payments
15,95.0,3.0,7,2,5,False,469,51,1,1,50,2093.0,6,False,False,Marketing
6,118.0,0.0,10,5,6,False,382,58,3,1,0,2044.0,8,True,False,Productivity
13,175.0,21.0,1,5,5,True,203,37,3,2,0,23840.0,8,True,False,Mac
1,151.0,107.0,7,4,6,True,491,57,3,1,0,21622.0,1,False,False,Email
1,105.0,13.0,13,6,5,True,499,46,3,7,172,4645.0,5,True,False,Menu Bar Apps
2,116.0,131.0,6,3,5,True,281,38,1,2,454,0.0,12,True,False,Health & Fitness
5,172.0,17.0,7,2,6,True,486,37,3,6,0,24394.0,5,False,False,Health & Fitness
1,10.0,48.0,6,5,6,True,456,60,2,0,0,0.0,6,True,False,Mac
33,14.0,20.0,6,2,6,True,307,60,3,1,28,0.0,7,False,False,Messaging
10,199.0,55.0,7,5,6,True,371,29,3,4,0,3483.0,7,False,False,Social Media
3,286.0,13.0,14,0,2,True,257,54,3,4,855,53479.0,9,True,False,Mac
19,137.0,0.0,4,2,6,True,150,60,3,2,0,0.0,5,True,False,Artificial Intelligence
5,141.0,21.0,6,4,6,True,338,51,3,1,490,0.0,10,True,False,Kids
15,81.0,0.0,7,4,5,True,466,58,3,1,626,4654.0,7,False,False,Mac
4,100.0,34.0,17,5,5,True,409,48,3,1,0,129811.0,27,True,False,Social Media
1,141.0,0.0,8,3,5,True,346,39,3,2,0,2797.0,8,False,False,SaaS
1,57.0,42.0,7,6,5,False,314,38,3,3,0,127923.0,7,True,False,Software Engineering
15,95.0,3.0,15,4,5,False,443,48,2,1,0,3982.0,7,False,False,Productivity
1,98.0,6.0,18,1,6,True,459,57,3,1,292,6907.0,9,False,False,Open Source
47,256.0,25.0,19,0,4,False,288,54,2,4,0,3110.0,4,False,False,Productivity
7,25.0,1.0,6,0,5,True,500,60,3,5,99,1132.0,3,False,False,Writing
3,0.0,0.0,23,0,5,False,500,47,3,5,30,0.0,0,False,False,Design Tools
9,104.0,153.0,6,0,5,True,500,50,3,0,409,0.0,5,False,False,API
4,73.0,153.0,8,5,2,True,434,59,3,1,180,0.0,25,False,False,Productivity
1,156.0,19.0,7,0,6,True,346,54,4,1,134,0.0,11,True,False,Home
1,0.0,112.0,12,5,4,True,179,59,4,2,300,3337.0,6,False,False,Prototyping
1,6.0,1.0,6,0,5,True,485,60,3,5,593,3470.0,2,False,False,Email
9,100.0,61.0,14,5,6,True,131,52,3,2,242,11221.0,22,True,False,Linux
4,113.0,36.0,14,3,6,True,398,56,3,1,113,155925.0,8,True,False,Mac
1,0.0,5.0,7,0,7,True,487,45,3,1,212,111230.0,8,True,False,Android
18,85.0,38.0,12,5,6,True,500,60,3,8,104,781.0,8,False,False,Social Media
3,494.0,32.0,7,6,6,True,430,56,3,0,3254,167019.0,1,True,False,Productivity
24,71.0,39.0,7,5,5,True,182,51,4,2,3050,5067.0,12,True,False,Comics & Graphic Novels
7,171.0,12.0,7,2,5,True,48,55,3,8,9057,3534.0,7,False,False,Web App
5,0.0,12.0,7,3,6,True,500,60,4,1,435,0.0,7,True,False,Developer Tools
9,44.0,5.0,6,0,5,True,481,60,3,1,558,0.0,6,True,False,Robots
9,12.0,0.0,20,5,5,True,445,60,1,1,0,3325.0,5,False,False,Productivity
7,152.0,9.0,7,0,6,True,498,53,3,5,547,0.0,7,True,False,Open Source
4,0.0,14.0,6,0,6,True,109,56,3,0,17,2003.0,11,False,False,Artificial Intelligence
131,47.0,5.0,6,3,5,True,404,60,4,1,70,1027.0,9,False,False,Vibe coding
1,81.0,4.0,7,2,6,True,174,58,8,0,122,3991.0,9,True,False,Email
5,106.0,2.0,23,1,5,True,457,60,3,1,0,0.0,5,True,False,Chrome Extensions
3,160.0,18.0,17,1,8,True,193,51,3,4,0,0.0,9,True,False,Chrome Extensions
7,92.0,134.0,6,3,5,True,500,50,9,6,458,5083.0,7,False,False,Analytics
31,161.0,184.0,6,5,4,True,218,45,3,2,140,29278.0,9,False,False,Productivity
1,105.0,0.0,13,1,5,True,460,56,3,1,0,30340.0,14,True,False,Productivity
15,162.0,0.0,13,3,6,True,458,35,3,3,107,0.0,8,True,False,Sales
13,660.0,8.0,7,2,5,True,476,57,3,1,170,119707.0,8,False,False,API
4,79.0,36.0,7,3,6,True,465,53,3,3,17034,0.0,6,False,False,Android
1,0.0,57.0,1,1,5,True,410,25,5,1,294,17450.0,3,True,False,Time Tracking
12,120.0,109.0,23,2,5,True,372,49,3,2,0,0.0,2,False,False,Tech
14,56.0,0.0,7,1,6,True,469,60,4,5,1,2255.0,7,True,False,Chrome Extensions
1,75.0,11.0,15,6,6,True,409,53,2,1,173,3829.0,6,False,False,Android
1,14.0,19.0,10,1,5,True,500,50,2,3,2449,0.0,9,True,False,Mac
1,108.0,0.0,16,3,5,True,456,55,3,1,815,2401.0,8,True,False,Open Source
1,104.0,0.0,6,6,5,True,489,48,3,1,252,133054.0,5,False,False,Mac
1,28.0,1.0,7,3,9,True,336,55,3,1,0,3846.0,7,True,False,Tech
2,112.0,16.0,7,5,5,True,207,59,3,1,247,356.0,8,False,False,Customer Success
17,69.0,0.0,7,0,6,True,400,60,4,5,386,0.0,8,False,False,Web App
7,0.0,8.0,6,4,5,True,490,54,2,1,3257,133225.0,5,False,False,Retro Games
1,0.0,38.0,7,4,1,True,500,48,3,4,0,0.0,4,True,False,Chrome Extensions
10,0.0,3.0,7,0,5,False,384,50,3,1,60,1798.0,4,False,False,API
1,87.0,34.0,6,3,6,True,500,55,3,2,294,0.0,7,False,False,Developer Tools
1,57.0,2.0,20,0,5,True,154,60,4,1,0,555.0,7,False,False,Web App
5,57.0,73.0,6,0,6,True,318,51,2,1,2669,1230.0,2,False,False,Productivity
1,26.0,0.0,21,1,5,True,266,56,2,6,301,0.0,6,False,False,API
1,61.0,76.0,7,1,5,True,293,48,3,4,0,0.0,4,False,False,Productivity
1,27.0,13.0,6,3,5,True,363,60,3,1,654,0.0,8,False,False,Web App
8,50.0,111.0,13,1,5,False,360,60,2,2,0,144884.0,5,False,False,Analytics
1,163.0,0.0,7,3,5,False,97,39,3,4,374,170171.0,7,False,False,Software Engineering
17,10.0,1.0,7,0,5,True,81,60,3,1,0,0.0,7,False,False,Email Marketing
15,172.0,65.0,7,4,5,True,500,56,3,1,410,5607.0,13,True,False,Android
13,561.0,9.0,20,5,6,True,358,43,3,5,279,0.0,7,False,False,Artificial Intelligence
25,60.0,26.0,14,6,5,True,500,55,3,1,310,0.0,8,True,False,Open Source
1,104.0,57.0,21,3,6,True,265,56,3,1,2053,149526.0,10,True,False,iOS
12,745.0,88.0,6,3,6,True,381,49,3,2,421,5161.0,4,True,False,SaaS
1,24.0,0.0,7,6,6,False,322,57,3,17,582,5483.0,7,False,False,Design Tools
24,141.0,17.0,6,3,7,True,83,52,3,2,1495,2379.0,8,True,False,Productivity
222,70.0,6.0,19,6,5,False,441,21,3,1,0,0.0,4,True,False,Venture Capital
5,31.0,44.0,12,4,5,True,500,58,3,1,0,0.0,11,True,False,Health & Fitness
5,189.0,0.0,20,0,5,True,240,53,3,1,204,3353.0,4,False,False,Web App
15,6.0,0.0,6,1,5,True,500,55,2,1,19,0.0,6,False,False,Open Source
2,45.0,0.0,0,3,5,False,384,41,2,3,0,2544.0,0,True,False,Android
8,63.0,39.0,8,3,6,True,293,52,3,1,0,366.0,6,True,False,Sales
17,0.0,0.0,7,0,5,False,468,40,1,1,0,0.0,8,False,False,Productivity
1,224.0,7.0,8,4,5,True,357,52,2,1,49566,34577.0,7,False,False,Health & Fitness
3,77.0,57.0,6,6,6,False,437,42,3,8,417,22140.0,7,False,False,Home
1,0.0,54.0,6,3,5,True,488,24,3,1,2519,0.0,4,False,False,Productivity
7,92.0,0.0,7,0,6,False,481,54,3,1,375,656.0,7,True,False,Productivity
8,19.0,0.0,7,3,9,False,270,58,3,1,233,704.0,6,False,False,Sales
1,2.0,13.0,6,3,6,False,325,42,3,4,120,3459.0,3,True,False,Android
8,207.0,14.0,12,5,6,False,276,46,3,1,29,2823.0,9,False,False,Design Tools
1,123.0,26.0,7,0,5,True,450,32,3,1,128,2942.0,9,False,False,Mac
1,305.0,57.0,23,6,5,True,391,54,3,6,339,1815.0,6,True,False,Productivity
8,0.0,22.0,6,3,5,True,446,56,3,2,364,20421.0,4,False,False,Productivity
1,0.0,0.0,14,0,6,True,500,60,3,1,356,87.0,5,False,False,Productivity
10,56.0,2.0,0,3,6,True,168,43,3,4,340,0.0,4,False,False,Productivity
3,98.0,21.0,7,2,6,True,500,57,3,1,260,0.0,0,True,False,Sales
4,18.0,0.0,0,0,5,True,287,43,3,1,445,0.0,7,False,False,Productivity
1,0.0,0.0,7,2,5,True,48,60,3,1,274,75778.0,8,False,False,API
1,54.0,0.0,6,0,5,True,222,51,3,2,199,1641.0,0,True,False,Education
15,90.0,11.0,7,2,5,True,229,22,3,0,45,65619.0,19,True,False,Mac
1,0.0,18.0,10,4,6,True,308,45,3,3,554,0.0,6,True,False,Open Source
1,0.0,0.0,7,4,5,True,218,52,1,1,558,5420.0,7,False,False,Mac
6,196.0,11.0,0,3,5,True,500,58,3,0,485,3334.0,5,False,False,Fintech
1,0.0,0.0,9,6,5,False,163,55,3,1,413,2805.0,7,True,False,Social Media
1,59.0,1.0,7,1,5,True,236,45,3,1,121,0.0,6,True,False,Mac
6,47.0,0.0,17,0,5,True,152,52,4,5,53,0.0,6,True,False,iOS
2,52.0,13.0,23,4,5,True,500,60,2,1,763,0.0,8,True,False,Task Management
11,43.0,0.0,6,0,5,True,500,47,3,1,363,4617.0,5,True,False,Retro Games
3,102.0,26.0,20,5,5,True,442,56,3,10,91,0.0,8,True,False,Productivity
17,83.0,0.0,7,1,5,True,358,49,1,1,0,0.0,4,True,False,Chrome Extensions
28,0.0,5.0,7,3,5,True,48,57,3,1,0,3539.0,3,False,False,Productivity
1,85.0,93.0,7,4,6,True,278,52,3,0,2527,1205.0,8,True,False,Robots
16,182.0,18.0,6,0,5,False,390,54,3,1,0,0.0,5,True,False,Android
10,162.0,0.0,7,2,5,False,500,57,3,1,149,655.0,5,True,False,Meetings
21,1810.0,0.0,6,2,5,True,500,25,1,2,118,5618.0,0,True,False,Comics & Graphic Novels
1,0.0,16.0,6,4,5,True,418,45,3,1,263,0.0,13,True,False,Mac
9,16.0,16.0,7,1,6,True,366,48,4,0,0,401.0,5,False,False,Analytics
1,114.0,7.0,10,6,6,True,483,57,1,1,0,34246.0,7,False,False,Hiring
1,6.0,0.0,6,5,6,True,349,54,4,1,299,0.0,6,False,False,Browser Extensions
3,40.0,22.0,6,5,6,True,434,35,3,4,0,0.0,5,True,False,Android
8,158.0,0.0,7,0,6,True,500,58,3,1,89,0.0,4,False,False,Design Tools
15,63.0,7.0,19,0,5,True,456,59,3,1,541,0.0,8,True,False,Design Tools
1,0.0,0.0,15,6,5,False,410,60,4,1,2649,1600.0,4,False,False,Streaming Services
19,0.0,56.0,5,3,5,True,437,58,3,1,557,0.0,4,False,False,Email Marketing
1,404.0,13.0,18,3,5,True,461,53,5,5,442,0.0,10,True,False,Email
1,17.0,22.0,7,5,6,False,264,60,2,6,209,0.0,7,False,False,Productivity
19,291.0,0.0,7,1,5,True,351,47,3,1,488,18358.0,9,False,False,No-Code
9,151.0,0.0,6,5,6,True,319,54,3,1,4799,1540.0,5,False,False,Kids
5,225.0,58.0,8,5,5,True,500,59,8,1,0,0.0,4,True,False,Android
8,42.0,25.0,7,0,6,True,184,58,2,3,51,2039.0,10,False,False,Productivity
1,184.0,0.0,7,2,1,True,48,60,1,2,474,0.0,11,True,False,Developer Tools
26,150.0,0.0,7,3,6,False,48,58,3,1,85,160669.0,7,False,False,Software Engineering
9,0.0,31.0,6,5,5,True,495,57,4,2,496,2081.0,6,False,False,Cars
5,92.0,35.0,7,3,5,True,500,59,3,4,698,1634.0,6,True,False,Artificial Intelligence
13,537.0,0.0,7,4,6,True,500,59,3,1,0,0.0,6,True,False,Chrome Extensions
6,95.0,13.0,7,3,5,True,433,26,3,1,1783,5669.0,7,False,False,Design Tools
3,11.0,9.0,7,3,5,False,406,60,4,6,0,274.0,6,False,False,Chrome Extensions
2,46.0,0.0,6,3,6,False,500,57,4,4,0,131808.0,2,True,False,API
30,44.0,0.0,7,5,5,True,500,58,3,1,1467,75144.0,7,False,False,Productivity
13,191.0,13.0,17,0,5,True,500,56,2,1,484,0.0,10,True,False,Artificial Intelligence
20,14.0,58.0,0,4,5,True,435,57,3,2,260,0.0,7,True,False,Open Source
32,55.0,1.0,7,1,5,True,444,46,4,1,0,28621.0,4,True,False,API
17,0.0,0.0,16,3,6,True,362,57,4,3,236,121685.0,7,False,False,Emoji
6,0.0,5.0,6,1,6,True,363,59,6,1,331,1877.0,6,True,False,Education
17,142.0,14.0,7,4,5,True,294,54,5,2,297,147865.0,6,True,False,SaaS
2,58.0,0.0,7,4,5,True,265,60,2,0,201,3151.0,5,False,False,Growth Hacking
7,0.0,12.0,8,4,6,True,322,49,3,1,0,0.0,7,False,False,Mac
16,0.0,3.0,19,2,6,False,436,56,3,1,0,0.0,2,True,False,Web App
1,26.0,3.0,0,3,9,True,139,40,3,1,706,1677.0,3,False,False,Productivity
4,0.0,1.0,12,0,5,True,379,55,4,4,781,536.0,27,False,False,Productivity
1,181.0,5.0,8,4,6,True,500,58,4,1,0,170171.0,5,False,False,Productivity
4,150.0,19.0,9,3,6,True,426,55,5,6,512,1356.0,2,True,False,Customer Communication
3,122.0,20.0,7,1,6,True,325,47,3,2,23,0.0,24,False,False,Software Engineering
2,12.0,3.0,7,4,5,True,220,54,1,0,399,381.0,6,False,False,Mac
1,72.0,9.0,7,2,6,True,246,37,3,1,659,0.0,4,False,False,Mac
5,74.0,107.0,20,2,5,True,470,40,2,6,476,3416.0,8,False,False,Productivity
9,545.0,0.0,23,2,5,False,390,49,3,0,0,79.0,8,False,False,Social Media
3,89.0,0.0,15,5,5,False,404,60,2,1,234,0.0,2,False,False,Open Source
1,0.0,24.0,7,2,5,True,500,44,3,0,302,2480.0,6,False,False,Design Tools
12,52.0,3.0,7,1,5,True,500,60,4,1,0,2352.0,11,True,False,Mac
14,60.0,26.0,15,3,6,True,467,50,3,1,389,2098.0,6,True,False,Open Source
8,99.0,27.0,17,0,7,True,350,60,1,1,0,4266.0,7,False,False,Email
15,29.0,0.0,7,5,6,True,125,49,2,1,0,3879.0,4,False,False,Open Source
1,29.0,18.0,6,5,6,True,198,45,3,1,769,0.0,7,False,False,Marketing
14,154.0,0.0,7,3,8,True,218,42,4,4,0,0.0,6,True,False,Comics & Graphic Novels
1,164.0,54.0,8,2,2,True,360,57,3,4,0,24769.0,2,True,False,Health & Fitness
13,380.0,18.0,18,4,6,False,402,48,2,2,290,1116.0,1,False,False,Customer Success
13,145.0,89.0,0,4,5,True,275,58,3,1,0,0.0,9,False,False,Design Tools
1,108.0,0.0,10,1,5,True,433,59,4,1,3649,0.0,10,True,False,Fintech
1,42.0,38.0,7,0,6,True,405,54,3,1,0,356.0,9,True,False,Advertising
6,113.0,8.0,8,4,6,True,469,35,3,4,92,544.0,6,True,False,API
1,182.0,34.0,21,2,5,True,427,56,3,1,0,997.0,3,True,False,Software Engineering
11,0.0,14.0,6,5,6,True,91,49,3,2,0,111549.0,11,True,False,iOS
1,0.0,0.0,6,3,1,True,338,40,1,2,350,68285.0,5,True,False,User Experience
1,553.0,6.0,7,1,6,False,387,47,4,4,8,5489.0,5,False,False,Browser Extensions
8,0.0,11.0,13,5,5,False,180,60,4,1,2328,0.0,6,True,False,Mac
14,150.0,8.0,7,2,6,True,242,57,4,2,464,4201.0,5,True,False,Design Tools
39,119.0,30.0,22,3,5,True,213,45,3,1,666,3303.0,9,False,False,Mac
5,73.0,0.0,7,2,7,False,287,53,4,1,72,48299.0,7,True,False,Software Engineering
6,95.0,18.0,7,3,6,True,333,49,3,1,0,3667.0,4,True,False,SaaS
45,151.0,145.0,14,1,5,True,302,58,3,1,442,0.0,9,False,False,Open Source
1,108.0,113.0,7,3,5,True,493,51,3,1,135,0.0,0,True,False,Open Source
53,96.0,39.0,17,5,6,True,500,44,8,1,441,3990.0,6,True,False,Writing
9,100.0,22.0,6,3,5,True,220,45,3,0,0,148393.0,9,True,False,Health & Fitness
9,14.0,13.0,7,0,6,True,494,60,3,0,2,282.0,13,False,False,Productivity
1,260.0,6.0,7,3,3,True,348,60,3,3,482,1264.0,9,True,False,Productivity
24,0.0,0.0,0,6,1,True,273,41,3,3,282,0.0,8,False,False,Browser Extensions
1,0.0,0.0,12,1,5,False,487,56,2,1,524,4513.0,6,True,False,Linux
3,23.0,0.0,5,4,5,False,495,53,2,1,56,2134.0,6,False,False,Android
1,0.0,5.0,16,4,6,False,159,51,3,1,0,0.0,3,False,False,Sales
7,107.0,89.0,6,3,6,True,205,40,1,1,289,20682.0,6,True,False,Mac
1,120.0,9.0,7,3,5,True,286,57,3,6,99,5690.0,6,True,False,Notes
11,67.0,49.0,6,5,4,True,336,46,3,3,320,0.0,6,True,False,Notes
7,12.0,6.0,6,1,6,False,311,60,2,1,17,22823.0,8,False,False,Open Source
4,75.0,13.0,23,3,5,True,383,42,3,2,361,101973.0,10,True,False,Mac
10,0.0,39.0,12,4,2,False,500,50,1,1,245,0.0,4,True,False,iOS
5,71.0,1.0,7,3,6,False,285,60,3,1,0,6300.0,21,True,False,Open Source
1,72.0,16.0,7,3,5,True,158,60,3,1,446,3383.0,8,True,False,Open Source
9,22.0,0.0,8,2,6,True,320,24,3,3,783,32207.0,7,False,False,Design Tools
10,111.0,6.0,7,0,5,True,421,53,2,1,711,2477.0,6,False,False,Marketing
10,39.0,75.0,6,0,5,True,429,39,3,0,44,0.0,3,False,False,Email
1,195.0,13.0,16,4,8,True,238,57,3,1,584,1972.0,11,False,False,Productivity
6,0.0,0.0,7,6,5,False,435,57,4,1,380,4039.0,9,False,False,Health & Fitness
1,71.0,82.0,8,6,5,True,320,49,3,1,12,1369.0,3,False,False,API
2,137.0,21.0,7,3,6,False,500,47,3,1,0,2203.0,4,False,False,Open Source
12,0.0,9.0,8,2,5,True,447,54,3,0,512,1719.0,7,False,False,Productivity
7,92.0,19.0,5,4,5,True,500,43,3,3,304,30193.0,9,True,False,iOS
2,168.0,9.0,8,3,5,True,336,55,3,0,489,113434.0,10,True,False,Developer Tools
1,77.0,155.0,7,1,6,True,479,56,3,1,0,76776.0,5,False,False,Open Source
21,0.0,0.0,11,4,5,True,436,51,1,3,487,0.0,8,False,False,SaaS
11,66.0,0.0,7,1,5,False,240,34,4,1,23,2157.0,10,False,False,Streaming Services
21,0.0,9.0,5,2,2,False,240,60,3,5,27,1017.0,3,True,False,Health & Fitness
1,0.0,7.0,6,1,5,True,495,49,2,2,0,2474.0,3,False,False,Mac
81,183.0,0.0,23,0,6,True,295,54,3,1,0,18887.0,3,False,False,Productivity
12,2163.0,13.0,22,2,5,True,500,45,3,0,86,15301.0,0,False,False,Analytics
4,65.0,7.0,18,1,5,True,89,52,2,5,0,1921.0,7,True,False,Sales
1,0.0,0.0,20,1,8,True,335,60,3,1,0,1720.0,7,False,False,Mac
11,202.0,41.0,23,4,5,True,239,55,2,1,662,18068.0,11,False,False,Productivity
1,115.0,16.0,7,3,5,True,500,60,3,3,783,3502.0,7,False,False,Design Tools
8,20.0,28.0,17,4,5,True,500,49,3,1,5,0.0,8,True,False,Payments
29,15.0,18.0,6,5,5,True,500,46,2,0,389,2224.0,7,True,False,Open Source
1,36.0,0.0,7,2,5,False,500,59,3,1,0,9943.0,6,False,False,Fintech
24,39.0,38.0,7,2,5,False,304,52,3,0,0,4632.0,4,True,False,Linux
17,376.0,0.0,7,2,1,False,500,60,1,1,52,2396.0,9,True,False,Tech
3,443.0,12.0,15,1,5,True,335,59,2,1,2156,75361.0,9,False,False,Productivity
1,55.0,0.0,7,4,5,False,210,57,3,1,0,5942.0,2,False,False,Android
7,718.0,24.0,6,0,6,True,500,57,8,5,451,3089.0,3,True,False,Writing
1,98.0,2.0,22,0,5,True,383,55,3,1,103,995.0,8,True,False,Productivity
10,139.0,0.0,7,6,6,True,390,53,4,1,509,2290.0,4,False,False,Growth Hacking
5,144.0,12.0,7,0,1,True,484,55,1,1,174,25532.0,6,False,False,Software Engineering
4,37.0,51.0,6,6,6,True,456,39,4,1,0,24378.0,2,False,False,Couples
1,393.0,4.0,23,3,6,False,500,53,1,1,516,3836.0,8,False,False,Artificial Intelligence
4,29.0,14.0,7,0,5,True,312,57,3,1,613,0.0,7,False,False,Developer Tools
2,154.0,50.0,6,6,5,True,363,50,3,1,0,29505.0,10,True,False,Chrome Extensions
4,2.0,50.0,15,4,5,False,354,32,3,4,819,921.0,5,False,False,Software Engineering
12,69.0,14.0,23,1,5,False,372,60,3,2,20733,1380.0,6,False,False,iOS
1,182.0,6.0,23,1,5,True,473,52,3,3,0,5811.0,7,True,False,Productivity
7,180.0,43.0,6,6,5,True,284,36,3,1,119,5374.0,1,False,False,Productivity
4,6.0,16.0,7,1,5,False,288,56,3,1,0,0.0,0,False,False,Productivity
11,53.0,5.0,6,5,5,True,408,57,4,1,78,62520.0,8,False,False,Productivity
17,52.0,2.0,7,2,1,True,332,53,3,1,358,0.0,11,True,False,API
1,163.0,23.0,7,3,1,True,298,51,3,2,0,135779.0,5,False,False,iOS
7,438.0,8.0,16,2,5,True,239,39,3,0,219,167390.0,7,True,False,Mac
25,85.0,134.0,20,6,6,True,313,39,1,1,0,2330.0,5,True,False,Software Engineering
1,3.0,0.0,20,4,5,False,274,60,4,1,440,3353.0,6,False,False,Customer Communication
11,34.0,0.0,10,4,6,True,224,38,4,0,96,117791.0,4,False,False,Prototyping
10,306.0,8.0,7,5,5,True,500,49,5,1,136,327.0,6,False,False,Crypto
1,19.0,0.0,19,5,5,True,414,43,3,0,298,1149.0,14,False,False,Vibe coding
1,46.0,108.0,7,1,3,True,178,55,3,0,0,2583.0,2,True,False,Productivity
14,128.0,5.0,10,2,4,True,478,27,3,0,54,0.0,7,True,False,WordPress
42,461.0,57.0,13,3,5,True,273,60,5,0,350,0.0,15,False,False,Browser Extensions
12,79.0,3.0,1,2,6,True,404,59,4,1,16257,2319.0,8,False,False,Mac
1,56.0,10.0,7,6,5,True,407,60,3,2,336,328.0,8,False,False,Artificial Intelligence
1,110.0,23.0,23,6,6,True,357,58,3,1,284,4025.0,8,False,False,Tech
1,0.0,144.0,7,0,6,True,454,58,3,1,455,2566.0,8,False,False,Chrome Extensions
6,65.0,0.0,0,4,5,True,373,60,3,1,748,1677.0,11,False,False,Custom Keyboards
216,229.0,4.0,18,3,5,True,188,54,3,1,0,74.0,7,True,False,Analytics
1,0.0,100.0,15,4,1,True,500,34,1,1,703,399.0,6,False,False,Social Media
8,85.0,5.0,20,4,6,True,392,43,3,0,251,0.0,9,True,False,Vibe coding
3,123.0,43.0,7,5,6,True,456,54,3,1,1,909.0,5,False,False,Productivity
2,71.0,0.0,7,6,1,True,477,36,1,1,0,2942.0,0,True,False,Messaging
1,18.0,8.0,6,3,5,True,258,47,3,3,0,158205.0,3,False,False,User Experience
4,132.0,140.0,7,2,2,True,245,51,3,3,53,1647.0,8,False,False,Education
11,0.0,0.0,17,2,5,True,451,58,3,1,185,2431.0,10,True,False,Chrome Extensions
3,89.0,17.0,7,0,7,True,152,57,3,1,0,0.0,5,True,False,Artificial Intelligence
1,86.0,76.0,11,3,10,True,389,60,3,4,121,13106.0,5,True,False,Tech
1,0.0,21.0,14,3,5,True,494,60,1,1,219,118068.0,7,True,False,Cars
12,67.0,167.0,3,3,5,False,460,60,3,1,336,3339.0,6,False,False,Education
18,2.0,0.0,7,1,4,True,220,36,3,0,188,5441.0,5,True,False,Mac
15,177.0,0.0,21,5,5,False,500,37,2,4,0,0.0,1,False,False,Growth Hacking
12,40.0,1.0,18,3,5,False,374,53,3,1,0,3130.0,5,False,False,iOS
1,30.0,8.0,7,3,9,False,485,60,3,1,94,4121.0,8,True,False,SaaS
1,43.0,0.0,7,0,5,False,407,60,3,1,284,0.0,9,False,False,Design Tools
12,394.0,44.0,20,3,5,True,443,40,3,8,454,271.0,4,False,False,Productivity
22,158.0,7.0,18,0,5,True,309,51,3,8,88,543.0,9,False,False,Web App
2,43.0,11.0,14,3,6,True,500,53,2,1,0,0.0,9,True,False,Android
9,61.0,42.0,8,5,6,False,335,57,2,1,254,42288.0,5,False,False,User Experience
102,522.0,137.0,1,3,6,True,430,42,3,1,222,25005.0,9,True,False,Productivity
8,58.0,5.0,13,2,5,True,132,54,3,1,0,0.0,4,False,False,Home
1,59.0,12.0,21,4,4,True,433,60,4,2,1324,0.0,5,True,False,Marketing
29,113.0,0.0,7,1,5,True,71,56,4,1,0,2253.0,7,True,False,Marketing
2,0.0,10.0,7,1,5,True,311,47,3,3,269,12853.0,5,False,False,Productivity
1,66.0,19.0,6,0,5,True,407,57,3,3,326,149192.0,0,False,False,Mac
1,11.0,123.0,22,1,5,False,98,54,3,4,0,19062.0,5,False,False,Productivity
1,67.0,1.0,14,4,6,True,141,51,3,1,0,0.0,0,False,False,Productivity
3,94.0,0.0,23,1,6,True,177,49,2,1,881,2832.0,6,True,False,iOS
3,106.0,55.0,19,6,5,False,376,50,1,0,229,35932.0,6,True,False,Task Management
16,67.0,4.0,21,4,5,True,468,60,3,0,287,81051.0,10,True,False,Chrome Extensions
11,52.0,0.0,23,1,5,True,369,59,3,2,533,1349.0,7,False,False,Android
11,99.0,0.0,6,0,5,True,387,54,2,1,0,0.0,7,False,False,Analytics
13,182.0,58.0,9,3,1,False,95,25,5,1,386,2914.0,6,False,False,Retro Games
1,438.0,136.0,11,4,2,False,203,57,3,1,1992,4395.0,6,True,False,Android
1,19.0,0.0,21,1,6,False,143,53,3,1,0,2984.0,2,True,False,Analytics
8,0.0,14.0,7,5,6,True,492,51,3,2,0,0.0,3,True,False,Tech
14,72.0,7.0,7,3,6,True,157,57,3,6,126,0.0,9,False,False,Fintech
17,86.0,4.0,7,2,5,False,476,53,3,1,53,0.0,2,False,False,Artificial Intelligence
15,198.0,0.0,7,2,5,True,395,54,3,2,65,4015.0,3,True,False,Design Tools
1,0.0,12.0,6,5,1,False,479,49,1,3,566,14585.0,5,False,False,Advertising
12,944.0,16.0,23,1,5,False,500,52,3,2,0,652.0,5,False,False,Android
1,88.0,20.0,7,4,5,True,254,50,3,1,559,0.0,7,False,False,Marketing
2,44.0,67.0,7,0,5,True,500,55,3,1,382,90873.0,6,True,False,Sales
17,8.0,0.0,5,3,9,True,460,57,3,4,155,89171.0,2,False,False,Browser Extensions
3,41.0,18.0,15,5,6,True,369,47,4,6,114,141522.0,7,False,False,Email
7,174.0,0.0,7,2,5,True,63,56,3,3,0,3878.0,5,False,False,Design Tools
1,7.0,35.0,14,5,1,False,473,55,2,3,0,0.0,2,False,False,Sales
11,42.0,4.0,8,0,6,True,442,43,3,1,343,0.0,9,False,False,Mac
19,11.0,20.0,7,4,5,True,467,44,3,0,0,4154.0,6,True,False,Health & Fitness
2,0.0,21.0,6,3,5,True,469,52,1,1,0,810.0,4,False,False,Marketing
12,35.0,13.0,16,0,5,True,421,52,3,1,420,144910.0,8,False,False,Productivity
1,4.0,0.0,1,1,6,True,147,49,2,1,0,134244.0,5,True,False,Marketing
15,173.0,42.0,7,2,5,True,477,60,2,1,96,3490.0,5,False,False,Fintech
1,23.0,7.0,8,0,6,True,500,57,3,2,48,0.0,7,False,False,Web App
10,0.0,7.0,6,3,5,False,434,60,4,7,0,2854.0,6,False,False,Hiring
1,19.0,154.0,13,0,5,True,189,52,3,1,187,0.0,2,True,False,Education
1,78.0,5.0,7,0,5,False,149,39,1,1,0,2045.0,6,True,False,iOS
1,60.0,0.0,7,4,5,True,196,41,2,1,82,147714.0,9,False,False,Design Tools
11,146.0,10.0,8,4,6,False,500,60,4,1,0,0.0,5,False,False,SaaS
5,280.0,136.0,18,5,6,True,313,57,3,1,735,2206.0,8,True,False,Productivity
1,0.0,0.0,9,1,8,True,129,60,3,1,0,5704.0,6,False,False,Startup Books
8,34.0,0.0,7,4,5,False,397,39,4,1,0,2924.0,0,False,False,Design Tools
7,112.0,57.0,7,4,5,True,319,60,8,2,62,12635.0,9,True,False,Robots
4,504.0,22.0,7,3,5,True,499,51,3,1,110,4639.0,6,True,False,Developer Tools
4,151.0,31.0,7,3,5,True,407,60,3,5,331,116959.0,8,True,False,Productivity
1,355.0,2.0,7,3,5,True,457,29,3,4,586,3533.0,7,True,False,Design Tools
1,0.0,13.0,16,2,8,False,480,60,3,4,329,199.0,4,True,False,Social Media
3,68.0,0.0,9,5,6,True,424,54,6,9,148,379.0,10,True,False,Hiring
3,316.0,222.0,8,3,5,True,185,58,3,1,546,0.0,12,True,False,API
5,119.0,0.0,7,2,5,True,459,57,3,1,0,0.0,1,False,False,Web App
1,74.0,3.0,7,6,6,False,500,59,2,1,221,2046.0,1,False,False,Linux
13,0.0,0.0,22,4,6,False,398,59,3,2,755,3768.0,5,False,False,Android
1,321.0,15.0,6,1,6,True,440,50,8,1,0,0.0,4,True,False,Sales
7,71.0,0.0,6,1,5,True,200,60,2,1,0,0.0,8,True,False,Open Source
1,109.0,0.0,7,3,6,True,380,45,4,1,0,0.0,6,False,False,Prototyping
1,19.0,11.0,6,3,6,True,500,42,3,3,638,0.0,9,False,False,Productivity
222,291.0,22.0,0,3,5,True,495,46,3,2,585,4722.0,8,False,False,Health & Fitness
12,11.0,97.0,7,6,6,True,224,56,3,1,90,0.0,8,False,False,Sales
1,255.0,0.0,13,5,5,True,161,56,1,2,0,2682.0,3,False,False,Growth Hacking
1,15.0,18.0,11,3,5,True,165,54,3,4,23,2073.0,7,True,False,Productivity
7,70.0,0.0,8,2,5,False,451,54,2,1,102,0.0,7,False,False,Artificial Intelligence
19,56.0,18.0,7,6,5,True,272,50,1,1,0,2034.0,8,True,False,Software Engineering
13,63.0,0.0,6,3,6,True,324,21,3,3,158,0.0,9,False,False,Browser Extensions
4,72.0,0.0,7,0,5,True,324,60,3,6,364,0.0,8,False,False,Productivity
7,52.0,106.0,7,5,6,True,498,60,3,0,177,133112.0,5,False,False,Health & Fitness
1,1070.0,7.0,6,4,1,True,496,60,3,3,0,87892.0,6,False,False,Productivity
1,93.0,12.0,3,5,6,True,122,56,4,0,359,5516.0,8,False,False,Slack
84,85.0,0.0,7,0,5,True,500,52,3,1,592,0.0,8,True,False,Design Tools
1,0.0,0.0,7,0,6,True,220,54,3,4,132,0.0,6,False,False,Productivity
14,117.0,10.0,15,2,5,True,336,60,1,1,300,405.0,8,False,False,API
1,56.0,52.0,13,4,5,True,500,57,3,1,330,4630.0,4,False,False,Productivity
1,0.0,30.0,7,5,5,True,494,51,4,1,386,0.0,6,False,False,Software Engineering
6,46.0,13.0,18,6,6,True,178,55,3,1,0,1958.0,5,True,False,Customer Success
7,36.0,3.0,5,3,5,True,402,22,3,1,0,1939.0,4,True,False,Design Tools
42,46.0,0.0,6,3,6,False,287,52,3,2,0,4785.0,0,False,False,Health & Fitness
5,42.0,30.0,7,0,5,True,471,60,3,8,296,0.0,0,True,False,Artificial Intelligence
1,28.0,9.0,15,1,6,True,500,56,3,1,627,0.0,6,False,False,Productivity
9,80.0,8.0,23,1,5,True,128,56,3,1,0,30.0,8,True,False,iOS
1,158.0,9.0,21,3,5,True,456,60,3,1,477,2987.0,7,True,False,Android
96,113.0,117.0,9,0,5,True,410,52,3,1,354,0.0,5,False,False,Artificial Intelligence
34,63.0,22.0,23,3,5,True,500,60,3,1,0,0.0,10,True,False,eBook Reader
1,0.0,1.0,13,1,5,True,412,60,3,2,0,0.0,9,True,False,Android
52,0.0,23.0,6,3,5,True,338,35,4,1,0,4293.0,2,False,False,Hardware
8,228.0,29.0,23,3,5,True,500,56,8,1,0,31652.0,5,False,False,Audio
11,0.0,2.0,7,1,5,True,309,60,3,1,92,0.0,11,False,False,Web App
6,427.0,85.0,7,6,6,False,214,40,3,1,0,5306.0,6,False,False,Dating
15,107.0,0.0,11,0,6,True,374,59,3,1,80,0.0,9,False,False,Productivity
6,76.0,56.0,14,6,5,True,414,47,3,0,156,69013.0,3,False,False,iOS
22,55.0,2.0,6,1,5,True,402,42,3,4,2953,0.0,9,False,False,Marketing
10,123.0,34.0,7,1,6,True,233,17,3,0,0,0.0,4,False,False,Android
8,478.0,2.0,15,3,5,True,491,50,3,1,0,14134.0,8,True,False,Developer Tools
1,9.0,19.0,7,3,5,False,379,43,4,5,460,438.0,8,True,False,Analytics
1,8.0,13.0,6,4,5,True,361,23,2,1,440,4457.0,8,False,False,API
1,59.0,40.0,7,1,6,True,498,59,3,1,1243,0.0,7,True,False,Mac
1,31.0,17.0,7,4,5,True,453,57,3,1,0,2949.0,6,True,False,Mac
8,10.0,15.0,7,4,6,True,306,52,3,1,117,0.0,4,False,False,Growth Hacking
8,184.0,16.0,7,4,6,True,335,60,3,1,0,1927.0,10,True,False,Dating
11,284.0,0.0,6,1,5,True,331,46,3,5,3002,122033.0,5,False,False,Productivity
1,46.0,4.0,7,3,5,True,342,53,3,0,0,0.0,11,True,False,Productivity
10,10.0,0.0,6,0,5,True,224,58,3,6,39,1516.0,12,False,False,Developer Tools
21,0.0,9.0,6,3,5,True,392,56,3,1,6,516.0,4,False,False,Marketing
1,0.0,20.0,23,4,5,True,423,51,3,5,104,102.0,8,False,False,Audio
1,120.0,138.0,8,4,5,True,349,39,3,0,276,5707.0,9,True,False,Chrome Extensions
10,4.0,0.0,8,3,5,False,489,60,4,4,442,7174.0,8,True,False,API
1,0.0,10.0,0,3,6,True,415,50,3,1,31376,18920.0,9,True,False,Android
1,305.0,1.0,6,1,2,True,449,59,3,1,0,137099.0,7,True,False,Productivity
1,107.0,20.0,6,4,5,True,500,37,2,6,173,3066.0,7,True,False,Hardware
3,7.0,34.0,20,4,5,True,227,57,3,2,73,0.0,6,False,False,iOS
3,58.0,8.0,7,4,5,True,379,60,4,5,341,0.0,4,True,False,iOS
12,220.0,0.0,19,2,6,False,294,42,3,10,0,0.0,7,True,False,Developer Tools
9,423.0,6.0,6,1,5,True,421,49,3,3,0,0.0,3,True,False,Android
5,153.0,54.0,7,6,6,True,415,60,3,2,297,170171.0,4,True,False,SaaS
34,135.0,58.0,23,3,6,True,465,60,3,1,395,37554.0,7,True,False,Marketing
14,39.0,35.0,16,2,5,True,443,60,3,1,357,322.0,8,True,False,Android
1,0.0,0.0,17,6,5,True,426,52,6,1,3,0.0,4,True,False,Developer Tools
3,58.0,0.0,6,1,5,True,407,17,2,2,0,153826.0,2,False,False,Design Tools
8,224.0,0.0,7,3,5,False,408,60,9,1,176,0.0,8,False,False,Email
17,0.0,7.0,7,5,5,True,385,60,4,1,0,148843.0,4,False,False,API
1,0.0,0.0,11,4,1,False,203,42,1,1,197,1199.0,7,False,False,Fintech
1,0.0,7.0,7,0,5,True,485,58,3,1,0,396.0,4,False,False,Social Media
8,114.0,0.0,6,3,6,True,322,60,5,1,60,113726.0,6,False,False,Education
1,3.0,30.0,13,6,6,True,289,36,2,1,470,0.0,10,True,False,Productivity
9,1291.0,29.0,7,6,5,True,210,41,3,1,0,0.0,6,False,False,Productivity
3,0.0,12.0,6,4,5,True,497,58,4,1,370,0.0,8,False,False,Prototyping
2,0.0,7.0,4,5,5,True,483,50,2,1,199,323.0,6,False,False,Travel
1,80.0,16.0,11,0,6,True,184,53,3,4,358,234.0,15,False,False,Social Media
20,81.0,35.0,7,4,6,True,391,60,1,1,0,37413.0,8,True,False,Email
18,140.0,6.0,7,3,5,True,170,56,3,3,0,0.0,8,True,False,Web App
7,43.0,87.0,7,3,8,True,500,49,3,1,483,0.0,7,False,False,Developer Tools
1,56.0,0.0,6,1,6,False,320,46,2,4,356,121365.0,3,False,False,Marketing
3,46.0,12.0,23,5,8,False,186,40,3,2,0,2445.0,8,False,False,Productivity
21,178.0,7.0,6,5,6,True,361,26,2,2,102,1347.0,25,False,False,Hiring
11,55.0,0.0,8,1,6,True,209,35,1,0,0,5335.0,5,False,False,Productivity
1,109.0,17.0,7,3,6,True,390,55,3,1,0,0.0,5,False,False,Email
9,192.0,9.0,15,2,6,True,79,31,5,1,0,2498.0,4,False,False,Marketing
1,0.0,63.0,7,0,6,True,468,53,3,1,406,0.0,6,False,False,Productivity
4,0.0,0.0,20,2,6,False,277,48,1,1,0,333.0,7,False,False,Growth Hacking
8,102.0,0.0,7,2,5,False,230,56,3,5,49,1333.0,6,False,False,Advertising
1,2.0,14.0,8,0,5,True,420,54,3,1,300,0.0,3,True,False,Productivity
11,112.0,6.0,7,6,5,True,438,57,1,1,0,1943.0,5,True,False,Android
7,389.0,12.0,7,6,5,True,410,35,3,2,0,5734.0,7,False,False,Android
22,0.0,3.0,19,5,5,False,419,59,4,0,0,0.0,4,True,False,API
6,145.0,7.0,7,1,6,True,500,60,4,2,44,14124.0,4,True,False,Sales
7,114.0,0.0,20,0,6,True,375,59,2,1,58,1335.0,6,False,False,Streaming Services
12,66.0,33.0,6,6,6,True,255,51,5,0,194,422.0,12,True,False,Chrome Extensions
13,150.0,9.0,7,1,5,True,284,55,3,2,286,1783.0,7,False,False,Social Media
2,62.0,6.0,7,3,6,True,466,53,3,1,672,0.0,7,False,False,SaaS
15,77.0,3.0,8,5,5,False,427,52,3,2,136,5952.0,10,True,False,Messaging
4,75.0,0.0,6,5,6,False,349,37,3,1,0,3183.0,3,False,False,Robots
7,0.0,0.0,9,1,6,True,260,58,3,4,0,0.0,7,False,False,Email
1,0.0,28.0,7,4,6,True,391,55,3,0,0,31077.0,6,False,False,Productivity
16,97.0,4.0,7,3,6,True,199,60,2,2,8,0.0,7,True,False,Sales
1,0.0,23.0,15,6,5,False,379,51,3,1,0,6836.0,3,True,False,Writing
1,152.0,12.0,18,1,10,True,263,60,3,1,0,5211.0,6,False,False,Chrome Extensions
11,7.0,14.0,6,5,5,True,390,54,6,0,350,244.0,8,False,False,Health & Fitness
6,59.0,5.0,6,2,6,False,129,22,5,1,0,2639.0,5,False,False,Cars
1,0.0,10.0,22,2,6,True,455,60,3,1,330,461.0,9,True,False,Artificial Intelligence
7,70.0,1.0,8,1,6,True,263,58,3,0,0,4278.0,6,True,False,API
6,83.0,0.0,9,5,5,True,500,46,3,1,0,1291.0,6,True,False,Hiring
1,179.0,41.0,22,4,5,True,500,58,2,0,0,0.0,5,False,False,Productivity
8,245.0,16.0,7,4,5,True,88,59,3,1,0,0.0,4,True,False,Productivity
25,135.0,0.0,7,1,5,False,443,41,3,1,316,1614.0,5,False,False,Dating
17,67.0,13.0,7,5,5,True,444,50,1,2,259,3643.0,8,False,False,User Experience
5,367.0,35.0,6,4,5,True,461,60,3,3,703,0.0,7,True,False,Web App
6,212.0,18.0,7,1,5,True,458,51,3,0,408,6637.0,10,True,False,Tech
41,0.0,45.0,7,5,6,True,221,60,3,1,0,0.0,7,True,False,Art
3,2661.0,0.0,1,0,7,True,213,44,3,0,0,30633.0,4,False,False,Productivity
7,13.0,0.0,7,6,5,False,471,41,4,1,0,0.0,6,True,False,Productivity
11,137.0,6.0,6,3,1,True,467,58,3,5,0,0.0,7,False,False,Sales
1,27.0,52.0,7,4,6,True,394,55,3,2,635,1963.0,6,True,False,Android
33,56.0,0.0,12,0,6,True,391,51,1,1,999,0.0,1,True,False,Android
1,136.0,0.0,7,0,5,True,479,57,4,1,397,8135.0,6,False,False,Android
9,73.0,6.0,7,4,6,False,449,42,2,2,0,0.0,7,True,False,Marketing
14,4.0,0.0,16,2,6,True,434,60,3,3,0,0.0,8,True,False,iOS
9,122.0,117.0,15,3,1,False,285,48,3,0,345,134473.0,9,False,False,Chrome Extensions
1,50.0,30.0,7,0,6,True,433,58,3,6,196,14050.0,6,True,False,Android
5,7.0,0.0,7,3,5,True,368,55,3,5,71,11393.0,6,False,False,Developer Tools
1,80.0,28.0,11,3,5,True,344,50,3,6,233,0.0,7,False,False,Vibe coding
6,91.0,11.0,12,1,6,True,136,56,3,0,0,73235.0,5,True,False,Weather
1,121.0,0.0,8,3,6,True,314,43,3,0,0,0.0,24,True,False,Productivity
11,91.0,49.0,19,4,6,True,206,58,1,0,266,162220.0,3,False,False,API
1,2314.0,55.0,7,2,5,True,373,35,3,1,108,146563.0,6,True,False,Retro Games
26,0.0,8.0,11,4,6,False,391,45,3,1,0,280.0,8,True,False,Developer Tools
27,38.0,6.0,6,3,6,False,293,41,3,2,102,3504.0,4,False,False,Browser Extensions
17,189.0,3.0,18,3,5,True,311,56,1,1,158,10681.0,7,True,False,Marketing
9,28.0,6.0,16,3,5,True,172,57,3,2,163,0.0,6,True,False,Analytics
1,167.0,0.0,8,0,5,True,160,58,3,2,299,3196.0,6,False,False,Menu Bar Apps
1,0.0,38.0,21,0,6,True,418,60,3,3,27,0.0,3,True,False,Artificial Intelligence
1,192.0,26.0,2,2,7,True,48,56,3,7,375,3390.0,8,False,False,Fintech
1,0.0,0.0,7,5,6,True,454,56,1,1,0,1730.0,5,False,False,Health & Fitness
1,0.0,14.0,7,1,2,True,370,46,3,1,307,1496.0,7,False,False,Mac
222,126.0,16.0,12,3,3,False,479,60,3,1,283,0.0,8,False,False,WordPress
7,123.0,35.0,7,3,5,True,438,58,3,4,431,2551.0,10,False,False,Mac
1,0.0,18.0,7,5,4,False,212,60,3,0,0,0.0,0,False,False,Customer Communication
4,106.0,38.0,7,1,5,False,500,54,3,1,682,3010.0,3,False,False,Social Media
8,0.0,137.0,14,6,5,True,405,45,3,2,333,0.0,9,True,False,Social Media
13,108.0,1.0,6,2,5,True,99,44,4,1,0,6743.0,7,False,False,Tech
7,182.0,46.0,23,2,6,True,247,55,3,1,0,4559.0,6,True,False,Productivity
2,129.0,4.0,7,2,5,True,192,60,3,1,0,539.0,10,True,False,API
18,42.0,59.0,6,4,5,False,497,53,3,1,0,0.0,7,True,False,Software Engineering
1,38.0,5.0,14,4,6,True,359,57,3,4,441,3740.0,4,False,False,Developer Tools
1,0.0,108.0,10,6,5,False,395,47,2,1,0,3968.0,5,False,False,No-Code
11,54.0,15.0,15,1,5,True,163,60,3,0,297,0.0,5,False,False,Chrome Extensions
5,0.0,0.0,7,4,6,True,500,60,3,1,398,27534.0,7,True,False,Productivity
1,36.0,17.0,6,3,6,False,500,49,6,1,904,4800.0,12,False,False,Design Tools
10,0.0,17.0,10,5,5,False,498,53,3,1,0,603.0,2,False,False,Artificial Intelligence
6,0.0,22.0,2,1,5,True,394,48,3,1,0,0.0,0,False,False,Mac
2,214.0,64.0,17,0,6,True,492,52,3,1,523,1705.0,10,True,False,API
16,156.0,22.0,18,2,6,True,240,54,3,0,0,0.0,3,False,False,Health & Fitness
34,0.0,17.0,6,4,5,True,274,19,3,4,483,0.0,6,True,False,Privacy
3,36.0,1.0,6,2,5,False,270,60,3,0,229,1024.0,1,False,False,Payments
6,22.0,33.0,7,3,6,True,256,54,4,1,0,2790.0,4,True,False,Productivity
1,0.0,0.0,0,0,5,True,441,45,3,1,4512,0.0,24,False,False,Crypto
10,15.0,4.0,7,0,6,False,291,51,2,2,393,0.0,5,False,False,Artificial Intelligence
10,618.0,21.0,7,1,6,True,500,50,3,1,0,0.0,4,True,False,SaaS
154,0.0,15.0,7,3,5,True,54,17,3,1,92,0.0,13,True,False,Productivity
17,94.0,12.0,7,2,7,False,424,51,2,1,139,0.0,5,False,False,Design Tools
8,0.0,0.0,20,0,5,True,487,60,3,1,289,0.0,5,False,False,Productivity
13,3.0,0.0,21,3,5,True,452,49,3,1,0,0.0,6,True,False,WordPress
29,124.0,0.0,18,5,5,True,385,59,2,2,0,2491.0,8,True,False,Productivity
1,195.0,0.0,8,6,5,True,305,49,3,1,0,24755.0,6,False,False,Social Media
2,72.0,17.0,7,5,6,False,444,31,4,1,0,2403.0,6,True,False,Marketing
94,0.0,1.0,15,0,5,False,401,52,2,1,213,0.0,0,False,False,Developer Tools
2,6.0,75.0,7,2,5,True,457,43,3,1,151,2693.0,5,False,False,Developer Tools
92,153.0,0.0,16,2,6,True,233,31,3,4,21,2637.0,6,True,False,Streaming Services
1,40.0,28.0,7,1,1,True,330,54,4,1,393,11.0,7,True,False,Mac
4,125.0,6.0,23,4,5,True,500,60,3,2,0,0.0,8,True,False,Hiring
3,87.0,32.0,20,3,5,True,398,60,3,1,145,1145.0,9,True,False,Tech
5,168.0,0.0,7,3,1,False,346,46,1,1,0,3852.0,8,True,False,Artificial Intelligence
6,4.0,55.0,17,2,5,True,462,26,3,0,0,0.0,5,True,False,Health & Fitness
7,254.0,8.0,14,0,6,True,418,52,3,1,439,0.0,7,True,False,Email
12,0.0,10.0,7,4,6,True,476,45,3,5,306,121986.0,7,True,False,Design Tools
4,23.0,5.0,11,6,5,True,433,50,2,1,134,114836.0,26,False,False,Software Engineering
35,1039.0,11.0,6,5,5,True,450,60,4,1,323,0.0,22,True,False,Developer Tools
3,46.0,8.0,7,4,5,True,398,57,3,1,0,0.0,8,False,False,Chrome Extensions
1,189.0,42.0,21,5,6,True,291,60,3,1,472,425.0,10,True,False,SaaS
16,129.0,21.0,7,2,6,True,96,50,3,1,0,34267.0,8,True,False,Artificial Intelligence
1,0.0,15.0,1,5,6,True,288,28,2,2,0,3175.0,4,False,False,Chrome Extensions
1,41.0,37.0,7,2,5,True,278,53,3,3,462,0.0,9,True,False,Mac
6,168.0,9.0,7,3,5,False,500,48,2,0,3711,850.0,12,False,False,Productivity
28,0.0,132.0,7,1,5,True,209,51,2,0,92,3136.0,7,False,False,No-Code
14,65.0,44.0,6,3,5,True,495,60,3,1,0,0.0,3,False,False,Marketing
3,0.0,0.0,6,0,5,True,260,59,5,5,0,27110.0,6,False,False,Growth Hacking
6,20.0,11.0,7,4,6,False,151,47,1,1,492,113.0,9,False,False,Audio
1,0.0,47.0,6,0,5,True,500,32,4,1,189,1618.0,22,False,False,Mac
1,106.0,13.0,4,5,2,False,254,46,2,1,0,37697.0,3,False,False,3D Printer
1,31.0,0.0,7,5,6,True,315,60,4,1,306,0.0,8,True,False,Design Tools
2,0.0,15.0,7,2,5,True,360,50,3,0,666,13058.0,7,False,False,API
51,126.0,23.0,6,6,5,False,467,53,3,1,61,5399.0,6,True,False,Meetings
120,192.0,29.0,9,3,5,True,500,57,3,0,175,0.0,6,True,False,Productivity
10,0.0,0.0,15,3,5,True,450,55,3,4,3019,0.0,6,False,False,Productivity
1,105.0,5.0,18,6,6,True,467,48,3,1,70,3870.0,8,True,False,Human Resources
7,0.0,0.0,18,5,6,True,499,60,4,1,33,2330.0,3,True,False,Home
2,0.0,13.0,0,0,2,True,500,42,4,2,413,0.0,5,False,False,Android
1,68.0,0.0,8,0,5,True,407,41,2,1,135,1023.0,6,True,False,Sales
4,0.0,19.0,7,4,5,True,485,50,3,3,94,73186.0,3,True,False,Hardware
14,389.0,13.0,7,6,5,True,369,49,3,1,414,2843.0,6,False,False,Chrome Extensions
8,20.0,40.0,7,4,5,False,325,60,3,1,7,2250.0,7,False,False,Cars
10,154.0,0.0,6,0,6,True,396,60,3,5,11945,0.0,4,False,False,Productivity
1,91.0,180.0,7,5,5,False,465,60,9,3,719,12783.0,8,False,False,Task Management
1,94.0,0.0,15,6,5,True,114,60,3,2,0,1630.0,3,False,False,Marketing
1,0.0,0.0,7,4,5,False,425,60,2,2,39,0.0,9,False,False,Menu Bar Apps
10,142.0,15.0,7,4,5,True,500,60,3,3,346,22027.0,10,False,False,Productivity
12,58.0,19.0,7,6,5,True,339,55,3,1,286,13610.0,6,True,False,Productivity
1,201.0,51.0,12,3,5,True,382,47,5,4,492,4941.0,9,False,False,Health & Fitness
13,10.0,12.0,15,4,6,True,500,60,9,4,338,0.0,7,True,False,Artificial Intelligence
4,190.0,34.0,6,3,5,True,433,40,3,1,384,57014.0,11,True,False,Writing
23,417.0,9.0,6,6,4,True,500,41,1,1,0,3863.0,7,False,False,Customer Success
11,89.0,70.0,6,1,6,True,425,49,4,0,697,3162.0,7,False,False,Linux
2,157.0,126.0,6,6,6,True,416,54,3,1,0,5698.0,7,False,False,Couples
3,38.0,86.0,8,3,5,False,486,55,3,1,487,2569.0,6,False,False,Developer Tools
6,63.0,0.0,7,5,5,False,500,60,1,1,100,1069.0,5,True,False,Task Management
7,99.0,0.0,7,2,5,True,79,45,3,8,0,417.0,4,False,False,Health & Fitness
5,64.0,24.0,19,2,5,False,296,55,3,6,584,17641.0,8,False,False,Chrome Extensions
5,113.0,0.0,13,1,6,True,279,60,2,5,0,735.0,6,False,False,Social Media
1,66.0,41.0,7,0,5,True,239,36,3,2,316,0.0,8,False,False,Developer Tools
5,115.0,19.0,17,4,2,True,500,54,3,1,422,558.0,4,True,False,SaaS
7,0.0,5.0,23,3,5,True,155,49,3,3,539,0.0,6,True,False,Social Media
20,52.0,0.0,7,4,5,False,496,57,2,1,0,0.0,6,False,False,Fintech
2,1883.0,32.0,12,4,5,True,362,41,3,3,33,3481.0,20,True,False,Open Source
1,114.0,5.0,7,0,8,True,358,60,3,3,355,3273.0,7,False,False,Productivity
1,36.0,11.0,7,3,5,True,445,39,3,0,766,0.0,4,False,False,Marketing
9,89.0,0.0,8,4,6,True,327,54,5,1,252,2986.0,0,True,False,Android
4,9.0,0.0,11,6,6,False,291,57,3,1,134,0.0,8,True,False,Design Tools
13,28.0,118.0,8,3,5,False,497,51,2,2,0,0.0,10,False,False,Open Source
1,0.0,6.0,12,3,1,False,434,34,3,0,0,0.0,0,False,False,Travel
13,381.0,0.0,7,5,5,True,286,60,3,1,0,59279.0,3,False,False,Productivity
1,137.0,39.0,7,6,6,True,422,56,3,1,190,0.0,4,False,False,Music
13,649.0,15.0,7,5,5,True,169,58,3,2,207,0.0,27,True,False,iOS
8,0.0,4.0,6,3,5,True,379,57,3,0,192,0.0,5,True,False,Menu Bar Apps
4,149.0,76.0,7,4,5,True,498,51,3,1,230,298.0,7,False,False,Analytics
7,0.0,6.0,9,0,1,True,500,45,3,2,221,76963.0,9,True,False,Hiring
1,119.0,3.0,8,1,6,False,380,55,3,1,74,0.0,8,False,False,Productivity
15,182.0,14.0,12,6,5,True,127,58,1,1,0,4881.0,6,True,False,Productivity
3,119.0,14.0,6,4,5,True,395,56,4,2,1812,2905.0,9,True,False,Productivity
5,28.0,47.0,7,5,5,True,283,59,3,1,2997,5004.0,7,True,False,Web App
1,30.0,3.0,13,3,5,True,455,27,1,1,188,3695.0,4,False,False,Education
5,80.0,10.0,11,5,5,False,500,55,1,1,149,0.0,4,True,False,Tech
1,193.0,3.0,8,0,6,True,407,58,3,6,736,0.0,7,False,False,Open Source
8,9.0,22.0,7,4,5,True,262,51,3,3,0,90674.0,11,True,False,Chrome Extensions
1,39.0,0.0,6,0,6,True,236,54,3,1,628,2235.0,3,True,False,Education
23,0.0,0.0,7,4,5,True,484,54,4,1,846,0.0,12,False,False,Developer Tools
1,268.0,17.0,20,4,5,True,171,45,3,3,616,2638.0,8,False,False,API
12,0.0,9.0,20,5,5,True,382,55,3,1,599,0.0,8,True,False,Analytics
14,0.0,19.0,11,4,5,True,174,53,2,4,0,21660.0,0,False,False,Productivity
1,85.0,11.0,13,1,5,False,435,60,1,0,0,132801.0,7,False,False,iOS
6,130.0,60.0,14,2,2,True,413,55,3,1,11171,0.0,6,True,False,Android
21,15.0,20.0,7,3,5,True,417,18,4,1,396,3715.0,1,False,False,Productivity
1,76.0,64.0,7,0,5,True,254,60,3,2,567,860.0,7,True,False,Productivity
2,138.0,0.0,8,1,5,True,71,56,3,1,174,0.0,27,True,False,iOS
13,402.0,16.0,16,0,6,True,361,49,8,1,194,3803.0,7,False,False,Productivity
14,127.0,11.0,20,1,9,False,446,60,3,1,0,1385.0,7,True,False,Software Engineering
21,52.0,25.0,6,3,5,True,500,44,4,1,318,4852.0,8,False,False,API
15,450.0,30.0,7,1,5,True,462,58,3,1,0,0.0,8,True,False,Analytics
4,78.0,44.0,7,3,6,True,227,38,3,2,0,4502.0,6,False,False,Productivity
16,100.0,16.0,7,2,5,True,259,50,3,1,368,0.0,6,True,False,Chrome Extensions
37,0.0,0.0,11,3,6,False,416,57,3,2,813,0.0,7,False,False,Productivity
1,179.0,13.0,23,1,5,True,158,42,1,1,300,2521.0,5,False,False,Design Tools
42,65.0,19.0,20,1,6,False,412,60,1,1,88,4685.0,6,False,False,Software Engineering
4,0.0,67.0,8,4,5,True,500,21,2,1,271,0.0,3,False,False,Streaming Services
12,0.0,1.0,13,1,5,False,305,58,2,1,0,477.0,3,False,False,Design Tools
73,114.0,14.0,14,5,6,False,199,57,3,2,0,29754.0,10,False,False,API
8,8.0,16.0,7,3,5,True,354,21,3,1,0,27285.0,6,True,False,Android
2,44.0,98.0,6,0,6,True,429,41,3,4,513,0.0,8,False,False,Sales
1,52.0,23.0,19,3,5,False,479,34,4,1,0,0.0,5,False,False,Social Media
2,91.0,14.0,7,2,5,True,219,60,3,1,3752,0.0,5,False,False,Design Tools
29,466.0,62.0,6,0,5,True,423,57,3,3,483,488.0,17,False,False,Mac
8,72.0,1.0,23,3,6,True,494,54,3,1,167,0.0,7,True,False,Open Source
9,109.0,20.0,6,3,5,True,493,51,3,1,298,32888.0,4,False,False,Productivity
2,0.0,0.0,15,6,5,False,246,53,2,2,66,73462.0,7,False,False,Mac
1,151.0,33.0,22,3,5,True,266,58,3,1,0,2060.0,11,True,False,iOS
134,146.0,21.0,6,3,5,True,100,19,3,1,386,1349.0,10,True,False,Mac
1,173.0,0.0,7,0,5,True,235,55,3,1,0,0.0,4,True,False,SaaS
4,65.0,116.0,6,0,5,False,394,53,1,1,0,0.0,3,False,False,Messaging
32,666.0,0.0,11,6,6,False,443,58,1,3,213,2897.0,7,True,False,Kids
1,149.0,0.0,11,6,5,False,354,39,3,1,0,1342.0,10,False,False,Sales
1,137.0,56.0,22,3,5,True,482,59,3,0,400,34381.0,6,False,False,Hiring
35,0.0,0.0,15,0,5,True,444,56,4,1,0,0.0,10,False,False,SaaS
1,37.0,39.0,17,4,4,False,202,54,3,1,285,0.0,2,False,False,Analytics
6,1.0,0.0,20,4,5,True,487,53,2,0,118,2985.0,19,False,False,Email Marketing
1,84.0,0.0,8,2,6,True,177,56,8,1,0,251.0,4,True,False,Open Source
10,0.0,1.0,8,1,5,False,500,60,3,1,0,89.0,4,True,False,Design Tools
20,209.0,93.0,13,2,5,True,99,53,3,0,25,36401.0,8,False,False,Productivity
2,0.0,34.0,7,4,5,True,329,60,3,6,712,0.0,8,True,False,Web App
63,98.0,0.0,4,5,1,True,125,60,3,1,0,0.0,5,True,False,Design Tools
5,101.0,1.0,23,0,5,True,500,57,3,1,297,85493.0,3,False,False,Design Tools
31,102.0,0.0,7,3,5,True,367,56,3,1,560,25677.0,7,True,False,Open Source
7,10.0,0.0,6,4,6,True,477,59,3,1,224,2218.0,7,False,False,Browser Extensions
21,80.0,0.0,7,5,6,True,183,60,4,1,0,1865.0,3,True,False,Fashion
19,0.0,0.0,6,1,5,True,455,49,3,1,0,996.0,13,False,False,Slack
31,0.0,88.0,8,3,5,False,143,52,2,1,0,0.0,7,False,False,Growth Hacking
1,59.0,26.0,7,3,6,True,500,50,3,1,34,807.0,2,False,False,Developer Tools
3,111.0,137.0,18,4,3,False,246,47,2,4,712,2525.0,9,True,False,Crypto
5,54.0,1.0,8,3,5,False,105,29,2,2,237,1865.0,10,True,False,Customer Communication
14,76.0,0.0,15,1,5,True,397,48,2,0,0,5763.0,6,False,False,Weather
3,77.0,342.0,7,4,5,True,476,50,3,1,318,3408.0,5,False,False,Developer Tools
1,149.0,0.0,16,4,6,True,490,49,3,1,393,1868.0,7,True,False,Marketing
1,0.0,135.0,7,4,5,True,500,54,3,1,474,0.0,7,False,False,3D Printer
7,128.0,0.0,13,5,5,True,397,55,3,5,161,0.0,17,False,False,Productivity
1,27.0,0.0,12,3,6,True,102,57,3,3,222,0.0,8,False,False,Productivity
26,143.0,11.0,9,3,5,True,142,42,1,1,200,975.0,2,False,False,Music
25,10.0,4.0,3,3,5,True,48,57,3,0,0,4635.0,7,True,False,Open Source
1,162.0,10.0,7,5,6,True,442,55,3,1,487,0.0,7,False,False,Android
10,124.0,12.0,0,4,5,True,165,45,3,1,708,29910.0,4,False,False,Sales
8,26.0,31.0,9,3,5,True,462,54,1,1,0,0.0,0,False,False,Productivity
8,172.0,18.0,7,4,5,True,500,60,2,1,410,0.0,8,True,False,Open Source
7,53.0,0.0,7,0,6,True,424,55,3,3,641,1390.0,7,True,False,Health & Fitness
1,0.0,0.0,7,2,5,True,146,37,3,1,92,0.0,6,False,False,Health & Fitness
17,213.0,7.0,6,6,5,True,320,55,3,1,230,18608.0,10,False,False,Productivity
11,11.0,7.0,9,5,8,False,263,60,3,2,339,129599.0,7,False,False,Tech
14,498.0,108.0,23,5,2,True,193,49,3,3,232,2678.0,9,True,False,Robots
2,112.0,82.0,7,5,8,True,428,57,4,6,0,0.0,4,False,False,User Experience
7,33.0,3.0,6,2,5,False,447,38,2,1,365,0.0,9,False,False,Productivity
3,0.0,5.0,13,4,5,True,165,57,3,4,0,0.0,8,True,False,Android
15,0.0,14.0,6,3,5,True,306,42,4,2,0,23874.0,1,False,False,SaaS
10,33.0,12.0,12,1,6,True,179,51,3,1,217,737.0,5,False,False,Marketing
1,146.0,147.0,14,3,5,False,246,46,3,1,0,5504.0,5,True,False,iOS
4,0.0,5.0,7,1,5,True,182,50,8,0,0,2889.0,6,True,False,Marketing
2,15.0,16.0,10,6,6,True,427,56,1,1,155,4167.0,3,True,False,Email
9,105.0,62.0,7,4,5,True,366,51,3,2,0,1782.0,8,True,False,Mac
14,0.0,2.0,11,5,5,False,500,60,5,1,295,1264.0,6,False,False,Privacy
23,0.0,0.0,16,4,5,True,305,60,5,1,182,3326.0,2,False,False,Hardware
9,0.0,8.0,23,3,5,False,428,60,1,1,52,0.0,5,True,False,Fintech
1,0.0,29.0,13,1,6,True,446,56,3,1,0,0.0,6,False,False,Hardware
3,42.0,12.0,12,5,5,True,354,37,3,1,772,755.0,8,True,False,Productivity
15,127.0,70.0,7,1,6,True,494,24,4,1,0,3443.0,6,False,False,Open Source
5,130.0,14.0,6,3,5,True,500,55,4,1,509,3107.0,8,False,False,Mac
15,64.0,0.0,18,3,5,True,321,58,2,0,249,1871.0,4,False,False,Hardware
7,16.0,0.0,17,5,6,True,61,58,2,3,0,0.0,10,True,False,Design Tools
1,16.0,0.0,20,3,5,False,258,60,4,2,0,0.0,7,False,False,Productivity
3,1008.0,7.0,15,2,6,True,227,60,3,1,0,1109.0,8,False,False,Writing
7,641.0,26.0,7,5,5,False,391,54,2,1,0,4734.0,12,True,False,Sales
3,0.0,28.0,0,1,5,True,73,54,3,2,0,2027.0,4,False,False,Design Tools
1,0.0,0.0,11,5,6,True,304,33,1,1,518,0.0,5,False,False,Hardware
4,0.0,0.0,23,3,6,False,240,59,2,2,0,2763.0,8,False,False,Prototyping
3,2.0,0.0,21,6,5,True,247,48,1,5,0,1838.0,4,False,False,Android
1,1260.0,9.0,7,4,6,False,500,35,2,1,530,4491.0,5,False,False,Marketing
1,73.0,0.0,6,1,6,False,308,37,3,6,428,4464.0,5,True,False,Developer Tools
1,128.0,0.0,0,3,6,True,350,57,1,1,0,6570.0,7,False,False,Menu Bar Apps
8,128.0,19.0,7,0,6,True,373,60,3,1,0,2728.0,9,False,False,Web App
3,113.0,24.0,0,0,6,True,443,60,3,1,575,0.0,9,False,False,SaaS
1,164.0,25.0,7,3,6,False,263,60,3,1,298,0.0,7,False,False,Design Tools
4,140.0,118.0,7,4,6,True,191,58,3,1,425,90.0,6,False,False,Chrome Extensions
18,103.0,90.0,5,1,5,True,500,52,3,2,3002,148434.0,5,True,False,Open Source
15,178.0,7.0,7,3,7,True,484,17,1,1,191,3035.0,4,True,False,Social Media
6,0.0,0.0,7,0,5,True,500,50,3,1,690,0.0,9,False,False,Productivity
17,193.0,5.0,23,3,5,False,187,60,1,1,0,2188.0,4,True,False,Artificial Intelligence
2,0.0,15.0,11,6,12,False,427,43,4,1,509,4308.0,5,False,False,Couples
1,0.0,24.0,15,0,6,True,449,53,3,1,2914,0.0,6,False,False,Design Tools
9,62.0,0.0,7,3,8,True,254,52,3,1,0,129131.0,2,False,False,Writing
1,886.0,25.0,8,6,6,True,474,53,1,5,1787,170171.0,6,False,False,Software Engineering
4,162.0,3.0,19,4,5,True,500,60,1,1,3858,6327.0,3,False,False,SaaS
14,49.0,0.0,6,6,5,True,461,56,4,1,21,702.0,10,False,False,Email
3,10.0,49.0,21,0,5,False,500,60,2,1,511,2176.0,9,False,False,Mac
1,24.0,8.0,14,1,5,True,328,46,3,1,2100,3532.0,6,False,False,Open Source
7,29.0,6.0,6,4,6,True,399,52,1,1,421,935.0,6,True,False,Software Engineering
9,58.0,14.0,6,4,5,False,254,60,1,1,339,1347.0,3,True,False,Email Marketing
1,0.0,167.0,6,3,6,True,250,60,3,4,12534,0.0,5,False,False,Marketing
1,136.0,0.0,7,5,5,False,283,57,8,5,460,0.0,9,False,False,Audio
222,0.0,0.0,6,3,5,False,460,57,3,1,0,3716.0,4,False,False,Developer Tools
2,0.0,9.0,8,5,5,True,500,57,3,1,461,378.0,5,False,False,Productivity
19,50.0,7.0,1,3,5,False,308,60,2,4,172,0.0,5,False,False,Productivity
13,183.0,0.0,4,1,6,True,333,58,3,0,36,3741.0,7,False,False,Travel
2,31.0,2.0,14,0,5,True,422,50,2,1,572,3918.0,0,False,False,API
12,90.0,21.0,7,4,1,True,340,54,3,0,110,1613.0,10,True,False,Web App
5,149.0,15.0,7,3,5,True,492,60,3,5,2496,266.0,9,True,False,Productivity
21,161.0,0.0,11,0,5,True,382,60,2,1,447,1085.0,8,True,False,Web App
1,47.0,2.0,6,5,1,False,387,60,3,1,552,25302.0,2,False,False,Design Tools
1,0.0,0.0,18,4,6,False,366,60,3,3,0,2405.0,5,False,False,Design Tools
1,59.0,41.0,7,3,5,True,360,60,3,3,0,1647.0,8,False,False,Productivity
34,47.0,1.0,3,5,5,True,500,37,3,1,0,2505.0,9,False,False,Venture Capital
1,125.0,4.0,13,2,5,True,376,59,3,1,16,71040.0,9,True,False,Artificial Intelligence
1,98.0,0.0,0,0,6,True,500,58,4,1,171,2155.0,5,False,False,Web App
1,302.0,10.0,7,3,5,False,175,32,3,3,0,1997.0,2,True,False,Advertising
1,0.0,0.0,7,5,10,True,263,50,2,4,0,0.0,4,True,False,Open Source
1,2661.0,33.0,7,1,6,False,448,38,3,0,527,5316.0,17,False,False,Productivity
1,101.0,0.0,7,3,5,True,252,53,3,2,0,0.0,0,False,False,Developer Tools
1,20.0,0.0,7,6,5,False,314,27,2,1,379,149832.0,5,False,False,Android
12,111.0,0.0,23,3,6,False,298,60,3,1,260,0.0,9,False,False,Open Source
12,105.0,13.0,23,2,6,True,350,35,2,1,2482,0.0,9,True,False,Social Media
1,0.0,20.0,7,6,5,True,500,60,3,1,0,3190.0,6,True,False,Growth Hacking
1,33.0,27.0,7,1,5,True,322,60,3,2,0,3.0,6,True,False,SaaS
4,73.0,22.0,7,3,1,True,382,53,3,0,174,0.0,6,False,False,Task Management
1,0.0,11.0,7,5,6,True,190,60,3,1,185,0.0,5,False,False,Productivity
15,45.0,8.0,6,2,2,True,303,57,3,4,470,2260.0,3,True,False,Writing
4,58.0,90.0,7,0,5,True,48,31,3,1,439,0.0,16,False,False,Tech
2,59.0,48.0,6,5,5,True,472,60,4,1,97,0.0,2,True,False,API
15,154.0,20.0,10,2,5,True,452,48,3,1,471,0.0,4,False,False,Productivity
41,59.0,15.0,16,1,5,True,495,51,3,1,284,0.0,11,True,False,API
3,45.0,31.0,7,3,5,False,500,53,3,1,635,724.0,8,False,False,API
7,198.0,0.0,6,5,5,True,311,32,3,4,360,3026.0,9,False,False,Productivity
1,10.0,0.0,8,2,5,True,482,51,3,1,0,0.0,3,False,False,Design Tools
24,165.0,23.0,0,5,7,True,413,57,1,3,0,1598.0,8,True,False,Mac
1,0.0,20.0,7,5,5,False,152,35,3,0,255,793.0,4,False,False,Software Engineering
1,88.0,40.0,13,3,1,True,351,50,3,1,1,2258.0,5,True,False,Web App
8,481.0,0.0,7,4,5,True,447,50,1,1,0,4923.0,4,False,False,SaaS
10,0.0,23.0,6,5,6,True,441,55,3,0,280,0.0,7,True,False,Mac
8,73.0,29.0,7,3,6,True,493,60,1,0,350,51889.0,7,True,False,API
7,30.0,57.0,0,4,1,True,500,50,3,0,416,1129.0,5,False,False,Mac
18,89.0,3.0,6,1,6,True,54,56,9,1,1297,3237.0,6,False,False,Productivity
1,158.0,21.0,7,4,5,True,303,59,2,0,295,2562.0,5,True,False,Sales
13,0.0,17.0,7,1,6,True,212,56,3,1,0,4304.0,1,False,False,Android
13,168.0,7.0,7,6,6,True,204,60,3,1,516,15335.0,5,True,False,Mac
1,31.0,0.0,17,6,8,True,361,51,3,0,244,1774.0,4,True,False,Web App
38,0.0,2.0,6,5,3,False,468,60,3,2,363,1638.0,3,True,False,SaaS
1,93.0,33.0,0,3,6,True,500,42,3,1,523,701.0,13,True,False,Fintech
1,45.0,8.0,12,0,6,False,233,54,3,5,0,1377.0,5,False,False,SaaS
15,106.0,9.0,13,4,6,False,500,53,1,1,9,4456.0,7,True,False,Slack
1,157.0,0.0,17,0,6,True,182,56,3,4,1860,64612.0,5,False,False,Mac
10,137.0,5.0,22,4,3,True,209,37,3,1,818,5416.0,27,True,False,API
1,80.0,33.0,8,3,7,True,60,36,3,1,320,0.0,10,False,False,Mac
20,154.0,3.0,6,3,6,True,442,43,1,3,154,5080.0,9,False,False,API
4,79.0,17.0,7,3,5,True,474,38,3,3,496,1968.0,9,True,False,Web App
21,0.0,12.0,14,5,5,True,323,55,3,1,339,0.0,8,True,False,Productivity
1,148.0,85.0,17,1,10,False,214,40,2,1,403,1967.0,7,True,False,Analytics
12,432.0,1.0,6,3,4,True,489,52,4,0,604,38856.0,7,False,False,Mac
15,11.0,6.0,19,0,6,True,287,55,3,5,358,0.0,9,False,False,Privacy
120,148.0,4.0,6,1,5,True,498,60,3,1,253,0.0,11,False,False,Mac
109,98.0,17.0,7,5,6,True,500,32,3,1,290,0.0,6,True,False,Artificial Intelligence
6,14.0,0.0,14,5,5,True,377,47,3,7,0,78.0,6,False,False,Travel
1,165.0,33.0,6,5,1,True,263,60,4,1,250,4068.0,9,False,False,Notes
14,43.0,0.0,19,5,5,True,374,60,3,1,185,0.0,9,False,False,Productivity
7,42.0,0.0,7,1,5,False,417,51,3,3,0,44.0,8,False,False,Open Source
7,14.0,0.0,7,5,5,False,378,52,3,1,223,2865.0,9,False,False,SaaS
21,2661.0,0.0,7,3,5,False,386,43,3,7,67,1080.0,5,False,False,iOS
12,61.0,0.0,8,2,4,False,500,56,3,4,0,3590.0,3,False,False,Analytics
4,0.0,11.0,7,6,5,True,255,56,3,1,262,0.0,8,False,False,Open Source
3,70.0,21.0,23,1,6,True,424,44,3,0,0,0.0,8,False,False,Productivity
20,177.0,0.0,20,2,5,True,72,56,3,1,62,0.0,8,False,False,Kids
35,129.0,8.0,20,3,6,True,340,60,3,1,0,21.0,8,False,False,Crypto
1,131.0,0.0,19,2,6,True,259,60,3,0,0,1926.0,5,False,False,Design Tools
1,39.0,23.0,20,6,1,True,245,60,3,0,445,793.0,7,False,False,Developer Tools
4,0.0,5.0,6,5,1,False,262,39,3,3,1028,21824.0,4,True,False,Retro Games
21,926.0,36.0,18,0,5,True,453,56,3,0,6409,0.0,7,True,False,Productivity
1,85.0,22.0,10,3,7,True,393,48,3,2,0,560.0,10,True,False,Productivity
41,175.0,68.0,7,1,6,False,261,47,4,1,0,2031.0,27,True,False,Messaging
1,0.0,9.0,14,6,5,True,322,29,3,1,0,6027.0,5,False,False,Hiring
1,365.0,0.0,17,4,5,True,429,60,3,1,122,664.0,5,False,False,Mac
1,0.0,11.0,6,2,6,True,500,51,3,1,487,62767.0,5,True,False,Marketing
4,0.0,0.0,6,3,5,True,433,56,1,1,91,1133.0,18,True,False,Developer Tools
2,403.0,0.0,7,1,6,True,492,56,3,1,419,3865.0,7,False,False,Marketing
12,119.0,9.0,7,3,6,True,317,58,1,3,550,2301.0,10,False,False,User Experience
15,25.0,0.0,6,3,5,False,449,43,3,1,0,0.0,6,False,False,Vibe coding
1,24.0,12.0,14,4,5,True,346,44,3,2,212,760.0,7,True,False,Mac
8,0.0,0.0,12,1,5,False,293,60,4,5,174,0.0,5,False,False,Travel
27,471.0,23.0,17,0,6,True,487,60,3,4,511,2936.0,9,True,False,Email Marketing
10,296.0,0.0,7,4,6,False,420,53,2,0,196,45337.0,7,False,False,Time Tracking
7,20.0,20.0,6,3,6,True,488,29,3,1,0,0.0,8,False,False,Artificial Intelligence
5,38.0,12.0,0,0,6,True,403,48,3,4,99,104.0,4,False,False,Social Media
12,160.0,4.0,9,1,5,True,323,58,4,1,236,0.0,4,True,False,Couples
1,57.0,23.0,23,4,5,True,449,60,3,1,0,3158.0,11,True,False,Tech
15,95.0,173.0,6,3,6,True,107,40,4,4,204,0.0,5,False,False,Software Engineering
15,98.0,43.0,11,1,6,True,500,58,3,1,415,308.0,6,False,False,Art
1,46.0,0.0,13,1,5,False,279,56,3,1,0,4267.0,3,False,False,Software Engineering
4,214.0,15.0,8,5,3,True,370,60,3,1,198,0.0,7,True,False,Design Tools
1,43.0,0.0,15,1,5,False,181,55,3,1,0,4640.0,0,False,False,Tech
4,51.0,0.0,4,0,6,True,338,55,3,6,355,486.0,7,False,False,Health & Fitness
6,28.0,3.0,13,1,6,True,500,52,3,0,266,2714.0,4,True,False,Sales
1,63.0,106.0,8,4,5,True,368,47,2,2,0,4134.0,2,True,False,Chrome Extensions
12,136.0,11.0,7,0,5,True,286,59,3,1,11,3717.0,3,False,False,Productivity
1,58.0,29.0,6,6,5,True,468,25,3,1,0,2413.0,7,False,False,Mac
1,35.0,7.0,7,6,5,True,416,55,1,2,0,33256.0,6,True,False,Customer Success
1,283.0,49.0,19,4,2,True,449,60,3,7,0,81877.0,6,False,False,Open Source
18,95.0,2.0,15,4,5,True,309,54,3,1,79,0.0,6,True,False,Social Media
10,166.0,9.0,7,4,5,True,57,51,3,2,199,19982.0,4,False,False,Mac
6,0.0,71.0,6,3,5,True,379,60,3,2,0,0.0,5,False,False,Browser Extensions
9,0.0,0.0,10,5,6,False,500,47,3,2,0,103933.0,3,True,False,Prototyping
44,126.0,27.0,7,0,7,True,476,57,3,1,0,3800.0,5,False,False,Chrome Extensions
7,151.0,127.0,6,0,6,True,484,60,3,1,284,0.0,12,True,False,Artificial Intelligence
1,0.0,3.0,6,3,6,True,457,58,3,1,471,152064.0,5,False,False,Productivity
9,91.0,89.0,15,5,5,True,376,52,6,2,0,538.0,1,True,False,Software Engineering
7,144.0,27.0,4,6,6,True,456,60,3,6,0,0.0,9,False,False,API
1,21.0,24.0,7,6,6,False,383,53,1,1,0,20917.0,5,False,False,API
5,89.0,0.0,10,6,6,False,355,57,3,3,0,2423.0,7,False,False,Mac
11,89.0,5.0,20,3,5,True,500,52,3,1,494,0.0,6,False,False,Chrome Extensions
4,48.0,20.0,7,5,5,True,419,53,3,2,0,222.0,4,False,False,Mac
11,31.0,9.0,10,2,6,False,420,60,3,1,0,0.0,7,False,False,Productivity
34,115.0,7.0,6,1,5,True,366,43,4,1,4,1379.0,9,False,False,Messaging
8,145.0,0.0,1,1,5,True,473,45,2,1,0,2310.0,10,False,False,Open Source
1,74.0,29.0,7,1,1,True,383,52,3,1,2900,2085.0,13,True,False,Android
1,149.0,4.0,19,1,5,False,495,54,3,6,0,1285.0,6,False,False,Health & Fitness
10,217.0,65.0,7,1,6,True,244,55,3,1,2514,702.0,1,False,False,Android
164,106.0,1.0,13,6,1,True,500,60,2,1,49,21759.0,3,True,False,Prototyping
31,81.0,9.0,17,6,6,True,500,42,1,2,221,1468.0,10,False,False,Email
13,184.0,51.0,6,0,6,True,282,60,3,1,87,764.0,3,False,False,Productivity
4,131.0,0.0,7,0,5,True,500,52,3,1,0,19818.0,5,True,False,Virtual Reality
1,0.0,1.0,21,3,6,False,474,60,4,6,248,0.0,6,True,False,Sales
14,48.0,1.0,12,3,4,True,474,57,5,4,503,1619.0,9,False,False,Open Source
7,130.0,0.0,6,4,5,True,121,43,1,1,71,919.0,9,False,False,Slack
3,0.0,20.0,6,2,5,True,500,30,3,1,743,0.0,9,False,False,Email
14,102.0,0.0,7,6,6,True,374,60,3,5,0,29588.0,5,True,False,iOS
4,19.0,33.0,7,1,5,True,175,50,3,1,505,0.0,7,False,False,Web App
14,247.0,57.0,8,1,6,True,500,57,3,1,371,3008.0,14,False,False,Marketing
3,112.0,0.0,2,0,6,True,242,43,3,1,441,93436.0,10,False,False,WordPress
1,165.0,26.0,6,6,5,True,344,60,3,5,374,0.0,4,True,False,Productivity
19,142.0,0.0,7,4,5,False,142,58,4,1,0,0.0,7,False,False,Open Source
1,0.0,0.0,8,6,5,True,354,44,3,3,0,2859.0,1,True,False,Social Media
1,611.0,33.0,23,2,6,True,440,52,3,0,610,2903.0,8,True,False,API
1,199.0,29.0,7,6,3,True,500,60,4,3,750,1954.0,9,False,False,Artificial Intelligence
1,0.0,8.0,7,3,5,True,48,29,3,4,264,16277.0,4,True,False,Android
1,0.0,18.0,23,0,7,False,424,60,3,0,147,2717.0,5,False,False,Email
19,16.0,9.0,19,5,5,False,500,58,3,2,0,0.0,5,False,False,Health & Fitness
1,33.0,4.0,8,3,5,True,112,41,3,1,48,1018.0,5,False,False,Health & Fitness
3,0.0,2.0,6,0,5,False,455,49,4,2,107,9.0,6,False,False,SaaS
10,80.0,0.0,7,3,3,True,192,60,3,1,232,98343.0,8,False,False,Payments
10,163.0,60.0,6,0,5,True,496,38,3,1,483,0.0,7,True,False,Hardware
39,200.0,28.0,16,2,6,False,434,56,3,1,0,2611.0,7,True,False,Productivity
4,177.0,0.0,7,3,5,True,101,54,3,1,0,0.0,8,True,False,Music
1,38.0,4.0,7,5,5,True,289,60,2,1,221,5032.0,5,False,False,Health & Fitness
1,0.0,4.0,7,4,5,False,500,48,4,1,0,1801.0,4,False,False,Productivity
17,0.0,41.0,6,1,6,False,414,51,4,6,0,3615.0,10,False,False,API
16,26.0,4.0,10,3,6,False,135,60,3,1,0,121137.0,3,False,False,Marketing
16,12.0,2.0,9,2,5,True,398,55,3,1,0,9523.0,2,False,False,Productivity
4,0.0,4.0,12,6,6,False,438,55,1,0,0,3599.0,6,False,False,Software Engineering
19,305.0,24.0,7,0,5,True,463,60,3,4,3019,550.0,4,False,False,Art
1,6.0,19.0,8,6,5,False,468,56,3,1,272,0.0,8,False,False,Software Engineering
8,184.0,5.0,8,2,5,True,458,28,3,2,0,24199.0,8,True,False,Virtual Reality
12,106.0,9.0,8,0,6,True,355,60,3,0,186,94766.0,8,False,False,Mac
1,0.0,0.0,7,1,5,True,420,60,3,1,0,6122.0,7,False,False,Marketing
1,0.0,22.0,7,2,6,True,182,44,1,17,2,839.0,2,False,False,Couples
10,97.0,13.0,6,3,6,True,407,55,3,1,263,0.0,12,True,False,Analytics
1,361.0,49.0,7,4,5,True,321,48,3,1,781,4291.0,7,False,False,Open Source
11,684.0,0.0,22,2,5,True,485,54,3,6,315,25642.0,4,False,False,Productivity
1,158.0,41.0,7,4,5,True,477,60,3,5,0,667.0,3,False,False,Productivity
10,49.0,80.0,6,6,5,True,329,54,4,2,228,2670.0,6,True,False,Messaging
1,51.0,23.0,7,3,6,True,500,41,3,4,252,93696.0,7,True,False,API
1,17.0,0.0,23,4,5,True,233,50,3,2,341,610.0,5,True,False,Email
1,72.0,12.0,14,4,2,True,363,29,3,0,4141,5805.0,8,True,False,Android
11,157.0,82.0,7,6,6,True,61,51,2,2,13,5060.0,2,True,False,Kids
8,82.0,161.0,8,2,6,True,473,56,3,6,0,2982.0,5,False,False,Mac
5,84.0,73.0,7,4,1,True,442,39,3,5,567,0.0,6,False,False,Android
4,0.0,3.0,7,0,6,True,449,55,3,5,53,120629.0,5,False,False,API
12,151.0,7.0,7,5,1,True,448,20,3,1,96,1875.0,6,False,False,Productivity
12,154.0,0.0,8,4,5,True,219,56,3,3,0,0.0,12,False,False,iOS
10,182.0,1.0,23,6,5,False,500,58,3,1,109,0.0,7,False,False,Software Engineering
8,370.0,72.0,8,3,5,False,475,53,3,1,581,2202.0,6,True,False,SaaS
7,0.0,10.0,14,4,6,True,195,58,3,1,21,2309.0,2,False,False,Productivity
5,243.0,18.0,20,2,5,True,375,55,3,4,381,970.0,7,False,False,Productivity
14,10.0,4.0,6,1,5,False,121,50,1,1,369,803.0,3,False,False,Mac
1,0.0,99.0,7,3,6,True,500,51,2,2,0,0.0,8,False,False,Mac
12,40.0,33.0,6,5,6,False,385,60,2,4,0,0.0,4,False,False,Developer Tools
10,53.0,7.0,7,3,5,True,407,60,1,1,2341,5081.0,7,False,False,Tech
1,126.0,10.0,8,4,5,True,257,47,5,5,0,2016.0,9,True,False,Chrome Extensions
1,0.0,46.0,7,1,5,True,331,25,3,3,36,19309.0,7,False,False,Open Source
1,254.0,56.0,7,6,6,True,500,57,4,2,0,21172.0,7,True,False,Couples
1,100.0,0.0,8,3,5,True,471,59,3,8,550,527.0,9,True,False,Productivity
29,512.0,58.0,20,3,6,True,432,56,1,1,0,3346.0,7,True,False,Menu Bar Apps
1,48.0,52.0,21,3,5,False,344,60,3,2,0,0.0,6,True,False,Design Tools
7,80.0,9.0,1,5,5,False,464,30,3,1,196,0.0,2,False,False,API
4,104.0,0.0,7,2,5,True,48,23,9,1,0,1008.0,4,True,False,Marketing
1,104.0,10.0,7,6,5,False,113,30,3,1,0,6855.0,5,False,False,Productivity
16,33.0,1.0,7,4,2,False,311,53,6,3,504,2037.0,5,False,False,Developer Tools
8,963.0,14.0,7,4,6,True,314,57,3,1,116,0.0,6,True,False,Developer Tools
1,256.0,16.0,7,1,5,True,430,50,4,1,135,0.0,6,False,False,Productivity
1,237.0,20.0,23,3,6,True,478,50,3,1,643,2400.0,9,True,False,Design Tools
1,117.0,11.0,7,0,6,True,277,35,3,5,600,0.0,7,False,False,Productivity
222,129.0,31.0,7,1,6,True,400,50,3,1,198,878.0,11,True,False,Productivity
40,26.0,7.0,17,4,5,True,170,32,4,1,585,2009.0,11,False,False,Menu Bar Apps
18,87.0,34.0,6,2,5,True,500,37,4,1,135,0.0,5,True,False,Notes
1,99.0,1.0,21,5,6,True,207,60,3,1,247,144248.0,5,False,False,Slack
4,161.0,7.0,7,3,5,True,440,56,3,1,654,936.0,8,False,False,Productivity
34,0.0,6.0,6,4,5,True,183,54,3,2,0,0.0,13,False,False,Design Tools
53,75.0,36.0,7,2,5,False,458,51,3,5,0,98262.0,0,False,False,SaaS
9,156.0,20.0,7,3,5,True,242,54,3,1,54,0.0,13,True,False,Design Tools
1,79.0,0.0,7,3,5,True,288,53,3,1,377,0.0,8,False,False,Design Tools
4,476.0,4.0,7,4,5,True,500,60,3,1,371,80557.0,5,False,False,Open Source
1,0.0,50.0,0,5,5,True,391,35,1,3,266,3214.0,8,True,False,iOS
1,0.0,0.0,6,5,6,False,448,58,6,1,0,3348.0,2,False,False,3D Printer
1,75.0,0.0,6,1,9,False,473,60,4,3,334,5519.0,7,True,False,Streaming Services
1,76.0,45.0,6,3,6,True,363,60,3,1,2615,982.0,12,True,False,Productivity
20,220.0,7.0,22,6,5,True,261,29,3,0,341,1011.0,11,True,False,Mac
6,150.0,8.0,23,1,5,True,480,60,4,3,0,3301.0,7,False,False,Mac
1,0.0,0.0,16,3,3,True,60,60,3,0,0,28563.0,2,False,False,Productivity
19,0.0,0.0,6,4,5,True,489,32,3,3,497,0.0,9,True,False,Social Media
9,944.0,13.0,21,0,6,True,471,39,3,1,293,0.0,6,True,False,Health & Fitness
13,634.0,0.0,7,0,5,True,407,59,3,2,54,174.0,6,False,False,Mac
1,81.0,0.0,11,4,5,True,175,49,3,8,26,0.0,3,False,False,Android
1,0.0,47.0,3,4,5,True,484,46,2,0,692,101.0,6,False,False,Marketing
4,54.0,16.0,7,4,5,True,490,42,3,1,278,3874.0,7,True,False,Android
1,0.0,31.0,6,3,5,True,430,46,2,3,330,118221.0,5,True,False,Sales
14,0.0,21.0,6,2,6,False,401,58,3,5,281,2915.0,8,False,False,Meetings
1,111.0,151.0,22,5,6,True,375,24,3,1,140,0.0,10,False,False,Marketing
17,189.0,26.0,17,4,5,True,500,59,3,5,622,0.0,7,True,False,Design Tools
5,151.0,13.0,14,3,5,True,241,60,3,2,138,4711.0,5,True,False,Artificial Intelligence
1,0.0,8.0,3,3,5,True,393,44,3,0,0,3689.0,5,True,False,API
1,0.0,0.0,7,3,5,True,117,37,3,1,263,1127.0,6,False,False,Open Source
8,198.0,0.0,8,2,5,True,500,56,3,1,473,1436.0,7,True,False,Design Tools
8,96.0,3.0,23,3,5,True,284,54,3,2,0,4338.0,5,True,False,API
10,11.0,0.0,16,5,5,False,393,54,3,0,644,3259.0,6,True,False,Audio
3,235.0,0.0,17,5,6,True,317,55,4,3,370,0.0,3,True,False,SaaS
4,245.0,34.0,7,2,8,True,492,60,3,1,661,7943.0,9,False,False,Mac
2,24.0,0.0,6,1,6,False,293,60,2,3,0,422.0,8,False,False,Health & Fitness
8,104.0,3.0,7,1,5,True,168,60,3,1,0,2800.0,8,True,False,Growth Hacking
13,0.0,28.0,6,0,2,False,500,60,6,0,89,157186.0,3,False,False,Kids
14,314.0,0.0,6,6,5,False,424,54,3,2,0,1657.0,5,False,False,3D Printer
1,0.0,16.0,13,4,5,True,500,54,1,1,456,0.0,5,False,False,Productivity
1,0.0,94.0,6,3,5,True,500,48,3,1,0,0.0,5,False,False,Web App
36,65.0,0.0,7,3,6,True,396,60,4,3,62,2405.0,9,False,False,Software Engineering
46,56.0,114.0,7,2,5,False,190,23,1,1,31,0.0,9,False,False,Open Source
3,135.0,0.0,20,3,5,True,163,48,1,1,494,2253.0,7,False,False,Chrome Extensions
9,66.0,7.0,6,3,5,True,466,48,2,1,34,27537.0,3,True,False,Venture Capital
75,188.0,52.0,18,0,5,True,441,60,3,3,338,238.0,7,False,False,Marketing
6,62.0,96.0,8,3,6,False,393,50,3,1,43,0.0,7,True,False,Mac
21,361.0,49.0,8,0,6,True,106,53,4,0,0,5404.0,3,False,False,Tech
3,17.0,2.0,15,1,5,True,260,53,5,1,0,180.0,10,False,False,Writing
8,137.0,22.0,12,4,6,True,432,60,5,1,3324,1707.0,11,False,False,Travel
6,14.0,21.0,7,3,5,True,497,60,3,2,0,6452.0,4,False,False,Messaging
7,2.0,15.0,7,0,5,True,500,45,3,2,241,0.0,6,False,False,Marketing
5,2661.0,36.0,22,6,6,True,479,41,8,4,0,0.0,6,False,False,Menu Bar Apps
1,112.0,85.0,21,2,5,False,209,57,3,3,52,123719.0,5,False,False,Design Tools
5,30.0,8.0,6,4,6,True,401,52,4,3,0,170171.0,3,False,False,API
1,186.0,165.0,11,2,5,True,500,39,3,0,439,5671.0,5,False,False,Productivity
16,0.0,37.0,6,0,5,True,449,60,3,2,40,0.0,5,False,False,iOS
18,32.0,0.0,7,2,5,False,322,42,1,2,0,4005.0,3,True,False,API
8,261.0,27.0,15,5,2,True,458,56,1,5,234,743.0,10,True,False,iOS
222,29.0,9.0,9,1,6,True,440,42,5,6,276,45312.0,7,False,False,Tech
1,25.0,0.0,7,6,5,False,99,34,3,2,199,0.0,9,False,False,Open Source
1,25.0,30.0,5,3,1,True,492,19,3,1,413,0.0,6,False,False,Open Source
1,52.0,29.0,7,4,5,True,354,52,3,7,3033,53014.0,6,False,False,Design Tools
1,0.0,27.0,16,3,5,True,398,51,3,3,383,274.0,8,True,False,Browser Extensions
6,42.0,69.0,7,6,5,True,48,58,3,1,0,3093.0,4,True,False,Mac
20,160.0,0.0,20,6,5,True,388,55,3,2,203,1328.0,9,False,False,Android
14,1386.0,0.0,21,1,5,True,421,52,3,4,0,0.0,5,False,False,Developer Tools
5,108.0,20.0,7,4,5,True,500,44,3,0,184,3357.0,5,True,False,Productivity
1,111.0,27.0,18,3,6,True,223,60,3,1,311,85.0,6,True,False,Marketing
14,0.0,4.0,7,4,3,True,423,46,4,1,584,3293.0,9,True,False,Marketing
1,0.0,12.0,22,3,6,True,377,39,3,5,0,99160.0,6,False,False,Fintech
5,202.0,10.0,23,5,5,True,500,53,3,3,331,0.0,3,False,False,Productivity
5,137.0,24.0,12,6,5,True,496,60,3,1,180,0.0,5,True,False,Productivity
17,72.0,0.0,7,0,5,False,281,59,2,1,0,4282.0,5,False,False,Android
63,0.0,1.0,6,0,5,True,129,52,4,7,2,1614.0,5,False,False,Productivity
1,26.0,17.0,7,2,5,True,230,57,3,1,381,1269.0,9,False,False,Mac
15,126.0,12.0,6,3,5,True,500,24,4,5,0,160854.0,5,False,False,SaaS
1,0.0,6.0,6,0,6,True,447,60,3,1,652,0.0,5,False,False,Developer Tools
3,0.0,17.0,7,3,6,True,346,34,3,6,2,0.0,7,True,False,Vibe coding
1,100.0,0.0,7,3,6,False,500,58,3,1,27,5558.0,0,False,False,Android
1,0.0,18.0,19,4,6,True,499,54,4,1,0,1523.0,7,False,False,Mac
19,202.0,1.0,22,1,5,False,390,54,3,1,0,4402.0,21,False,False,Health & Fitness
1,99.0,45.0,6,3,5,True,286,54,3,4,723,0.0,10,True,False,Mac
1,41.0,11.0,23,2,5,True,409,52,2,5,221,29349.0,5,False,False,API
1,98.0,9.0,7,2,6,True,197,56,3,1,0,2051.0,2,False,False,Productivity
14,83.0,7.0,13,5,6,True,333,53,3,1,140,1533.0,9,True,False,Sales
2,12.0,0.0,7,5,6,False,500,43,3,1,0,3728.0,3,True,False,User Experience
14,185.0,23.0,6,0,6,True,500,46,4,3,403,93.0,9,False,False,Mac
1,0.0,51.0,7,1,6,True,308,60,3,8,432,0.0,6,True,False,Mac
6,0.0,178.0,20,6,5,True,457,36,3,2,0,1889.0,5,True,False,Writing
17,0.0,6.0,7,6,6,True,474,50,3,1,382,444.0,6,True,False,Health & Fitness
8,32.0,56.0,16,5,5,True,166,29,3,3,24,151661.0,4,True,False,Chrome Extensions
1,0.0,6.0,16,3,6,True,337,58,1,2,189,0.0,9,True,False,Notes
18,330.0,179.0,8,1,1,True,371,48,3,0,0,2329.0,8,True,False,Developer Tools
1,146.0,0.0,7,3,6,True,499,45,4,1,315,2450.0,5,True,False,Sales
10,11.0,3.0,9,0,6,True,456,53,3,1,492,2675.0,7,False,False,Productivity
1,114.0,0.0,15,1,6,True,90,60,3,6,0,186.0,6,False,False,Browser Extensions
12,82.0,35.0,20,2,6,True,500,60,4,1,0,2002.0,11,True,False,Productivity
1,0.0,0.0,6,3,6,False,250,53,1,4,135,416.0,5,True,False,Meetings
14,48.0,14.0,23,3,5,True,475,58,3,5,607,0.0,10,True,False,Prototyping
6,150.0,28.0,7,4,6,True,492,60,2,1,106,0.0,5,True,False,Music
6,0.0,13.0,7,3,5,True,484,56,3,1,604,0.0,10,True,False,SaaS
7,81.0,0.0,19,6,5,False,483,47,3,1,305,0.0,3,False,False,3D Printer
1,0.0,0.0,14,0,6,False,316,56,4,6,235,0.0,9,False,False,SaaS
12,49.0,0.0,7,3,5,True,488,60,3,1,246,141419.0,5,False,False,Productivity
31,27.0,0.0,5,2,5,False,200,56,3,1,0,514.0,7,False,False,Fashion
4,199.0,50.0,16,1,5,True,470,54,2,0,552,4699.0,9,True,False,Email
4,56.0,0.0,11,1,5,True,251,59,3,1,0,303.0,5,True,False,Audio
14,0.0,15.0,18,4,6,True,440,60,3,2,239,1189.0,13,False,False,Productivity
6,143.0,16.0,6,2,6,True,88,59,1,1,0,864.0,6,True,False,Advertising
18,20.0,22.0,6,4,5,True,465,51,3,1,171,109.0,5,True,False,Mac
4,186.0,0.0,8,4,5,True,168,60,3,1,760,40444.0,11,False,False,Software Engineering
1,107.0,29.0,6,4,6,True,486,58,3,2,0,2509.0,9,True,False,Android
11,211.0,33.0,13,4,5,False,442,50,3,5,3402,4277.0,7,True,False,Open Source
1,64.0,16.0,6,4,5,True,324,30,3,2,481,454.0,8,True,False,Productivity
15,1262.0,0.0,8,0,5,True,262,60,3,1,252,0.0,6,True,False,Android
70,0.0,9.0,4,1,6,True,495,60,3,3,331,0.0,11,False,False,Productivity
4,51.0,26.0,23,2,5,True,434,55,3,1,750,4313.0,7,False,False,Chrome Extensions
1,208.0,0.0,18,5,6,True,81,60,2,4,0,5892.0,3,False,False,Developer Tools
2,118.0,22.0,7,4,5,True,425,53,3,6,166,0.0,8,False,False,Productivity
8,15.0,0.0,7,1,6,True,500,57,4,2,443,101322.0,7,True,False,API
4,0.0,0.0,7,4,6,True,500,47,3,1,522,0.0,9,False,False,Mac
12,83.0,1.0,6,3,5,True,500,52,4,1,1268,2459.0,8,False,False,Productivity
5,85.0,0.0,7,5,12,True,261,60,5,1,130,0.0,3,False,False,Open Source
4,203.0,9.0,12,4,6,True,292,60,3,1,341,0.0,10,False,False,Email
33,20.0,0.0,13,3,6,False,222,47,3,6,0,2543.0,3,False,False,Notes
37,0.0,35.0,7,4,5,True,500,46,2,1,119,106.0,5,False,False,Comics & Graphic Novels
1,59.0,20.0,11,0,6,True,426,60,3,1,490,0.0,4,False,False,iOS
8,15.0,22.0,7,4,6,True,432,55,3,0,389,0.0,6,True,False,User Experience
124,42.0,25.0,20,5,6,False,167,35,2,1,258,116104.0,7,False,False,Tech
1,45.0,22.0,12,5,6,False,245,24,5,1,0,0.0,4,False,False,Open Source
10,91.0,0.0,20,0,6,True,61,47,3,2,242,121.0,9,True,False,Web App
7,0.0,7.0,6,5,5,True,189,57,3,1,0,192.0,4,False,False,Software Engineering
3,109.0,80.0,15,2,6,False,500,55,3,1,2746,0.0,5,True,False,Analytics
7,168.0,6.0,7,6,6,True,500,37,1,0,82,3271.0,6,True,False,Chrome Extensions
14,218.0,72.0,12,3,6,True,166,34,2,11,244,1512.0,6,False,False,Web App
1,0.0,93.0,11,6,6,True,498,49,3,2,572,0.0,6,False,False,Mac
15,289.0,13.0,16,0,1,True,447,35,2,1,78,0.0,5,True,False,Email
1,0.0,93.0,11,6,5,True,396,54,3,0,0,40968.0,4,True,False,Comics & Graphic Novels
6,189.0,42.0,8,0,5,True,108,39,3,1,263,2662.0,12,False,False,Education
70,145.0,51.0,6,5,5,True,336,56,3,1,502,4239.0,5,True,False,Marketing
11,25.0,10.0,7,6,6,False,351,58,2,2,0,0.0,4,False,False,Social Media
1,48.0,109.0,6,5,5,True,432,50,3,2,542,7270.0,7,False,False,SaaS
1,192.0,13.0,8,0,6,True,500,56,3,1,109,0.0,5,True,False,Mac
4,154.0,22.0,17,2,5,True,166,30,3,1,308,178.0,7,True,False,Cars
9,205.0,17.0,7,0,5,False,190,60,2,1,0,84002.0,3,False,False,Sales
5,78.0,59.0,19,5,6,True,453,50,3,5,61,0.0,8,False,False,Developer Tools
1,24.0,52.0,7,4,5,True,500,54,3,1,383,4459.0,8,False,False,Developer Tools
1,35.0,10.0,8,2,6,False,500,23,3,6,415,0.0,5,False,False,Sales
15,107.0,0.0,7,3,4,True,220,55,3,2,220,148598.0,4,False,False,Streaming Services
2,40.0,6.0,3,0,5,True,401,35,3,1,0,103099.0,6,False,False,Tech
1,71.0,7.0,21,2,7,True,431,55,3,3,174,2659.0,2,True,False,Tech
2,44.0,0.0,7,6,9,True,299,46,3,7,372,0.0,7,False,False,Open Source
1,0.0,23.0,6,3,5,True,202,49,3,1,0,133713.0,7,False,False,SaaS
1,0.0,2.0,7,4,5,True,500,56,4,1,0,2210.0,2,False,False,Sales
10,104.0,1.0,7,4,6,False,172,58,3,1,0,2502.0,2,False,False,Android
1,0.0,0.0,8,0,5,True,440,47,3,1,41,5378.0,8,False,False,SaaS
9,62.0,0.0,7,4,5,False,289,55,3,1,0,526.0,6,False,False,Marketing
4,65.0,47.0,6,5,6,True,464,47,3,1,109,388.0,10,False,False,Fintech
1,30.0,10.0,20,4,5,True,450,48,3,0,496,0.0,13,False,False,API
18,139.0,55.0,23,6,5,False,500,58,3,1,25,38892.0,4,False,False,Streaming Services
13,81.0,0.0,8,0,5,True,175,52,3,3,300,161504.0,5,False,False,Marketing
4,0.0,47.0,7,3,5,True,419,60,3,2,0,783.0,11,False,False,Chrome Extensions
12,11.0,18.0,6,4,5,True,500,23,3,2,0,12814.0,7,True,False,Mac
1,926.0,30.0,22,3,1,True,439,54,3,9,522,0.0,12,False,False,Design Tools
20,0.0,14.0,10,3,6,True,76,53,2,2,619,0.0,6,False,False,Browser Extensions
141,225.0,0.0,7,0,1,True,463,59,3,4,470,610.0,7,False,False,Chrome Extensions
1,12.0,0.0,6,3,5,True,422,60,3,1,205,0.0,6,False,False,Open Source
7,110.0,11.0,14,1,6,True,500,60,3,3,31473,0.0,11,False,False,Chrome Extensions
7,100.0,3.0,6,3,5,True,358,56,3,3,0,7881.0,7,True,False,API
1,0.0,18.0,7,1,6,True,241,60,3,3,392,196.0,5,True,False,Mac
1,95.0,170.0,14,4,5,True,254,52,3,2,211,4563.0,6,False,False,Productivity
6,1000.0,16.0,7,2,5,True,500,54,3,1,259,976.0,7,False,False,Sales
11,204.0,27.0,19,3,5,True,500,60,5,7,0,10778.0,3,True,False,Writing
16,132.0,16.0,6,1,5,False,492,53,4,1,444,2765.0,5,False,False,Analytics
11,0.0,13.0,8,3,6,True,491,48,3,1,136,1933.0,4,False,False,iOS
13,238.0,15.0,6,5,6,True,266,52,3,1,0,0.0,0,True,False,Social Media
12,67.0,0.0,7,5,6,True,403,58,4,4,243,1791.0,4,False,False,SaaS
13,70.0,30.0,13,0,6,True,464,44,3,4,199,0.0,5,False,False,No-Code
1,0.0,4.0,6,1,5,True,282,50,3,3,3286,3495.0,8,False,False,Web App
14,61.0,8.0,13,2,6,True,379,51,3,1,0,0.0,7,True,False,Mac
14,53.0,14.0,13,5,8,True,430,46,1,5,68,0.0,14,False,False,Notes
1,9.0,0.0,7,2,1,True,171,60,3,1,463,0.0,5,False,False,Productivity
1,100.0,45.0,18,0,6,True,329,55,3,2,395,63.0,9,False,False,Open Source
1,0.0,4.0,7,4,5,True,176,53,3,1,0,56384.0,7,False,False,Couples
13,0.0,41.0,7,4,5,True,188,49,1,3,510,356.0,3,True,False,API
20,0.0,10.0,6,4,5,True,352,60,4,1,0,0.0,8,False,False,Writing
222,26.0,115.0,7,1,6,True,163,60,2,1,1230,36643.0,8,True,False,Chrome Extensions
18,155.0,162.0,13,6,7,True,310,55,3,1,409,0.0,5,True,False,Web App
1,3.0,20.0,7,3,5,True,484,59,3,1,0,5246.0,2,False,False,Mac
10,102.0,14.0,7,3,6,False,204,58,2,1,0,182.0,1,False,False,Open Source
5,41.0,1.0,7,4,5,True,235,60,3,6,443,0.0,3,True,False,Design Tools
2,0.0,3.0,7,6,6,True,394,20,3,1,56,3814.0,7,True,False,Advertising
1,0.0,16.0,10,3,5,True,419,54,5,5,325,0.0,8,False,False,Web App
1,0.0,52.0,5,4,5,True,476,50,3,1,188,0.0,8,False,False,Design Tools
1,0.0,130.0,6,3,5,True,412,59,3,1,0,0.0,5,False,False,Artificial Intelligence
1,0.0,19.0,20,4,5,True,309,41,2,1,503,1840.0,21,False,False,Design Tools
9,163.0,22.0,14,6,5,False,178,59,5,5,86,1233.0,9,False,False,Tech
1,79.0,0.0,7,0,5,True,320,53,2,1,522,2818.0,4,False,False,Productivity
8,204.0,27.0,7,5,6,True,263,54,2,3,61,2355.0,9,False,False,Productivity
14,76.0,0.0,23,4,2,True,392,47,3,1,0,0.0,5,True,False,Email
10,150.0,16.0,15,0,6,True,497,54,3,4,228,4239.0,2,False,False,Marketing
6,0.0,81.0,21,1,5,True,223,58,3,1,72,2223.0,7,False,False,Software Engineering
3,166.0,18.0,7,3,6,False,499,50,2,6,42,3888.0,6,True,False,Growth Hacking
14,66.0,25.0,10,3,6,True,157,50,3,1,113,24919.0,5,False,False,Developer Tools
4,361.0,106.0,10,0,5,True,150,46,3,1,565,150.0,8,False,False,Email
4,19.0,24.0,7,3,5,True,482,60,8,1,3900,930.0,6,False,False,Productivity
3,71.0,2.0,7,2,5,False,234,40,3,0,0,0.0,2,True,False,Web App
10,88.0,0.0,15,2,5,True,359,60,3,4,428,2975.0,7,True,False,Productivity
13,175.0,9.0,6,3,5,True,487,55,4,5,0,687.0,5,False,False,Software Engineering
1,122.0,0.0,7,5,5,False,346,47,2,1,0,978.0,2,True,False,Fintech
1,51.0,3.0,7,5,6,True,273,60,3,1,261,4877.0,6,True,False,Developer Tools
1,147.0,29.0,6,6,6,True,273,56,3,1,466,5967.0,7,False,False,Health & Fitness
18,0.0,156.0,20,5,6,True,265,32,3,1,0,22728.0,5,True,False,Sales
5,32.0,54.0,7,3,6,True,500,55,3,0,847,1014.0,5,False,False,Open Source
6,255.0,46.0,6,6,6,True,500,47,3,1,0,4994.0,7,True,False,Mac
10,362.0,3.0,18,2,5,True,217,59,3,1,0,1995.0,6,True,False,Mac
12,177.0,22.0,6,1,6,True,500,60,4,1,299,616.0,8,False,False,Couples
19,15.0,10.0,7,0,5,True,281,52,1,6,75,3851.0,8,True,False,Chrome Extensions
19,43.0,0.0,6,4,6,True,365,56,3,1,208,0.0,0,True,False,Chrome Extensions
16,0.0,11.0,6,1,5,True,223,33,3,1,119,0.0,27,True,False,Email Marketing
11,125.0,18.0,7,5,5,True,454,57,2,1,0,95866.0,6,False,False,Productivity
2,46.0,19.0,6,5,5,False,106,18,2,5,0,5931.0,7,True,False,iOS
1,83.0,160.0,8,3,2,True,432,52,3,1,0,0.0,5,True,False,Productivity
6,116.0,0.0,16,5,5,True,232,49,1,1,362,4264.0,8,True,False,API
9,14.0,9.0,7,6,5,True,378,38,1,5,161,4234.0,8,False,False,Linux
10,521.0,39.0,7,2,6,True,396,54,3,2,0,0.0,5,True,False,Mac
1,87.0,3.0,2,3,5,True,204,50,1,1,0,170171.0,4,False,False,API
1,0.0,5.0,16,3,5,True,53,55,1,1,1325,2404.0,9,True,False,Email
14,197.0,12.0,7,4,6,False,432,58,3,2,11,2440.0,5,True,False,Productivity
9,178.0,2.0,22,2,11,True,391,59,3,1,23,4627.0,6,False,False,Linux
1,60.0,5.0,7,3,6,True,290,52,3,4,709,55221.0,8,True,False,Android
1,0.0,0.0,7,3,6,True,144,59,8,1,0,3299.0,3,False,False,Privacy
15,0.0,1.0,6,0,6,True,416,38,3,3,0,245.0,6,False,False,Robots
1,0.0,0.0,15,4,5,True,388,59,1,2,0,0.0,11,True,False,Email
1,49.0,0.0,8,5,5,True,500,60,3,4,259,0.0,13,True,False,Developer Tools
1,503.0,96.0,8,6,6,True,467,51,3,3,0,16686.0,11,False,False,Mac
1,104.0,0.0,6,1,1,True,486,54,4,4,224,1436.0,8,True,False,Weather
28,94.0,0.0,7,1,5,True,188,60,4,1,0,3666.0,4,False,False,Chrome Extensions
2,103.0,0.0,7,3,5,True,300,55,3,1,240,1529.0,10,False,False,Productivity
8,335.0,108.0,2,4,5,False,306,37,3,2,0,2094.0,5,False,False,Dating
1,22.0,0.0,4,1,3,True,461,20,3,5,0,20936.0,4,True,False,Chrome Extensions
14,98.0,17.0,5,3,8,False,426,56,3,1,212,0.0,7,True,False,Linux
10,0.0,15.0,13,2,6,False,446,57,1,0,0,2778.0,2,False,False,Open Source
9,155.0,38.0,8,2,6,True,112,35,1,0,77,17447.0,4,False,False,API
21,242.0,15.0,21,1,5,False,500,43,3,1,598,0.0,27,False,False,Analytics
5,79.0,3.0,7,6,2,False,454,20,3,1,0,6404.0,6,False,False,Web App
2,80.0,86.0,7,4,5,False,500,60,3,1,304,1753.0,7,True,False,Android
2,0.0,0.0,7,1,5,False,252,58,2,3,0,2494.0,9,False,False,Android
1,29.0,9.0,7,3,6,False,500,33,4,1,599,0.0,9,False,False,Customer Success
2,337.0,0.0,18,3,6,True,474,48,3,1,327,0.0,7,True,False,User Experience
126,21.0,31.0,7,0,5,True,500,60,3,1,489,0.0,9,True,False,Travel
2,26.0,118.0,0,6,5,True,453,60,3,1,281,0.0,8,False,False,Productivity
18,51.0,8.0,6,5,5,False,500,59,2,3,26,3179.0,6,False,False,Marketing
7,21.0,23.0,11,2,6,False,451,56,3,6,0,84.0,5,True,False,Messaging
1,67.0,34.0,6,6,1,True,426,45,3,4,7,1560.0,8,False,False,Email
17,91.0,0.0,7,1,5,True,144,60,3,1,0,29818.0,6,False,False,Android
1,0.0,103.0,10,3,6,True,386,51,1,2,27,0.0,11,False,False,iOS
14,208.0,0.0,21,5,5,True,270,60,4,1,0,0.0,6,True,False,Artificial Intelligence
7,58.0,0.0,7,3,6,False,394,60,3,2,343,12426.0,1,True,False,Education
1,0.0,1.0,7,5,5,True,329,54,4,6,163,260.0,5,True,False,Android
6,157.0,25.0,6,5,6,True,384,40,1,0,105,3977.0,2,True,False,No-Code
2,0.0,14.0,6,0,6,True,127,44,3,3,700,4551.0,5,False,False,Tech
4,41.0,3.0,23,0,6,True,500,59,3,5,506,96207.0,9,True,False,Chrome Extensions
1,942.0,10.0,7,2,5,True,425,47,3,1,0,4191.0,3,True,False,iOS
1,3.0,25.0,7,3,5,True,463,52,4,4,0,0.0,11,True,False,Marketing
1,163.0,44.0,7,4,6,True,446,58,3,1,0,2157.0,14,True,False,Open Source
9,28.0,18.0,17,5,6,True,354,60,3,1,0,3058.0,7,True,False,Analytics
20,111.0,36.0,16,5,6,True,257,54,1,0,263,155.0,7,True,False,Email
1,196.0,7.0,7,1,6,True,390,50,3,2,518,956.0,9,True,False,Task Management
1,0.0,9.0,6,6,6,True,48,50,3,1,0,0.0,5,True,False,SaaS
1,212.0,20.0,23,0,5,True,480,56,5,1,147,4865.0,2,True,False,Chrome Extensions
8,51.0,4.0,6,1,7,True,117,55,3,5,623,0.0,7,False,False,Developer Tools
1,6.0,6.0,11,6,6,False,365,56,1,5,0,4366.0,4,False,False,Linux
18,114.0,22.0,7,5,6,True,255,48,1,1,409,0.0,3,False,False,Email
1,940.0,5.0,6,0,5,True,247,43,3,6,426,1550.0,6,False,False,Marketing
1,135.0,12.0,4,1,6,True,296,44,3,1,0,0.0,2,False,False,Sales
11,56.0,0.0,23,3,5,False,500,60,4,1,578,0.0,9,True,False,Music
10,61.0,11.0,11,4,1,True,272,57,4,1,0,0.0,5,False,False,Mac
8,136.0,2.0,15,0,5,True,468,48,3,0,374,0.0,4,False,False,Productivity
12,136.0,21.0,7,5,5,True,326,48,3,1,2284,3858.0,7,True,False,iOS
8,128.0,25.0,20,1,5,True,464,31,3,1,157,0.0,2,True,False,Venture Capital
10,0.0,0.0,8,3,5,True,171,57,4,1,227,162182.0,6,False,False,Mac
2,0.0,0.0,6,3,5,True,389,56,3,0,0,3306.0,2,False,False,API
14,186.0,6.0,7,4,6,True,500,60,3,1,101,899.0,12,False,False,Chrome Extensions
1,74.0,16.0,7,5,5,True,145,60,4,5,0,0.0,11,False,False,Music
10,488.0,16.0,8,0,6,True,354,57,3,1,94,0.0,9,True,False,Writing
1,0.0,0.0,19,5,5,False,255,60,2,0,59,2400.0,9,False,False,Customer Communication
12,0.0,0.0,7,5,5,False,229,58,3,5,61,1415.0,1,False,False,Design Tools
20,127.0,63.0,7,5,1,True,428,59,3,1,115,28528.0,1,True,False,Sales
12,75.0,126.0,6,0,6,True,466,47,3,1,0,3715.0,6,False,False,Marketing
1,19.0,50.0,15,3,5,True,134,28,1,7,346,170171.0,9,True,False,Health & Fitness
5,244.0,1.0,15,6,5,True,454,57,3,5,0,112258.0,3,True,False,Mac
2,439.0,47.0,18,1,5,True,463,51,3,1,0,0.0,1,True,False,Email
4,0.0,0.0,6,5,5,True,372,24,9,2,0,0.0,13,True,False,Advertising
1,21.0,116.0,6,3,5,True,317,49,3,1,668,2697.0,4,False,False,Design Tools
6,0.0,1.0,0,1,5,True,263,31,3,1,121,12978.0,3,False,False,Startup Books
5,0.0,22.0,11,3,5,True,500,59,3,5,123,0.0,12,False,False,Design Tools
1,49.0,0.0,6,3,5,True,443,49,3,1,415,10273.0,8,True,False,Health & Fitness
8,614.0,9.0,8,5,9,True,151,60,3,1,0,493.0,8,True,False,Privacy
17,0.0,10.0,15,4,6,False,248,39,1,3,473,15378.0,5,False,False,Email
1,126.0,21.0,18,0,5,True,125,51,3,1,0,0.0,7,True,False,Mac
11,0.0,3.0,7,5,6,True,436,53,3,2,123,1925.0,7,True,False,Health & Fitness
7,128.0,11.0,7,6,6,True,305,60,3,1,319,2358.0,8,True,False,Mac
1,51.0,16.0,7,3,5,True,444,48,3,1,360,2734.0,6,False,False,Productivity
7,78.0,28.0,7,0,5,True,458,40,8,1,58,128.0,6,False,False,Chrome Extensions
9,37.0,6.0,7,4,6,True,500,56,4,1,384,2395.0,6,False,False,Android
1,359.0,14.0,17,3,6,True,302,60,3,3,765,5028.0,9,False,False,Design Tools
1,0.0,12.0,6,4,5,True,482,44,3,1,592,0.0,10,False,False,Productivity
4,182.0,27.0,7,3,6,True,500,51,2,1,617,4681.0,6,False,False,Mac
10,132.0,17.0,7,0,5,True,500,60,3,1,533,0.0,7,False,False,Productivity
12,187.0,17.0,19,6,5,False,500,56,3,1,477,2034.0,5,False,False,Artificial Intelligence
12,445.0,0.0,22,3,5,False,121,39,2,1,130,4736.0,4,False,False,Sales
4,208.0,30.0,23,3,6,True,388,60,3,0,387,5943.0,8,False,False,Open Source
2,231.0,4.0,7,1,6,False,500,24,1,1,160,1659.0,2,False,False,Streaming Services
12,1073.0,14.0,15,0,6,True,153,60,3,2,182,0.0,12,False,False,Time Tracking
9,118.0,29.0,7,6,6,True,204,52,3,6,62,0.0,11,False,False,Design Tools
13,939.0,3.0,17,0,6,True,375,56,3,1,404,15392.0,6,False,False,Home
1,163.0,59.0,13,6,6,True,365,56,3,5,16118,1476.0,5,False,False,Travel
1,12.0,0.0,0,5,5,True,267,48,3,2,0,4387.0,3,True,False,Artificial Intelligence
20,105.0,6.0,7,3,5,False,450,48,4,0,315,6409.0,4,False,False,Analytics
1,0.0,40.0,2,3,3,True,473,48,3,1,197,3195.0,5,False,False,Marketing
30,53.0,129.0,14,3,5,True,235,37,3,0,2687,0.0,12,False,False,Mac
8,492.0,0.0,6,4,6,False,500,37,2,1,253,125117.0,4,True,False,Open Source
11,148.0,6.0,6,3,5,True,442,50,2,3,0,1804.0,0,False,False,Marketing
1,103.0,41.0,14,3,5,True,422,50,2,1,574,144107.0,7,True,False,Tech
4,208.0,28.0,7,3,6,True,411,60,3,1,224,4426.0,6,True,False,Mac
1,96.0,8.0,7,5,5,True,235,24,9,4,0,1245.0,8,False,False,Productivity
1,62.0,10.0,7,4,2,True,299,50,2,1,652,1376.0,2,False,False,Productivity
1,0.0,21.0,6,2,2,True,202,57,3,0,453,655.0,11,True,False,Productivity
1,55.0,38.0,7,2,5,True,262,53,3,1,0,1767.0,7,False,False,Developer Tools
1,87.0,45.0,22,4,6,True,193,53,3,2,0,32876.0,6,False,False,Mac
3,168.0,60.0,9,1,6,True,358,52,3,7,446,0.0,1,True,False,Design Tools
8,40.0,67.0,7,5,5,False,432,56,3,1,413,1471.0,10,True,False,iOS
2,154.0,141.0,7,5,5,True,469,54,3,1,172,301.0,9,False,False,Sales
9,107.0,6.0,8,2,6,True,346,56,3,0,0,0.0,9,False,False,Mac
1,131.0,100.0,7,2,5,True,387,26,3,1,515,1487.0,6,True,False,Productivity
214,0.0,0.0,7,2,5,True,410,54,3,2,40,34827.0,6,False,False,Android
9,38.0,5.0,16,2,6,True,206,58,3,2,545,0.0,10,False,False,iOS
5,31.0,15.0,7,4,5,False,440,59,3,0,161,0.0,7,False,False,Social Media
7,37.0,0.0,9,0,5,True,228,51,3,4,255,0.0,10,False,False,API
13,0.0,0.0,10,2,5,False,495,55,5,1,0,270.0,3,False,False,Prototyping
5,8.0,3.0,4,6,5,True,196,43,3,1,609,4148.0,7,False,False,iOS
2,110.0,28.0,16,1,6,True,500,57,3,0,712,252.0,5,True,False,Mac
8,0.0,0.0,17,4,6,False,78,60,1,1,162,2046.0,6,True,False,Web App
8,0.0,0.0,12,3,5,True,364,60,3,2,47,0.0,7,True,False,Time Tracking
15,117.0,2.0,23,0,5,True,74,58,4,0,0,3516.0,9,False,False,Web App
11,104.0,4.0,18,3,5,False,500,43,2,2,673,21873.0,1,True,False,3D Printer
36,347.0,0.0,10,0,5,True,436,51,3,1,73,0.0,10,True,False,Artificial Intelligence
1,354.0,20.0,22,4,5,True,158,59,3,1,197,0.0,12,False,False,Startup Books
5,99.0,0.0,8,2,6,True,461,56,2,1,424,1397.0,6,False,False,Analytics
1,56.0,15.0,8,3,5,True,297,60,2,1,74,745.0,7,True,False,Privacy
13,19.0,0.0,14,5,5,True,454,57,2,1,239,904.0,3,True,False,Open Source
17,117.0,30.0,7,2,5,True,112,60,3,1,1422,1452.0,13,True,False,Open Source
10,62.0,43.0,6,4,6,True,403,39,3,2,2326,1435.0,3,False,False,Vibe coding
1,55.0,37.0,6,3,5,True,261,51,1,2,599,4808.0,8,True,False,Open Source
127,172.0,21.0,7,4,6,True,410,59,1,1,0,876.0,1,False,False,Productivity
1,41.0,52.0,6,4,6,True,241,56,4,1,298,4276.0,13,False,False,Android
20,0.0,9.0,7,1,6,True,500,45,3,1,255,0.0,9,False,False,Productivity
1,183.0,30.0,18,4,5,True,340,34,3,5,552,128534.0,8,True,False,Design Tools
1,0.0,33.0,6,1,6,True,200,26,2,0,0,3212.0,7,True,False,Mac
1,38.0,25.0,6,4,5,True,500,60,4,2,0,1614.0,9,True,False,Tech
14,0.0,0.0,7,5,6,True,478,50,4,1,87,2411.0,7,False,False,API
5,0.0,10.0,6,4,6,True,500,33,3,0,697,170171.0,7,False,False,Android
3,102.0,1.0,12,2,5,True,437,55,3,1,559,1591.0,7,True,False,Productivity
1,0.0,53.0,8,4,5,False,296,43,4,2,62,214.0,2,True,False,Android
10,133.0,38.0,8,3,6,True,315,60,3,1,474,16399.0,6,False,False,Marketing
1,35.0,0.0,7,2,5,False,421,51,2,3,180,3461.0,2,False,False,iOS
1,15.0,9.0,6,1,1,True,285,39,2,1,0,2093.0,3,True,False,SaaS
10,76.0,22.0,6,1,6,True,500,55,3,1,551,0.0,10,True,False,Developer Tools
1,346.0,24.0,7,4,6,True,210,55,3,1,369,2839.0,7,True,False,Hiring
12,0.0,0.0,19,5,5,True,208,58,6,1,373,11.0,5,False,False,Kids
1,80.0,40.0,6,3,1,True,187,43,3,1,379,62735.0,5,False,False,Productivity
1,74.0,28.0,6,3,6,True,500,60,3,1,4321,40.0,4,False,False,Time Tracking
11,0.0,13.0,8,5,5,False,402,44,8,5,106,625.0,4,False,False,Marketing
1,31.0,3.0,16,0,5,False,419,37,3,1,0,4558.0,3,True,False,iOS
1,165.0,13.0,14,1,6,True,129,60,3,1,0,4384.0,7,True,False,Browser Extensions
4,0.0,5.0,6,1,5,True,199,44,6,1,2,0.0,4,True,False,Fintech
2,63.0,0.0,8,5,5,False,394,50,3,1,0,17.0,5,False,False,Developer Tools
1,6.0,2.0,6,4,5,True,209,59,3,1,0,0.0,7,False,False,WordPress
2,63.0,4.0,14,2,5,True,108,48,2,1,230,109704.0,8,True,False,Mac
33,200.0,92.0,7,0,5,True,442,57,3,1,143,226.0,4,True,False,Analytics
1,63.0,8.0,7,3,6,False,401,49,3,1,0,1726.0,5,True,False,Analytics
1,259.0,31.0,7,1,5,False,451,60,2,4,0,12285.0,9,True,False,Productivity
6,67.0,0.0,7,6,5,True,459,33,1,1,116,101933.0,5,False,False,Android
18,63.0,0.0,6,3,4,False,254,36,3,1,163,0.0,5,False,False,Mac
1,88.0,21.0,7,6,7,True,500,60,2,1,0,25671.0,2,False,False,Design Tools
29,114.0,29.0,6,5,5,True,445,51,2,2,192,44.0,11,True,False,Android
1,26.0,10.0,22,0,6,True,456,60,3,1,0,0.0,4,True,False,Open Source
1,82.0,0.0,15,5,5,True,148,33,3,5,508,4368.0,5,False,False,SaaS
1,159.0,18.0,17,6,6,True,417,53,3,3,385,2264.0,10,True,False,Developer Tools
3,156.0,0.0,21,3,5,True,500,48,3,2,539,0.0,6,False,False,Design Tools
3,8.0,0.0,9,3,6,True,451,37,3,3,294,0.0,8,True,False,iOS
1,114.0,9.0,6,2,6,True,327,60,3,1,0,0.0,3,False,False,Venture Capital
13,97.0,83.0,12,4,5,True,303,60,3,1,472,22871.0,15,True,False,Social Media
16,375.0,0.0,6,1,5,True,420,39,3,4,0,1787.0,5,True,False,Productivity
1,72.0,13.0,7,2,5,False,72,60,8,3,0,0.0,3,True,False,Software Engineering
15,359.0,44.0,17,4,6,True,244,52,4,4,177,0.0,10,True,False,Marketing
18,729.0,23.0,6,6,5,True,500,55,5,2,178,0.0,6,False,False,Retro Games
1,15.0,1.0,7,4,1,True,309,60,2,3,492,0.0,8,True,False,Android
5,85.0,7.0,8,2,6,True,306,42,3,1,1976,1890.0,6,False,False,Artificial Intelligence
11,1.0,0.0,7,2,5,False,354,57,3,1,139,0.0,12,False,False,Productivity
1,72.0,22.0,23,2,5,True,148,60,3,2,426,238.0,20,True,False,Hardware
10,320.0,17.0,6,0,5,True,328,52,1,3,0,941.0,8,False,False,Education
7,45.0,0.0,7,5,5,False,500,17,2,2,246,993.0,5,False,False,Android
10,80.0,33.0,2,2,6,False,267,52,3,1,0,579.0,2,False,False,Education
7,133.0,13.0,8,4,6,True,322,17,3,2,0,0.0,2,False,False,Sales
7,67.0,79.0,10,1,5,True,368,57,8,1,314,4352.0,2,True,False,Task Management
25,0.0,0.0,6,1,6,False,148,54,2,1,222,3619.0,8,True,False,Android
10,57.0,16.0,16,0,5,True,444,29,3,3,70,2838.0,21,True,False,Health & Fitness
8,105.0,46.0,13,3,5,True,48,49,1,4,122,2570.0,2,False,False,Customer Success
12,53.0,0.0,6,0,5,True,428,59,3,4,469,0.0,6,False,False,Startup Books
16,48.0,0.0,7,6,6,True,444,60,3,1,257,1558.0,5,False,False,Email Marketing
2,0.0,0.0,8,4,5,False,119,45,3,3,0,0.0,4,False,False,Chrome Extensions
12,1.0,6.0,16,5,5,True,453,54,3,1,361,135519.0,7,False,False,Productivity
3,4.0,0.0,7,6,6,False,476,60,5,1,87,0.0,10,False,False,Hiring
6,119.0,21.0,7,0,6,True,500,49,3,0,302,981.0,9,False,False,Email
2,48.0,13.0,8,4,9,True,495,60,3,3,1294,510.0,2,True,False,iOS
3,114.0,19.0,14,1,6,True,350,52,3,2,3689,1150.0,8,True,False,Mac
46,135.0,12.0,9,0,6,True,391,46,3,1,307,0.0,8,False,False,Android
8,0.0,0.0,15,2,6,True,340,60,3,1,90,1214.0,3,False,False,Artificial Intelligence
4,0.0,134.0,8,5,6,True,197,51,3,3,57,0.0,0,False,False,Linux
1,0.0,23.0,12,6,6,True,138,56,1,1,0,4231.0,0,True,False,iOS
2,84.0,11.0,7,0,5,True,500,54,3,1,357,2075.0,6,False,False,Marketing
15,125.0,6.0,6,3,6,True,500,17,3,0,124,0.0,4,False,False,iOS
1,293.0,78.0,8,4,6,False,481,47,3,0,529,1511.0,11,True,False,Open Source
17,36.0,0.0,7,3,6,True,334,39,4,1,85,4190.0,9,False,False,API
24,36.0,56.0,7,4,5,False,500,60,1,3,518,4935.0,5,False,False,Menu Bar Apps
1,106.0,47.0,6,6,5,False,280,54,3,3,201,2409.0,2,True,False,Fintech
3,12.0,41.0,16,1,7,False,48,53,1,1,0,0.0,9,False,False,iOS
1,6.0,4.0,19,3,1,False,351,54,3,1,0,0.0,2,True,False,Artificial Intelligence
9,60.0,7.0,17,5,5,True,143,49,1,4,305,2301.0,7,True,False,iOS
5,78.0,29.0,7,2,9,True,316,57,3,5,230,33618.0,4,False,False,API
2,0.0,15.0,7,3,5,True,500,52,3,1,0,3435.0,7,True,False,Mac
12,0.0,2.0,12,4,5,True,364,54,3,0,2540,0.0,9,True,False,Productivity
1,108.0,4.0,6,4,5,True,500,60,3,3,0,139565.0,7,False,False,Productivity
1,47.0,2.0,7,2,5,True,426,56,2,1,195,0.0,3,True,False,Artificial Intelligence
5,128.0,8.0,20,0,5,True,323,60,3,2,636,972.0,7,False,False,Open Source
168,111.0,44.0,14,5,6,False,380,60,3,1,0,0.0,4,True,False,Developer Tools
1,36.0,10.0,17,3,5,True,262,52,3,1,24,119490.0,7,True,False,API
4,158.0,8.0,7,5,6,True,98,25,3,1,264,0.0,5,False,False,Open Source
10,46.0,52.0,7,4,5,True,402,52,3,2,1326,0.0,4,True,False,Mac
1,129.0,18.0,11,6,7,True,500,48,8,2,223,3109.0,3,True,False,Marketing
9,22.0,0.0,11,3,5,True,493,56,2,1,67,0.0,4,False,False,Hardware
9,84.0,12.0,7,2,6,True,219,60,3,1,400,671.0,5,False,False,Design Tools
6,53.0,0.0,7,2,5,False,331,52,3,4,55,2092.0,3,False,False,Couples
18,472.0,0.0,13,1,5,True,429,60,2,4,0,1395.0,7,False,False,Web App
18,0.0,0.0,12,5,6,True,359,27,9,1,36,2499.0,5,False,False,Browser Extensions
72,57.0,29.0,2,3,6,True,290,57,1,1,373,0.0,8,True,False,Open Source
8,32.0,104.0,2,4,5,True,157,60,1,3,2425,3719.0,9,True,False,Developer Tools
11,36.0,0.0,7,1,5,True,113,58,2,1,0,770.0,19,False,False,Sales
2,148.0,0.0,14,6,6,False,271,58,1,0,0,5533.0,6,True,False,Software Engineering
1,12.0,4.0,23,3,5,True,162,53,4,6,235,94681.0,7,True,False,API
10,26.0,6.0,7,5,5,False,499,60,4,1,0,0.0,3,True,False,Messaging
4,96.0,14.0,7,1,6,True,491,53,2,1,384,21970.0,4,False,False,Analytics
1,27.0,25.0,7,0,6,True,275,45,3,2,0,1383.0,7,True,False,Startup Books
5,429.0,8.0,9,0,6,False,63,21,2,1,0,5371.0,3,True,False,Design Tools
55,64.0,0.0,9,3,5,True,440,60,3,8,44,3349.0,3,False,False,API
7,467.0,25.0,1,2,6,True,251,33,3,2,386,605.0,5,True,False,Chrome Extensions
1,45.0,50.0,12,1,5,False,500,52,3,0,410,82.0,0,False,False,Productivity
1,59.0,11.0,8,3,5,False,500,35,1,1,228,0.0,6,False,False,iOS
106,123.0,8.0,6,2,5,True,467,60,3,1,0,91459.0,4,False,False,Email
9,115.0,73.0,7,0,5,True,500,60,3,3,412,170171.0,8,False,False,API
12,283.0,20.0,7,5,9,True,212,49,3,2,0,123334.0,4,True,False,Productivity
1,113.0,37.0,7,0,5,True,426,55,3,4,585,41715.0,10,False,False,Marketing
8,153.0,0.0,7,4,5,True,128,59,1,0,325,2190.0,9,True,False,API
32,137.0,10.0,2,4,5,True,274,52,1,1,0,1014.0,7,True,False,Software Engineering
6,148.0,100.0,9,2,5,True,344,60,3,5,326,1023.0,8,False,False,Productivity
14,166.0,7.0,23,1,6,False,500,25,2,1,218,1404.0,7,True,False,SaaS
4,138.0,10.0,8,1,5,False,124,47,4,1,25,469.0,7,False,False,Mac
6,261.0,39.0,0,4,5,True,318,48,3,1,0,0.0,4,True,False,Open Source
3,140.0,18.0,13,6,5,False,393,20,1,2,191,28203.0,7,False,False,Health & Fitness
7,77.0,12.0,6,4,1,False,363,53,2,1,0,590.0,3,True,False,Design Tools
3,322.0,0.0,7,5,2,True,406,59,3,1,331,0.0,9,False,False,Slack
1,169.0,0.0,15,1,5,True,127,60,3,4,162,0.0,6,True,False,Mac
12,127.0,22.0,6,1,5,False,144,55,2,1,0,0.0,0,False,False,Productivity
1,148.0,20.0,0,0,6,False,338,36,1,3,0,2733.0,3,False,False,Software Engineering
1,245.0,3.0,7,2,6,True,500,59,3,5,661,2635.0,5,True,False,Android
4,82.0,5.0,7,4,6,True,359,56,3,1,514,483.0,10,False,False,API
17,32.0,18.0,7,4,5,True,179,47,3,1,3729,4555.0,2,False,False,Productivity
4,0.0,27.0,6,6,5,False,147,48,3,1,0,5329.0,3,True,False,Sales
10,8.0,1.0,7,0,5,True,104,60,3,1,504,0.0,7,False,False,Fintech
10,0.0,19.0,6,5,6,True,403,43,3,3,13,18248.0,3,False,False,Mac
3,0.0,4.0,7,1,5,True,324,38,3,0,0,110608.0,0,False,False,Marketing
1,33.0,0.0,6,0,5,True,435,36,3,0,8,109140.0,6,False,False,API
12,34.0,16.0,11,1,6,True,476,54,3,1,400,94228.0,6,False,False,Productivity
15,0.0,36.0,7,3,5,False,500,53,2,2,580,3622.0,7,False,False,Fashion
37,204.0,142.0,13,5,7,True,201,49,3,0,0,1772.0,6,False,False,No-Code
1,82.0,92.0,7,5,6,True,500,60,3,4,0,0.0,7,False,False,Mac
1,1004.0,0.0,18,1,5,True,245,60,8,4,288,1517.0,9,False,False,API
12,111.0,0.0,6,5,5,False,274,59,4,1,402,1490.0,4,False,False,Design Tools
14,105.0,0.0,7,1,6,True,335,60,2,1,265,5193.0,9,True,False,Mac
1,0.0,44.0,6,3,6,False,393,21,3,1,0,0.0,3,False,False,iOS
1,111.0,31.0,13,3,6,True,252,44,3,6,502,789.0,5,True,False,Mac
3,0.0,64.0,6,1,5,False,453,60,2,1,246,167170.0,5,False,False,User Experience
5,47.0,19.0,7,6,5,False,168,50,2,0,223,0.0,9,False,False,Android
1,38.0,37.0,0,3,5,True,189,48,5,1,0,2877.0,5,False,False,Web App
9,2376.0,44.0,6,1,6,True,396,56,3,1,0,3455.0,12,False,False,Productivity
16,135.0,41.0,14,2,6,True,448,40,3,1,169,523.0,4,False,False,Privacy
1,195.0,0.0,8,2,6,True,500,46,3,1,0,746.0,0,False,False,Marketing
14,79.0,22.0,7,0,4,True,99,59,3,1,7,0.0,5,True,False,Design Tools
1,100.0,41.0,7,2,6,True,315,41,3,4,434,137012.0,8,False,False,eBook Reader
5,16.0,0.0,16,5,5,True,457,60,8,1,0,0.0,9,True,False,Growth Hacking
1,69.0,0.0,3,1,5,False,355,60,3,1,0,1753.0,5,False,False,iOS
1,22.0,19.0,7,5,5,True,390,53,3,3,0,1838.0,7,True,False,API
5,227.0,6.0,7,0,6,True,352,57,3,1,132,0.0,5,True,False,Fintech
3,95.0,0.0,15,3,6,False,436,47,6,2,0,0.0,3,False,False,Social Media
26,79.0,16.0,7,2,5,True,500,60,4,1,0,3059.0,0,False,False,Developer Tools
1,28.0,5.0,20,6,5,True,421,60,3,1,0,0.0,7,True,False,Social Media
44,42.0,32.0,7,5,6,True,201,56,2,3,155,4031.0,3,False,False,Venture Capital
49,62.0,25.0,6,5,6,True,476,55,5,1,25511,0.0,8,True,False,Open Source
11,89.0,2.0,23,0,5,True,421,47,3,1,0,4083.0,11,False,False,Productivity
5,165.0,30.0,8,2,6,True,410,35,3,1,463,4875.0,9,True,False,Email
4,1.0,42.0,20,5,6,True,230,43,3,2,0,0.0,2,False,False,Design Tools
11,40.0,10.0,7,1,11,True,111,60,3,1,0,18404.0,7,False,False,Open Source
6,49.0,0.0,17,2,5,True,472,48,4,2,157,0.0,3,True,False,Linux
1,43.0,25.0,8,3,6,True,398,49,3,1,31,1573.0,8,True,False,Android
8,3.0,9.0,7,3,6,True,439,60,3,1,0,0.0,6,False,False,Productivity
1,133.0,20.0,8,6,5,False,402,17,3,3,0,4729.0,6,True,False,SaaS
10,31.0,20.0,12,1,6,False,467,45,3,1,504,5650.0,8,True,False,Browser Extensions
13,0.0,110.0,7,3,6,True,495,60,3,1,13,1673.0,8,False,False,Fintech
1,0.0,154.0,6,4,6,True,275,56,3,0,387,0.0,8,False,False,Productivity
1,0.0,0.0,6,3,5,True,88,38,1,1,597,5354.0,0,True,False,Health & Fitness
1,108.0,9.0,7,5,5,True,154,52,3,0,43,100925.0,8,True,False,Home
1,233.0,26.0,8,1,5,True,471,55,3,0,698,1586.0,8,True,False,3D Printer
14,47.0,43.0,16,3,5,True,500,43,3,2,416,1163.0,8,True,False,Hardware
5,103.0,18.0,15,3,5,True,487,60,3,2,0,22247.0,4,False,False,Health & Fitness
12,200.0,0.0,8,5,9,False,105,39,2,1,67,1326.0,4,True,False,Chrome Extensions
21,50.0,47.0,7,3,6,False,500,44,3,4,1085,0.0,5,False,False,3D Printer
14,0.0,0.0,7,3,6,False,482,55,2,1,0,2527.0,3,False,False,Mac
1,0.0,3.0,6,4,6,True,500,37,3,1,312,9305.0,5,False,False,Open Source
1,0.0,15.0,7,2,6,True,450,38,3,1,0,0.0,8,True,False,Mac
2,353.0,29.0,7,3,5,False,216,58,3,1,129,23580.0,7,False,False,Customer Communication
11,166.0,86.0,7,4,5,True,254,56,3,4,0,80653.0,6,True,False,Android
3,74.0,139.0,6,5,5,True,301,53,5,3,5088,5898.0,12,False,False,Web App
1,63.0,15.0,14,1,5,True,293,56,3,1,0,90480.0,4,False,False,Android
222,0.0,15.0,8,3,5,False,288,58,4,0,282,0.0,8,False,False,Open Source
5,354.0,13.0,10,6,5,True,469,51,1,3,0,1739.0,5,True,False,Email
12,0.0,83.0,15,3,5,True,484,60,5,6,468,2611.0,8,False,False,Analytics
5,1090.0,85.0,10,3,5,True,500,50,3,0,543,3117.0,5,True,False,Hardware
1,97.0,83.0,13,3,1,True,237,58,3,0,294,3053.0,6,True,False,Developer Tools
10,268.0,1.0,20,1,5,True,494,59,3,1,1370,0.0,8,False,False,Health & Fitness
2,151.0,0.0,8,1,5,False,394,59,2,1,0,1998.0,4,False,False,Android
14,43.0,37.0,0,3,5,True,429,52,3,1,0,926.0,6,False,False,Developer Tools
1,263.0,0.0,23,5,6,False,180,57,3,1,191,34321.0,4,False,False,Marketing
1,0.0,55.0,14,6,5,False,440,56,2,1,17,572.0,5,True,False,Health & Fitness
1,36.0,3.0,14,0,5,False,292,49,3,1,721,3056.0,4,False,False,Productivity
11,114.0,0.0,6,3,5,True,500,56,3,10,0,0.0,3,False,False,Tech
4,0.0,15.0,11,2,6,False,435,57,1,1,512,47.0,12,True,False,Chrome Extensions
1,81.0,82.0,6,4,6,True,500,40,2,1,641,3728.0,7,False,False,Social Media
10,37.0,39.0,14,0,5,False,159,54,3,1,195,3784.0,8,False,False,3D Printer
6,415.0,0.0,7,5,5,False,436,51,1,2,0,4675.0,3,True,False,Email
13,245.0,0.0,7,6,8,True,244,60,3,1,485,317.0,9,True,False,Developer Tools
9,43.0,26.0,6,0,1,True,98,24,4,1,0,1349.0,4,False,False,Productivity
1,97.0,0.0,7,1,5,True,480,53,3,6,116,3317.0,7,True,False,Android
1,375.0,0.0,8,1,6,False,481,57,2,4,0,4383.0,1,False,False,Marketing
17,0.0,0.0,7,1,5,False,406,55,2,1,0,0.0,8,False,False,Productivity
1,112.0,14.0,19,0,6,True,312,60,2,2,223,0.0,2,False,False,Productivity
4,19.0,1.0,23,1,5,True,500,60,3,1,122,86895.0,4,True,False,Productivity
14,20.0,32.0,6,4,6,True,221,39,3,1,47,0.0,2,False,False,Design Tools
222,432.0,9.0,7,2,6,True,400,22,3,1,72,119964.0,11,False,False,Analytics
1,0.0,0.0,16,5,5,True,485,58,3,2,74,13009.0,22,True,False,API
34,0.0,11.0,12,3,6,True,500,50,3,0,588,4240.0,6,True,False,Productivity
1,0.0,15.0,9,6,5,True,500,49,2,0,97,3885.0,0,False,False,Health & Fitness
2,36.0,0.0,7,0,5,True,246,58,3,1,94,1490.0,8,False,False,SaaS
1,5.0,3.0,7,1,5,True,466,44,2,0,0,4305.0,6,True,False,Productivity
1,50.0,0.0,6,5,6,True,425,60,3,1,441,2288.0,9,True,False,Open Source
4,26.0,12.0,17,2,6,True,246,60,4,1,462,0.0,9,False,False,Developer Tools
1,25.0,1.0,11,3,5,False,217,59,3,3,35,4130.0,0,True,False,Analytics
15,145.0,169.0,7,0,5,True,449,60,3,0,649,91113.0,7,False,False,Tech
5,11.0,0.0,18,3,6,False,493,56,4,1,235,3374.0,7,False,False,Kids
5,65.0,0.0,23,0,6,False,495,60,3,4,21,0.0,6,True,False,Open Source
5,48.0,38.0,7,3,5,False,351,42,4,1,194,0.0,9,True,False,Artificial Intelligence
7,55.0,6.0,16,4,5,True,334,59,1,1,195,0.0,6,True,False,Marketing
7,30.0,47.0,8,5,6,True,168,56,4,2,44,824.0,5,False,False,Productivity
12,0.0,73.0,23,5,5,False,113,44,3,1,287,0.0,7,True,False,Health & Fitness
16,195.0,33.0,7,2,5,True,471,43,3,1,0,0.0,9,True,False,SaaS
3,0.0,46.0,18,2,6,True,124,49,3,1,14,227.0,10,False,False,Menu Bar Apps
4,0.0,0.0,7,2,5,True,74,26,3,1,0,0.0,13,True,False,Android
12,65.0,39.0,23,0,5,True,436,40,3,1,154,1701.0,21,False,False,Analytics
11,0.0,3.0,12,6,6,False,171,49,3,4,414,4931.0,6,False,False,No-Code
10,24.0,0.0,9,5,6,True,110,49,3,2,0,3964.0,6,False,False,User Experience
8,109.0,0.0,7,3,5,False,468,60,3,1,101,1925.0,7,False,False,Design Tools
1,214.0,96.0,1,1,5,True,489,30,1,7,0,19106.0,9,False,False,Chrome Extensions
14,8.0,11.0,7,2,5,False,500,19,2,1,61,164816.0,8,True,False,Venture Capital
3,87.0,163.0,6,3,6,False,351,60,1,3,0,7770.0,3,False,False,Developer Tools
1,0.0,22.0,21,6,5,True,474,49,3,0,106,991.0,6,True,False,Software Engineering
17,0.0,0.0,10,4,6,True,396,49,4,1,46,3534.0,2,False,False,Tech
3,95.0,57.0,17,3,5,False,441,53,2,0,63,954.0,6,True,False,Music
18,488.0,4.0,20,6,5,True,463,55,1,1,0,639.0,2,True,False,Web App
1,121.0,0.0,7,6,5,True,183,41,3,0,572,5372.0,2,False,False,SaaS
1,60.0,10.0,7,0,5,True,500,60,4,0,0,3827.0,5,True,False,Fintech
1,190.0,4.0,23,3,5,True,500,60,3,1,747,0.0,9,True,False,Design Tools
1,155.0,0.0,21,5,6,False,388,60,3,1,121,0.0,3,False,False,Android
1,0.0,12.0,8,5,5,True,424,58,3,1,0,170171.0,6,False,False,iOS
7,0.0,27.0,6,2,6,True,159,54,3,2,768,0.0,3,True,False,Mac
1,108.0,20.0,10,0,6,True,250,56,3,0,0,2853.0,5,True,False,Email
1,15.0,12.0,6,3,5,False,467,51,3,1,148,2062.0,3,False,False,SaaS
11,239.0,0.0,6,2,6,False,434,60,3,6,224,5054.0,9,False,False,Emoji
17,1167.0,27.0,17,5,10,True,317,60,4,3,80,0.0,2,False,False,Art
8,360.0,33.0,7,0,6,True,391,55,3,3,0,0.0,5,True,False,SaaS
10,151.0,12.0,12,3,5,False,320,56,3,3,214,1866.0,5,False,False,API
17,102.0,0.0,7,6,5,True,166,50,1,1,0,243.0,6,False,False,Education
20,0.0,1.0,16,3,5,True,368,48,3,3,329,0.0,7,False,False,API
1,111.0,85.0,8,4,6,True,381,60,3,1,477,0.0,9,False,False,Marketing
2,97.0,11.0,7,1,6,True,458,60,4,1,0,7136.0,2,True,False,Cars
3,71.0,17.0,7,5,6,True,277,53,4,1,171,5087.0,8,True,False,Streaming Services
1,0.0,36.0,19,2,5,False,445,28,3,1,87,2109.0,6,True,False,Open Source
1,0.0,48.0,7,0,5,True,407,60,3,2,0,1219.0,7,True,False,Emoji
1,19.0,43.0,15,3,5,True,381,51,3,2,20781,2213.0,9,False,False,Menu Bar Apps
8,122.0,10.0,3,2,5,True,233,52,3,1,69,13582.0,5,True,False,Vibe coding
6,81.0,16.0,6,5,5,True,384,55,1,1,335,1274.0,9,True,False,Chrome Extensions
25,8.0,40.0,7,3,5,True,500,53,3,4,585,28076.0,17,True,False,Developer Tools
1,68.0,1.0,8,1,6,True,129,56,2,5,88,3092.0,5,False,False,API
15,0.0,9.0,7,6,5,False,500,56,3,1,0,0.0,2,True,False,Social Media
1,0.0,13.0,15,0,5,True,498,55,4,1,521,0.0,10,False,False,Marketing
11,368.0,62.0,7,3,5,True,293,56,3,2,287,3257.0,8,False,False,Productivity
1,724.0,12.0,11,4,6,True,500,58,1,1,342,0.0,2,False,False,Productivity
1,55.0,30.0,6,4,5,True,240,56,3,1,214,1578.0,2,False,False,Productivity
8,101.0,13.0,18,2,5,True,148,47,3,1,540,0.0,7,True,False,Productivity
1,22.0,46.0,8,1,5,True,357,51,3,2,240,4617.0,9,False,False,Mac
7,89.0,8.0,7,2,5,True,500,55,3,2,372,4183.0,8,True,False,Notes
11,111.0,1.0,11,1,6,True,78,50,2,3,81,2358.0,3,False,False,Browser Extensions
1,35.0,0.0,11,5,2,True,51,58,3,1,95,569.0,4,True,False,Growth Hacking
7,113.0,23.0,3,2,5,True,358,59,3,7,221,0.0,5,False,False,Productivity
15,381.0,10.0,7,0,5,True,500,60,3,2,409,2576.0,9,True,False,API
1,48.0,0.0,22,3,6,False,430,55,2,1,224,3454.0,3,True,False,iOS
1,0.0,4.0,7,1,6,True,403,60,1,1,408,0.0,7,True,False,Mac
1,103.0,23.0,7,0,6,True,478,49,3,4,80,36684.0,6,False,False,Health & Fitness
2,0.0,0.0,17,0,5,False,459,60,1,1,59,1183.0,5,False,False,Music
16,130.0,39.0,17,2,5,True,319,60,3,2,0,0.0,8,True,False,iOS
18,8.0,0.0,14,1,5,False,500,57,3,2,0,4294.0,6,False,False,Prototyping
1,0.0,12.0,6,0,5,True,187,58,3,1,125,3691.0,5,False,False,Fintech
6,96.0,21.0,9,4,6,True,474,60,3,1,0,0.0,9,False,False,SaaS
18,115.0,17.0,6,3,5,True,500,50,4,2,544,0.0,10,False,False,Startup Books
3,246.0,50.0,7,4,5,False,193,42,3,1,242,0.0,6,False,False,Social Media
2,94.0,12.0,8,6,6,True,457,37,1,1,231,24021.0,6,True,False,Human Resources
5,13.0,56.0,7,3,6,False,500,53,4,1,156,95370.0,5,False,False,Open Source
1,87.0,11.0,8,3,5,True,311,57,3,1,155,17109.0,18,True,False,Venture Capital
9,41.0,65.0,6,4,5,False,500,54,3,1,33,15655.0,4,True,False,Web App
1,0.0,8.0,18,4,5,False,311,38,4,1,22,3644.0,3,True,False,Education
9,0.0,0.0,21,4,5,False,378,48,6,1,123,3955.0,0,False,False,Virtual Reality
18,56.0,7.0,14,1,5,False,161,60,2,1,0,0.0,8,True,False,Fintech
1,93.0,12.0,17,1,6,True,485,55,3,0,346,26190.0,7,False,False,Fintech
8,1.0,4.0,17,0,6,True,398,53,3,3,0,5230.0,5,False,False,API
12,555.0,83.0,21,4,5,True,474,56,3,1,0,2176.0,8,True,False,Tech
2,31.0,0.0,19,1,6,True,322,54,3,1,242,78928.0,6,True,False,API
9,127.0,20.0,7,3,5,True,378,60,3,4,109,43136.0,9,True,False,SaaS
1,40.0,5.0,8,0,6,True,182,59,2,4,8529,0.0,4,False,False,Productivity
1,0.0,3.0,6,3,6,False,440,52,5,1,0,2048.0,4,False,False,Web App
2,121.0,20.0,7,1,6,True,388,46,3,3,2792,0.0,9,True,False,3D Printer
8,32.0,0.0,6,4,5,True,374,52,1,1,1878,569.0,7,True,False,Email
73,65.0,23.0,7,3,8,False,180,51,3,1,327,14441.0,9,True,False,Marketing
10,0.0,25.0,7,2,6,True,426,60,3,1,0,634.0,5,False,False,Developer Tools
1,41.0,0.0,10,1,5,True,334,60,3,3,0,4422.0,14,True,False,API
7,0.0,51.0,6,6,5,False,344,50,1,1,0,3069.0,7,False,False,Sales
12,0.0,0.0,19,3,6,False,209,45,2,1,0,0.0,7,False,False,Design Tools
1,67.0,37.0,8,1,7,True,234,53,3,1,133,0.0,3,True,False,Mac
1,0.0,0.0,6,2,6,True,322,57,3,2,0,4272.0,4,True,False,Open Source
3,87.0,18.0,13,0,5,True,276,60,1,1,483,2158.0,3,False,False,Design Tools
4,163.0,19.0,7,6,6,True,500,55,4,1,361,18635.0,9,True,False,Artificial Intelligence
1,0.0,0.0,23,2,5,False,423,55,1,9,0,2998.0,10,True,False,Developer Tools
4,107.0,89.0,11,5,5,True,415,60,3,7,0,4056.0,8,True,False,iOS
9,0.0,0.0,19,2,6,False,500,48,1,1,0,4661.0,4,True,False,User Experience
23,912.0,60.0,7,6,4,True,330,60,3,6,213,1594.0,10,False,False,Android
1,360.0,14.0,14,5,5,True,413,56,3,8,481,2291.0,4,False,False,Open Source
16,71.0,79.0,5,2,5,True,406,36,3,1,16,0.0,6,True,False,Marketing
1,165.0,26.0,7,5,5,True,376,51,2,1,364,4406.0,6,True,False,Productivity
1,8.0,0.0,7,0,5,True,469,60,3,6,912,2027.0,8,False,False,Open Source
7,0.0,39.0,14,0,6,False,177,57,2,1,0,3405.0,6,False,False,Travel
1,0.0,0.0,10,0,6,True,445,46,1,1,378,5272.0,6,True,False,Fintech
11,149.0,10.0,19,2,6,True,500,60,3,1,610,0.0,9,False,False,Audio
74,105.0,0.0,8,2,5,False,217,48,2,2,0,1420.0,6,True,False,Android
9,153.0,0.0,7,3,5,True,106,60,3,6,553,119497.0,8,False,False,Productivity
1,0.0,28.0,17,0,5,False,270,55,3,1,0,7068.0,3,False,False,Design Tools
4,0.0,23.0,14,3,5,True,497,59,1,2,611,3112.0,5,False,False,Productivity
1,0.0,139.0,15,6,6,True,244,52,3,1,0,2506.0,5,False,False,Mac
7,87.0,0.0,6,6,5,True,366,45,1,1,254,4863.0,5,True,False,Developer Tools
3,0.0,0.0,7,6,1,True,441,17,3,1,0,4889.0,5,False,False,iOS
18,0.0,23.0,5,1,6,False,489,45,3,1,13,13818.0,7,False,False,API
34,34.0,0.0,7,3,6,False,286,38,3,1,0,6082.0,5,False,False,Browser Extensions
14,119.0,12.0,7,5,5,True,492,55,2,1,0,0.0,7,False,False,Productivity
1,90.0,10.0,23,3,5,False,48,56,1,1,160,771.0,9,False,False,Productivity
5,145.0,12.0,6,0,6,True,500,60,1,4,246,1082.0,10,False,False,Developer Tools
73,136.0,10.0,7,3,5,True,500,48,3,1,0,1193.0,3,False,False,Analytics
18,125.0,18.0,7,4,6,True,336,53,3,2,3969,0.0,8,False,False,SaaS
1,21.0,3.0,11,3,6,False,412,55,3,1,1864,1143.0,2,True,False,Weather
9,147.0,36.0,7,0,6,True,156,60,3,1,323,0.0,8,False,False,Sales
1,495.0,17.0,7,0,6,True,407,53,1,2,0,692.0,8,False,False,Marketing
222,0.0,0.0,18,5,5,True,296,28,3,2,0,4288.0,3,True,False,Productivity
1,49.0,0.0,15,6,6,True,70,42,3,2,0,0.0,6,False,False,Hardware
9,204.0,65.0,7,6,6,True,433,18,3,0,0,2048.0,6,True,False,Productivity
18,50.0,2.0,22,0,6,False,263,54,3,2,0,0.0,7,False,False,Analytics
8,148.0,4.0,8,5,5,False,290,57,4,5,2566,0.0,9,False,False,Robots
1,39.0,6.0,22,2,5,True,408,55,4,3,0,1758.0,7,True,False,Chrome Extensions
1,495.0,26.0,7,1,6,True,227,44,3,1,87,170171.0,9,False,False,Sales
9,24.0,9.0,7,4,6,False,500,57,2,1,477,0.0,5,True,False,Software Engineering
6,88.0,0.0,8,3,6,True,335,50,2,5,0,106545.0,5,False,False,Productivity
5,61.0,131.0,4,5,5,True,372,60,3,1,129,3715.0,6,True,False,Marketing
2,85.0,0.0,5,3,5,True,317,59,3,5,381,5558.0,6,True,False,Design Tools
9,0.0,101.0,7,3,5,True,411,45,3,2,41,2265.0,8,True,False,API
7,160.0,68.0,10,0,5,True,382,45,4,3,0,1316.0,11,False,False,Web App
1,0.0,21.0,7,3,5,True,458,60,3,1,0,0.0,5,False,False,Tech
3,0.0,0.0,16,4,5,True,500,48,3,1,592,900.0,12,False,False,SaaS
15,37.0,5.0,10,2,6,True,439,55,3,1,233,1027.0,6,True,False,Design Tools
1,44.0,0.0,17,1,5,True,258,57,2,1,0,3448.0,5,False,False,iOS
5,48.0,7.0,13,2,5,False,225,57,3,1,0,1408.0,1,True,False,Email
2,177.0,6.0,17,3,5,True,475,57,3,1,509,0.0,5,True,False,Mac
7,113.0,6.0,7,4,5,True,457,58,3,2,633,110.0,8,False,False,Design Tools
1,87.0,2.0,10,5,5,False,384,53,4,1,256,2667.0,3,True,False,Mac
5,36.0,5.0,6,3,6,True,456,60,3,1,0,1130.0,6,True,False,Mac
1,156.0,15.0,11,0,5,True,185,40,3,2,0,264.0,5,False,False,API
23,88.0,126.0,6,4,6,True,307,25,3,0,608,2100.0,8,False,False,Productivity
24,0.0,1.0,22,5,6,False,263,59,3,1,497,0.0,8,True,False,Android
5,37.0,11.0,9,5,6,True,378,60,4,1,84,0.0,6,True,False,Music
9,139.0,5.0,6,3,4,True,429,17,3,1,473,6549.0,18,False,False,Health & Fitness
1,0.0,0.0,10,2,5,True,374,58,3,1,0,0.0,7,True,False,Productivity
5,55.0,9.0,18,2,6,True,463,60,1,3,629,0.0,5,True,False,Design Tools
19,126.0,0.0,6,6,12,False,308,49,3,1,0,0.0,4,False,False,Social Media
1,60.0,3.0,12,0,2,False,394,57,2,1,0,9235.0,8,False,False,Mac
11,124.0,5.0,7,1,5,True,275,53,2,1,461,4198.0,6,True,False,Health & Fitness
1,0.0,342.0,9,3,5,False,466,60,3,0,0,294.0,2,True,False,API
3,121.0,0.0,8,2,5,True,447,58,2,2,55,1899.0,7,True,False,Tech
38,0.0,0.0,7,1,5,True,124,60,1,1,62,0.0,8,False,False,Linux
7,18.0,0.0,7,1,6,True,459,60,3,1,314,145096.0,5,False,False,Mac
6,146.0,29.0,6,6,6,True,442,52,3,2,246,4227.0,3,True,False,Time Tracking
14,108.0,22.0,7,1,6,True,423,35,3,1,149,1760.0,16,False,False,Developer Tools
21,114.0,59.0,6,1,5,True,495,38,3,0,473,878.0,9,True,False,Productivity
7,164.0,0.0,6,0,5,True,458,50,3,1,46251,0.0,8,True,False,Developer Tools
19,9.0,18.0,18,0,5,True,476,47,3,1,107,0.0,3,False,False,Productivity
15,0.0,0.0,9,3,6,True,113,58,4,2,0,0.0,5,False,False,Mac
1,41.0,6.0,23,5,5,True,247,53,1,1,0,4450.0,5,True,False,SaaS
7,50.0,55.0,5,5,5,True,425,60,3,0,234,20533.0,6,False,False,Health & Fitness
1,94.0,0.0,8,3,5,True,249,49,5,6,116,0.0,6,False,False,Health & Fitness
4,85.0,0.0,6,5,5,True,496,20,2,3,0,707.0,0,False,False,Travel
4,127.0,0.0,11,3,6,True,419,53,3,1,438,0.0,6,False,False,Design Tools
17,0.0,116.0,6,1,5,True,494,59,2,1,0,17019.0,7,False,False,Email Marketing
11,0.0,261.0,7,2,5,True,273,40,3,0,66,3552.0,6,True,False,Mac
1,132.0,116.0,18,3,6,True,401,47,3,2,0,49958.0,8,False,False,Productivity
20,462.0,12.0,7,5,6,True,462,60,3,1,0,0.0,8,True,False,Design Tools
5,25.0,90.0,8,3,3,True,500,55,3,0,169,2387.0,5,False,False,Chrome Extensions
1,528.0,16.0,11,5,5,True,137,56,3,1,61,0.0,3,False,False,Web App
14,70.0,23.0,7,6,6,True,458,57,3,2,239,4014.0,4,False,False,Productivity
22,117.0,0.0,7,1,5,False,465,29,1,4,0,3765.0,2,False,False,Social Media
1,98.0,0.0,21,0,5,True,284,57,3,1,623,94001.0,6,False,False,API
4,0.0,0.0,6,3,5,True,464,40,3,1,92,3397.0,4,False,False,Productivity
8,26.0,6.0,1,3,6,True,303,57,2,6,3133,244.0,4,True,False,Android
1,128.0,0.0,17,0,1,True,428,60,3,1,409,0.0,8,False,False,Mac
37,51.0,0.0,6,6,5,True,281,56,1,2,46,2653.0,2,False,False,Dating
1,227.0,20.0,7,0,2,True,176,36,3,5,401,1067.0,9,True,False,Artificial Intelligence
13,91.0,91.0,6,4,6,True,373,55,3,1,543,0.0,14,True,False,Open Source
13,59.0,7.0,11,0,6,True,460,54,1,2,0,2186.0,3,True,False,Writing
11,105.0,37.0,6,4,10,True,181,60,3,2,0,100889.0,6,False,False,SaaS
3,0.0,9.0,7,2,6,False,48,53,3,0,0,4522.0,4,True,False,API
8,0.0,17.0,8,3,5,True,206,53,3,0,0,3126.0,6,False,False,Privacy
7,67.0,0.0,7,1,5,True,351,54,3,1,0,131676.0,6,True,False,Art
20,51.0,0.0,11,6,5,True,190,35,3,1,0,8628.0,7,False,False,Productivity
8,103.0,31.0,6,6,5,True,500,54,5,1,171,0.0,6,True,False,Developer Tools
1,97.0,5.0,7,3,5,True,340,52,3,1,0,3166.0,6,False,False,Android
8,111.0,6.0,17,0,6,True,454,55,3,1,428,2203.0,6,True,False,Productivity
5,0.0,27.0,20,5,5,True,500,42,3,1,248,5015.0,8,True,False,Social Media
1,97.0,7.0,23,2,5,True,412,60,3,0,110,0.0,8,False,False,Android
1,82.0,101.0,0,2,5,True,417,58,3,2,0,134299.0,16,False,False,Developer Tools
11,113.0,85.0,9,0,6,True,458,56,4,1,0,83997.0,6,False,False,Developer Tools
4,286.0,7.0,7,3,1,False,274,43,2,1,168,0.0,7,True,False,Mac
39,111.0,20.0,9,6,2,True,500,53,3,1,0,3116.0,8,True,False,Web App
17,161.0,15.0,7,3,5,True,444,57,3,2,93,1424.0,5,True,False,Android
4,100.0,11.0,8,2,6,True,316,57,3,1,409,2135.0,12,False,False,Venture Capital
6,134.0,0.0,9,2,5,False,387,53,9,3,0,40144.0,8,True,False,Artificial Intelligence
1,84.0,53.0,7,4,6,True,236,56,1,2,645,5868.0,6,True,False,Android
1,117.0,156.0,22,3,5,False,178,50,3,0,0,1023.0,4,True,False,Android
1,0.0,14.0,7,5,5,True,491,56,3,2,0,0.0,3,True,False,Mac
3,12.0,15.0,1,4,5,True,500,54,3,1,2170,4178.0,8,False,False,Developer Tools
1,46.0,0.0,12,0,6,False,357,42,3,5,103,3711.0,7,False,False,Productivity
1,74.0,7.0,6,3,6,True,370,35,3,1,808,4858.0,8,False,False,Mac
9,185.0,30.0,7,2,1,True,469,60,3,3,371,0.0,7,False,False,Fintech
1,28.0,53.0,6,0,6,True,472,23,4,0,0,0.0,3,False,False,Chrome Extensions
16,88.0,0.0,6,6,6,False,500,60,3,10,297,61104.0,2,False,False,Sales
2,212.0,14.0,10,4,5,True,500,60,3,3,211,0.0,8,False,False,Education
1,4.0,0.0,15,3,4,True,469,60,5,8,0,0.0,6,False,False,Chrome Extensions
12,31.0,0.0,8,3,5,False,408,54,3,1,0,0.0,5,False,False,Marketing
5,58.0,4.0,7,1,6,True,250,50,3,2,0,0.0,8,True,False,Productivity
1,58.0,35.0,7,3,6,True,48,50,3,1,3,6659.0,9,True,False,Marketing
4,0.0,19.0,8,2,1,False,279,53,3,2,0,88.0,6,False,False,Web App
12,169.0,48.0,7,4,8,True,203,59,3,1,0,0.0,4,False,False,Health & Fitness
27,93.0,29.0,7,5,5,True,472,52,3,1,0,4286.0,6,False,False,Productivity
9,62.0,0.0,6,3,5,False,500,47,3,1,0,0.0,5,False,False,Design Tools
1,233.0,71.0,3,5,6,True,48,60,3,1,0,98837.0,9,True,False,Design Tools
1,0.0,5.0,6,1,6,True,365,35,3,0,727,118469.0,7,True,False,Design Tools
10,60.0,0.0,7,6,6,True,500,52,3,1,0,1009.0,3,True,False,Open Source
3,158.0,42.0,7,6,5,True,406,31,1,4,425,5333.0,6,True,False,Health & Fitness
8,74.0,21.0,8,4,5,True,477,35,3,1,408,1750.0,8,False,False,API
6,197.0,0.0,23,0,5,True,147,59,3,3,121,0.0,10,False,False,Web App
11,182.0,2.0,7,0,5,True,441,57,3,1,389,1586.0,6,False,False,Mac
6,100.0,113.0,6,5,5,True,391,53,3,1,0,687.0,9,True,False,No-Code
18,206.0,4.0,10,0,5,True,450,41,1,1,540,5817.0,9,True,False,Software Engineering
112,84.0,36.0,8,4,5,True,482,50,3,1,312,0.0,6,False,False,Analytics
3,52.0,0.0,20,2,5,False,452,24,5,1,857,0.0,3,True,False,Productivity
24,155.0,2.0,22,3,3,True,467,53,3,1,0,9319.0,4,True,False,Emoji
7,29.0,12.0,7,3,5,True,435,54,3,1,431,3951.0,4,True,False,Analytics
3,66.0,49.0,17,3,3,True,246,51,3,1,0,1477.0,7,True,False,Sales
1,145.0,7.0,7,1,6,True,500,41,3,4,549,5331.0,8,False,False,API
15,62.0,2.0,7,1,5,True,193,53,2,1,51,2658.0,4,True,False,Crypto
3,180.0,11.0,13,5,5,True,416,60,3,1,0,0.0,6,False,False,Menu Bar Apps
119,81.0,0.0,21,1,6,True,425,45,1,1,0,2727.0,8,False,False,Productivity
10,97.0,0.0,13,6,5,False,401,29,3,1,0,4014.0,5,False,False,Productivity
150,52.0,50.0,9,3,5,True,252,53,3,2,0,153888.0,5,True,False,Email
2,33.0,76.0,7,2,5,False,203,58,3,2,0,683.0,8,False,False,Hardware
31,128.0,0.0,7,0,5,True,425,56,3,1,733,0.0,5,False,False,Sales
7,66.0,10.0,7,5,6,False,412,60,3,4,394,0.0,7,True,False,API
4,36.0,0.0,7,5,5,True,500,56,8,5,397,60717.0,6,True,False,Email Marketing
1,51.0,40.0,18,2,5,True,403,40,3,1,0,4483.0,6,False,False,Chrome Extensions
8,46.0,0.0,7,3,5,True,500,60,3,5,50,6242.0,8,False,False,Email
53,135.0,27.0,7,4,5,True,434,47,3,1,412,502.0,7,True,False,Mac
10,0.0,9.0,7,4,6,True,291,56,3,1,0,0.0,7,True,False,Android
1,21.0,54.0,7,4,6,True,482,54,3,0,160,1719.0,8,False,False,iOS
15,114.0,30.0,6,3,5,True,462,58,9,1,381,26249.0,6,True,False,Travel
1,158.0,0.0,7,6,6,True,137,19,8,1,0,973.0,7,False,False,Streaming Services
1,68.0,1.0,6,0,5,True,500,57,3,2,402,0.0,7,False,False,Productivity
1,80.0,93.0,7,3,5,True,301,27,3,1,141,2663.0,8,True,False,Marketing
7,39.0,35.0,13,4,6,True,461,45,3,4,107,506.0,5,False,False,Artificial Intelligence
14,178.0,5.0,7,2,9,True,500,60,3,3,268,973.0,7,False,False,Productivity
5,102.0,0.0,7,3,7,True,371,49,3,8,312,0.0,19,False,False,Productivity
9,17.0,53.0,8,2,5,True,496,60,3,6,375,0.0,4,False,False,Open Source
18,204.0,1.0,20,5,5,True,369,30,3,5,502,0.0,8,False,False,Software Engineering
14,0.0,8.0,13,4,5,False,422,55,3,2,252,0.0,6,False,False,Marketing
108,4.0,55.0,7,6,6,False,191,54,3,1,0,0.0,7,False,False,Hiring
24,31.0,12.0,7,0,5,True,500,60,3,3,157,0.0,8,False,False,Developer Tools
6,50.0,83.0,11,1,6,True,443,51,1,1,0,2112.0,4,True,False,Payments
11,12.0,15.0,7,3,5,True,441,46,3,1,116,0.0,6,True,False,Developer Tools
1,96.0,26.0,7,1,6,True,500,35,3,1,0,1898.0,9,False,False,Marketing
2,69.0,20.0,23,4,5,True,326,59,3,1,459,19820.0,4,False,False,Productivity
13,0.0,7.0,6,5,6,False,284,44,2,1,604,4233.0,5,False,False,SaaS
1,101.0,8.0,7,6,6,True,404,17,3,1,0,5534.0,3,False,False,Prototyping
9,141.0,11.0,23,3,6,True,500,59,4,2,324,961.0,10,True,False,Design Tools
1,96.0,5.0,7,6,5,True,356,56,3,1,0,9484.0,8,True,False,Sales
1,21.0,34.0,7,2,6,False,500,27,2,1,126,2420.0,3,False,False,Marketing
1,94.0,54.0,7,6,5,True,500,57,3,6,752,3567.0,9,False,False,Design Tools
15,62.0,0.0,7,3,6,True,481,52,3,1,694,5442.0,7,False,False,Artificial Intelligence
1,108.0,0.0,6,3,6,True,455,60,4,1,0,0.0,6,False,False,Open Source
17,120.0,15.0,7,5,5,True,253,60,3,1,127,0.0,8,True,False,Mac
23,0.0,4.0,6,4,6,False,478,54,4,2,0,2580.0,8,False,False,SaaS
1,158.0,31.0,2,3,7,True,466,47,3,4,556,0.0,8,False,False,Home
13,42.0,34.0,7,4,5,False,336,54,4,1,112,4914.0,4,False,False,API
1,74.0,138.0,12,5,5,False,500,49,2,4,601,0.0,7,False,False,Browser Extensions
1,23.0,47.0,17,5,5,True,154,51,3,1,74,980.0,0,True,False,Productivity
1,315.0,17.0,6,0,1,True,464,51,3,7,464,4607.0,8,True,False,Productivity
1,171.0,14.0,14,2,5,True,446,60,3,1,447,3277.0,13,False,False,Productivity
24,222.0,38.0,13,5,5,True,340,57,4,2,0,0.0,10,True,False,Web App
5,90.0,15.0,6,3,6,False,415,57,1,0,13073,3296.0,8,False,False,User Experience
23,191.0,5.0,11,6,5,True,468,43,3,1,288,1445.0,8,True,False,SaaS
7,0.0,3.0,7,4,6,True,162,38,3,2,7,0.0,5,True,False,Developer Tools
1,129.0,25.0,7,4,7,True,500,24,3,1,714,0.0,7,False,False,API
18,195.0,32.0,7,3,5,True,404,49,3,4,0,0.0,4,True,False,Email
1,44.0,33.0,16,2,5,True,312,53,3,0,1281,136480.0,6,True,False,Design Tools
17,33.0,156.0,7,0,5,True,203,55,3,1,338,52994.0,9,False,False,Web App
1,0.0,64.0,6,2,7,True,256,40,3,4,276,1928.0,1,False,False,Productivity
114,222.0,0.0,7,1,5,True,497,54,1,5,362,5570.0,9,False,False,Open Source
9,90.0,18.0,6,1,5,False,164,44,4,1,0,4730.0,6,False,False,Customer Communication
3,181.0,5.0,6,6,5,True,476,60,1,1,0,13.0,6,False,False,Writing
8,15.0,5.0,7,3,9,True,179,44,3,3,268,0.0,9,True,False,Developer Tools
1,71.0,3.0,6,0,6,True,226,38,5,1,0,959.0,4,False,False,Android
1,143.0,7.0,14,1,6,True,342,53,3,5,385,570.0,6,False,False,Customer Success
5,2.0,6.0,11,0,5,False,131,53,5,1,154,0.0,6,False,False,Web App
11,340.0,3.0,7,1,2,False,470,60,3,2,211,4797.0,7,False,False,User Experience
1,131.0,28.0,7,4,6,True,460,54,3,3,598,2626.0,6,False,False,Social Network
1,543.0,0.0,22,0,6,True,273,53,3,1,382,20539.0,7,False,False,Productivity
1,0.0,0.0,7,4,9,True,337,51,3,1,0,1193.0,7,False,False,Productivity
11,51.0,21.0,7,4,5,True,470,44,3,4,530,1582.0,5,False,False,SaaS
30,93.0,24.0,6,3,5,True,283,45,3,6,0,0.0,9,True,False,API
1,79.0,0.0,9,4,5,True,500,53,3,0,713,462.0,9,True,False,Developer Tools
9,27.0,74.0,7,4,5,True,420,49,4,1,252,0.0,9,False,False,Health & Fitness
1,0.0,2.0,7,1,5,True,241,59,2,2,493,0.0,7,True,False,API
8,474.0,42.0,6,0,6,True,441,56,2,5,293,0.0,2,False,False,Growth Hacking
13,162.0,0.0,7,3,6,False,223,51,2,2,0,2819.0,3,False,False,Productivity
1,77.0,36.0,7,3,5,True,474,53,3,1,47,2691.0,4,False,False,Productivity
1,0.0,5.0,7,3,6,True,380,52,3,0,0,0.0,1,True,False,Open Source
14,0.0,0.0,16,5,5,False,212,60,4,1,203,0.0,7,False,False,Marketing
101,96.0,124.0,12,3,5,True,488,50,4,0,0,19753.0,4,True,False,Email Marketing
1,389.0,36.0,8,0,6,True,48,52,3,3,218,0.0,7,True,False,Education
23,57.0,14.0,12,4,5,True,338,53,3,0,264,101457.0,5,False,False,Home
1,7.0,2.0,7,3,5,True,259,48,3,1,115,0.0,5,False,False,Mac
7,0.0,0.0,7,2,6,False,500,60,1,1,0,47024.0,8,False,False,Android
1,36.0,15.0,9,5,5,True,431,22,2,1,0,37720.0,4,False,False,Custom Keyboards
7,48.0,4.0,23,4,5,True,248,51,2,4,213,10695.0,0,False,False,Customer Communication
3,106.0,2.0,6,5,5,False,462,52,3,0,93,0.0,5,True,False,Robots
12,50.0,0.0,7,5,9,True,500,59,3,5,288,1243.0,6,True,False,Marketing
1,0.0,7.0,8,3,6,True,329,35,3,1,62,1733.0,8,False,False,API
8,103.0,7.0,8,5,6,True,490,42,3,3,444,0.0,5,False,False,Slack
6,0.0,31.0,7,6,6,True,499,58,3,1,475,965.0,5,False,False,Artificial Intelligence
1,1049.0,37.0,7,4,5,True,500,49,3,2,504,5558.0,2,False,False,Open Source
9,133.0,11.0,23,6,6,False,279,57,1,1,0,0.0,11,True,False,Human Resources
1,192.0,23.0,8,2,6,True,398,60,3,2,0,2103.0,8,False,False,Notes
1,123.0,68.0,6,4,3,True,91,58,3,0,0,3890.0,6,False,False,Mac
13,0.0,12.0,19,3,6,False,424,44,3,1,257,1234.0,6,False,False,Design Tools
1,238.0,9.0,14,4,6,True,283,48,4,4,7,19096.0,5,False,False,Marketing
1,31.0,13.0,19,3,5,True,232,53,3,10,266,94142.0,8,False,False,Tech
1,41.0,119.0,7,4,6,True,187,60,3,1,0,82841.0,6,True,False,Android
14,50.0,7.0,8,2,5,True,175,58,3,3,143,0.0,9,True,False,Audio
1,12.0,14.0,14,5,6,True,320,60,4,1,252,210.0,2,False,False,Open Source
15,459.0,35.0,7,3,5,True,399,39,1,1,0,2497.0,5,False,False,Web App
66,966.0,17.0,7,2,6,True,271,47,3,1,4487,240.0,7,False,False,Productivity
25,80.0,0.0,7,0,9,True,415,58,3,5,0,453.0,4,False,False,Payments
21,62.0,56.0,6,4,6,True,441,60,3,2,1142,1401.0,9,False,False,Productivity
12,73.0,17.0,7,5,6,False,312,42,3,2,277,102318.0,5,True,False,Productivity
11,165.0,0.0,7,5,5,True,414,52,8,1,281,4045.0,12,False,False,Productivity
7,50.0,0.0,18,3,6,True,429,59,1,1,0,0.0,7,False,False,Mac
16,128.0,19.0,10,2,5,True,335,60,3,3,0,55372.0,6,True,False,Fintech
7,33.0,36.0,6,3,6,True,278,47,3,2,0,0.0,6,True,False,Mac
6,77.0,19.0,21,4,5,True,374,60,3,1,0,98570.0,4,True,False,Linux
8,0.0,22.0,6,3,5,True,139,60,3,1,583,0.0,8,True,False,Developer Tools
1,0.0,32.0,7,2,5,True,337,58,3,1,309,103660.0,8,True,False,Email
11,12.0,0.0,11,6,5,True,323,50,3,6,0,4131.0,5,False,False,Slack
9,210.0,22.0,16,5,6,True,374,54,4,1,472,6126.0,6,True,False,Menu Bar Apps
4,0.0,4.0,13,0,5,True,412,46,3,4,261,3133.0,18,False,False,Menu Bar Apps
1,465.0,23.0,2,5,6,True,391,48,4,2,938,76252.0,5,False,False,Productivity
18,235.0,4.0,6,0,5,True,450,46,3,1,184,0.0,7,False,False,Design Tools
9,22.0,37.0,11,1,6,False,306,58,4,1,0,4245.0,3,False,False,Prototyping
10,97.0,20.0,6,6,6,True,317,49,3,5,307,0.0,7,False,False,Productivity
24,74.0,48.0,6,2,6,True,256,60,3,5,34,0.0,7,True,False,API
1,94.0,7.0,7,6,6,True,222,49,3,1,0,5684.0,6,False,False,Retro Games
5,648.0,64.0,9,4,5,True,141,60,3,1,235,1251.0,6,False,False,Customer Communication
3,10.0,0.0,6,5,5,False,500,45,4,9,106,2463.0,2,True,False,Productivity
1,0.0,0.0,8,3,5,False,302,59,5,2,90,2903.0,0,False,False,Human Resources
6,198.0,0.0,15,3,5,True,500,56,3,0,49566,0.0,13,True,False,Design Tools
112,51.0,141.0,7,0,6,True,426,53,3,0,0,49006.0,7,True,False,Social Network
1,0.0,6.0,14,1,2,True,500,44,3,1,638,1146.0,4,False,False,Productivity
18,80.0,0.0,6,0,5,True,500,45,6,0,417,0.0,5,False,False,Mac
8,0.0,54.0,8,1,5,True,426,56,4,1,154,4342.0,6,True,False,Design Tools
10,163.0,9.0,8,3,5,True,285,49,3,1,544,1624.0,15,False,False,Chrome Extensions
1,79.0,88.0,11,5,6,True,490,60,3,1,20,0.0,3,True,False,API
18,194.0,90.0,7,0,5,True,458,54,2,1,334,3544.0,6,False,False,Design Tools
18,520.0,18.0,11,2,5,True,405,60,2,4,0,0.0,3,False,False,Web App
24,61.0,30.0,13,5,10,False,197,56,2,1,0,4558.0,0,True,False,Meetings
3,434.0,13.0,8,6,5,True,500,17,3,4,0,2507.0,6,False,False,Sales
1,43.0,14.0,7,4,6,True,454,32,3,3,270,133046.0,4,False,False,Productivity
7,11.0,193.0,11,0,5,True,225,39,3,1,330,28105.0,9,True,False,Open Source
20,54.0,23.0,14,3,5,True,479,60,3,2,0,0.0,8,True,False,Android
1,83.0,9.0,6,3,6,True,48,38,3,1,144,31228.0,8,False,False,Payments
10,68.0,3.0,16,3,5,True,420,60,3,2,365,0.0,1,False,False,Android
1,159.0,0.0,14,4,6,True,456,60,3,3,0,0.0,10,False,False,Time Tracking
4,34.0,0.0,12,1,6,True,275,40,3,2,193,4087.0,0,True,False,Chrome Extensions
4,78.0,30.0,12,5,6,True,48,51,1,0,0,3460.0,5,True,False,Mac
1,0.0,0.0,23,3,5,True,211,58,6,1,0,1081.0,9,False,False,Hiring
8,167.0,16.0,14,5,9,True,68,52,4,2,76,5124.0,3,True,False,Crypto
26,165.0,10.0,17,3,5,True,140,35,3,2,337,0.0,6,False,False,Productivity
2,0.0,41.0,7,3,8,True,168,37,2,2,181,0.0,7,True,False,Audio
3,0.0,5.0,11,0,1,True,432,53,6,1,739,3221.0,8,False,False,Marketing
1,0.0,12.0,7,4,6,True,160,43,3,1,0,2018.0,7,False,False,Productivity
3,230.0,155.0,7,4,6,True,412,54,3,1,3462,1388.0,13,True,False,Design Tools
1,112.0,0.0,7,3,9,True,463,47,3,2,0,2850.0,7,False,False,Design Tools
1,116.0,0.0,6,5,6,True,261,37,1,1,0,78193.0,8,True,False,API
5,0.0,1.0,6,0,6,True,270,46,3,1,640,166551.0,7,False,False,Productivity
1,9.0,0.0,7,5,5,False,500,60,2,4,102,0.0,9,False,False,iOS
2,102.0,9.0,19,2,6,True,275,57,3,2,474,2544.0,7,False,False,Mac
25,29.0,7.0,6,4,5,True,350,38,3,1,74,4375.0,5,False,False,Productivity
7,201.0,0.0,23,0,6,True,238,41,3,2,0,883.0,8,False,False,Hiring
1,140.0,20.0,7,4,5,True,356,52,3,1,682,518.0,8,False,False,Social Media
3,0.0,6.0,7,2,5,True,226,42,3,5,0,0.0,5,False,False,Productivity
1,195.0,8.0,16,0,5,True,377,53,3,1,464,0.0,9,False,False,Open Source
1,294.0,32.0,23,5,6,False,461,52,2,2,0,5442.0,6,True,False,Sales
5,180.0,45.0,19,3,6,True,401,43,3,1,486,0.0,19,False,False,Health & Fitness
22,154.0,97.0,7,3,5,True,399,54,3,1,34,0.0,6,True,False,Open Source
1,11.0,12.0,15,0,6,True,500,60,3,1,594,59738.0,11,False,False,Android
10,89.0,0.0,7,5,6,True,89,58,9,1,0,2460.0,7,False,False,Android
1,104.0,12.0,13,6,5,True,256,60,2,1,98,4655.0,7,True,False,Android
5,84.0,71.0,7,5,5,True,112,58,4,1,506,188.0,11,True,False,Tech
8,70.0,21.0,1,2,5,False,382,60,5,1,337,5168.0,6,False,False,Task Management
4,95.0,0.0,15,5,5,True,494,57,1,1,410,3648.0,4,False,False,Marketing
1,0.0,0.0,19,3,1,True,500,50,3,3,0,0.0,4,False,False,Mac
31,107.0,38.0,13,4,6,True,441,60,3,1,0,1358.0,5,False,False,Productivity
3,0.0,0.0,7,3,5,True,154,48,3,1,228,0.0,12,False,False,eBook Reader
2,37.0,0.0,13,2,5,True,61,53,3,1,0,0.0,5,True,False,Marketing
8,106.0,0.0,7,2,1,False,161,54,2,2,575,145.0,7,False,False,WordPress
11,69.0,28.0,0,4,5,True,408,46,3,4,0,0.0,8,True,False,Artificial Intelligence
23,49.0,0.0,7,6,5,False,412,46,2,1,376,103458.0,2,False,False,eBook Reader
1,0.0,4.0,6,2,5,True,324,56,3,0,244,28535.0,5,True,False,Social Media
1,2661.0,7.0,8,4,5,True,318,17,3,1,614,179.0,8,False,False,Email Marketing
1,280.0,0.0,7,4,5,True,451,59,3,1,647,0.0,8,True,False,Email
13,67.0,145.0,7,3,5,False,329,51,3,1,1090,0.0,7,False,False,Browser Extensions
1,104.0,6.0,2,3,5,True,500,54,2,1,58,2455.0,6,False,False,Chrome Extensions
17,177.0,20.0,17,3,5,False,500,37,1,1,152,1540.0,7,False,False,Developer Tools
2,32.0,36.0,6,3,6,True,500,60,2,1,607,45843.0,7,False,False,Mac
26,34.0,0.0,7,5,5,True,179,47,1,3,101,0.0,8,False,False,Task Management
2,37.0,17.0,7,0,6,True,438,56,3,1,319,1368.0,7,False,False,Productivity
1,116.0,0.0,17,6,5,True,445,52,8,2,0,0.0,1,True,False,Chrome Extensions
1,23.0,0.0,14,1,5,True,499,60,3,8,401,1302.0,8,True,False,Mac
14,99.0,0.0,22,5,5,True,338,59,4,0,53,2977.0,3,False,False,Customer Communication
8,103.0,53.0,7,3,5,True,305,55,3,0,42,69404.0,7,False,False,Mac
12,356.0,115.0,6,3,5,True,433,54,3,0,0,19083.0,7,False,False,Hiring
1,6.0,3.0,7,1,5,False,430,55,2,1,0,3163.0,6,True,False,Art
4,24.0,14.0,23,3,5,False,495,53,3,1,477,0.0,6,False,False,Email Marketing
1,10.0,0.0,7,3,5,True,396,54,3,2,0,4372.0,9,True,False,Health & Fitness
1,79.0,78.0,0,5,5,True,256,52,3,1,737,3219.0,6,False,False,Productivity
7,2.0,0.0,8,2,5,True,124,60,3,1,0,0.0,7,True,False,Web App
1,78.0,9.0,10,2,5,True,344,60,3,1,563,2320.0,7,False,False,iOS
1,64.0,6.0,7,1,5,True,296,19,1,2,175,4404.0,7,True,False,Robots
1,32.0,37.0,11,1,6,True,500,58,4,3,386,18185.0,7,True,False,Android
1,39.0,43.0,6,4,6,True,361,53,3,1,647,3184.0,8,False,False,Design Tools
1,125.0,0.0,7,4,6,True,253,52,3,3,0,0.0,4,True,False,iOS
1,415.0,27.0,7,0,1,True,299,49,3,5,74,0.0,8,False,False,Productivity
11,0.0,0.0,12,1,5,True,48,49,3,2,0,938.0,9,True,False,API
10,139.0,23.0,8,0,5,True,413,49,3,1,2043,1748.0,7,False,False,Productivity
1,0.0,142.0,7,1,6,True,238,60,2,1,171,0.0,5,False,False,Productivity
222,12.0,16.0,7,5,5,True,450,43,2,12,437,0.0,8,False,False,Messaging
3,94.0,4.0,7,4,5,True,448,44,2,8,12,30628.0,9,True,False,Linux
1,23.0,30.0,23,4,5,True,459,60,3,0,391,0.0,5,False,False,API
8,191.0,103.0,7,0,6,True,421,56,3,1,90,61389.0,8,True,False,Productivity
5,87.0,10.0,7,0,5,True,449,45,3,1,167,1161.0,4,False,False,Customer Success
9,0.0,0.0,14,5,5,True,500,44,4,1,127,3587.0,6,True,False,Crypto
9,94.0,40.0,7,3,6,True,348,47,4,1,537,4672.0,7,False,False,Venture Capital
6,5.0,0.0,17,4,6,False,286,60,3,4,710,0.0,7,True,False,Hardware
1,128.0,13.0,7,0,5,True,225,60,3,1,269,21208.0,0,False,False,Developer Tools
14,197.0,52.0,9,0,5,True,485,60,3,1,334,0.0,6,False,False,Email
9,106.0,111.0,23,2,5,True,424,60,3,0,632,0.0,10,False,False,Education
179,439.0,0.0,17,3,5,True,435,53,3,2,0,4446.0,3,True,False,Design Tools
2,51.0,0.0,20,3,5,False,500,51,3,1,105,0.0,4,True,False,Productivity
3,41.0,15.0,9,3,6,True,207,60,3,1,0,0.0,8,True,False,Robots
18,136.0,10.0,7,2,5,False,401,57,3,1,37,0.0,4,False,False,API
4,113.0,3.0,18,2,5,True,230,40,3,2,161,1221.0,7,False,False,Home
1,252.0,145.0,6,4,6,True,286,54,3,1,0,5206.0,0,False,False,Weather
18,73.0,5.0,23,3,5,False,500,60,3,1,361,4929.0,9,False,False,Hiring
11,116.0,23.0,6,5,6,False,486,56,1,1,0,2992.0,7,False,False,Software Engineering
43,146.0,2.0,7,6,6,True,500,38,1,1,352,4216.0,8,False,False,Email
1,0.0,9.0,2,3,5,True,433,57,4,1,255,0.0,5,False,False,Mac
7,204.0,8.0,0,3,4,False,500,27,3,5,578,1816.0,7,False,False,Prototyping
4,0.0,1.0,8,1,5,True,500,57,4,1,0,2949.0,27,True,False,Weather
1,24.0,7.0,6,2,5,True,209,55,3,4,0,0.0,4,False,False,API
11,0.0,16.0,3,3,5,True,411,60,3,1,0,0.0,5,False,False,Web App
7,0.0,0.0,8,5,5,True,363,22,2,5,0,357.0,5,False,False,Music
1,191.0,53.0,16,4,5,True,395,53,3,2,599,0.0,9,True,False,Productivity
4,350.0,9.0,7,1,6,True,500,48,4,5,0,1163.0,7,False,False,3D Printer
2,0.0,15.0,8,5,6,True,295,59,3,1,202,11115.0,2,False,False,Analytics
31,272.0,7.0,7,5,5,True,306,17,1,2,204,4040.0,2,False,False,Chrome Extensions
1,80.0,0.0,17,1,7,True,174,59,3,1,0,109824.0,10,True,False,Productivity
6,72.0,1.0,18,1,1,True,500,45,3,1,278,56683.0,17,True,False,Social Media
6,0.0,21.0,6,3,5,True,491,60,3,0,0,74172.0,10,True,False,iOS
7,157.0,6.0,7,0,5,True,483,53,4,4,0,122810.0,5,False,False,API
1,184.0,173.0,7,1,1,True,366,43,3,1,329,330.0,6,False,False,Web App
1,195.0,15.0,23,3,3,True,500,60,5,1,317,652.0,4,False,False,Social Media
23,38.0,0.0,2,2,8,True,446,60,3,1,648,124893.0,13,False,False,API
2,63.0,8.0,7,5,5,False,415,60,3,1,0,520.0,0,True,False,Mac
4,216.0,47.0,8,6,5,False,500,56,3,1,500,5151.0,6,False,False,Browser Extensions
1,16.0,0.0,7,6,6,True,381,52,1,2,0,6347.0,7,True,False,Developer Tools
1,53.0,25.0,6,0,5,True,395,17,3,1,260,3702.0,1,True,False,Prototyping
1,104.0,37.0,7,4,6,True,117,51,3,0,0,10497.0,4,False,False,Developer Tools
2,241.0,0.0,9,4,5,True,143,43,3,1,0,70.0,2,False,False,Productivity
6,0.0,39.0,10,6,6,True,500,60,3,0,517,4434.0,7,True,False,iOS
11,0.0,1.0,7,2,6,True,205,34,1,0,473,6848.0,6,False,False,Retro Games
15,46.0,0.0,1,2,6,True,399,50,1,1,0,174.0,6,False,False,Crypto
1,30.0,0.0,7,4,5,False,355,48,1,1,0,96795.0,8,True,False,Audio
1,37.0,129.0,7,3,3,True,500,33,2,3,402,4271.0,8,False,False,Productivity
12,0.0,34.0,14,6,5,False,365,46,3,1,0,94295.0,4,False,False,Artificial Intelligence
1,92.0,28.0,0,4,6,True,478,51,3,2,283,0.0,13,True,False,Payments
1,0.0,0.0,6,3,5,True,450,47,3,1,281,1710.0,5,True,False,Email Marketing
9,66.0,23.0,21,3,5,True,499,57,3,1,359,119606.0,5,True,False,Productivity
11,0.0,23.0,7,3,5,True,124,52,3,1,227,53648.0,7,False,False,Design Tools
3,22.0,2.0,2,5,5,False,500,27,3,4,177,28475.0,1,False,False,Productivity
5,134.0,0.0,8,3,5,True,483,30,1,3,99,3658.0,4,True,False,WordPress
9,52.0,107.0,7,4,6,True,293,59,3,4,382,249.0,4,True,False,Productivity
1,0.0,6.0,13,5,6,True,359,60,3,3,21,0.0,13,False,False,Mac
6,10.0,12.0,7,0,6,True,173,54,3,1,123,1892.0,7,False,False,Marketing
1,0.0,0.0,8,4,1,True,500,41,4,1,161,0.0,6,False,False,Productivity
14,20.0,26.0,13,5,5,True,356,36,4,2,0,1242.0,8,True,False,Developer Tools
17,21.0,16.0,7,5,5,False,423,58,1,2,0,0.0,1,False,False,Web App
5,79.0,10.0,20,3,6,True,445,51,2,2,0,29847.0,9,True,False,3D Printer
1,0.0,0.0,23,5,5,True,128,19,3,3,3652,0.0,12,True,False,Email Marketing
1,34.0,0.0,7,5,6,True,203,60,1,3,0,0.0,6,False,False,Weather
19,392.0,0.0,23,5,6,True,500,57,3,1,2536,0.0,2,True,False,Productivity
38,0.0,13.0,17,5,1,True,427,51,6,1,324,3354.0,4,False,False,Marketing
14,697.0,13.0,2,4,5,True,191,42,3,1,187,110832.0,3,True,False,API
6,214.0,11.0,7,6,7,True,478,58,3,5,728,0.0,5,True,False,iOS
5,146.0,15.0,23,1,5,False,427,60,1,3,0,0.0,7,False,False,Messaging
4,93.0,11.0,7,0,6,True,137,35,3,0,0,0.0,12,True,False,Productivity
17,176.0,139.0,7,4,5,True,500,60,3,1,262,3565.0,1,True,False,API
1,28.0,67.0,7,4,6,True,350,52,3,4,0,0.0,7,False,False,Music
1,0.0,0.0,6,3,5,True,379,58,3,1,95,2997.0,0,True,False,Customer Communication
1,37.0,17.0,11,5,5,True,433,44,3,1,0,0.0,5,True,False,Design Tools
1,409.0,86.0,13,3,6,True,155,42,3,1,152,5255.0,7,True,False,Artificial Intelligence
1,180.0,9.0,10,0,5,True,468,39,3,1,626,0.0,8,False,False,Design Tools
1,456.0,6.0,7,0,5,True,462,60,8,2,225,0.0,5,True,False,Couples
16,6.0,10.0,6,1,6,False,391,60,4,0,3064,1945.0,7,False,False,Writing
3,42.0,0.0,7,6,5,False,479,60,3,4,312,1413.0,4,True,False,Android
9,4.0,0.0,7,1,5,True,276,60,3,1,0,0.0,1,False,False,Robots
1,45.0,1.0,7,4,5,True,337,60,3,1,574,1607.0,5,False,False,Design Tools
1,133.0,21.0,8,6,6,True,484,38,3,1,29,137700.0,6,False,False,Productivity
1,147.0,28.0,6,3,6,True,483,49,4,5,174,2244.0,5,True,False,API
18,341.0,0.0,17,0,6,True,487,60,4,2,169,3567.0,1,False,False,Growth Hacking
2,58.0,12.0,12,6,5,False,166,50,3,3,0,5369.0,7,True,False,Fashion
7,162.0,0.0,7,3,6,True,431,58,3,1,0,144863.0,5,False,False,Art
4,0.0,0.0,7,3,6,True,163,55,2,1,0,996.0,4,False,False,Design Tools
16,125.0,103.0,7,4,5,True,355,39,2,0,223,512.0,8,False,False,Productivity
1,32.0,7.0,8,6,5,True,232,45,1,1,0,3986.0,7,True,False,Notes
12,70.0,16.0,6,4,5,False,427,59,4,1,126,5839.0,10,False,False,Android
1,143.0,14.0,7,2,5,True,307,56,3,0,249,1356.0,7,True,False,Mac
7,151.0,21.0,7,5,5,True,491,60,3,4,666,0.0,5,True,False,Health & Fitness
1,0.0,0.0,6,1,5,True,48,46,3,0,0,910.0,10,True,False,Mac
1,109.0,0.0,7,3,5,True,272,55,3,1,188,3825.0,6,True,False,Marketing
1,12.0,6.0,7,0,5,True,407,60,3,1,3268,679.0,9,False,False,Android
1,4.0,0.0,10,6,5,True,447,42,4,1,1,0.0,5,False,False,Music
11,149.0,1.0,22,6,6,False,495,60,3,1,0,1459.0,1,False,False,Productivity
8,160.0,16.0,7,5,6,False,478,53,3,1,169,0.0,7,False,False,Open Source
2,73.0,12.0,6,3,5,True,367,41,5,1,195,3060.0,5,False,False,Couples
1,47.0,0.0,11,4,6,True,447,56,3,4,357,93021.0,3,True,False,Couples
7,144.0,35.0,19,2,6,True,441,54,3,4,563,3245.0,9,False,False,Android
19,0.0,107.0,6,3,5,False,497,52,4,1,193,1104.0,7,False,False,Mac
3,19.0,0.0,8,0,5,True,429,50,3,1,2950,49798.0,9,False,False,Artificial Intelligence
8,121.0,5.0,23,3,6,True,432,54,3,1,273,0.0,8,True,False,Artificial Intelligence
5,0.0,2.0,6,4,6,True,432,57,3,1,529,49154.0,6,False,False,Productivity
1,82.0,0.0,7,1,6,True,334,60,3,1,0,6145.0,6,False,False,API
1,45.0,159.0,7,2,6,True,500,35,3,0,2199,2569.0,7,True,False,Sales
15,26.0,0.0,2,5,6,False,292,38,3,1,241,0.0,7,False,False,SaaS
4,0.0,11.0,6,4,5,True,91,32,3,3,0,56506.0,4,False,False,Productivity
8,0.0,0.0,7,0,5,True,431,56,3,1,0,2130.0,4,False,False,Marketing
3,0.0,6.0,18,2,5,True,500,60,2,2,269,0.0,1,True,False,Web App
10,431.0,0.0,14,5,5,True,403,38,6,2,42,2769.0,8,True,False,Virtual Reality
25,82.0,16.0,8,3,6,False,287,56,4,1,0,17421.0,9,False,False,Productivity
12,0.0,113.0,6,3,6,True,448,60,3,2,1900,2385.0,4,False,False,iOS
1,23.0,14.0,23,2,5,True,382,60,3,1,417,665.0,4,True,False,Artificial Intelligence
12,79.0,0.0,23,4,6,False,500,17,3,1,381,508.0,8,False,False,Developer Tools
12,72.0,27.0,7,2,6,True,226,52,3,0,0,615.0,4,True,False,Design Tools
15,2661.0,9.0,18,1,6,True,314,54,3,1,319,63203.0,6,True,False,Marketing
35,0.0,42.0,9,3,5,True,473,52,1,1,57,566.0,7,True,False,SaaS
1,76.0,0.0,8,4,6,True,470,60,3,5,0,4009.0,7,False,False,Mac
1,181.0,0.0,23,3,6,True,260,56,3,3,0,100213.0,9,True,False,Sales
1,154.0,17.0,17,0,5,True,467,56,3,0,118,3111.0,8,False,False,Robots
7,86.0,0.0,8,5,6,True,265,58,2,1,0,0.0,1,False,False,Productivity
9,10.0,0.0,6,6,5,True,259,60,9,1,0,92679.0,6,False,False,Developer Tools
25,130.0,9.0,6,1,5,True,155,60,2,1,21,2607.0,6,False,False,Meetings
10,119.0,3.0,6,0,5,True,446,17,3,4,136,3959.0,6,False,False,User Experience
10,0.0,27.0,7,3,6,True,467,59,4,1,4,0.0,4,False,False,Productivity
6,208.0,127.0,7,0,1,True,467,42,3,13,551,1802.0,8,False,False,Analytics
8,75.0,0.0,6,3,6,True,431,56,5,2,56,69591.0,6,False,False,Android
12,117.0,0.0,21,3,5,True,142,54,3,4,326,375.0,12,False,False,Web App
32,53.0,0.0,7,4,5,False,267,60,4,1,0,2155.0,3,False,False,Design Tools
3,354.0,127.0,7,1,5,False,357,54,4,1,45,538.0,7,False,False,Streaming Services
27,125.0,87.0,6,2,6,True,123,60,2,1,0,96941.0,0,True,False,API
1,195.0,16.0,21,6,6,True,436,56,3,1,97,132027.0,9,False,False,Software Engineering
2,97.0,0.0,21,3,5,True,286,54,3,1,455,5007.0,7,False,False,Productivity
8,0.0,24.0,6,3,1,True,445,55,3,3,153,1007.0,4,False,False,Productivity
1,88.0,151.0,11,1,6,False,180,32,3,1,0,132.0,6,False,False,Analytics
1,161.0,20.0,10,4,1,True,500,17,3,1,507,0.0,4,True,False,Kids
11,0.0,54.0,7,4,5,True,355,60,1,3,0,0.0,23,True,False,Productivity
2,0.0,0.0,7,2,5,True,292,57,3,1,386,0.0,7,False,False,Writing
7,0.0,40.0,15,0,6,True,500,57,3,1,432,87847.0,5,False,False,Mac
18,192.0,130.0,7,2,5,True,381,60,4,1,376,96401.0,7,True,False,Productivity
1,18.0,13.0,7,3,6,True,500,53,3,0,0,0.0,8,True,False,Productivity
13,69.0,11.0,7,3,1,False,425,60,4,1,291,0.0,9,False,False,Mac
25,31.0,56.0,6,0,2,True,250,60,2,2,0,567.0,7,True,False,Payments
1,107.0,113.0,6,3,6,True,431,43,1,1,423,3669.0,5,False,False,Health & Fitness
1,125.0,23.0,6,1,5,True,396,60,3,6,331,2399.0,4,False,False,Productivity
48,61.0,5.0,8,3,5,True,261,52,1,1,0,5238.0,5,False,False,Analytics
24,68.0,0.0,6,3,5,False,328,29,2,1,549,1667.0,4,False,False,Design Tools
1,67.0,0.0,7,4,5,True,177,46,3,2,429,2501.0,8,True,False,Dating
10,91.0,39.0,7,0,5,True,435,29,3,5,40,28422.0,2,False,False,Productivity
1,74.0,78.0,8,5,6,True,492,22,3,1,0,86173.0,7,True,False,Mac
1,96.0,14.0,14,4,5,True,338,58,3,1,242,0.0,11,False,False,Music
3,739.0,25.0,15,3,5,True,48,17,3,1,0,242.0,2,True,False,Productivity
6,69.0,0.0,8,5,6,True,500,47,3,7,541,0.0,8,True,False,Marketing
1,133.0,53.0,8,4,5,True,442,55,3,2,414,1999.0,7,True,False,Productivity
15,34.0,18.0,14,0,6,False,464,34,3,1,39,918.0,5,False,False,Open Source
1,88.0,63.0,7,6,5,True,426,57,3,1,287,81859.0,6,False,False,Mac
11,2661.0,25.0,7,5,5,True,155,42,3,2,138,3930.0,6,False,False,Art
1,14.0,12.0,23,2,5,False,427,58,1,1,11,75925.0,3,True,False,Couples
1,0.0,0.0,12,2,6,True,225,51,2,1,371,18354.0,4,False,False,Mac
1,62.0,0.0,11,6,6,True,375,49,3,5,198,2409.0,8,True,False,Android
7,80.0,0.0,8,5,5,True,291,60,1,1,183,1622.0,5,True,False,Virtual Reality
18,105.0,0.0,19,1,5,False,410,55,1,1,0,2319.0,5,False,False,Crypto
16,91.0,7.0,6,0,6,True,331,60,3,4,0,8327.0,5,False,False,Health & Fitness
1,43.0,48.0,6,4,5,True,235,48,3,2,294,116927.0,4,False,False,Productivity
1,0.0,18.0,7,3,5,True,437,28,3,4,3,3248.0,3,True,False,API
1,0.0,25.0,17,3,5,False,488,52,5,3,104,1531.0,2,False,False,Growth Hacking
9,0.0,14.0,12,0,5,False,432,49,1,1,254,1080.0,9,False,False,Software Engineering
1,63.0,6.0,7,4,5,True,172,53,3,3,198,3294.0,8,True,False,iOS
3,116.0,25.0,11,3,5,True,483,55,2,6,0,0.0,3,False,False,Chrome Extensions
16,0.0,3.0,7,3,6,True,373,29,3,1,374,1214.0,6,False,False,Web App
21,0.0,0.0,1,6,6,False,426,47,1,4,0,211.0,5,False,False,iOS
1,107.0,6.0,16,1,5,False,100,41,2,1,75,647.0,7,False,False,Slack
1,6.0,20.0,8,3,3,False,313,48,3,1,1677,749.0,6,False,False,Chrome Extensions
5,179.0,16.0,7,1,5,True,141,58,3,0,48,168792.0,3,True,False,API
14,0.0,9.0,7,3,5,True,262,23,3,1,0,92196.0,7,False,False,iOS
5,28.0,14.0,7,5,5,True,222,57,3,0,0,2761.0,6,False,False,Productivity
16,149.0,0.0,7,3,5,True,123,59,3,3,74,0.0,10,True,False,Productivity
14,198.0,1.0,16,3,5,True,500,50,3,1,275,37910.0,5,False,False,Venture Capital
16,116.0,12.0,23,3,6,True,114,42,3,1,109,0.0,8,False,False,Productivity
7,6.0,1.0,7,6,5,True,496,58,3,5,299,1704.0,8,True,False,Developer Tools
4,96.0,52.0,9,4,6,True,500,56,3,1,475,0.0,8,False,False,Productivity
1,15.0,30.0,6,5,5,True,264,52,3,1,275,0.0,8,True,False,Artificial Intelligence
1,52.0,32.0,6,5,5,True,365,50,5,1,663,19504.0,8,True,False,No-Code
1,238.0,0.0,10,2,6,True,224,49,3,1,729,1017.0,4,False,False,Health & Fitness
5,100.0,40.0,7,5,5,True,500,24,2,1,251,4644.0,5,True,False,Web App
8,1976.0,0.0,7,1,7,True,114,57,3,1,0,0.0,10,False,False,Hardware
1,225.0,2.0,8,3,6,True,452,59,3,3,274,0.0,9,False,False,Web App
1,61.0,2.0,6,2,5,True,161,60,3,1,0,0.0,16,False,False,Productivity
25,185.0,0.0,14,5,5,False,489,44,4,4,0,0.0,2,False,False,Analytics
1,124.0,3.0,20,1,5,True,444,54,1,2,95,4387.0,2,False,False,Marketing
1,78.0,89.0,7,6,6,True,261,52,3,0,2,2067.0,4,True,False,Productivity
10,155.0,22.0,9,3,5,True,497,54,3,4,130,77.0,4,False,False,Sales
1,96.0,43.0,7,2,6,True,466,41,3,0,325,1187.0,5,True,False,Time Tracking
1,89.0,2.0,17,1,5,True,445,60,3,2,134,10857.0,5,True,False,Hiring
2,0.0,16.0,7,4,5,True,147,56,3,4,630,3910.0,9,True,False,Open Source
2,312.0,3.0,7,0,6,False,451,55,2,7,714,3334.0,10,False,False,Productivity
1,87.0,0.0,7,3,5,True,413,49,3,8,403,69078.0,8,False,False,Dating
3,15.0,12.0,7,5,5,True,97,37,3,2,0,34526.0,4,True,False,Productivity
17,0.0,66.0,6,3,5,True,270,59,4,2,0,4690.0,5,False,False,Productivity
1,82.0,67.0,23,4,6,True,399,57,3,1,0,2794.0,7,True,False,Productivity
4,3.0,0.0,7,0,1,True,118,56,2,1,477,0.0,10,True,False,Design Tools
1,151.0,16.0,7,4,5,True,467,39,3,0,623,1506.0,10,True,False,Task Management
12,0.0,23.0,6,3,5,False,178,54,2,0,528,0.0,8,True,False,SaaS
38,113.0,7.0,7,3,5,True,358,59,3,5,117,18606.0,8,False,False,SaaS
1,8.0,31.0,8,1,5,True,391,49,3,3,20892,0.0,7,False,False,Productivity
26,720.0,54.0,8,3,6,False,181,36,3,1,0,1770.0,6,False,False,eBook Reader
1,156.0,9.0,13,4,5,True,432,49,3,4,63,34940.0,5,False,False,Software Engineering
4,47.0,172.0,11,0,5,True,395,52,3,1,3498,21323.0,7,False,False,Design Tools
11,173.0,21.0,7,3,6,True,297,54,3,0,1400,25399.0,6,False,False,Social Media
13,62.0,0.0,7,2,5,False,152,52,4,1,11,3775.0,6,False,False,API
16,190.0,13.0,7,6,6,True,365,50,3,3,0,16231.0,5,False,False,Mac
1,191.0,28.0,20,1,6,True,345,46,3,1,222,132026.0,0,False,False,Web App
8,110.0,4.0,7,1,5,False,185,41,3,9,213,4061.0,9,False,False,WordPress
37,103.0,21.0,14,4,6,True,480,43,3,2,0,1916.0,8,True,False,Messaging
4,234.0,6.0,8,1,9,True,490,56,3,1,168,340.0,4,False,False,Web App
4,59.0,27.0,10,4,5,True,221,49,3,0,1183,2065.0,7,True,False,API
19,0.0,0.0,11,3,6,False,304,34,3,0,208,0.0,3,False,False,Design Tools
1,99.0,7.0,6,1,6,True,404,55,3,0,0,32863.0,6,True,False,Mac
1,0.0,13.0,18,3,5,True,364,53,4,4,0,785.0,7,False,False,Streaming Services
3,163.0,102.0,19,0,5,True,326,59,4,4,305,3133.0,7,False,False,Tech
178,451.0,9.0,8,4,6,True,500,45,1,2,462,22791.0,9,True,False,Sales
5,223.0,9.0,7,6,5,True,426,55,3,1,0,3299.0,4,True,False,Android
1,590.0,15.0,22,3,3,True,204,39,3,1,164,2479.0,4,False,False,Productivity
23,38.0,0.0,6,0,6,True,269,51,3,2,18,2529.0,4,False,False,Productivity
11,249.0,5.0,16,2,5,True,468,53,5,1,0,70189.0,7,False,False,Home
83,124.0,111.0,3,4,2,True,183,49,3,3,0,25506.0,7,True,False,Mac
14,98.0,8.0,7,2,6,True,167,60,3,8,655,3160.0,3,True,False,SaaS
2,109.0,0.0,7,0,5,True,474,32,3,1,117,4733.0,6,False,False,Productivity
1,0.0,0.0,7,5,6,True,185,51,4,1,359,2440.0,14,True,False,Streaming Services
17,24.0,17.0,10,1,5,True,286,54,4,1,79,19114.0,8,True,False,Tech
23,231.0,70.0,17,3,6,True,287,41,5,1,0,389.0,3,False,False,Marketing
18,1033.0,0.0,8,1,6,True,419,60,4,6,0,0.0,8,False,False,Mac
1,72.0,29.0,8,3,6,True,481,56,3,1,216,0.0,3,False,False,Social Media
35,120.0,6.0,6,2,6,True,500,49,3,5,0,0.0,7,True,False,Productivity
1,23.0,0.0,12,0,1,True,281,57,3,5,708,53900.0,12,True,False,iOS
14,96.0,30.0,6,5,5,True,500,60,4,1,407,58.0,9,True,False,Productivity
14,143.0,5.0,20,1,5,True,263,60,3,1,193,15627.0,6,False,False,Web App
1,362.0,47.0,7,1,5,True,207,59,3,1,2209,125405.0,7,False,False,User Experience
15,2.0,35.0,13,3,6,False,456,37,3,8,0,169.0,13,False,False,Productivity
8,107.0,5.0,7,3,6,True,128,54,3,4,152,0.0,3,True,False,Marketing
5,78.0,23.0,10,2,5,True,416,55,5,7,103,3329.0,3,False,False,Education
1,0.0,42.0,7,3,5,True,500,56,3,5,173,0.0,3,False,False,Customer Success
1,817.0,10.0,7,3,6,True,156,59,3,1,14,0.0,10,True,False,API
33,170.0,1.0,7,4,5,False,383,60,4,1,278,0.0,8,True,False,Android
1,111.0,0.0,8,0,5,False,394,53,1,6,639,5918.0,3,True,False,Art
3,16.0,45.0,7,0,5,True,420,52,2,3,0,0.0,6,True,False,Streaming Services
3,25.0,1.0,7,4,6,False,500,54,1,4,167,3838.0,3,False,False,Web App
7,274.0,38.0,15,3,6,True,500,56,2,3,309,4138.0,3,False,False,Productivity
9,43.0,91.0,6,3,6,True,357,35,3,0,31,4322.0,8,False,False,Web App
1,257.0,0.0,13,1,5,True,333,42,3,0,131,2138.0,9,False,False,Chrome Extensions
2,30.0,116.0,6,1,7,False,416,42,2,2,303,0.0,8,True,False,Productivity
5,0.0,0.0,20,2,6,False,480,43,4,6,336,2053.0,4,False,False,SaaS
1,62.0,35.0,7,3,5,True,354,36,3,1,199,0.0,5,True,False,Slack
1,119.0,6.0,12,5,5,True,171,47,3,1,514,299.0,5,False,False,API
9,73.0,79.0,7,0,5,True,406,41,4,0,24,1946.0,9,False,False,Customer Communication
84,82.0,104.0,20,0,5,True,398,58,8,1,97,0.0,8,False,False,Web App
8,130.0,132.0,12,3,5,False,308,60,3,3,595,4657.0,9,False,False,Open Source
4,0.0,35.0,11,1,6,True,396,39,3,2,141,98661.0,7,True,False,Mac
1,62.0,1.0,23,2,5,True,500,60,3,1,663,0.0,8,True,False,Productivity
11,147.0,23.0,7,1,6,True,228,59,3,0,282,4137.0,5,True,False,Open Source
1,172.0,2.0,17,1,5,True,496,51,8,3,0,0.0,4,False,False,Messaging
3,62.0,51.0,7,1,5,False,441,58,2,1,0,2581.0,7,False,False,Chrome Extensions
12,153.0,56.0,1,2,5,False,500,56,3,1,0,0.0,9,True,False,No-Code
3,20.0,6.0,8,4,5,True,332,60,2,5,2474,101931.0,5,False,False,Customer Communication
1,92.0,9.0,7,5,6,True,160,60,4,1,0,58313.0,6,True,False,Artificial Intelligence
1,81.0,0.0,7,0,5,True,224,53,2,1,2064,2246.0,1,False,False,Android
1,402.0,0.0,8,4,5,True,488,60,3,1,547,285.0,9,True,False,Mac
9,0.0,124.0,7,5,5,True,201,45,3,1,2512,1547.0,2,False,False,Mac
21,133.0,133.0,14,5,6,True,322,58,4,1,78,0.0,6,False,False,Chrome Extensions
10,0.0,41.0,6,1,6,False,482,60,3,1,105,0.0,12,False,False,Productivity
1,86.0,160.0,6,1,5,True,317,60,3,2,0,601.0,5,True,False,No-Code
13,98.0,14.0,16,4,5,False,357,53,3,2,44823,24299.0,7,False,False,Mac
6,30.0,45.0,14,4,5,True,500,58,3,4,2485,0.0,8,False,False,Productivity
5,72.0,19.0,8,4,1,True,500,39,4,1,4437,4051.0,10,True,False,Android
1,178.0,14.0,7,5,6,True,171,44,3,2,557,1152.0,5,True,False,API
5,138.0,15.0,15,3,5,True,102,60,3,0,1953,492.0,9,True,False,Chrome Extensions
11,102.0,106.0,1,0,6,True,313,60,1,4,0,1115.0,10,True,False,Email
18,0.0,22.0,18,5,5,True,309,57,1,1,165,0.0,7,True,False,Growth Hacking
4,0.0,0.0,7,0,6,True,406,56,3,1,298,0.0,5,False,False,Design Tools
1,157.0,2.0,7,3,6,True,48,60,4,1,513,3578.0,5,True,False,Hardware
1,0.0,9.0,19,4,5,True,495,56,3,0,0,51347.0,9,False,False,Analytics
10,152.0,9.0,10,5,5,True,297,36,1,1,0,108.0,8,True,False,Productivity
4,166.0,22.0,17,5,6,True,461,60,3,1,417,22230.0,6,False,False,Developer Tools
5,97.0,130.0,0,3,5,True,249,54,3,2,148,107101.0,3,True,False,Mac
15,114.0,51.0,8,4,2,True,362,60,3,1,256,0.0,6,False,False,Developer Tools
1,115.0,104.0,7,1,5,True,390,17,3,0,239,5147.0,9,False,False,Email
7,40.0,0.0,8,1,5,False,460,54,2,1,11,1354.0,3,True,False,Productivity
15,13.0,33.0,7,3,5,True,428,56,3,0,313,1398.0,16,True,False,Virtual Reality
1,0.0,45.0,7,6,5,True,352,60,3,1,599,2559.0,6,False,False,Messaging
5,113.0,29.0,7,3,6,True,224,45,3,0,67,0.0,9,True,False,Mac
1,1039.0,38.0,7,5,5,True,211,36,3,9,100,3572.0,7,False,False,Mac
7,368.0,126.0,6,3,2,False,333,51,4,6,442,2491.0,7,False,False,Travel
9,0.0,0.0,7,5,6,False,384,58,3,3,270,1177.0,6,False,False,Developer Tools
16,83.0,0.0,6,6,5,True,400,59,3,5,15969,3849.0,12,False,False,Productivity
9,104.0,34.0,10,6,6,True,500,60,1,0,0,2209.0,4,True,False,Health & Fitness
107,0.0,0.0,7,3,6,False,275,53,3,1,0,5099.0,6,False,False,Education
2,5.0,0.0,7,5,6,False,327,54,2,1,0,2478.0,7,False,False,Productivity
13,19.0,65.0,16,5,6,True,315,53,3,4,0,624.0,6,False,False,Developer Tools
1,177.0,19.0,6,6,5,True,48,51,3,1,0,3066.0,5,True,False,Productivity
12,198.0,39.0,8,5,5,True,500,59,1,1,525,0.0,10,True,False,Custom Keyboards
5,427.0,0.0,9,0,5,True,196,50,3,6,494,0.0,4,False,False,Marketing
1,0.0,13.0,15,3,5,True,467,60,3,1,0,2884.0,1,False,False,Mac
9,92.0,34.0,6,2,5,True,411,52,3,4,399,115921.0,6,False,False,Productivity
19,115.0,206.0,14,6,5,True,336,60,2,3,136,519.0,8,False,False,Software Engineering
20,188.0,51.0,7,3,6,True,278,48,3,1,157,15007.0,2,True,False,Writing
11,86.0,2.0,8,1,1,True,122,37,3,1,0,2813.0,6,False,False,Productivity
12,384.0,12.0,20,2,6,True,201,60,3,1,337,0.0,6,True,False,Health & Fitness
8,41.0,3.0,7,2,5,True,467,47,3,3,463,0.0,11,True,False,Mac
1,10.0,8.0,22,4,6,True,374,53,1,1,73,17396.0,9,True,False,Software Engineering
47,130.0,0.0,6,0,6,True,48,56,3,2,143,0.0,6,True,False,Web App
2,0.0,0.0,6,6,5,False,462,57,3,4,0,2795.0,5,False,False,Design Tools
1,53.0,150.0,7,6,5,False,109,47,3,0,0,5059.0,9,False,False,Notes
6,39.0,3.0,7,4,6,True,413,55,3,13,216,1207.0,7,False,False,Productivity
12,61.0,6.0,7,2,6,True,307,37,3,1,0,0.0,5,False,False,Web App
5,97.0,2.0,7,2,5,False,461,39,3,1,0,5177.0,3,False,False,SaaS
1,306.0,215.0,7,3,5,True,442,33,3,16,37,0.0,5,True,False,Android
125,114.0,0.0,7,2,6,True,438,51,3,3,82,2560.0,3,False,False,Productivity
16,113.0,6.0,7,3,5,True,256,53,3,3,23,1065.0,11,False,False,API
7,98.0,0.0,6,5,5,False,236,60,4,1,248,879.0,7,True,False,Software Engineering
1,113.0,43.0,15,5,10,True,419,54,3,8,374,730.0,9,False,False,Productivity
6,50.0,23.0,8,2,5,False,185,49,3,1,108,128.0,5,True,False,Fintech
10,0.0,0.0,10,0,5,False,463,58,3,0,669,2607.0,7,True,False,Customer Success
11,87.0,0.0,12,2,1,False,86,55,3,1,0,1430.0,4,False,False,API
6,0.0,0.0,7,6,5,True,448,59,3,1,0,0.0,4,False,False,iOS
6,82.0,28.0,6,4,6,True,500,56,3,2,319,0.0,3,False,False,Payments
1,0.0,0.0,15,3,6,True,404,60,3,1,3826,19320.0,9,False,False,Marketing
4,0.0,5.0,9,5,5,True,426,40,4,1,246,270.0,5,False,False,Tech
1,83.0,6.0,9,4,6,True,332,59,4,2,264,3719.0,1,True,False,Crypto
8,98.0,68.0,8,4,5,True,500,48,2,1,234,15643.0,7,True,False,Open Source
1,0.0,57.0,7,3,5,False,281,57,4,1,238,0.0,1,True,False,SaaS
1,0.0,2.0,7,6,6,True,257,54,3,5,0,3863.0,4,False,False,Mac
1,130.0,27.0,6,4,5,True,251,31,3,2,288,3882.0,4,False,False,Travel
11,0.0,6.0,19,5,6,True,500,34,2,5,278,0.0,6,True,False,Android
19,14.0,12.0,23,6,5,False,500,55,3,1,260,594.0,6,False,False,Social Media
3,13.0,1.0,7,3,5,True,479,60,3,1,310,4546.0,5,True,False,SaaS
13,513.0,0.0,17,3,3,True,500,50,3,4,265,5165.0,6,False,False,Education
3,154.0,0.0,6,1,5,True,352,53,2,4,270,4076.0,4,False,False,Mac
14,104.0,109.0,6,1,6,True,370,60,1,0,45,4464.0,8,False,False,Growth Hacking
8,0.0,102.0,20,5,5,False,378,53,2,1,103,141596.0,6,False,False,Software Engineering
2,0.0,23.0,15,6,5,True,256,56,2,1,120,23637.0,5,False,False,Mac
1,0.0,36.0,19,3,4,True,449,60,3,1,0,116049.0,11,True,False,Dating
7,543.0,37.0,7,6,5,True,463,54,3,3,72,6321.0,6,True,False,iOS
2,0.0,5.0,7,3,5,True,500,60,2,1,172,3248.0,0,True,False,Mac
19,0.0,0.0,3,3,5,False,454,60,4,1,342,0.0,0,False,False,SaaS
14,900.0,0.0,7,6,5,False,190,47,1,1,0,23400.0,4,False,False,Web App
3,13.0,19.0,7,0,5,True,156,24,8,2,419,15743.0,9,False,False,Web App
14,12.0,0.0,7,1,6,False,216,48,3,0,0,158840.0,8,True,False,SaaS
9,58.0,12.0,6,2,6,True,148,53,3,7,0,8611.0,8,False,False,Productivity
6,183.0,8.0,8,2,5,False,250,55,3,1,297,0.0,8,False,False,SaaS
12,65.0,0.0,17,5,6,False,363,48,3,1,3011,0.0,8,False,False,Mac
1,137.0,19.0,20,3,5,True,471,54,5,4,265,23702.0,5,False,False,Productivity
18,0.0,0.0,10,4,6,True,392,60,5,4,253,0.0,5,False,False,Health & Fitness
1,103.0,25.0,7,2,5,True,500,40,3,1,363,83507.0,7,False,False,Chrome Extensions
1,397.0,23.0,7,1,9,True,303,60,3,5,159,6259.0,11,False,False,Productivity
1,503.0,0.0,15,1,6,False,222,57,3,1,116,31951.0,9,False,False,Social Media
1,0.0,18.0,7,5,5,True,500,48,3,1,568,2793.0,6,False,False,Social Media
9,79.0,134.0,8,3,5,True,326,58,3,2,0,0.0,3,True,False,Productivity
1,100.0,0.0,6,3,5,False,267,57,3,1,316,3582.0,7,True,False,Software Engineering
12,143.0,0.0,7,4,5,False,481,60,3,5,177,0.0,8,False,False,Sales
3,118.0,11.0,18,5,7,True,227,45,5,8,378,462.0,4,False,False,Weather
1,187.0,68.0,14,6,6,False,441,36,1,1,0,4051.0,5,False,False,Writing
8,167.0,26.0,7,0,6,True,363,60,3,1,2623,3039.0,3,False,False,Hardware
1,76.0,0.0,18,3,5,False,287,60,3,0,0,0.0,7,True,False,Developer Tools
1,116.0,0.0,7,4,5,True,402,49,5,1,227,0.0,8,True,False,Health & Fitness
17,0.0,1.0,7,1,5,True,500,48,4,1,308,16512.0,9,True,False,API
16,109.0,5.0,23,1,5,True,351,22,2,2,0,0.0,4,True,False,SaaS
11,99.0,0.0,11,1,6,True,166,51,3,1,2295,476.0,13,False,False,Productivity
8,0.0,0.0,6,1,5,False,160,53,2,2,0,1187.0,8,True,False,Productivity
5,0.0,21.0,7,3,6,False,437,54,3,3,164,3956.0,11,False,False,SaaS
2,0.0,6.0,7,5,5,True,467,60,3,5,386,0.0,5,False,False,Social Media
16,172.0,51.0,7,2,5,True,219,34,3,3,1968,0.0,8,True,False,Productivity
1,93.0,6.0,17,6,6,False,238,57,3,0,0,5221.0,0,True,False,Prototyping
4,100.0,0.0,14,3,5,True,360,56,3,1,437,3228.0,11,False,False,Mac
3,7.0,4.0,6,6,6,True,250,60,3,2,464,153063.0,27,False,False,Productivity
30,56.0,3.0,20,5,6,True,363,57,3,4,646,4239.0,6,False,False,Virtual Reality
25,0.0,0.0,7,0,5,False,312,59,4,1,30,0.0,6,False,False,Open Source
27,0.0,30.0,6,5,5,True,500,45,3,5,642,1562.0,5,False,False,SaaS
12,22.0,0.0,6,1,1,False,492,52,1,1,138,144458.0,2,False,False,Android
4,0.0,5.0,6,5,5,False,500,30,2,1,669,0.0,11,False,False,Tech
9,109.0,23.0,10,4,6,True,256,48,3,1,263,4942.0,4,False,False,Meetings
11,90.0,0.0,23,3,6,False,500,60,3,2,0,55763.0,2,False,False,Software Engineering
5,1038.0,20.0,6,4,5,True,500,50,3,1,231,20641.0,8,True,False,Productivity
1,0.0,14.0,7,2,5,True,500,60,3,0,187,0.0,6,True,False,API
20,16.0,0.0,22,3,5,True,459,53,3,3,0,0.0,10,True,False,Web App
11,17.0,1.0,13,3,6,True,439,60,3,1,106,0.0,8,False,False,Browser Extensions
4,169.0,15.0,7,2,6,True,171,60,3,0,0,469.0,2,False,False,Productivity
2,65.0,10.0,7,3,5,True,267,55,4,2,0,2133.0,5,True,False,Analytics
16,18.0,0.0,4,5,5,True,216,37,8,1,215,1704.0,8,False,False,Fintech
5,142.0,21.0,15,4,3,True,313,35,1,1,483,25488.0,4,True,False,Cars
16,422.0,18.0,19,1,6,True,427,40,3,3,360,125.0,6,True,False,Artificial Intelligence
9,22.0,8.0,23,6,6,True,233,55,1,0,0,85477.0,12,False,False,API
33,107.0,12.0,10,3,5,True,115,52,3,5,429,3925.0,6,False,False,Android
8,165.0,24.0,10,1,5,True,121,34,3,4,14,1816.0,13,False,False,Productivity
16,0.0,19.0,10,3,5,True,199,56,3,2,197,101048.0,6,False,False,Email
13,47.0,6.0,18,2,5,True,500,30,3,1,49566,0.0,5,True,False,iOS
3,47.0,0.0,6,1,5,True,464,60,2,1,0,26052.0,4,True,False,Mac
1,0.0,19.0,22,0,3,True,452,53,3,2,203,0.0,3,False,False,Productivity
1,137.0,165.0,7,4,5,True,500,42,3,2,40,4045.0,20,False,False,Open Source
3,0.0,24.0,7,5,6,False,463,54,2,1,11,72878.0,2,False,False,Mac
1,0.0,20.0,23,4,8,True,233,57,3,1,0,0.0,5,True,False,Productivity
1,122.0,7.0,23,6,5,True,287,59,3,1,0,1590.0,7,True,False,Menu Bar Apps
18,11.0,14.0,7,3,5,True,414,17,3,1,0,0.0,6,True,False,Chrome Extensions
11,269.0,1.0,6,6,5,False,500,41,3,1,325,2656.0,8,True,False,Chrome Extensions
18,0.0,48.0,6,4,5,True,299,51,3,1,420,1772.0,22,True,False,Productivity
1,87.0,8.0,15,3,6,True,451,52,3,2,348,0.0,11,True,False,Productivity
5,512.0,96.0,7,3,5,True,473,55,4,0,216,0.0,3,False,False,Productivity
1,69.0,147.0,7,6,5,True,476,17,3,1,0,3747.0,12,False,False,Open Source
1,64.0,11.0,22,4,5,False,444,60,3,0,14333,5336.0,5,False,False,Marketing
11,0.0,2.0,7,0,6,False,496,57,2,3,8,3688.0,4,False,False,Analytics
5,92.0,0.0,6,6,5,False,360,59,1,1,0,414.0,7,False,False,Audio
7,135.0,48.0,17,2,5,True,500,54,3,1,241,75198.0,5,True,False,Developer Tools
6,0.0,3.0,18,2,5,False,78,46,1,2,0,2386.0,5,True,False,Web App
7,33.0,24.0,0,3,5,False,248,57,2,2,184,0.0,2,False,False,Fintech
1,0.0,0.0,6,1,6,False,247,54,2,6,0,2795.0,4,False,False,Browser Extensions
1,268.0,54.0,6,4,6,True,500,56,3,1,172,63771.0,2,False,False,Audio
1,111.0,11.0,6,0,6,True,472,57,3,1,0,0.0,4,False,False,Advertising
4,405.0,12.0,7,2,5,True,272,20,3,2,91,1052.0,10,True,False,iOS
15,125.0,37.0,6,3,5,True,364,57,4,1,0,2188.0,9,True,False,Analytics
1,64.0,5.0,0,1,9,False,371,56,2,2,0,3547.0,3,True,False,Analytics
11,0.0,44.0,7,1,5,False,261,56,2,14,229,154753.0,8,False,False,Email
1,78.0,0.0,7,6,1,False,48,48,3,2,0,106893.0,10,True,False,API
1,7.0,2.0,7,1,6,False,462,60,3,0,0,697.0,13,True,False,Mac
10,0.0,34.0,2,4,6,True,313,51,4,0,0,3540.0,6,True,False,Customer Communication
5,44.0,12.0,18,3,7,True,181,56,3,2,0,1244.0,11,True,False,Chrome Extensions
2,0.0,0.0,13,3,4,True,467,50,4,4,457,0.0,9,False,False,SaaS
12,0.0,0.0,7,0,6,True,453,48,3,1,704,0.0,7,True,False,Open Source
2,65.0,0.0,7,3,5,True,388,48,3,1,441,0.0,3,True,False,Mac
15,104.0,7.0,7,6,5,False,500,52,3,1,250,2348.0,5,True,False,Productivity
9,0.0,1.0,9,5,6,True,279,50,3,0,0,2465.0,2,False,False,Web App
1,118.0,26.0,8,5,6,False,119,36,1,3,0,2782.0,7,True,False,Android
5,56.0,0.0,7,5,6,True,48,55,1,1,233,0.0,9,True,False,Mac
14,74.0,0.0,6,5,6,True,286,60,3,1,0,0.0,2,True,False,Web App
12,42.0,0.0,9,5,5,False,83,57,4,6,77,0.0,5,True,False,Artificial Intelligence
7,0.0,18.0,16,3,6,True,413,60,4,1,410,219.0,4,True,False,Open Source
6,140.0,46.0,5,1,5,True,219,60,4,6,445,3797.0,6,False,False,Web App
2,0.0,18.0,7,4,5,True,261,53,3,1,0,4107.0,8,False,False,SaaS
10,151.0,92.0,7,3,6,True,500,48,4,1,3030,0.0,7,False,False,API
1,62.0,58.0,7,3,5,True,500,60,3,1,1766,0.0,6,True,False,Developer Tools
1,0.0,64.0,6,4,5,True,471,44,3,4,393,796.0,4,True,False,Mac
1,0.0,17.0,9,3,6,True,414,60,3,1,189,4790.0,8,False,False,Health & Fitness
11,0.0,21.0,11,0,3,True,500,60,3,2,86,0.0,3,False,False,Social Media
1,106.0,9.0,7,6,5,False,234,31,3,2,300,2479.0,6,True,False,Design Tools
1,69.0,0.0,20,1,6,False,446,40,2,1,5,0.0,5,False,False,iOS
222,145.0,159.0,6,6,6,True,464,46,3,2,3,367.0,7,False,False,Social Media
3,0.0,20.0,3,3,6,False,490,52,3,4,0,4957.0,6,False,False,Chrome Extensions
1,78.0,9.0,16,0,5,True,424,58,3,3,4727,0.0,6,True,False,Productivity
4,31.0,7.0,20,3,6,False,272,34,3,1,21,123897.0,8,True,False,iOS
1,158.0,4.0,8,6,5,True,433,44,3,1,276,0.0,13,True,False,Mac
1,21.0,49.0,7,0,5,True,376,46,3,1,186,0.0,2,False,False,API
9,40.0,9.0,13,3,6,True,500,17,3,1,19,0.0,9,False,False,Marketing
12,44.0,12.0,7,4,5,True,437,45,3,0,229,11946.0,14,False,False,iOS
18,35.0,0.0,7,2,6,False,402,53,2,1,0,124355.0,10,False,False,Productivity
1,39.0,0.0,6,2,5,True,500,60,3,5,428,0.0,9,True,False,Hiring
1,4.0,25.0,6,1,5,False,500,49,3,1,95,3415.0,13,True,False,iOS
14,196.0,53.0,6,3,6,True,427,60,4,0,0,98621.0,6,True,False,Web App
1,233.0,79.0,6,3,6,True,276,56,3,1,312,18367.0,15,False,False,Mac
8,77.0,23.0,6,5,5,True,371,58,3,3,0,0.0,7,False,False,Fintech
2,0.0,14.0,20,4,6,True,432,17,3,0,0,2197.0,9,True,False,WordPress
6,0.0,4.0,7,5,5,True,474,28,3,3,277,4191.0,7,True,False,Artificial Intelligence
1,0.0,87.0,19,6,6,True,500,60,3,1,293,142964.0,3,True,False,Mac
1,22.0,0.0,7,4,6,True,415,33,8,1,0,0.0,5,True,False,Social Media
1,55.0,81.0,6,4,6,True,113,50,3,2,3217,2938.0,9,False,False,Design Tools
1,64.0,107.0,6,6,5,True,500,51,3,1,0,12976.0,6,False,False,Mac
1,51.0,165.0,10,5,5,True,500,55,3,1,150,0.0,7,False,False,SaaS
1,82.0,4.0,7,6,7,True,298,60,3,5,705,0.0,8,False,False,Productivity
4,68.0,15.0,15,3,7,True,475,53,3,6,3,332.0,5,False,False,Growth Hacking
6,200.0,38.0,7,2,6,True,189,58,3,1,0,7327.0,7,False,False,Music
1,128.0,24.0,7,0,5,True,389,40,3,1,0,106884.0,8,False,False,Mac
9,109.0,24.0,7,1,5,False,500,45,2,1,597,0.0,7,False,False,Open Source
15,0.0,11.0,6,0,5,True,500,56,3,2,401,223.0,6,False,False,Android
1,134.0,0.0,23,5,5,True,48,37,3,6,303,0.0,8,False,False,iOS
1,0.0,0.0,0,3,5,True,415,57,3,3,0,0.0,7,True,False,Mac
9,47.0,165.0,6,3,5,True,292,52,3,1,0,2881.0,8,True,False,Fintech
17,56.0,4.0,7,0,5,True,500,60,4,1,402,4238.0,8,False,False,Open Source
25,47.0,40.0,7,5,6,False,287,41,9,0,0,1069.0,7,False,False,Software Engineering
16,138.0,4.0,17,1,5,False,425,40,3,1,0,626.0,1,False,False,Artificial Intelligence
1,0.0,25.0,7,3,12,False,380,54,3,1,0,0.0,2,True,False,Fintech
9,0.0,6.0,6,3,5,False,423,59,1,5,0,20.0,4,False,False,Design Tools
11,177.0,1.0,23,5,1,True,223,55,3,2,4090,91817.0,6,True,False,API
1,340.0,114.0,7,4,5,True,500,54,9,4,3280,695.0,4,True,False,Privacy
1,0.0,0.0,6,5,5,True,417,55,3,0,127,103303.0,7,False,False,Music
8,0.0,5.0,18,0,5,True,239,60,3,1,0,0.0,5,True,False,Android
7,269.0,0.0,6,1,6,True,250,36,1,5,4,0.0,5,True,False,Email
1,45.0,13.0,7,4,5,True,460,39,3,2,3745,3078.0,27,False,False,Productivity
11,0.0,0.0,7,1,3,True,397,60,4,1,0,0.0,7,True,False,Chrome Extensions
42,4.0,0.0,6,2,6,True,202,43,3,6,0,0.0,2,False,False,Productivity
7,422.0,71.0,14,5,1,True,198,48,3,1,171,26548.0,6,False,False,Menu Bar Apps
40,108.0,29.0,11,3,6,True,174,51,4,2,210,0.0,5,False,False,Analytics
1,552.0,31.0,7,0,6,True,500,60,3,1,618,0.0,3,False,False,Productivity
1,827.0,0.0,8,4,5,False,418,54,3,4,398,3084.0,4,False,False,Android
22,82.0,28.0,16,6,6,True,383,37,1,1,0,5882.0,7,True,False,User Experience
25,151.0,20.0,7,4,6,True,346,52,3,1,390,930.0,5,True,False,Startup Books
9,127.0,37.0,10,5,5,False,194,60,4,3,401,146600.0,6,False,False,Tech
1,103.0,12.0,6,2,6,True,409,60,3,1,0,37274.0,5,True,False,Mac
2,60.0,5.0,7,3,1,True,423,53,3,1,633,18851.0,6,False,False,Open Source
1,188.0,90.0,11,6,5,True,365,60,3,1,667,112538.0,7,True,False,Android
59,0.0,0.0,6,3,5,True,500,49,4,1,0,5334.0,5,False,False,Cars
7,0.0,45.0,10,1,5,True,414,32,3,2,0,3992.0,1,False,False,Mac
1,63.0,5.0,7,4,6,True,251,52,3,2,24,594.0,7,False,False,Open Source
5,93.0,10.0,7,3,5,False,500,51,3,5,443,0.0,12,True,False,Productivity
18,165.0,1.0,7,0,6,True,462,54,3,3,346,2522.0,4,False,False,API
19,0.0,2.0,7,2,6,True,346,60,1,0,0,151881.0,7,True,False,Browser Extensions
3,64.0,100.0,6,3,1,True,444,60,3,1,0,0.0,0,True,False,Productivity
16,43.0,0.0,7,2,5,False,479,55,4,1,427,21452.0,27,False,False,Marketing
1,226.0,23.0,8,6,10,True,453,60,3,1,0,2248.0,8,True,False,Software Engineering
1,193.0,52.0,23,3,5,True,500,45,3,4,679,68685.0,9,True,False,Virtual Reality
19,112.0,0.0,8,6,5,True,267,52,3,1,11,28685.0,11,True,False,Android
1,146.0,9.0,7,5,5,True,228,60,3,1,186,94251.0,5,True,False,Artificial Intelligence
14,187.0,5.0,7,1,6,True,444,54,2,1,1315,18591.0,25,True,False,User Experience
7,67.0,72.0,13,4,6,False,477,60,1,4,404,19737.0,9,True,False,Writing
1,2661.0,2.0,8,3,5,False,416,54,1,0,221,0.0,8,True,False,Web App
5,314.0,0.0,7,0,5,True,411,55,3,1,0,947.0,7,True,False,Mac
6,457.0,12.0,7,5,6,True,226,47,3,4,116,0.0,9,True,False,Social Media
1,183.0,29.0,7,2,6,True,454,60,3,3,79,16120.0,3,True,False,Vibe coding
1,0.0,2.0,18,6,5,True,497,49,9,3,0,149778.0,6,False,False,Streaming Services
1,170.0,0.0,8,6,6,False,81,60,2,1,0,0.0,7,False,False,Productivity
14,143.0,52.0,6,4,5,True,413,51,3,1,0,126646.0,5,False,False,Productivity
1,138.0,11.0,7,5,6,True,407,58,3,1,61,3314.0,4,False,False,Venture Capital
11,3.0,113.0,14,4,6,True,169,55,1,1,205,0.0,6,True,False,Open Source
5,62.0,46.0,7,5,5,True,226,50,3,3,22,30208.0,5,False,False,Social Media
3,212.0,0.0,10,3,5,True,191,48,3,1,0,3647.0,4,True,False,Health & Fitness
4,37.0,0.0,7,5,5,False,462,59,3,3,0,0.0,5,False,False,API
5,61.0,126.0,7,2,6,True,60,42,5,1,405,2144.0,5,False,False,Productivity
1,9.0,13.0,15,1,5,True,262,59,3,8,156,3802.0,8,False,False,iOS
4,411.0,18.0,6,2,6,True,452,57,4,1,113,131581.0,1,True,False,Open Source
28,156.0,0.0,7,3,5,True,396,53,3,1,0,1071.0,6,True,False,Music
1,609.0,0.0,8,2,8,True,280,49,3,1,280,128731.0,8,False,False,Productivity
14,283.0,0.0,18,1,6,False,402,50,3,1,28,1156.0,6,False,False,Mac
7,127.0,4.0,12,6,5,False,490,54,3,1,379,0.0,4,True,False,Productivity
4,151.0,18.0,7,4,5,True,500,28,3,1,460,1205.0,6,True,False,Health & Fitness
15,0.0,120.0,7,3,5,True,213,18,3,1,270,6460.0,9,False,False,Customer Success
10,38.0,0.0,19,1,9,True,205,49,5,4,700,2118.0,3,False,False,Robots
1,199.0,14.0,7,3,5,True,387,50,2,2,285,0.0,8,False,False,Hardware
2,34.0,14.0,18,5,6,True,477,52,1,3,0,0.0,3,True,False,Fintech
14,214.0,67.0,7,3,7,True,474,57,3,0,0,3685.0,7,False,False,Hiring
26,2.0,39.0,7,1,1,False,421,59,3,1,55,60666.0,9,True,False,Customer Success
48,0.0,0.0,6,1,6,True,396,59,3,7,484,0.0,7,False,False,Developer Tools
1,6.0,45.0,7,0,5,True,432,52,1,1,121,457.0,7,True,False,Payments
7,31.0,0.0,7,3,5,True,446,50,4,2,96,0.0,10,False,False,Web App
12,91.0,132.0,10,2,5,True,327,22,3,1,234,2192.0,18,True,False,API
1,0.0,0.0,7,4,6,True,500,52,4,4,247,2529.0,7,True,False,Android
3,16.0,0.0,19,6,5,True,347,54,3,17,465,434.0,4,True,False,Developer Tools
15,163.0,12.0,6,0,6,True,465,56,3,2,0,119557.0,1,True,False,Growth Hacking
1,0.0,0.0,23,3,5,True,290,60,6,2,497,105660.0,8,True,False,iOS
15,398.0,0.0,7,1,6,True,391,48,2,1,150,83128.0,4,True,False,Developer Tools
7,0.0,25.0,7,4,5,True,209,56,3,1,24,2484.0,4,False,False,Mac
202,148.0,20.0,7,5,6,True,484,52,3,2,444,2215.0,12,True,False,Chrome Extensions
2,96.0,203.0,10,1,6,True,393,45,4,1,42,906.0,8,True,False,Growth Hacking
1,160.0,53.0,8,5,6,False,51,60,2,1,199,81435.0,9,False,False,Advertising
3,0.0,0.0,7,3,5,True,118,38,3,1,350,0.0,4,False,False,Android
7,80.0,3.0,12,4,5,True,500,60,3,0,332,0.0,3,False,False,Design Tools
16,62.0,3.0,7,3,6,False,397,17,1,1,0,6802.0,3,True,False,iOS
4,81.0,0.0,12,4,5,True,489,56,4,4,494,874.0,0,False,False,Android
16,116.0,8.0,3,3,5,True,500,59,3,1,796,0.0,8,True,False,Marketing
1,0.0,0.0,6,5,5,False,445,60,3,1,0,0.0,1,True,False,Design Tools
1,27.0,1.0,8,1,6,True,367,55,3,1,664,775.0,2,True,False,Messaging
13,7.0,0.0,12,0,5,True,423,59,2,1,10,519.0,1,True,False,Robots
1,100.0,0.0,11,5,5,False,417,41,2,2,0,1572.0,5,True,False,Home
21,62.0,5.0,21,5,3,False,478,54,4,2,70,4363.0,11,True,False,Email
1,81.0,10.0,7,6,5,False,145,60,1,1,0,3639.0,5,False,False,Fintech
196,103.0,1.0,4,6,6,True,209,56,3,4,76,90.0,7,True,False,Artificial Intelligence
149,99.0,16.0,23,3,5,True,292,48,3,1,278,4124.0,19,True,False,iOS
5,147.0,3.0,23,1,10,True,173,54,3,1,132,5136.0,8,False,False,Comics & Graphic Novels
20,83.0,12.0,12,1,5,True,468,51,3,4,0,12632.0,8,True,False,Streaming Services
5,63.0,0.0,6,3,6,True,294,28,4,4,90,136.0,6,False,False,Email
74,0.0,2.0,7,1,6,False,89,33,4,0,2699,2477.0,12,False,False,API
1,240.0,7.0,6,3,6,True,500,54,3,1,154,2228.0,9,True,False,Analytics
65,38.0,14.0,14,1,5,True,293,54,3,3,140,0.0,9,False,False,Open Source
36,22.0,7.0,15,3,6,False,403,54,3,4,324,1037.0,6,False,False,Audio
1,161.0,0.0,21,1,5,True,307,59,3,1,91,36850.0,7,True,False,API
3,89.0,0.0,8,3,6,True,117,44,3,2,104,0.0,5,True,False,iOS
6,0.0,24.0,6,3,6,True,500,60,3,1,111,998.0,4,False,False,Health & Fitness
1,52.0,9.0,6,4,1,False,500,53,2,8,312,5601.0,3,False,False,Social Network
7,420.0,32.0,6,0,5,True,419,60,3,1,626,39910.0,7,True,False,Android
7,0.0,0.0,8,5,5,False,500,60,1,0,0,6562.0,7,False,False,Streaming Services
1,0.0,1.0,10,0,5,True,212,45,3,3,527,0.0,6,False,False,Payments
1,21.0,80.0,6,6,1,True,231,39,3,1,290,1520.0,7,False,False,SaaS
1,0.0,0.0,7,1,2,True,489,60,3,1,341,4587.0,9,False,False,Mac
1,126.0,157.0,14,1,6,True,500,60,3,0,635,56689.0,10,False,False,API
2,184.0,0.0,7,0,5,True,438,44,3,2,0,10097.0,2,False,False,Design Tools
1,20.0,1.0,6,6,5,True,167,47,3,1,316,2870.0,25,False,False,Productivity
1,180.0,0.0,7,3,5,False,130,36,3,1,3386,487.0,8,False,False,Mac
5,796.0,8.0,8,2,6,True,500,47,3,4,520,1211.0,7,False,False,Design Tools
21,17.0,0.0,0,0,6,True,404,52,2,2,168,0.0,10,True,False,Chrome Extensions
9,33.0,4.0,7,1,6,True,389,45,3,1,155,2061.0,5,True,False,Hiring
1,76.0,22.0,7,1,6,True,193,44,2,1,407,4214.0,8,False,False,Mac
1,84.0,50.0,7,4,9,True,233,60,3,0,0,305.0,7,True,False,Analytics
18,25.0,0.0,6,0,6,False,498,51,3,1,235,1391.0,5,False,False,Browser Extensions
57,180.0,51.0,8,2,6,True,323,60,3,5,294,0.0,9,False,False,Productivity
18,33.0,2.0,7,6,5,True,445,60,3,2,0,2825.0,11,True,False,Comics & Graphic Novels
12,141.0,11.0,16,4,6,True,500,59,4,1,301,2047.0,8,False,False,Open Source
4,1.0,4.0,7,3,6,True,380,56,3,1,278,2826.0,12,False,False,Couples
7,152.0,17.0,3,1,10,True,188,60,2,1,0,28167.0,3,False,False,Fintech
10,1125.0,0.0,19,1,5,True,284,45,4,1,91,0.0,7,False,False,Custom Keyboards
5,1030.0,36.0,19,3,9,True,454,60,3,1,465,105956.0,12,False,False,Android
1,0.0,17.0,10,3,6,True,379,59,3,1,371,1003.0,7,False,False,Productivity
3,151.0,11.0,7,2,5,True,399,53,3,8,94,0.0,10,True,False,Developer Tools
3,210.0,163.0,13,2,5,True,227,34,1,1,0,157101.0,2,False,False,iOS
21,0.0,0.0,7,0,5,False,500,60,3,4,437,0.0,7,False,False,Developer Tools
24,65.0,29.0,17,3,5,True,267,57,3,8,260,0.0,6,True,False,Android
1,249.0,133.0,7,5,1,True,416,60,4,1,0,4401.0,3,True,False,Web App
6,85.0,128.0,7,1,6,True,434,60,3,1,402,4162.0,8,True,False,Mac
2,132.0,30.0,23,4,6,True,500,59,3,1,55,154134.0,7,True,False,Analytics
5,34.0,38.0,14,0,6,True,48,60,3,3,0,0.0,4,True,False,Software Engineering
15,67.0,22.0,20,5,1,True,239,50,4,0,0,3815.0,7,True,False,Prototyping
1,0.0,38.0,7,5,6,True,212,56,4,1,0,9145.0,9,False,False,Productivity
1,42.0,7.0,16,1,5,True,453,60,9,1,0,936.0,5,False,False,API
1,61.0,49.0,2,0,3,True,423,60,3,1,406,0.0,8,True,False,Email
8,40.0,13.0,15,5,5,True,234,60,2,0,0,0.0,5,False,False,Mac
165,14.0,1.0,9,4,5,True,277,60,1,2,6,141891.0,5,False,False,No-Code
1,0.0,16.0,13,3,6,True,114,38,1,9,0,0.0,7,False,False,Health & Fitness
5,384.0,4.0,8,5,5,False,403,59,4,4,0,895.0,5,False,False,Android
36,0.0,0.0,7,1,5,False,500,60,4,1,0,0.0,5,True,False,Web App
11,0.0,22.0,6,4,6,True,323,51,3,1,627,118516.0,6,False,False,Developer Tools
12,0.0,0.0,6,0,9,True,219,60,1,1,29,0.0,9,True,False,Music
23,26.0,5.0,16,1,5,True,180,38,3,5,3058,123.0,6,True,False,Productivity
6,4.0,0.0,15,0,11,True,496,60,3,8,175,2996.0,3,False,False,Fintech
16,112.0,76.0,11,1,5,True,72,53,3,2,0,20169.0,5,False,False,Tech
20,1024.0,41.0,19,2,6,True,431,60,3,1,11,77117.0,10,True,False,Venture Capital
7,0.0,0.0,6,4,5,False,330,59,3,1,0,408.0,2,False,False,iOS
9,291.0,1.0,7,0,5,False,415,48,1,1,409,147780.0,6,False,False,Artificial Intelligence
24,115.0,163.0,16,6,5,True,394,40,3,2,0,74.0,1,True,False,Developer Tools
2,72.0,7.0,7,3,5,True,248,49,3,1,315,0.0,9,False,False,Health & Fitness
1,57.0,0.0,8,1,5,True,328,22,3,2,0,76396.0,6,False,False,Productivity
19,60.0,7.0,6,6,5,True,129,60,1,0,294,0.0,6,False,False,Email
5,350.0,40.0,21,6,5,True,425,60,3,1,148,777.0,8,False,False,API
10,40.0,0.0,12,5,6,True,159,54,3,3,0,22963.0,7,True,False,Android
8,53.0,45.0,8,3,6,True,435,60,1,1,389,0.0,8,False,False,Productivity
8,165.0,0.0,20,5,1,True,310,41,4,1,116,708.0,9,True,False,Mac
14,300.0,20.0,3,5,1,True,267,59,3,4,0,0.0,8,True,False,Android
22,0.0,13.0,7,1,12,True,402,38,3,1,504,1728.0,7,False,False,iOS
5,57.0,8.0,12,3,6,False,301,29,2,1,0,1715.0,4,True,False,Artificial Intelligence
18,18.0,14.0,7,2,5,True,242,60,3,1,607,0.0,14,True,False,Open Source
1,70.0,77.0,6,3,5,True,500,41,3,1,641,4743.0,5,False,False,Productivity
9,0.0,3.0,17,1,5,False,500,53,3,1,0,2387.0,5,False,False,iOS
1,128.0,39.0,7,0,2,True,498,56,1,1,478,989.0,5,False,False,Productivity
3,41.0,26.0,11,5,5,False,321,60,2,1,59,1289.0,4,False,False,Writing
11,162.0,0.0,15,6,2,False,426,54,5,1,0,2950.0,6,True,False,Web App
10,81.0,7.0,6,6,5,True,256,57,8,2,0,1210.0,6,False,False,Open Source
10,0.0,17.0,6,1,5,True,398,53,3,4,176,0.0,7,False,False,Productivity
11,165.0,0.0,7,2,1,True,213,60,3,5,279,0.0,12,True,False,Productivity
1,168.0,170.0,7,4,6,True,500,57,5,2,483,369.0,6,False,False,Emoji
14,133.0,13.0,17,0,6,True,478,55,1,1,350,0.0,7,False,False,Productivity
31,57.0,1.0,4,1,6,True,365,34,3,3,408,3644.0,9,False,False,SaaS
3,84.0,20.0,6,5,6,True,222,49,4,1,341,2498.0,27,False,False,Open Source
14,359.0,17.0,7,6,6,False,358,49,1,1,0,5579.0,0,False,False,Email
3,71.0,148.0,7,0,5,True,249,36,3,2,528,2603.0,11,False,False,Productivity
6,311.0,28.0,8,1,5,True,500,60,3,1,0,0.0,8,True,False,Hiring
1,0.0,6.0,16,0,6,True,500,59,3,1,314,0.0,6,False,False,Analytics
20,168.0,44.0,7,4,6,True,192,33,1,1,0,2098.0,6,False,False,Software Engineering
11,170.0,27.0,12,0,5,True,326,49,3,0,170,111025.0,9,False,False,Web App
2,0.0,0.0,6,0,5,False,420,42,3,1,0,3694.0,3,True,False,Design Tools
7,245.0,25.0,7,6,6,True,337,45,2,0,161,473.0,4,True,False,Virtual Reality
1,40.0,31.0,16,3,11,True,194,55,3,1,658,1370.0,11,True,False,Design Tools
8,229.0,6.0,7,2,5,True,399,60,1,7,395,2562.0,5,True,False,Art
1,0.0,3.0,7,3,5,True,463,54,3,3,96,2294.0,3,False,False,Productivity
22,184.0,49.0,14,6,5,True,500,60,1,0,0,5941.0,8,False,False,Tech
1,69.0,12.0,6,4,5,True,341,48,3,2,363,4399.0,6,True,False,Design Tools
2,50.0,21.0,22,5,6,False,244,48,3,1,0,0.0,1,False,False,Education
1,107.0,32.0,5,0,5,True,500,54,3,8,548,3763.0,8,False,False,Marketing
1,0.0,25.0,9,3,5,True,416,52,3,2,0,73413.0,2,False,False,Web App
9,152.0,8.0,7,4,5,True,174,60,3,1,269,259.0,10,True,False,Android
1,120.0,7.0,8,3,6,True,241,45,3,3,439,0.0,7,False,False,Productivity
5,152.0,0.0,23,2,8,False,483,56,3,1,0,0.0,4,False,False,Hiring
1,0.0,36.0,6,6,6,True,322,30,2,6,0,99659.0,0,False,False,Software Engineering
5,29.0,140.0,15,0,5,True,500,58,3,1,681,0.0,2,False,False,Developer Tools
1,57.0,9.0,23,4,6,True,486,29,3,2,147,2241.0,5,True,False,Design Tools
11,0.0,1.0,6,6,6,True,283,53,3,0,433,2402.0,9,True,False,Productivity
22,192.0,0.0,15,2,5,False,395,60,3,1,173,134260.0,5,True,False,Kids
1,50.0,0.0,23,4,5,True,151,33,2,1,0,3418.0,2,True,False,Crypto
28,3.0,0.0,7,6,6,False,439,60,1,3,513,0.0,8,True,False,Software Engineering
1,114.0,0.0,19,1,6,True,289,48,3,1,0,5597.0,6,False,False,Mac
26,205.0,39.0,7,6,5,True,468,41,3,0,0,0.0,7,True,False,Productivity
1,179.0,0.0,20,2,6,False,254,37,3,1,0,0.0,7,True,False,Android
34,25.0,49.0,20,3,5,True,374,21,4,0,0,4357.0,6,False,False,Home
1,0.0,0.0,13,3,6,True,280,59,3,3,0,3016.0,6,False,False,Design Tools
22,0.0,10.0,6,0,5,True,347,56,1,0,0,1601.0,6,True,False,Web App
7,162.0,32.0,20,3,6,True,160,56,3,8,83,21975.0,2,False,False,Design Tools
12,76.0,108.0,8,2,6,True,363,55,3,2,121,0.0,4,True,False,Open Source
1,113.0,0.0,21,5,6,True,205,46,3,4,8,0.0,2,False,False,Mac
73,61.0,0.0,6,2,5,True,483,60,3,1,3905,81820.0,12,True,False,Emoji
6,8.0,0.0,7,5,5,False,48,56,3,1,0,1633.0,3,False,False,Home
7,9.0,20.0,6,1,6,True,145,53,3,1,516,0.0,8,False,False,Productivity
1,0.0,0.0,17,3,5,True,62,57,3,1,5,0.0,3,False,False,API
1,43.0,11.0,7,5,6,False,500,43,4,3,315,5400.0,6,False,False,SaaS
14,0.0,14.0,7,3,5,False,48,35,3,0,677,1550.0,6,False,False,Health & Fitness
9,110.0,0.0,20,1,5,False,191,44,2,1,668,2711.0,6,True,False,Marketing
6,8.0,9.0,12,4,1,True,500,53,2,2,528,67094.0,5,True,False,Mac
1,17.0,11.0,23,3,5,False,123,54,3,1,467,106359.0,6,True,False,Android
6,2406.0,10.0,16,5,5,True,336,56,1,1,97,5441.0,6,False,False,Software Engineering
16,5.0,85.0,22,4,5,True,484,60,3,0,16,67479.0,4,True,False,Open Source
17,332.0,5.0,7,1,5,True,500,60,3,1,315,77.0,7,False,False,API
20,116.0,18.0,7,6,6,True,500,51,3,1,0,0.0,9,True,False,Mac
24,0.0,3.0,10,3,6,True,386,57,3,1,0,0.0,3,True,False,Artificial Intelligence
1,104.0,11.0,6,2,5,True,416,51,3,2,344,2072.0,8,True,False,Productivity
25,147.0,0.0,7,0,6,True,295,43,3,1,213,0.0,7,False,False,Developer Tools
1,124.0,0.0,1,5,5,True,248,60,4,5,0,141.0,4,False,False,Virtual Reality
1,45.0,28.0,7,4,6,True,172,60,6,5,127,0.0,10,False,False,Customer Communication
1,107.0,4.0,7,0,6,True,500,38,3,0,319,242.0,1,False,False,Mac
1,121.0,2.0,23,3,5,True,240,52,3,8,187,0.0,7,False,False,Productivity
1,74.0,0.0,7,5,6,True,500,60,1,9,491,2119.0,7,False,False,API
1,83.0,14.0,7,3,6,True,500,54,3,2,80,1231.0,4,False,False,Mac
1,91.0,7.0,23,3,5,True,284,54,3,1,387,3988.0,9,False,False,Productivity
2,115.0,4.0,8,3,5,True,428,57,2,1,235,16859.0,6,False,False,Design Tools
1,89.0,22.0,7,1,5,True,382,57,2,0,521,4606.0,4,False,False,Mac
15,250.0,14.0,7,5,5,True,500,60,3,1,419,3875.0,9,True,False,Music
5,0.0,24.0,6,2,5,False,431,57,2,3,205,1125.0,4,False,False,Productivity
6,89.0,34.0,15,1,5,True,359,55,3,1,0,0.0,5,False,False,Marketing
1,159.0,30.0,7,5,6,True,303,50,1,5,554,189.0,9,True,False,Health & Fitness
19,133.0,16.0,12,5,6,False,305,56,4,1,0,2130.0,13,False,False,Writing
17,174.0,18.0,10,2,5,False,435,44,2,1,407,3488.0,1,True,False,Android
1,32.0,3.0,7,2,5,False,500,52,1,1,126,3937.0,8,False,False,Browser Extensions
17,143.0,11.0,7,3,5,True,500,43,3,1,317,2704.0,3,False,False,Health & Fitness
3,25.0,0.0,7,1,4,True,498,45,3,3,167,50630.0,6,True,False,Payments
19,39.0,13.0,1,4,6,False,184,52,3,0,0,944.0,8,True,False,Health & Fitness
1,0.0,13.0,15,0,5,True,221,60,3,1,276,0.0,5,False,False,Productivity
8,171.0,15.0,8,2,5,True,287,40,4,1,39,958.0,3,False,False,Android
1,198.0,78.0,7,4,5,True,500,59,3,7,513,167289.0,6,False,False,Productivity
4,96.0,60.0,6,5,5,True,86,51,4,2,536,86668.0,4,False,False,Mac
10,80.0,106.0,14,6,3,False,439,55,3,0,0,0.0,4,False,False,Web App
4,168.0,15.0,7,6,5,False,402,52,3,2,0,0.0,5,False,False,Open Source
1,114.0,20.0,7,2,6,True,449,59,9,1,0,1107.0,10,True,False,Productivity
1,95.0,38.0,21,4,6,True,422,42,3,3,0,23906.0,2,True,False,Mac
1,225.0,21.0,7,1,5,True,305,60,3,1,258,94570.0,8,False,False,Developer Tools
4,98.0,39.0,7,4,6,True,403,60,3,2,751,123116.0,9,False,False,Productivity
1,484.0,0.0,7,5,5,True,273,58,3,1,4736,0.0,8,True,False,Productivity
8,123.0,20.0,7,3,6,True,273,60,5,1,295,2012.0,10,False,False,Design Tools
3,73.0,45.0,12,0,5,True,500,42,3,1,569,0.0,3,True,False,Social Media
2,0.0,0.0,7,2,6,False,173,42,3,1,2020,5379.0,9,False,False,Design Tools
2,60.0,37.0,7,2,6,True,484,55,3,3,172,0.0,9,False,False,Marketing
11,39.0,0.0,18,6,5,True,62,47,3,1,0,0.0,8,True,False,Hardware
12,39.0,33.0,19,2,6,True,226,53,3,1,0,0.0,5,True,False,Fintech
14,70.0,0.0,17,1,5,True,189,60,3,1,0,5577.0,6,False,False,Mac
2,0.0,0.0,7,3,5,False,101,47,9,1,206,0.0,15,False,False,Payments
11,180.0,23.0,20,5,6,False,500,41,2,3,0,2662.0,0,False,False,Customer Communication
3,113.0,74.0,19,5,6,True,500,27,2,2,173,182.0,3,False,False,Marketing
5,6.0,0.0,7,5,5,True,385,60,1,4,0,0.0,9,False,False,Sales
8,46.0,0.0,7,5,5,True,496,40,4,2,133,143.0,7,True,False,Artificial Intelligence
6,0.0,6.0,20,3,5,False,446,60,3,1,211,5530.0,9,False,False,Sales
17,42.0,118.0,6,5,5,True,245,53,9,1,297,16404.0,5,False,False,Developer Tools
8,22.0,7.0,6,5,6,True,436,52,2,4,0,2101.0,5,True,False,Retro Games
1,455.0,13.0,13,3,5,True,337,60,3,1,347,0.0,1,True,False,Android
1,91.0,15.0,7,1,5,True,500,29,3,1,149,1608.0,8,False,False,Mac
12,116.0,65.0,19,1,5,True,305,60,4,1,221,203.0,9,False,False,Web App
1,0.0,2.0,7,3,5,True,493,55,3,1,0,170171.0,4,False,False,Android
2,96.0,132.0,6,0,5,True,319,49,3,1,680,2861.0,4,True,False,Artificial Intelligence
4,0.0,0.0,6,5,5,True,220,58,4,2,280,4982.0,2,False,False,Marketing
1,0.0,0.0,6,0,6,True,396,59,3,5,509,0.0,6,False,False,Marketing
5,0.0,0.0,6,5,6,True,422,46,3,1,237,0.0,8,False,False,Dating
7,81.0,19.0,9,4,6,False,356,56,3,2,69,21525.0,6,False,False,Productivity
13,288.0,110.0,15,4,5,True,395,47,3,2,102,59742.0,6,False,False,Productivity
10,51.0,8.0,6,3,5,True,322,49,4,1,224,3310.0,11,False,False,Mac
1,315.0,23.0,11,6,5,True,254,54,4,1,258,80781.0,4,True,False,Chrome Extensions
17,473.0,13.0,7,6,2,True,282,51,3,3,0,2097.0,4,True,False,Web App
12,34.0,0.0,18,3,6,True,471,55,3,5,0,1738.0,3,True,False,Developer Tools
16,0.0,4.0,6,2,6,True,347,60,1,1,0,706.0,11,False,False,Tech
3,143.0,94.0,7,1,5,False,446,56,2,0,97,27045.0,0,False,False,Advertising
9,45.0,13.0,14,3,6,True,134,53,3,1,0,2757.0,3,False,False,Mac
20,103.0,0.0,7,5,6,False,390,58,3,1,98,0.0,6,False,False,Streaming Services
13,179.0,18.0,6,4,1,False,500,48,1,2,399,0.0,9,False,False,Open Source
1,0.0,46.0,7,2,6,True,128,59,3,1,304,0.0,8,True,False,User Experience
22,125.0,46.0,6,4,6,True,500,44,3,3,291,856.0,9,False,False,Mac
116,0.0,55.0,6,3,5,True,207,60,3,0,0,50.0,1,False,False,Customer Success
10,59.0,0.0,7,4,6,True,295,42,2,5,798,0.0,10,True,False,Mac
1,0.0,22.0,7,6,6,True,237,53,3,1,597,2202.0,5,True,False,Productivity
1,91.0,9.0,7,6,5,True,189,51,3,5,0,170171.0,7,True,False,iOS
16,186.0,17.0,13,0,7,True,500,60,3,1,101,0.0,1,False,False,Prototyping
14,2661.0,19.0,7,5,6,True,386,50,3,3,179,786.0,3,False,False,Dating
14,135.0,6.0,13,3,1,True,317,37,4,1,2483,2036.0,8,False,False,Analytics
27,0.0,3.0,6,6,6,True,113,51,3,4,226,2344.0,9,False,False,Android
15,0.0,7.0,6,4,6,True,325,43,3,2,0,0.0,6,False,False,Mac
5,0.0,13.0,9,3,5,True,490,60,3,1,166,78.0,3,True,False,Open Source
7,5.0,100.0,13,2,6,False,424,55,3,4,19,4306.0,6,False,False,Android
1,22.0,0.0,7,0,5,True,250,57,3,1,31,0.0,5,False,False,Marketing
12,22.0,0.0,7,1,5,False,392,37,3,1,0,1048.0,8,True,False,Developer Tools
2,3.0,12.0,7,2,6,True,500,60,3,1,180,1689.0,11,True,False,Health & Fitness
9,94.0,8.0,7,2,6,True,417,56,4,1,1252,127806.0,6,True,False,Tech
12,119.0,0.0,7,5,5,True,251,42,3,8,586,16146.0,6,False,False,Education
8,23.0,0.0,22,0,5,False,329,46,1,1,0,2727.0,4,False,False,Productivity
1,0.0,4.0,6,3,7,True,500,60,3,5,88,3230.0,2,True,False,Hiring
1,29.0,106.0,6,0,5,True,420,42,3,1,107,0.0,7,False,False,Developer Tools
14,215.0,20.0,7,6,5,False,263,58,1,2,91,3855.0,9,True,False,Web App
8,112.0,102.0,8,1,10,True,209,56,3,0,10,3191.0,8,True,False,Browser Extensions
1,112.0,113.0,21,4,5,True,233,49,3,2,633,93376.0,9,True,False,Software Engineering
1,0.0,37.0,6,5,6,True,205,33,1,5,9,1217.0,3,False,False,Browser Extensions
8,172.0,24.0,7,2,6,True,500,45,3,12,109,74112.0,11,False,False,Productivity
4,0.0,55.0,6,0,5,True,56,43,3,2,518,2092.0,6,False,False,Open Source
1,52.0,0.0,7,3,5,True,447,52,3,2,161,0.0,11,True,False,Hardware
17,2.0,18.0,8,5,5,False,452,53,3,1,50,0.0,4,True,False,Analytics
22,49.0,21.0,23,3,5,True,500,47,3,1,426,0.0,7,False,False,Mac
12,108.0,47.0,7,1,6,True,500,54,3,3,248,169.0,9,True,False,Email Marketing
7,68.0,0.0,14,2,6,True,353,47,2,2,268,5025.0,6,False,False,Social Media
5,37.0,1.0,7,0,7,True,388,60,3,1,588,1767.0,9,False,False,Design Tools
23,147.0,10.0,14,5,5,False,344,52,1,1,128,2935.0,8,False,False,Tech
16,0.0,2.0,10,1,5,True,479,59,3,1,0,2877.0,5,False,False,Mac
1,151.0,27.0,21,3,5,True,481,60,3,4,0,644.0,3,True,False,Design Tools
3,122.0,32.0,7,2,6,True,400,60,3,3,0,2853.0,7,True,False,Web App
2,0.0,0.0,17,2,5,True,48,39,3,1,165,2924.0,9,True,False,eBook Reader
5,96.0,19.0,7,6,6,False,58,43,2,1,0,3184.0,11,False,False,SaaS
13,0.0,0.0,8,3,5,False,213,58,4,1,0,2659.0,5,False,False,Notes
1,0.0,5.0,6,3,6,False,153,51,3,3,428,0.0,8,True,False,API
15,210.0,22.0,7,2,5,True,192,42,2,0,123,0.0,3,False,False,Tech
16,98.0,54.0,6,5,5,True,488,53,3,1,0,221.0,7,False,False,Productivity
1,0.0,26.0,16,2,5,False,500,46,5,3,0,2306.0,5,False,False,Cars
1,16.0,22.0,14,2,5,True,379,49,3,1,136,0.0,4,True,False,Retro Games
21,0.0,46.0,15,2,6,True,477,60,3,1,0,0.0,4,True,False,iOS
11,80.0,25.0,19,3,5,True,286,48,3,1,0,22156.0,12,True,False,Design Tools
5,71.0,26.0,3,6,5,True,245,53,3,0,108,0.0,12,False,False,Mac
7,15.0,18.0,8,0,7,True,297,60,3,1,297,0.0,7,True,False,Open Source
15,115.0,21.0,7,5,5,True,482,39,3,2,216,3849.0,7,False,False,Health & Fitness
1,55.0,19.0,7,4,6,True,263,49,4,0,47,641.0,5,True,False,Open Source
1,97.0,0.0,7,4,5,True,426,60,3,2,269,1.0,2,False,False,Web App
10,375.0,7.0,7,0,6,True,298,43,3,0,0,3575.0,4,False,False,Marketing
1,0.0,49.0,12,3,5,True,443,42,3,3,343,4446.0,3,False,False,Developer Tools
1,0.0,14.0,18,0,5,False,492,60,1,0,0,0.0,8,True,False,Marketing
4,92.0,10.0,16,6,5,True,393,60,3,1,77,0.0,5,False,False,Social Media
8,139.0,73.0,7,6,5,True,253,60,3,1,2413,6210.0,9,False,False,Time Tracking
11,65.0,3.0,5,6,6,True,500,31,3,1,658,2447.0,5,False,False,Productivity
1,60.0,0.0,14,3,5,True,281,17,2,6,0,708.0,4,False,False,Weather
24,156.0,47.0,23,6,5,True,453,60,3,1,393,3068.0,5,True,False,Web App
13,0.0,0.0,8,1,5,True,328,53,1,1,432,11746.0,9,True,False,Music
1,0.0,3.0,7,0,6,True,418,49,3,2,260,1498.0,4,False,False,Design Tools
5,45.0,7.0,6,5,5,True,437,60,4,0,13547,5245.0,7,False,False,Productivity
34,148.0,37.0,7,6,5,True,500,39,1,2,16,0.0,4,False,False,3D Printer
22,136.0,14.0,7,2,6,True,490,54,3,1,149,368.0,6,True,False,Productivity
9,31.0,21.0,6,3,5,False,362,56,4,0,440,100766.0,6,False,False,Tech
2,117.0,31.0,0,5,4,True,500,57,2,2,0,3681.0,3,True,False,eBook Reader
2,52.0,0.0,8,3,5,True,391,57,4,1,0,2053.0,9,True,False,API
1,56.0,13.0,23,5,6,False,89,57,3,0,35,2131.0,7,False,False,Open Source
1,160.0,16.0,7,3,5,True,500,60,3,2,0,105422.0,4,False,False,Hiring
1,78.0,46.0,16,3,6,True,406,31,3,1,712,5504.0,5,False,False,SaaS
1,173.0,14.0,23,6,5,True,409,54,3,1,307,1887.0,4,False,False,iOS
12,48.0,2.0,7,4,6,False,462,56,1,1,443,102215.0,5,False,False,Developer Tools
1,79.0,21.0,15,4,5,True,209,44,4,2,397,3540.0,5,False,False,Productivity
1,76.0,19.0,7,6,6,True,417,58,1,1,0,5198.0,6,False,False,Health & Fitness
6,10.0,18.0,7,3,6,True,277,60,3,1,0,336.0,4,True,False,Web App
7,14.0,0.0,6,4,5,True,462,37,8,1,0,4276.0,7,True,False,Sales
3,151.0,12.0,22,1,5,True,312,55,3,0,501,0.0,9,True,False,Design Tools
6,525.0,38.0,23,0,1,False,266,51,2,1,85,4208.0,4,False,False,Fintech
1,576.0,2.0,6,3,11,True,397,55,3,6,706,4614.0,10,False,False,Productivity
6,140.0,0.0,7,4,5,False,341,46,3,1,65,2541.0,3,False,False,Productivity
12,46.0,16.0,7,4,6,False,384,53,4,1,0,28101.0,5,False,False,Productivity
23,116.0,14.0,9,3,5,True,69,59,3,1,257,3980.0,4,True,False,Artificial Intelligence
3,103.0,0.0,6,4,5,False,500,57,3,4,0,0.0,2,False,False,Productivity
19,34.0,0.0,6,3,5,True,354,59,3,14,389,5427.0,10,False,False,Productivity
1,0.0,8.0,6,0,5,True,348,60,3,1,554,555.0,3,False,False,Design Tools
17,0.0,0.0,7,5,5,False,439,43,3,4,217,1934.0,1,False,False,iOS
16,2393.0,136.0,7,1,5,True,444,48,2,0,189,92697.0,4,False,False,Productivity
1,180.0,39.0,8,6,5,True,238,49,3,0,248,0.0,9,False,False,Open Source
1,0.0,41.0,7,1,6,True,292,17,3,1,233,0.0,3,False,False,Productivity
10,26.0,0.0,13,1,5,True,500,56,1,2,0,6854.0,4,False,False,API
1,33.0,0.0,6,0,6,True,387,52,3,1,376,0.0,9,False,False,Open Source
1,42.0,15.0,7,5,6,True,304,49,3,1,390,3566.0,5,False,False,Analytics
2,72.0,17.0,7,6,6,False,304,32,5,3,0,1676.0,0,False,False,Open Source
1,160.0,37.0,16,2,5,False,500,58,5,3,31,0.0,0,False,False,Privacy
8,64.0,1.0,8,0,6,True,269,57,4,3,0,6107.0,7,True,False,Marketing
12,119.0,19.0,6,2,6,True,186,50,4,1,0,1930.0,3,True,False,API
2,424.0,35.0,7,6,5,False,267,53,3,3,247,5075.0,9,True,False,iOS
11,48.0,33.0,7,4,5,True,425,50,2,0,141,4498.0,8,False,False,Startup Books
17,2.0,11.0,7,3,5,True,478,57,4,2,93,864.0,9,True,False,SaaS
1,66.0,170.0,16,5,6,True,479,59,2,4,167,599.0,0,False,False,Developer Tools
13,120.0,13.0,7,3,6,True,462,60,3,5,180,0.0,8,False,False,Open Source
1,23.0,7.0,13,3,6,False,447,54,3,1,0,361.0,2,False,False,Health & Fitness
13,0.0,1.0,12,5,2,True,69,51,3,3,0,1480.0,9,False,False,Email
9,33.0,3.0,8,0,5,True,434,60,3,4,580,0.0,8,True,False,Marketing
4,17.0,24.0,23,5,5,False,409,60,3,1,103,0.0,4,False,False,Open Source
5,83.0,0.0,7,5,5,True,500,29,2,1,630,1356.0,10,True,False,Android
5,33.0,6.0,7,1,6,True,311,55,3,0,284,13296.0,8,False,False,Mac
20,57.0,37.0,8,0,5,False,474,52,8,0,0,147855.0,8,True,False,Chrome Extensions
2,61.0,69.0,15,3,6,True,499,60,3,1,350,3581.0,4,True,False,iOS
4,14.0,18.0,5,1,5,True,158,50,3,6,268,1380.0,3,False,False,Audio
1,280.0,30.0,6,0,6,True,500,60,3,3,96,0.0,12,False,False,Marketing
6,149.0,3.0,7,1,6,True,496,59,3,1,91,747.0,5,False,False,Mac
5,35.0,12.0,6,3,5,True,318,55,1,1,205,133345.0,9,True,False,Virtual Reality
10,0.0,4.0,7,2,5,False,500,32,3,1,350,1957.0,0,False,False,Open Source
1,0.0,144.0,6,6,1,True,466,24,3,1,0,2160.0,10,False,False,Tech
17,0.0,0.0,7,2,4,False,331,58,3,1,0,0.0,3,True,False,Productivity
3,10.0,0.0,9,5,5,True,187,52,3,1,267,5619.0,3,False,False,Browser Extensions
19,123.0,11.0,23,3,5,True,500,52,3,1,0,3475.0,7,True,False,Design Tools
1,84.0,29.0,23,1,5,True,249,59,3,3,278,2280.0,8,True,False,Tech
5,39.0,0.0,3,5,6,True,315,60,8,1,0,0.0,7,False,False,Web App
13,157.0,37.0,7,1,6,True,492,56,4,1,0,88302.0,9,True,False,Chrome Extensions
2,73.0,6.0,23,3,5,True,171,42,3,2,275,0.0,9,False,False,API
1,0.0,7.0,6,0,5,True,330,60,3,3,1674,58.0,2,False,False,Developer Tools
10,121.0,12.0,7,3,5,True,116,50,4,1,406,1892.0,27,True,False,Audio
1,66.0,41.0,7,3,5,True,462,48,3,1,59,22924.0,8,False,False,Productivity
1,100.0,40.0,11,4,6,True,474,57,5,1,452,0.0,9,True,False,Mac
1,125.0,56.0,1,5,5,True,438,55,3,3,464,481.0,7,False,False,Fintech
5,211.0,26.0,19,3,9,True,500,37,3,2,4298,4421.0,9,False,False,Tech
1,109.0,8.0,6,5,4,True,48,47,3,1,344,4029.0,5,False,False,Menu Bar Apps
35,125.0,78.0,7,6,5,False,395,56,3,0,157,0.0,4,False,False,Android
1,26.0,95.0,14,0,5,True,488,60,3,1,544,0.0,10,False,False,Email
13,46.0,20.0,7,4,5,True,196,60,3,0,220,126248.0,12,False,False,Open Source
1,86.0,27.0,7,1,6,True,285,53,3,1,0,3133.0,4,True,False,Mac
9,161.0,1.0,17,4,5,True,375,49,4,1,0,9079.0,11,True,False,Mac
4,53.0,7.0,7,3,5,True,488,60,1,2,447,0.0,7,True,False,iOS
13,121.0,15.0,6,1,5,True,48,47,3,1,122,1193.0,9,False,False,iOS
4,0.0,6.0,11,3,6,False,359,40,3,2,434,826.0,25,False,False,Artificial Intelligence
19,34.0,6.0,6,1,5,False,332,55,2,2,458,26322.0,8,True,False,Productivity
27,37.0,20.0,13,1,5,False,345,53,4,5,0,164.0,4,False,False,iOS
9,58.0,23.0,8,1,5,True,460,60,4,3,257,3059.0,6,False,False,Productivity
1,152.0,32.0,7,4,5,True,246,54,3,1,465,95638.0,8,True,False,Productivity
2,155.0,143.0,6,3,6,True,352,58,3,0,194,2587.0,7,False,False,Productivity
9,55.0,13.0,14,3,5,True,431,21,3,1,196,156440.0,4,True,False,Developer Tools
28,7.0,93.0,8,1,5,False,369,53,2,1,48,0.0,8,False,False,Analytics
1,0.0,51.0,6,4,6,True,249,50,3,1,0,1970.0,6,False,False,Crypto
1,238.0,0.0,7,4,5,True,186,39,3,3,107,765.0,11,True,False,Android
3,466.0,0.0,8,0,1,False,350,42,3,0,593,149780.0,8,False,False,Design Tools
6,33.0,0.0,12,4,6,True,260,57,3,1,182,6277.0,9,True,False,API
1,26.0,0.0,23,5,6,False,281,60,3,1,0,0.0,8,False,False,Open Source
4,57.0,17.0,6,2,5,True,181,45,1,3,1395,4775.0,10,False,False,Fintech
21,16.0,53.0,7,5,6,True,500,59,3,1,0,3325.0,7,True,False,Android
42,46.0,22.0,8,2,5,False,482,58,3,1,413,25211.0,4,False,False,Design Tools
1,48.0,0.0,7,3,6,True,196,60,3,1,159,2565.0,14,False,False,Developer Tools
1,39.0,0.0,7,1,6,True,342,60,3,3,0,152173.0,5,False,False,iOS
6,83.0,85.0,7,3,5,True,410,46,3,0,0,3331.0,5,True,False,Mac
1,2186.0,15.0,23,6,6,False,294,59,3,2,67,447.0,7,True,False,Developer Tools
13,287.0,33.0,23,3,5,True,100,53,3,1,0,0.0,2,True,False,Android
37,163.0,21.0,0,6,5,True,500,58,1,1,35,0.0,5,False,False,Hiring
1,0.0,19.0,6,3,6,False,261,60,3,1,473,20398.0,7,True,False,Developer Tools
3,256.0,84.0,7,4,5,False,500,60,3,0,0,4179.0,7,False,False,Mac
17,93.0,0.0,20,0,6,False,500,60,3,4,339,0.0,7,False,False,Health & Fitness
6,358.0,0.0,7,4,6,True,378,46,3,2,255,2607.0,13,True,False,Productivity
11,77.0,5.0,7,4,5,True,204,53,1,1,0,9304.0,8,True,False,API
1,384.0,37.0,7,0,5,True,500,60,3,1,249,0.0,7,True,False,Open Source
2,206.0,1.0,23,3,5,True,124,50,3,1,323,80280.0,10,False,False,Cars
7,217.0,3.0,7,5,5,True,84,51,3,1,345,0.0,8,False,False,Productivity
18,260.0,0.0,20,3,5,False,500,52,3,6,170,2271.0,1,False,False,Artificial Intelligence
9,385.0,12.0,16,4,5,True,409,51,3,7,202,728.0,6,False,False,Streaming Services
2,4.0,230.0,7,4,5,True,137,54,4,1,255,2715.0,8,False,False,Mac
1,82.0,9.0,12,2,6,True,315,59,2,1,463,1210.0,2,True,False,Artificial Intelligence
10,71.0,2.0,4,5,5,True,350,35,2,6,0,81689.0,3,True,False,Health & Fitness
11,93.0,0.0,17,3,5,True,280,48,3,0,29,0.0,9,False,False,Fintech
1,416.0,50.0,7,3,5,True,404,60,2,1,633,51236.0,11,True,False,Productivity
17,0.0,0.0,14,1,5,True,313,60,2,4,0,3967.0,14,False,False,Mac
1,0.0,50.0,12,3,5,True,474,58,3,0,354,462.0,4,True,False,Open Source
8,0.0,2.0,11,6,6,True,200,56,1,1,0,1311.0,6,True,False,3D Printer
3,3.0,0.0,12,0,2,True,390,58,3,1,0,28235.0,5,False,False,Mac
1,18.0,0.0,6,3,6,False,500,57,3,4,235,1121.0,0,False,False,Mac
10,115.0,129.0,6,3,6,True,262,20,3,1,0,901.0,8,False,False,Browser Extensions
4,39.0,10.0,7,5,5,True,445,60,4,3,35,0.0,4,False,False,SaaS
1,0.0,1.0,7,3,5,True,128,45,4,0,0,2811.0,23,True,False,SaaS
6,55.0,1.0,7,6,5,True,296,51,3,2,146,162586.0,6,False,False,Vibe coding
13,32.0,16.0,6,4,6,True,317,60,3,3,277,4658.0,9,True,False,Meetings
1,0.0,23.0,12,1,5,True,440,58,3,3,179,106713.0,4,False,False,Mac
1,78.0,0.0,7,6,6,False,465,40,1,2,0,4099.0,8,True,False,iOS
1,0.0,1.0,7,4,5,True,498,59,3,2,568,92552.0,5,True,False,Mac
1,148.0,8.0,19,4,5,True,359,53,1,2,90,522.0,5,True,False,Email
13,73.0,5.0,7,0,5,True,441,55,3,2,0,33539.0,6,True,False,Marketing
9,121.0,0.0,18,5,6,False,457,50,3,1,0,3549.0,7,False,False,Mac
1,0.0,0.0,7,3,5,False,401,32,3,0,384,1296.0,6,False,False,WordPress
1,0.0,160.0,7,4,5,True,420,55,3,4,180,4020.0,4,False,False,Health & Fitness
75,0.0,58.0,7,6,6,False,494,56,3,1,0,293.0,6,True,False,Developer Tools
18,117.0,0.0,7,0,5,True,313,54,3,1,0,29429.0,6,False,False,Productivity
2,681.0,0.0,7,5,5,False,500,53,2,7,354,2285.0,5,True,False,Health & Fitness
1,30.0,75.0,6,3,1,True,48,48,3,2,24,42044.0,7,True,False,Design Tools
2,56.0,34.0,12,6,5,True,407,60,3,1,0,0.0,8,False,False,Marketing
10,158.0,23.0,7,3,2,True,328,60,3,1,241,4675.0,8,True,False,User Experience
9,115.0,45.0,13,0,6,True,401,52,3,1,0,108043.0,9,True,False,Developer Tools
5,2237.0,10.0,7,2,2,False,381,50,3,1,0,338.0,8,False,False,Android
2,0.0,6.0,8,6,3,True,83,41,3,1,0,5171.0,12,True,False,API
17,690.0,3.0,18,5,5,True,330,46,3,0,0,23558.0,7,True,False,Productivity
9,138.0,42.0,7,0,6,True,203,55,3,0,0,1379.0,4,True,False,Mac
1,221.0,93.0,7,5,5,True,477,56,3,1,0,107834.0,19,True,False,Mac
17,62.0,0.0,2,3,5,True,138,56,3,1,305,0.0,7,False,False,Vibe coding
2,2.0,0.0,6,6,5,False,351,60,5,8,179,0.0,9,False,False,Advertising
1,1.0,16.0,7,5,6,False,479,47,3,1,0,2860.0,4,False,False,Android
12,61.0,11.0,23,3,6,True,204,39,3,3,198,4357.0,4,False,False,Developer Tools
7,2661.0,70.0,23,4,6,True,452,58,3,1,141,0.0,8,True,False,Mac
9,0.0,4.0,7,0,5,True,451,60,4,0,0,2629.0,10,True,False,Marketing
7,58.0,12.0,6,0,5,True,268,45,3,5,340,0.0,6,False,False,Android
1,0.0,0.0,7,2,5,True,322,60,3,1,430,115837.0,10,True,False,Productivity
2,0.0,0.0,11,3,2,False,442,40,4,1,229,117983.0,7,False,False,Fintech
1,42.0,0.0,6,0,5,True,172,55,3,1,4,24131.0,5,True,False,Productivity
1,0.0,24.0,22,3,5,False,430,55,4,3,0,72.0,5,False,False,Productivity
12,86.0,15.0,10,5,5,True,500,57,3,1,0,358.0,9,False,False,Analytics
25,60.0,2.0,6,4,4,True,112,54,3,1,0,787.0,9,True,False,Health & Fitness
1,42.0,2.0,10,0,5,True,190,60,3,4,516,3710.0,5,False,False,Linux
3,68.0,0.0,13,6,5,False,431,27,3,1,0,5960.0,8,True,False,Software Engineering
1,1874.0,55.0,19,0,6,True,259,38,2,3,194,5235.0,5,False,False,Marketing
16,1052.0,0.0,6,2,5,True,48,39,3,1,0,0.0,6,False,False,Sales
2,93.0,20.0,6,6,6,True,111,52,3,4,0,678.0,7,False,False,Android
13,533.0,0.0,7,6,5,False,216,60,3,2,97,94061.0,3,False,False,Browser Extensions
15,0.0,0.0,6,5,6,False,248,60,3,1,0,0.0,3,True,False,Open Source
14,65.0,0.0,7,2,6,True,357,56,3,3,491,0.0,7,True,False,API
7,212.0,10.0,23,2,6,True,456,60,4,3,0,87.0,10,True,False,Web App
10,0.0,0.0,23,3,5,False,482,58,4,2,472,70117.0,4,False,False,Mac
12,0.0,0.0,6,2,5,False,99,59,1,1,54,1188.0,10,False,False,Writing
8,0.0,0.0,7,3,5,True,500,60,2,1,319,249.0,5,False,False,Chrome Extensions
9,53.0,9.0,17,2,6,False,441,44,2,5,1018,1803.0,3,False,False,3D Printer
1,207.0,8.0,22,0,6,True,500,54,2,1,283,2499.0,4,False,False,Marketing
1,0.0,16.0,7,3,5,True,208,51,4,2,913,646.0,7,False,False,Design Tools
1,702.0,111.0,6,1,6,True,416,54,3,2,412,0.0,4,False,False,Chrome Extensions
1,0.0,20.0,19,0,2,True,307,60,3,1,396,0.0,0,False,False,Email
1,54.0,0.0,7,5,5,True,415,43,3,1,647,170171.0,8,True,False,Mac
16,61.0,0.0,2,5,5,True,391,60,3,1,0,35459.0,3,False,False,Social Network
3,134.0,15.0,6,3,5,True,500,56,3,2,178,154.0,5,False,False,Chrome Extensions
10,130.0,21.0,14,0,4,True,500,54,2,1,392,3067.0,7,False,False,Streaming Services
19,0.0,16.0,6,0,6,True,163,54,3,0,232,67404.0,9,False,False,Email
4,178.0,342.0,23,3,5,True,49,44,2,1,0,0.0,9,True,False,Software Engineering
1,0.0,34.0,10,1,5,True,500,48,2,0,154,2893.0,4,True,False,Virtual Reality
7,0.0,5.0,15,1,5,False,452,60,1,1,208,0.0,11,False,False,Music
1,93.0,158.0,7,3,5,True,179,39,3,1,8,0.0,12,True,False,API
9,106.0,0.0,0,4,6,True,369,60,3,8,0,245.0,5,False,False,Email
11,55.0,101.0,8,2,6,True,176,48,2,1,506,0.0,10,False,False,Artificial Intelligence
1,104.0,75.0,6,4,6,False,376,55,3,4,582,3438.0,5,False,False,Android
222,92.0,18.0,7,5,5,False,245,40,2,1,0,6377.0,3,True,False,Android
8,34.0,42.0,6,6,5,True,494,48,4,1,67,1638.0,4,False,False,Robots
2,0.0,32.0,8,3,5,True,295,60,3,2,226,0.0,4,True,False,Health & Fitness
1,157.0,169.0,8,5,6,True,500,55,3,2,358,6133.0,6,False,False,Menu Bar Apps
1,122.0,19.0,19,4,5,True,266,60,2,1,0,2605.0,2,True,False,Marketing
4,0.0,14.0,7,3,11,False,286,51,3,1,232,1307.0,9,True,False,Meetings
5,209.0,4.0,7,1,1,False,500,39,3,1,127,433.0,5,False,False,Design Tools
8,150.0,0.0,9,3,5,True,500,60,1,1,97,170171.0,3,False,False,API
11,45.0,48.0,6,4,6,True,275,45,3,1,0,12177.0,9,True,False,Linux
1,4.0,22.0,7,4,5,True,168,52,4,4,0,0.0,4,False,False,Productivity
1,0.0,16.0,23,4,1,True,500,55,2,1,750,131871.0,8,True,False,Mac
19,63.0,0.0,20,2,5,True,500,43,1,1,685,132596.0,6,True,False,Software Engineering
1,113.0,49.0,4,3,6,True,379,35,3,0,534,3176.0,7,True,False,Fintech
9,506.0,3.0,10,4,6,True,81,54,3,0,510,2760.0,9,True,False,Open Source
16,627.0,22.0,22,5,6,True,482,39,3,1,332,2613.0,7,False,False,Messaging
22,0.0,0.0,6,0,6,True,135,59,3,2,172,19462.0,7,False,False,API
147,111.0,84.0,7,0,5,False,434,42,2,1,0,10645.0,7,True,False,Tech
7,0.0,17.0,7,6,4,True,306,51,3,3,175,2266.0,7,False,False,API
4,131.0,30.0,7,2,6,True,345,52,3,1,316,145460.0,6,True,False,Fashion
16,1.0,0.0,7,5,6,False,348,46,3,12,455,946.0,9,True,False,Productivity
1,1144.0,0.0,7,2,5,True,238,44,3,4,290,0.0,8,False,False,Developer Tools
2,188.0,10.0,17,0,5,True,500,52,3,1,3304,0.0,6,False,False,Developer Tools
1,0.0,15.0,7,3,6,False,196,56,4,5,0,0.0,14,False,False,Android
10,78.0,117.0,15,5,5,True,153,42,8,2,316,361.0,6,False,False,User Experience
7,58.0,7.0,6,1,1,True,375,47,3,6,3166,0.0,7,False,False,Web App
1,186.0,9.0,12,6,9,True,286,58,3,7,0,3073.0,6,True,False,Comics & Graphic Novels
11,0.0,1.0,6,4,6,True,500,53,3,2,210,557.0,5,False,False,Design Tools
4,0.0,2.0,7,1,5,True,477,60,3,1,451,0.0,7,False,False,Chrome Extensions
13,106.0,7.0,7,3,5,True,275,50,4,1,90,61629.0,6,False,False,Human Resources
5,193.0,37.0,7,4,5,False,430,55,1,1,0,3609.0,6,True,False,Custom Keyboards
2,148.0,68.0,6,4,6,False,265,59,2,1,54,78191.0,7,False,False,Open Source
1,0.0,8.0,7,3,6,True,169,54,2,3,0,1266.0,6,False,False,Open Source
2,41.0,5.0,23,6,5,True,372,40,1,1,0,53248.0,7,False,False,Email
1,23.0,7.0,7,5,6,True,491,31,2,4,0,5629.0,5,False,False,Health & Fitness
16,294.0,2.0,20,0,6,False,66,38,3,1,0,398.0,18,True,False,Marketing
9,0.0,5.0,7,4,3,True,286,38,3,2,334,26461.0,6,False,False,Email
35,9.0,42.0,15,5,6,False,412,60,3,1,43,3286.0,6,False,False,Analytics
8,84.0,3.0,9,3,5,True,432,43,3,1,351,2026.0,8,False,False,Fintech
11,7.0,125.0,9,4,6,True,457,34,3,1,6,0.0,9,True,False,Developer Tools
2,328.0,31.0,11,6,5,True,449,60,3,0,0,0.0,1,True,False,Customer Success
1,148.0,0.0,22,5,9,True,175,60,3,2,150,0.0,8,False,False,Open Source
5,124.0,13.0,7,5,6,True,382,49,2,1,3024,3573.0,5,False,False,Robots
8,0.0,0.0,15,2,5,True,393,48,3,1,160,147326.0,17,False,False,Productivity
1,122.0,24.0,8,0,5,True,500,52,3,4,266,14622.0,16,False,False,Productivity
3,31.0,0.0,8,5,6,False,457,17,3,1,543,0.0,7,False,False,3D Printer
6,4.0,0.0,6,0,6,True,181,57,1,3,359,0.0,3,True,False,Fintech
11,513.0,12.0,7,6,5,True,447,17,2,5,469,0.0,6,False,False,Menu Bar Apps
11,113.0,7.0,7,0,6,True,254,46,3,1,0,77794.0,8,False,False,Email
8,154.0,16.0,7,5,5,True,330,53,3,1,305,2847.0,15,True,False,Developer Tools
10,432.0,22.0,7,2,4,True,435,60,3,1,0,99.0,9,False,False,Productivity
11,32.0,13.0,16,5,5,True,443,54,3,1,595,5664.0,7,True,False,Open Source
7,44.0,11.0,7,5,6,True,403,60,3,1,0,0.0,2,True,False,Linux
13,34.0,46.0,3,3,5,True,298,49,4,3,385,0.0,12,False,False,API
7,0.0,10.0,20,3,6,False,500,58,3,1,56,0.0,8,True,False,Chrome Extensions
15,142.0,19.0,9,2,5,True,265,50,5,1,0,4491.0,7,True,False,Hiring
11,20.0,9.0,18,3,5,True,453,59,3,4,203,0.0,5,False,False,Analytics
10,0.0,4.0,7,3,6,True,500,59,1,1,279,142128.0,10,False,False,Tech
88,95.0,0.0,8,2,6,True,500,58,4,4,0,1774.0,5,False,False,Open Source
1,0.0,6.0,20,6,5,True,168,60,3,1,461,0.0,7,False,False,Social Media
1,0.0,13.0,7,3,5,True,491,47,3,1,219,20889.0,8,True,False,Productivity
2,127.0,8.0,8,1,5,False,336,48,2,1,0,100482.0,5,False,False,Social Media
16,44.0,48.0,6,2,2,True,250,52,3,1,84,0.0,4,True,False,Privacy
1,104.0,0.0,7,4,6,True,372,39,3,1,0,3746.0,24,False,False,Productivity
4,0.0,13.0,1,3,5,True,235,38,3,1,536,50761.0,9,False,False,User Experience
4,0.0,0.0,6,4,6,True,211,54,3,1,99,0.0,2,False,False,Social Media
130,61.0,23.0,7,5,6,True,500,56,3,0,25,7010.0,6,False,False,Design Tools
43,28.0,0.0,7,2,5,True,206,33,1,1,366,0.0,2,False,False,Productivity
12,112.0,0.0,17,1,5,True,428,57,2,3,129,3071.0,8,True,False,Prototyping
14,114.0,111.0,15,1,5,True,440,55,3,1,0,3596.0,7,True,False,Social Media
8,0.0,18.0,7,2,5,True,484,56,3,1,0,0.0,8,False,False,Robots
1,184.0,22.0,6,5,5,True,500,53,3,4,182,4521.0,8,False,False,Hiring
3,176.0,17.0,8,5,5,True,155,35,8,1,319,2123.0,5,True,False,Marketing
10,392.0,42.0,7,1,5,True,430,47,3,3,0,1834.0,8,True,False,Mac
10,51.0,11.0,12,2,5,True,386,47,4,1,368,1190.0,4,False,False,Time Tracking
4,84.0,9.0,7,0,5,True,313,54,3,1,263,80860.0,4,True,False,Mac
1,1864.0,41.0,7,1,5,True,258,52,3,1,175,1284.0,9,True,False,Design Tools
19,269.0,19.0,6,3,5,True,144,54,6,1,90,0.0,5,True,False,Social Media
10,151.0,77.0,17,6,6,False,398,23,3,1,443,1380.0,4,False,False,Software Engineering
15,85.0,0.0,6,4,5,True,129,21,4,3,0,4280.0,7,False,False,Tech
15,91.0,32.0,7,1,5,True,353,57,3,2,248,4785.0,4,False,False,Education
1,135.0,85.0,23,0,5,True,466,59,3,6,596,0.0,12,True,False,Browser Extensions
28,16.0,15.0,6,1,5,False,412,48,5,1,176,0.0,5,True,False,Social Network
8,0.0,0.0,7,1,5,False,500,59,2,1,34,0.0,4,False,False,Venture Capital
120,119.0,33.0,20,6,6,True,500,37,8,1,0,3352.0,5,False,False,API
39,102.0,0.0,6,5,5,False,375,60,3,7,530,0.0,9,False,False,Productivity
3,11.0,34.0,21,4,5,True,362,60,2,1,0,0.0,8,False,False,Productivity
8,15.0,3.0,6,5,5,True,500,59,4,1,236,90897.0,7,True,False,Analytics
24,0.0,0.0,6,1,6,False,157,60,5,0,0,0.0,7,True,False,Growth Hacking
16,207.0,13.0,22,5,6,False,356,54,3,1,344,6020.0,12,False,False,Advertising
1,0.0,18.0,23,5,2,True,306,56,3,4,195,2666.0,6,False,False,API
8,73.0,5.0,6,0,5,True,298,60,3,3,302,0.0,0,False,False,Open Source
36,46.0,12.0,14,3,5,False,152,46,3,1,301,2762.0,6,False,False,Productivity
1,0.0,4.0,14,4,5,True,500,39,3,6,354,166219.0,5,True,False,iOS
8,0.0,2.0,20,3,5,False,176,19,4,1,0,0.0,2,False,False,Home
1,13.0,32.0,7,5,5,True,406,49,1,1,687,77922.0,5,True,False,Linux
1,46.0,0.0,6,5,1,False,213,54,3,5,193,0.0,6,True,False,Android
4,0.0,11.0,6,5,6,True,354,52,3,2,140,0.0,6,True,False,Android
1,28.0,39.0,8,3,6,True,475,53,3,1,378,0.0,9,True,False,Chrome Extensions
1,0.0,0.0,6,1,5,True,416,44,4,2,0,89357.0,8,True,False,Marketing
21,77.0,2.0,6,0,5,True,415,49,3,1,0,2474.0,5,False,False,API
1,131.0,29.0,20,2,5,True,500,60,4,7,646,0.0,5,True,False,Artificial Intelligence
1,55.0,156.0,6,5,5,True,393,57,3,4,2729,0.0,7,True,False,Productivity
4,0.0,1.0,7,3,5,True,369,38,1,3,372,3976.0,11,False,False,Hiring
1,0.0,1.0,6,6,6,True,455,60,3,4,268,0.0,9,True,False,Health & Fitness
5,52.0,3.0,13,3,2,True,500,60,3,9,540,1621.0,25,False,False,Productivity
13,0.0,2.0,6,4,5,True,493,39,3,2,105,26724.0,8,True,False,API
2,181.0,3.0,7,4,5,False,500,58,3,1,347,386.0,27,False,False,Open Source
1,251.0,101.0,8,4,5,True,205,49,3,1,219,162842.0,6,True,False,Fintech
1,44.0,11.0,7,1,5,True,446,60,3,0,203,0.0,2,False,False,Productivity
8,478.0,0.0,18,2,5,False,421,47,1,4,42,3660.0,8,False,False,User Experience
6,51.0,0.0,19,4,6,True,315,56,4,4,308,32.0,7,False,False,Design Tools
4,238.0,26.0,7,5,5,True,358,54,3,1,0,103307.0,7,True,False,Productivity
7,0.0,6.0,6,3,6,True,344,60,3,4,680,2852.0,10,True,False,Design Tools
4,572.0,39.0,3,4,6,True,155,17,2,1,76,5810.0,8,False,False,Time Tracking
1,24.0,0.0,14,4,2,False,136,60,3,6,290,4115.0,24,True,False,SaaS
1,120.0,0.0,11,1,5,False,176,59,4,1,0,480.0,6,False,False,Human Resources
2,718.0,139.0,6,6,5,False,471,40,1,1,620,3455.0,8,True,False,Sales
9,33.0,56.0,20,2,6,True,185,55,3,1,271,1686.0,7,True,False,Artificial Intelligence
16,70.0,84.0,7,6,5,True,473,42,6,1,0,0.0,5,True,False,Music
1,0.0,5.0,6,5,1,True,332,21,3,1,100,107866.0,10,True,False,Linux
1,66.0,0.0,16,4,6,True,260,39,3,0,246,0.0,5,True,False,Productivity
24,44.0,0.0,7,3,6,True,500,56,3,1,0,0.0,0,False,False,Health & Fitness
1,49.0,6.0,8,4,5,True,452,53,3,1,0,2056.0,5,False,False,iOS
13,244.0,2.0,16,6,6,True,306,60,1,1,0,3802.0,5,False,False,Developer Tools
1,24.0,11.0,6,2,6,True,500,45,3,1,0,5604.0,6,True,False,Developer Tools
17,38.0,58.0,7,3,5,True,251,42,3,2,463,1579.0,7,False,False,Developer Tools
7,73.0,5.0,7,3,5,True,500,60,4,1,444,0.0,11,False,False,Email Marketing
3,113.0,5.0,21,5,5,True,473,51,3,1,0,1892.0,5,True,False,Marketing
9,19.0,42.0,6,1,6,True,441,48,4,1,0,0.0,7,True,False,Design Tools
12,136.0,37.0,6,3,1,True,259,56,3,1,604,2429.0,8,False,False,Fintech
1,0.0,19.0,3,3,5,True,338,51,4,1,191,96035.0,8,False,False,Artificial Intelligence
8,0.0,23.0,7,2,5,True,150,56,4,1,478,35032.0,8,False,False,Health & Fitness
12,47.0,0.0,7,3,5,True,464,60,3,9,214,89227.0,11,False,False,Streaming Services
21,0.0,49.0,5,5,5,False,432,57,5,5,257,0.0,3,False,False,Comics & Graphic Novels
27,64.0,22.0,6,5,6,True,173,56,3,1,153,2126.0,6,True,False,Analytics
2,132.0,5.0,20,2,1,True,460,22,3,5,312,1609.0,3,False,False,Productivity
1,106.0,24.0,7,3,5,True,473,57,3,1,741,147361.0,8,True,False,Mac
6,0.0,13.0,6,4,4,True,480,53,1,2,0,4904.0,9,False,False,Software Engineering
3,82.0,3.0,20,0,5,False,432,56,2,3,363,0.0,2,False,False,Marketing
7,0.0,0.0,9,3,5,True,442,57,3,1,0,278.0,6,False,False,User Experience
218,30.0,9.0,6,2,5,True,500,60,3,1,466,0.0,9,False,False,Productivity
9,0.0,13.0,5,3,6,True,310,27,1,1,214,3772.0,8,False,False,Web App
11,12.0,1.0,7,6,5,False,283,47,1,1,76,737.0,5,True,False,Art
4,0.0,21.0,7,1,6,False,500,54,2,1,0,2020.0,5,False,False,API
1,0.0,51.0,7,3,5,True,492,52,3,0,288,21353.0,7,True,False,Venture Capital
1,96.0,22.0,13,0,5,True,500,60,3,2,504,229.0,6,True,False,Design Tools
68,131.0,16.0,19,4,3,True,149,57,4,4,0,0.0,5,True,False,Human Resources
7,0.0,2.0,23,1,6,True,265,58,3,1,0,14171.0,12,True,False,Mac
1,0.0,8.0,15,0,8,True,322,42,3,1,762,4406.0,6,False,False,Productivity
4,139.0,15.0,6,1,4,True,500,50,3,1,357,0.0,5,False,False,Mac
1,21.0,47.0,7,3,5,True,468,27,3,1,165,0.0,5,True,False,Education
1,171.0,3.0,8,3,5,True,442,50,3,1,224,2458.0,3,False,False,Productivity
12,845.0,6.0,6,3,6,True,458,58,3,1,268,131875.0,6,False,False,Health & Fitness
1,63.0,62.0,14,4,6,True,326,57,4,1,433,0.0,7,True,False,Open Source
16,37.0,0.0,7,1,5,True,387,51,2,4,214,5892.0,9,False,False,Android
1,100.0,0.0,18,1,5,True,369,37,3,1,421,0.0,8,False,False,Productivity
30,38.0,13.0,7,3,5,False,500,36,2,1,0,418.0,0,False,False,Android
1,0.0,0.0,6,1,6,False,414,53,1,1,0,43130.0,5,False,False,Analytics
1,200.0,16.0,20,1,5,True,438,56,2,1,0,26014.0,9,False,False,Developer Tools
1,56.0,10.0,7,4,5,False,500,54,5,1,579,2006.0,12,False,False,Productivity
1,0.0,15.0,6,3,5,True,440,42,3,1,362,3222.0,8,True,False,Linux
17,561.0,48.0,13,4,6,True,500,37,3,5,518,116510.0,6,False,False,Social Media
1,41.0,0.0,7,1,5,False,63,51,2,3,47,146668.0,11,True,False,Mac
11,333.0,32.0,16,3,1,True,497,40,1,0,153,3939.0,2,True,False,API
2,0.0,9.0,7,4,6,True,500,30,3,3,442,107010.0,5,False,False,Mac
1,40.0,0.0,6,1,5,True,500,46,3,7,0,3313.0,5,False,False,Vibe coding
24,139.0,23.0,11,6,5,True,168,60,3,1,622,4814.0,6,False,False,Social Media
4,154.0,0.0,4,3,5,True,297,28,3,1,323,2342.0,5,False,False,Productivity
25,127.0,6.0,13,0,9,False,356,46,1,1,0,3672.0,6,False,False,Venture Capital
11,191.0,6.0,16,4,7,True,479,53,1,1,247,120620.0,7,False,False,Privacy
3,266.0,13.0,7,2,8,True,336,25,3,1,524,33208.0,5,False,False,Mac
1,33.0,0.0,7,0,5,False,48,55,3,1,0,3825.0,0,False,False,Artificial Intelligence
1,0.0,10.0,6,4,5,True,490,18,1,1,0,97.0,3,False,False,Chrome Extensions
4,89.0,55.0,7,4,6,False,356,53,2,0,694,4723.0,6,True,False,API
1,219.0,10.0,20,2,5,True,471,53,3,4,0,33159.0,1,True,False,Tech
6,135.0,1.0,15,1,5,True,341,60,3,5,0,23055.0,6,False,False,Productivity
1,50.0,8.0,6,3,5,True,500,57,3,1,324,784.0,7,True,False,Marketing
1,57.0,0.0,22,5,5,True,400,57,3,10,0,0.0,6,False,False,Marketing
13,458.0,8.0,6,6,1,False,188,55,3,0,0,15124.0,2,False,False,API
25,63.0,2.0,7,2,1,True,258,47,3,2,384,0.0,8,False,False,Sales
24,121.0,0.0,17,1,6,False,272,60,3,0,0,5431.0,9,False,False,Productivity
1,0.0,41.0,1,2,2,True,270,60,3,1,0,13182.0,7,True,False,SaaS
1,156.0,27.0,11,3,6,True,441,60,3,1,0,116072.0,7,False,False,Robots
1,0.0,0.0,16,5,5,True,488,54,6,1,0,1234.0,3,True,False,Art
15,77.0,0.0,10,5,6,False,483,60,5,2,0,384.0,10,True,False,Linux
1,112.0,3.0,5,2,5,True,290,58,3,1,231,0.0,4,True,False,Time Tracking
19,236.0,2.0,15,2,5,True,210,55,3,3,200,0.0,3,False,False,Mac
7,17.0,10.0,7,1,6,True,455,46,2,4,0,3270.0,7,True,False,Productivity
179,373.0,18.0,17,1,5,True,353,54,3,1,0,0.0,6,False,False,Productivity
2,2661.0,13.0,23,3,1,True,244,49,3,4,0,594.0,13,True,False,Retro Games
1,29.0,3.0,7,5,5,False,172,60,3,1,397,0.0,9,False,False,Privacy
9,0.0,0.0,16,5,5,False,164,60,4,1,0,0.0,8,False,False,WordPress
3,157.0,4.0,9,3,8,False,300,49,3,1,353,23385.0,5,False,False,Virtual Reality
14,119.0,0.0,13,3,6,True,75,52,3,1,0,0.0,6,False,False,Productivity
9,48.0,0.0,7,1,1,False,347,57,3,3,0,0.0,5,False,False,3D Printer
12,166.0,3.0,7,3,6,True,500,60,3,1,4209,0.0,7,False,False,Travel
1,0.0,23.0,18,3,5,False,362,55,3,1,317,0.0,3,False,False,Social Media
222,96.0,8.0,0,1,5,True,71,60,2,1,0,2431.0,6,False,False,Health & Fitness
1,75.0,30.0,8,5,5,True,347,60,3,1,381,0.0,6,False,False,Prototyping
32,75.0,0.0,10,0,5,True,489,56,3,3,188,31602.0,3,False,False,Android
1,179.0,0.0,15,5,6,False,407,60,2,2,0,147.0,9,True,False,SaaS
7,31.0,9.0,7,6,6,True,261,54,3,1,633,18179.0,6,False,False,Productivity
1,107.0,35.0,7,5,5,True,325,32,3,1,440,427.0,8,False,False,Menu Bar Apps
5,203.0,6.0,23,3,5,False,225,51,3,1,1272,7201.0,9,True,False,Payments
10,54.0,0.0,7,3,6,False,419,52,3,0,294,0.0,11,True,False,Mac
9,38.0,29.0,11,4,5,True,500,40,3,6,880,559.0,8,False,False,API
4,115.0,62.0,16,3,5,True,360,50,3,3,139,34401.0,5,False,False,API
12,160.0,31.0,19,2,5,True,287,57,3,1,0,0.0,0,True,False,Web App
8,142.0,8.0,16,3,6,False,486,36,3,0,42,2319.0,3,False,False,Prototyping
12,154.0,18.0,7,5,6,False,451,60,3,1,241,67994.0,7,False,False,Artificial Intelligence
1,14.0,18.0,18,6,6,True,143,55,3,1,405,1170.0,7,False,False,Productivity
1,98.0,38.0,8,2,5,True,288,50,3,1,0,119897.0,8,True,False,Email
24,145.0,92.0,7,2,6,False,121,38,2,1,515,0.0,10,False,False,Open Source
16,189.0,8.0,14,4,10,True,461,40,3,14,318,1161.0,7,True,False,Chrome Extensions
13,52.0,0.0,6,6,6,False,344,25,4,1,0,1859.0,5,True,False,Customer Communication
11,73.0,124.0,12,3,6,True,443,60,3,1,563,0.0,9,True,False,Software Engineering
6,154.0,21.0,7,4,6,True,500,44,3,3,214,1521.0,22,False,False,Open Source
10,151.0,0.0,8,0,5,True,419,58,3,1,560,0.0,13,False,False,Marketing
13,14.0,0.0,6,2,6,True,500,57,2,1,0,4398.0,0,True,False,Marketing
7,92.0,1.0,6,4,5,True,271,60,2,2,177,4329.0,5,False,False,Vibe coding
1,34.0,0.0,20,2,1,False,220,53,8,4,536,0.0,14,False,False,Customer Communication
30,0.0,0.0,7,3,5,True,305,51,3,3,628,0.0,6,False,False,Productivity
36,0.0,0.0,7,1,6,True,469,49,3,3,0,2106.0,8,False,False,Marketing
8,92.0,7.0,16,2,6,True,392,52,3,3,0,142760.0,5,True,False,Comics & Graphic Novels
13,600.0,4.0,7,3,5,True,321,53,2,1,301,2876.0,3,False,False,Virtual Reality
10,6.0,117.0,16,3,5,True,198,38,4,1,440,123053.0,7,False,False,API
7,0.0,3.0,10,5,6,True,451,60,2,1,228,2227.0,5,False,False,Productivity
1,367.0,4.0,17,3,5,True,429,53,3,1,584,3498.0,5,False,False,Growth Hacking
129,220.0,14.0,7,6,3,True,484,58,3,1,0,4898.0,2,True,False,Productivity
37,0.0,0.0,13,1,6,False,478,60,4,2,243,3182.0,7,False,False,Chrome Extensions
13,145.0,7.0,0,3,6,False,321,47,4,1,0,3551.0,5,True,False,Productivity
1,112.0,11.0,6,3,5,True,427,59,3,7,0,0.0,7,True,False,Developer Tools
28,222.0,172.0,13,5,6,True,465,26,1,1,24,58399.0,9,True,False,Chrome Extensions
1,0.0,23.0,9,4,11,True,500,52,2,1,189,3592.0,4,False,False,Android
1,0.0,9.0,14,4,5,False,472,40,4,1,367,4464.0,7,False,False,User Experience
7,0.0,4.0,6,6,1,True,404,59,3,4,57,0.0,0,False,False,Productivity
11,23.0,0.0,8,0,7,False,416,42,3,1,364,0.0,10,False,False,Analytics
1,41.0,39.0,7,3,6,True,500,57,6,2,315,0.0,5,True,False,Email
7,43.0,38.0,8,0,6,True,109,52,3,1,0,0.0,8,False,False,Developer Tools
1,0.0,7.0,7,2,5,True,500,43,3,7,167,2975.0,6,False,False,iOS
5,9.0,0.0,19,5,5,False,500,52,3,5,486,113505.0,5,True,False,Productivity
19,46.0,19.0,8,0,5,False,396,50,1,1,292,3716.0,7,False,False,Productivity
8,0.0,8.0,6,3,5,False,435,46,3,1,0,1472.0,1,False,False,Artificial Intelligence
1,0.0,3.0,0,0,6,True,208,60,3,1,0,1378.0,7,True,False,iOS
24,0.0,6.0,7,5,5,True,312,53,3,0,0,5243.0,9,False,False,Open Source
32,209.0,56.0,15,5,5,True,269,56,3,0,1210,6550.0,4,False,False,User Experience
1,84.0,0.0,7,3,5,True,169,29,3,5,132,0.0,6,False,False,Health & Fitness
5,0.0,0.0,4,4,6,False,428,57,2,2,0,0.0,7,False,False,Productivity
7,115.0,12.0,6,3,6,True,500,58,3,2,0,96215.0,4,False,False,Web App
14,76.0,0.0,23,6,5,False,500,56,2,1,398,3033.0,8,True,False,Productivity
3,422.0,0.0,8,2,5,False,282,52,1,1,0,0.0,7,False,False,Android
1,28.0,0.0,7,3,5,False,404,25,3,5,378,2634.0,6,False,False,Productivity
8,304.0,92.0,20,3,5,True,127,58,2,1,0,58830.0,0,True,False,Kids
9,35.0,2.0,6,3,5,False,447,52,3,5,0,6195.0,0,False,False,SaaS
1,0.0,110.0,6,6,5,True,309,57,3,5,160,1404.0,17,False,False,Marketing
9,0.0,107.0,7,5,5,False,244,58,3,2,0,0.0,8,False,False,Android
8,23.0,3.0,7,3,5,True,487,60,3,3,187,293.0,3,False,False,Email
1,12.0,35.0,10,1,5,True,337,27,2,1,125,2513.0,5,False,False,Sales
5,0.0,6.0,15,2,1,True,459,41,3,1,533,431.0,7,False,False,Productivity
7,20.0,8.0,6,3,5,True,375,53,9,2,325,3755.0,9,True,False,Prototyping
14,420.0,342.0,7,4,6,True,189,44,4,1,284,348.0,7,False,False,Android
85,450.0,9.0,6,5,6,True,499,55,3,5,253,2711.0,4,True,False,Vibe coding
1,164.0,114.0,7,0,6,True,439,60,3,1,685,3908.0,9,False,False,Emoji
16,83.0,0.0,6,5,5,False,175,52,2,3,140,4384.0,9,True,False,Cars
20,0.0,13.0,15,1,6,True,218,52,4,0,695,4758.0,6,False,False,SaaS
1,59.0,0.0,6,0,5,True,95,58,3,1,232,0.0,7,False,False,Open Source
9,5.0,2.0,7,1,6,False,453,55,4,7,576,0.0,10,False,False,API
4,26.0,15.0,7,2,5,True,433,49,3,1,337,2635.0,9,False,False,Email Marketing
22,54.0,0.0,0,3,5,False,236,60,6,4,203,0.0,5,False,False,Software Engineering
1,117.0,56.0,17,2,11,True,348,36,3,6,531,0.0,11,True,False,Open Source
12,16.0,45.0,22,3,5,True,468,57,3,0,296,0.0,9,True,False,Startup Books
20,127.0,15.0,0,1,5,True,441,53,3,2,528,1403.0,6,True,False,Mac
6,176.0,32.0,17,5,5,False,90,34,2,3,0,0.0,7,True,False,Notes
7,0.0,9.0,7,3,5,False,500,47,3,0,242,34997.0,2,True,False,Cars
9,0.0,0.0,7,4,6,True,127,23,3,1,211,0.0,6,True,False,Privacy
1,700.0,9.0,23,3,10,True,172,60,3,1,270,23047.0,8,True,False,Artificial Intelligence
10,68.0,4.0,17,3,5,True,148,48,2,0,0,1040.0,8,False,False,Open Source
10,101.0,2.0,6,1,5,True,482,52,2,2,0,3521.0,7,False,False,Sales
17,247.0,0.0,22,1,5,False,408,47,2,1,0,0.0,6,False,False,Browser Extensions
4,1.0,0.0,7,3,5,True,296,60,3,1,248,1017.0,7,False,False,SaaS
1,110.0,0.0,8,1,5,True,500,57,3,4,213,4569.0,9,False,False,Meetings
1,105.0,38.0,8,2,5,True,242,59,3,2,0,2686.0,12,False,False,Productivity
12,90.0,26.0,13,0,6,True,237,48,3,1,0,146762.0,10,False,False,iOS
2,342.0,11.0,7,3,5,False,500,27,3,3,0,27267.0,3,False,False,Slack
8,163.0,4.0,15,0,1,True,253,49,3,1,346,2217.0,7,False,False,Sales
14,29.0,22.0,15,3,5,False,305,40,2,3,0,1719.0,7,False,False,Mac
1,0.0,48.0,15,5,6,True,420,33,2,1,1944,96357.0,3,False,False,SaaS
11,124.0,1.0,10,4,1,True,499,51,3,1,575,18769.0,5,False,False,Mac
1,113.0,19.0,6,5,5,True,253,55,3,0,524,97613.0,5,True,False,Web App
6,445.0,127.0,7,6,6,False,71,38,3,3,0,4084.0,6,False,False,iOS
1,33.0,54.0,7,5,6,True,233,45,4,0,0,0.0,7,True,False,WordPress
1,84.0,30.0,7,1,6,True,172,58,3,1,15,130507.0,13,False,False,Artificial Intelligence
1,38.0,0.0,17,3,1,False,500,54,2,20,500,0.0,6,True,False,Design Tools
5,309.0,10.0,17,5,5,False,151,59,4,1,0,0.0,7,False,False,Tech
1,0.0,0.0,7,6,6,False,500,56,8,1,0,2594.0,5,False,False,Mac
8,198.0,30.0,11,5,5,True,448,54,5,4,136,1219.0,6,True,False,Vibe coding
1,36.0,32.0,12,5,5,False,453,56,3,1,633,0.0,5,True,False,Advertising
4,22.0,41.0,15,4,5,True,500,49,3,1,0,12141.0,7,True,False,Developer Tools
1,182.0,0.0,21,4,6,True,374,54,2,1,737,0.0,9,False,False,Android
222,185.0,112.0,10,0,6,True,500,57,3,1,422,0.0,3,False,False,iOS
26,24.0,25.0,9,2,6,False,230,39,2,3,0,15322.0,4,False,False,Linux
1,230.0,14.0,7,0,6,True,404,60,3,1,131,7537.0,10,True,False,Design Tools
7,127.0,0.0,8,3,5,True,429,41,3,8,262,13740.0,4,False,False,Meetings
17,53.0,12.0,9,0,5,True,497,53,3,0,1465,1813.0,8,False,False,Productivity
1,2140.0,219.0,13,6,5,True,283,54,3,1,168,0.0,4,True,False,iOS
24,67.0,16.0,15,6,6,True,480,52,1,0,218,3057.0,5,False,False,Open Source
13,98.0,9.0,7,6,5,False,457,52,1,2,179,35388.0,7,False,False,Notes
9,0.0,10.0,22,0,6,False,500,59,2,1,70,0.0,6,False,False,Streaming Services
1,150.0,0.0,7,3,5,False,263,58,4,3,219,430.0,2,True,False,Customer Success
18,394.0,5.0,13,5,6,True,173,25,4,0,196,2400.0,4,False,False,Growth Hacking
7,5.0,13.0,8,0,5,True,446,52,1,1,0,20947.0,6,False,False,Software Engineering
7,0.0,37.0,6,3,5,True,451,50,3,3,99,1742.0,5,False,False,Health & Fitness
1,49.0,31.0,6,0,5,True,409,60,3,3,729,0.0,8,False,False,Marketing
9,59.0,151.0,7,6,1,True,468,37,1,4,20,5029.0,6,True,False,Cars
32,202.0,52.0,8,4,6,True,500,60,3,5,485,3501.0,6,False,False,Productivity
1,132.0,18.0,7,3,5,True,56,43,3,1,125,100369.0,7,True,False,Open Source
22,107.0,74.0,14,4,5,True,500,52,1,1,161,4351.0,8,False,False,Messaging
1,106.0,20.0,21,0,5,True,450,60,3,0,385,0.0,8,True,False,Mac
6,406.0,11.0,7,0,5,True,208,53,3,2,240,14663.0,9,False,False,SaaS
6,470.0,23.0,12,3,2,True,288,60,4,8,0,0.0,7,False,False,Productivity
18,133.0,0.0,7,2,5,True,485,44,3,3,0,2701.0,7,False,False,Web App
2,69.0,46.0,7,5,5,True,174,60,2,5,275,0.0,9,True,False,Open Source
11,165.0,5.0,7,3,6,True,484,50,3,1,0,1115.0,6,True,False,iOS
2,0.0,16.0,12,0,5,False,110,60,3,1,0,18245.0,8,False,False,Cars
6,0.0,0.0,7,1,5,False,500,55,4,1,1565,0.0,8,True,False,Artificial Intelligence
1,278.0,0.0,7,1,5,True,486,40,3,8,122,4429.0,4,False,False,Web App
1,0.0,0.0,6,3,5,True,300,52,3,3,137,11153.0,9,True,False,iOS
3,208.0,157.0,7,4,6,False,415,59,3,1,0,0.0,4,False,False,SaaS
74,136.0,22.0,7,3,5,True,417,36,3,2,0,0.0,8,True,False,Artificial Intelligence
42,87.0,4.0,11,0,6,True,496,48,3,3,662,3276.0,10,True,False,Marketing
1,89.0,86.0,9,6,6,True,402,52,3,4,0,413.0,5,False,False,API
1,183.0,64.0,7,0,5,True,418,56,4,4,543,1861.0,5,False,False,Mac
11,76.0,0.0,8,3,6,True,444,58,2,6,89,0.0,6,False,False,Analytics
14,49.0,19.0,6,2,5,True,355,57,3,8,424,0.0,5,False,False,Design Tools
1,0.0,0.0,7,3,5,False,500,60,4,4,488,3531.0,6,False,False,Marketing
3,172.0,33.0,7,4,6,True,350,44,2,1,141,1083.0,7,True,False,Productivity
12,0.0,5.0,15,3,8,True,133,58,3,1,0,3407.0,2,True,False,Tech
1,94.0,18.0,19,6,6,True,398,60,3,1,88,3766.0,7,True,False,Cars
1,64.0,7.0,7,5,5,True,229,54,3,1,46,1903.0,8,False,False,Android
222,30.0,0.0,12,6,5,True,274,59,2,3,20,8598.0,8,False,False,Startup Books
1,65.0,159.0,7,5,5,True,426,56,4,1,0,2020.0,6,False,False,Vibe coding
20,135.0,0.0,17,0,5,True,350,60,1,1,0,0.0,8,False,False,Slack
1,28.0,38.0,7,4,6,True,406,52,3,1,1822,1769.0,8,False,False,iOS
3,32.0,0.0,22,0,2,False,296,60,3,5,0,626.0,12,False,False,Chrome Extensions
2,1074.0,37.0,14,5,5,False,481,57,3,1,114,4730.0,3,False,False,Health & Fitness
1,30.0,91.0,10,1,6,False,92,55,2,4,0,4981.0,3,True,False,Marketing
32,139.0,13.0,22,3,6,True,349,53,3,3,184,4093.0,6,False,False,API
16,175.0,23.0,6,1,5,True,238,39,3,0,111,170171.0,7,False,False,Mac
7,38.0,23.0,16,0,5,True,500,57,3,0,127,0.0,5,False,False,Marketing
10,8.0,0.0,7,2,5,False,500,56,4,2,284,627.0,4,False,False,API
3,61.0,33.0,7,4,5,True,218,53,1,2,263,120000.0,7,True,False,Mac
17,73.0,5.0,16,5,3,False,418,60,5,1,350,343.0,8,False,False,Analytics
2,0.0,21.0,7,6,5,False,443,55,3,2,2545,3318.0,8,False,False,No-Code
222,17.0,48.0,6,5,5,True,178,38,3,1,135,4152.0,7,True,False,Mac
1,765.0,30.0,7,1,6,True,326,57,3,1,249,1269.0,3,False,False,Open Source
29,657.0,129.0,6,1,6,True,262,60,3,3,417,0.0,5,False,False,Chrome Extensions
14,246.0,8.0,0,1,6,True,500,60,3,1,452,980.0,7,True,False,Growth Hacking
2,111.0,40.0,7,4,6,True,301,40,3,1,707,3255.0,9,True,False,SaaS
1,236.0,46.0,8,5,6,True,416,49,3,1,0,2134.0,19,True,False,Artificial Intelligence
9,0.0,48.0,12,3,7,False,424,55,3,1,231,1888.0,6,False,False,Payments
19,205.0,20.0,7,1,6,True,353,52,3,1,0,115325.0,5,True,False,Productivity
5,97.0,0.0,21,2,6,False,492,60,3,1,0,238.0,4,False,False,Productivity
5,123.0,16.0,7,4,5,True,459,60,3,2,268,94384.0,5,False,False,Streaming Services
1,213.0,90.0,6,0,6,True,54,60,9,1,256,4280.0,7,False,False,Hardware
1,0.0,14.0,13,3,5,True,279,60,3,1,314,136649.0,9,True,False,iOS
26,87.0,52.0,7,5,3,True,478,48,3,0,766,1259.0,8,False,False,Vibe coding
13,48.0,0.0,6,0,5,True,169,56,3,4,17,837.0,4,False,False,Marketing
4,35.0,5.0,6,1,5,True,500,46,2,2,372,329.0,4,True,False,iOS
1,138.0,9.0,23,3,5,True,224,50,3,0,0,88910.0,9,True,False,Custom Keyboards
201,109.0,0.0,7,0,1,True,248,60,3,2,0,799.0,7,True,False,Developer Tools
1,0.0,48.0,6,1,6,True,437,39,4,1,464,0.0,9,False,False,Design Tools
1,0.0,7.0,6,3,5,True,448,44,3,2,381,6473.0,6,True,False,Android
1,1.0,127.0,7,5,5,True,461,17,2,4,0,1665.0,5,False,False,Android
26,49.0,0.0,7,3,1,True,415,57,3,1,55,0.0,6,False,False,Productivity
13,20.0,141.0,19,3,5,True,495,54,4,1,459,0.0,9,False,False,Productivity
1,10.0,25.0,16,4,5,True,306,60,3,2,0,0.0,4,False,False,API
21,101.0,0.0,22,2,5,True,215,55,3,7,0,0.0,4,True,False,Payments
1,393.0,6.0,8,6,6,False,459,56,3,1,0,0.0,9,False,False,Productivity
1,0.0,40.0,14,3,5,True,490,54,3,3,0,1411.0,8,False,False,Chrome Extensions
10,27.0,156.0,20,0,6,True,377,60,3,1,78,0.0,11,True,False,Sales
1,85.0,5.0,7,4,5,True,500,57,3,0,0,1261.0,7,True,False,Marketing
12,75.0,9.0,7,1,5,True,423,57,4,1,69,3051.0,5,True,False,SaaS
30,18.0,78.0,17,6,10,False,48,60,1,1,126,29730.0,3,True,False,Prototyping
15,157.0,0.0,8,1,6,True,460,31,2,1,217,1246.0,10,False,False,Open Source
1,0.0,31.0,20,5,5,True,406,60,2,10,0,0.0,5,True,False,Productivity
3,44.0,23.0,7,3,5,True,362,52,3,1,470,113062.0,12,True,False,Productivity
6,0.0,21.0,12,1,10,True,219,60,3,1,204,5409.0,6,False,False,Fintech
13,8.0,0.0,15,2,6,True,483,38,3,1,522,3599.0,10,False,False,Music
1,159.0,54.0,7,2,5,True,219,57,3,1,334,144408.0,12,False,False,Health & Fitness
12,77.0,23.0,13,2,5,True,446,21,3,1,799,2526.0,3,True,False,Mac
20,80.0,109.0,7,6,6,True,444,59,3,1,0,3765.0,11,True,False,Productivity
7,75.0,0.0,23,0,7,True,462,46,3,1,1149,0.0,7,False,False,Productivity
1,155.0,30.0,22,1,5,True,214,54,1,1,176,23943.0,5,False,False,Marketing
11,144.0,48.0,7,6,6,False,113,39,4,1,40,6967.0,5,False,False,Sales
35,80.0,4.0,20,2,5,True,500,51,3,3,452,2906.0,5,False,False,Productivity
11,0.0,0.0,7,3,8,False,322,40,6,1,190,4659.0,6,False,False,Fintech
1,73.0,1.0,7,3,12,True,275,51,3,3,0,0.0,0,False,False,Marketing
7,88.0,8.0,17,3,1,True,500,46,3,1,0,88.0,5,False,False,Chrome Extensions
1,59.0,44.0,17,5,5,True,48,52,3,4,0,1107.0,6,True,False,Mac
3,0.0,0.0,6,5,6,True,500,57,3,1,0,0.0,5,False,False,Productivity
7,327.0,31.0,15,2,5,False,500,53,3,1,134,1995.0,6,False,False,Email Marketing
13,0.0,13.0,7,0,6,True,417,60,4,1,394,3849.0,10,False,False,Travel
11,167.0,21.0,6,4,6,True,488,41,3,2,240,4645.0,5,True,False,Mac
4,194.0,0.0,20,2,5,True,466,50,3,1,836,0.0,4,True,False,Robots
11,73.0,5.0,7,2,5,True,279,60,3,1,0,0.0,3,True,False,Browser Extensions
16,13.0,0.0,7,6,6,False,301,28,2,1,0,2958.0,5,False,False,Open Source
30,39.0,0.0,17,1,6,True,443,60,3,1,0,1069.0,6,True,False,Android
7,11.0,19.0,8,5,5,True,299,51,5,1,0,0.0,3,False,False,Fashion
1,7.0,3.0,23,4,5,True,257,33,3,3,0,0.0,11,True,False,Social Media
55,130.0,1.0,17,3,5,True,317,55,3,1,177,0.0,8,True,False,Mac
5,441.0,38.0,8,1,6,True,463,49,2,0,155,115194.0,7,False,False,Productivity
1,112.0,127.0,13,3,5,True,119,42,3,6,432,70952.0,9,False,False,Analytics
6,12.0,37.0,10,3,6,False,201,47,2,4,141,170171.0,8,False,False,Hiring
1,93.0,0.0,6,6,5,True,424,53,3,19,579,16054.0,5,False,False,Browser Extensions
2,913.0,14.0,16,5,6,True,500,48,3,3,397,1263.0,7,True,False,Productivity
1,796.0,21.0,7,4,6,True,352,58,3,2,0,2912.0,6,False,False,Mac
12,0.0,0.0,0,3,5,True,257,57,3,2,77,3728.0,22,False,False,Marketing
2,50.0,39.0,7,4,5,True,500,58,3,1,0,3485.0,7,True,False,Productivity
191,391.0,0.0,20,0,6,False,415,60,3,1,0,3805.0,3,False,False,Audio
16,116.0,29.0,6,0,5,True,500,60,3,0,382,4614.0,6,True,False,Custom Keyboards
20,0.0,78.0,6,3,6,True,207,56,3,1,465,3799.0,0,True,False,Android
1,0.0,34.0,9,4,6,True,485,56,3,1,264,0.0,7,True,False,Software Engineering
17,0.0,11.0,6,1,6,False,430,58,3,5,0,0.0,1,True,False,Crypto
1,108.0,9.0,7,6,6,False,347,60,5,2,0,4454.0,3,True,False,Customer Success
9,87.0,0.0,23,6,5,True,378,47,1,1,0,0.0,2,True,False,WordPress
20,119.0,10.0,6,2,5,True,196,55,1,2,483,0.0,8,False,False,Marketing
19,0.0,96.0,6,4,6,True,474,60,4,0,0,0.0,2,False,False,Productivity
19,0.0,29.0,10,4,6,True,496,58,3,1,98,25702.0,3,True,False,Artificial Intelligence
1,40.0,8.0,8,3,5,True,500,51,3,7,323,26556.0,4,False,False,Mac
1,46.0,20.0,6,0,5,True,88,57,3,2,0,0.0,5,False,False,Privacy
11,485.0,12.0,23,4,6,True,337,58,3,1,162,82036.0,10,True,False,Open Source
10,147.0,25.0,15,6,6,True,390,52,3,4,183,3218.0,11,False,False,Browser Extensions
6,38.0,8.0,5,4,5,True,373,51,4,2,0,936.0,2,True,False,Vibe coding
5,134.0,0.0,22,3,5,True,449,51,4,1,0,1067.0,3,False,False,API
1,107.0,24.0,7,5,6,True,133,51,3,1,237,306.0,12,True,False,Tech
1,1.0,14.0,8,5,6,True,424,52,4,5,3445,320.0,10,False,False,Android
1,1018.0,55.0,4,0,5,True,464,56,3,1,599,953.0,11,True,False,iOS
9,2661.0,13.0,6,6,6,True,303,45,2,1,0,6361.0,6,False,False,Productivity
1,73.0,24.0,8,6,5,True,305,46,3,6,0,0.0,5,False,False,Analytics
2,0.0,3.0,7,5,5,False,436,36,3,1,388,0.0,5,False,False,Android
8,165.0,26.0,7,6,6,False,423,60,3,6,0,5793.0,1,False,False,Chrome Extensions
13,0.0,0.0,23,4,5,True,256,56,3,1,50,0.0,9,True,False,Mac
11,157.0,11.0,7,1,6,False,500,39,2,1,349,0.0,6,True,False,Artificial Intelligence
1,0.0,6.0,16,3,5,True,268,46,3,4,0,1754.0,6,True,False,Artificial Intelligence
4,21.0,0.0,8,0,4,True,408,57,3,1,443,0.0,27,True,False,Meetings
10,121.0,16.0,20,4,6,True,389,55,3,1,0,0.0,5,False,False,Customer Success
12,49.0,4.0,7,4,6,True,348,49,1,1,0,64338.0,8,False,False,API
1,26.0,52.0,7,2,6,True,148,60,3,7,309,0.0,9,True,False,Android
93,112.0,19.0,17,5,5,True,481,51,3,1,20,3433.0,10,True,False,Health & Fitness
1,28.0,13.0,8,0,5,True,500,60,3,1,480,0.0,6,False,False,Web App
10,152.0,0.0,6,0,6,True,500,53,3,1,397,0.0,6,True,False,Email
1,208.0,94.0,7,3,5,True,164,41,3,6,4,0.0,10,True,False,Health & Fitness
12,57.0,22.0,7,5,6,True,123,50,3,4,0,190.0,5,False,False,Productivity
8,0.0,1.0,11,5,5,False,394,47,3,2,248,4334.0,8,False,False,API
1,87.0,16.0,19,0,5,True,259,55,3,2,177,1738.0,3,False,False,Email Marketing
5,45.0,22.0,19,0,5,True,500,56,4,1,59,1905.0,9,False,False,Marketing
1,85.0,19.0,16,1,6,True,500,45,3,3,158,0.0,6,True,False,Mac
26,0.0,15.0,6,1,5,True,259,44,2,4,542,4049.0,7,False,False,Health & Fitness
2,71.0,0.0,22,3,5,True,500,60,1,1,1159,4777.0,6,False,False,API
1,145.0,12.0,7,1,5,False,422,25,3,4,212,5293.0,8,False,False,Design Tools
111,18.0,47.0,7,2,5,True,500,58,3,4,295,0.0,3,True,False,Audio
4,162.0,0.0,7,2,6,True,497,60,3,2,88,1978.0,5,True,False,Artificial Intelligence
25,0.0,26.0,7,3,5,False,491,53,3,1,0,3631.0,10,False,False,SaaS
9,0.0,0.0,7,2,5,True,356,59,3,2,476,0.0,8,True,False,Social Media
6,0.0,8.0,10,5,5,True,439,60,3,1,0,0.0,8,True,False,Mac
6,22.0,0.0,21,5,5,False,443,39,2,1,50,0.0,3,False,False,Mac
20,91.0,8.0,4,3,6,True,500,56,3,2,0,904.0,4,True,False,Chrome Extensions
4,91.0,25.0,22,2,5,True,500,60,3,0,668,4515.0,10,False,False,Productivity
5,111.0,166.0,13,5,5,True,427,60,3,1,0,2161.0,9,True,False,Mac
19,104.0,12.0,19,4,3,True,97,53,3,0,81,809.0,7,True,False,SaaS
18,60.0,120.0,7,4,6,True,85,55,3,0,207,1909.0,3,False,False,Artificial Intelligence
2,177.0,12.0,2,3,1,True,435,53,3,1,363,695.0,17,False,False,Health & Fitness
1,0.0,27.0,6,5,12,True,346,60,3,3,0,0.0,5,False,False,Web App
18,117.0,57.0,7,5,5,False,184,52,2,1,233,3381.0,8,False,False,Writing
16,564.0,12.0,13,6,5,True,324,60,3,6,227,803.0,12,True,False,Robots
12,485.0,7.0,7,2,1,True,217,52,3,1,534,0.0,5,False,False,Open Source
8,10.0,2.0,7,4,5,True,73,42,2,1,0,4316.0,5,True,False,API
13,122.0,28.0,17,3,5,True,48,45,3,1,0,1673.0,7,False,False,Open Source
17,0.0,0.0,6,5,6,False,421,39,5,1,329,0.0,8,False,False,Social Network
15,57.0,1.0,22,3,5,False,500,57,2,1,0,1267.0,4,False,False,Fashion
208,72.0,124.0,6,1,5,True,500,48,2,1,0,125363.0,2,False,False,Analytics
14,0.0,2.0,7,5,6,False,399,53,3,12,275,0.0,8,False,False,Analytics
11,633.0,44.0,22,2,5,True,420,60,3,0,0,24854.0,5,True,False,Marketing
1,48.0,46.0,16,3,6,True,325,57,3,1,175,3540.0,5,True,False,Mac
16,35.0,25.0,7,2,6,True,394,51,3,1,0,1602.0,4,False,False,Developer Tools
1,0.0,29.0,7,1,5,False,361,59,3,0,0,2659.0,8,False,False,API
16,19.0,1.0,7,4,5,True,399,59,3,1,66,9141.0,4,False,False,Mac
1,0.0,0.0,7,3,6,False,275,57,3,1,105,1817.0,3,True,False,iOS
86,9.0,10.0,6,0,6,True,424,55,2,2,0,3836.0,6,True,False,Android
30,80.0,3.0,12,3,5,False,495,37,2,1,401,1825.0,1,False,False,Tech
5,121.0,14.0,8,2,5,True,442,27,4,1,63,2601.0,6,True,False,Streaming Services
9,3.0,50.0,7,1,5,True,384,43,3,1,524,115791.0,7,True,False,Sales
5,88.0,0.0,7,0,6,True,455,45,3,1,454,2622.0,2,False,False,SaaS
20,99.0,21.0,7,4,5,True,476,53,3,1,221,0.0,5,False,False,Web App
6,96.0,0.0,16,5,6,True,416,44,3,1,0,2696.0,6,False,False,Android
1,160.0,163.0,7,3,5,True,324,30,3,1,0,4836.0,3,False,False,Marketing
10,0.0,25.0,7,5,5,True,500,57,6,1,648,4313.0,4,False,False,Tech
1,0.0,3.0,7,5,5,False,141,60,3,1,18,21412.0,7,True,False,Android
7,0.0,27.0,15,2,5,True,427,42,3,0,0,81870.0,8,False,False,Slack
1,30.0,38.0,17,6,5,True,500,60,3,1,274,1416.0,7,True,False,Developer Tools
2,52.0,1.0,7,3,6,True,500,58,3,1,115,0.0,5,True,False,Android
1,147.0,90.0,11,4,6,False,500,52,3,1,113,506.0,9,False,False,Email
15,0.0,0.0,0,3,6,False,456,60,2,1,0,2300.0,5,False,False,Design Tools
1,275.0,8.0,7,5,5,False,496,60,2,2,237,605.0,8,False,False,Open Source
9,1155.0,23.0,7,3,5,True,149,59,8,2,0,4709.0,3,False,False,Menu Bar Apps
1,0.0,18.0,7,3,6,True,122,35,3,2,0,0.0,6,True,False,Design Tools
15,239.0,19.0,8,3,6,False,251,59,1,1,126,1005.0,1,False,False,Home
1,248.0,10.0,15,5,6,True,378,55,3,6,284,0.0,7,True,False,Productivity
10,2.0,9.0,13,2,5,False,143,41,4,3,0,1915.0,16,False,False,Design Tools
6,39.0,48.0,20,1,2,True,367,55,4,0,561,0.0,9,False,False,Prototyping
1,0.0,16.0,6,3,6,True,384,60,3,1,0,0.0,7,False,False,Mac
1,0.0,0.0,6,2,6,True,458,53,3,1,246,0.0,5,False,False,Browser Extensions
1,39.0,6.0,15,2,9,False,500,60,3,0,526,5390.0,5,True,False,Linux
31,86.0,0.0,7,3,5,True,361,59,3,1,164,19443.0,4,True,False,Artificial Intelligence
14,81.0,6.0,0,4,1,True,291,60,4,1,1849,21457.0,7,False,False,Dating
16,116.0,1.0,7,3,5,True,405,39,1,1,0,4053.0,3,False,False,Mac
14,183.0,12.0,0,0,5,True,500,55,3,1,205,1248.0,4,False,False,Audio
14,974.0,23.0,11,6,5,False,48,52,1,1,0,1844.0,7,True,False,SaaS
1,178.0,20.0,7,6,5,True,494,54,3,2,184,5734.0,6,False,False,Notes
16,175.0,0.0,7,3,5,True,169,52,2,1,0,135182.0,4,False,False,Open Source
1,0.0,0.0,13,3,5,False,462,59,4,3,669,0.0,8,False,False,SaaS
9,55.0,29.0,15,4,5,True,382,30,3,1,0,0.0,3,False,False,Open Source
1,166.0,13.0,7,2,5,True,420,56,3,4,201,32290.0,5,False,False,Fintech
1,0.0,1.0,13,3,5,True,218,40,3,6,0,1702.0,3,True,False,API
1,15.0,41.0,6,3,5,True,371,43,3,1,325,3525.0,3,True,False,Design Tools
28,7.0,21.0,7,1,3,True,339,60,2,1,13,0.0,12,True,False,Chrome Extensions
5,0.0,0.0,21,2,2,True,336,60,2,7,215,0.0,5,True,False,Productivity
15,74.0,30.0,6,6,6,False,450,37,4,4,16,4910.0,4,True,False,SaaS
21,133.0,111.0,0,1,6,True,264,60,2,1,0,3063.0,6,False,False,Open Source
16,0.0,11.0,7,0,6,False,480,60,1,1,299,5116.0,8,True,False,Writing
4,96.0,35.0,16,3,6,True,325,53,3,1,146,8465.0,9,False,False,Art
17,77.0,0.0,23,1,5,True,287,60,3,1,175,3149.0,5,True,False,Mac
1,24.0,0.0,8,1,5,True,494,59,3,6,3203,2103.0,5,False,False,Payments
27,0.0,0.0,9,3,2,True,301,60,4,0,59,118547.0,7,False,False,Crypto
15,0.0,23.0,6,4,6,True,500,52,3,1,670,0.0,8,True,False,Couples
29,60.0,81.0,13,3,5,True,398,58,3,1,455,18311.0,8,False,False,Developer Tools
7,0.0,26.0,6,0,6,True,326,58,3,1,0,2734.0,2,True,False,iOS
6,89.0,18.0,23,0,5,True,206,51,3,1,156,577.0,4,True,False,Open Source
17,130.0,16.0,6,3,5,True,500,41,3,3,245,4101.0,10,False,False,Productivity
39,30.0,0.0,2,5,5,False,439,47,4,1,0,0.0,0,False,False,Streaming Services
100,0.0,0.0,7,4,5,False,285,60,4,1,82,0.0,5,False,False,SaaS
3,0.0,9.0,12,4,6,True,496,53,3,1,234,0.0,3,True,False,Social Network
2,113.0,0.0,7,1,5,True,500,53,3,1,393,1960.0,4,False,False,Productivity
8,412.0,0.0,7,3,5,True,400,60,8,3,0,0.0,7,True,False,Web App
11,275.0,21.0,10,3,5,True,500,43,1,4,0,2174.0,0,True,False,Education
15,4.0,60.0,17,3,6,True,129,58,3,8,0,0.0,2,True,False,Design Tools
4,411.0,17.0,7,0,6,True,351,56,3,1,0,4371.0,3,False,False,Design Tools
2,89.0,8.0,7,2,6,True,333,49,3,4,435,96599.0,9,True,False,iOS
7,201.0,29.0,0,5,5,True,465,57,3,1,434,16332.0,8,False,False,Writing
6,0.0,19.0,7,2,5,True,401,50,5,2,3705,0.0,11,False,False,Productivity
2,0.0,0.0,6,4,5,True,500,48,3,1,508,16635.0,3,True,False,Mac
40,6.0,0.0,6,5,6,True,369,38,9,2,0,2522.0,6,True,False,Art
3,53.0,6.0,14,5,5,True,335,21,4,1,293,130.0,6,True,False,Analytics
9,56.0,10.0,9,0,6,True,455,22,3,1,2465,631.0,6,True,False,Productivity
26,0.0,0.0,6,3,5,True,440,45,4,1,414,2719.0,7,False,False,Productivity
8,0.0,0.0,12,6,5,False,293,50,4,1,72,442.0,6,False,False,Web App
20,178.0,1.0,6,4,5,True,449,31,3,1,0,1020.0,6,True,False,Android
2,181.0,84.0,16,6,6,True,500,53,3,5,224,1261.0,8,False,False,Education
1,279.0,11.0,6,2,5,True,358,48,3,5,373,339.0,8,False,False,iOS
10,134.0,2.0,7,0,6,True,500,59,3,1,584,249.0,10,False,False,Analytics
19,89.0,0.0,8,1,6,True,500,51,3,5,0,0.0,2,False,False,Chrome Extensions
7,68.0,13.0,19,5,5,True,240,29,2,1,0,25672.0,1,True,False,Sales
7,78.0,1.0,8,4,4,True,475,57,2,2,310,0.0,5,False,False,Productivity
1,42.0,0.0,12,3,6,False,444,60,3,3,180,3632.0,2,True,False,Fintech
19,28.0,1.0,6,1,6,True,257,59,3,2,0,1049.0,4,False,False,Productivity
1,22.0,21.0,22,3,5,False,137,52,3,2,369,0.0,5,False,False,Email
7,80.0,6.0,7,2,5,True,431,52,3,2,0,0.0,9,True,False,Android
10,37.0,0.0,8,3,5,True,440,59,3,1,0,0.0,2,False,False,Developer Tools
12,97.0,136.0,14,0,5,True,359,50,4,7,793,876.0,12,False,False,Social Media
22,109.0,13.0,6,2,6,False,427,49,4,3,203,24354.0,7,True,False,Mac
4,0.0,7.0,7,4,5,True,438,55,4,1,607,104985.0,8,True,False,Music
1,186.0,0.0,7,6,5,False,434,56,3,5,0,5560.0,1,False,False,iOS
1,108.0,18.0,6,4,6,True,116,56,3,1,0,0.0,6,False,False,Design Tools
5,0.0,54.0,12,4,5,True,427,50,3,1,0,0.0,6,True,False,API
1,2.0,3.0,7,4,5,True,373,45,2,1,157,63.0,11,False,False,Retro Games
17,118.0,0.0,8,1,5,True,380,48,2,6,0,125.0,2,False,False,Mac
1,0.0,14.0,7,2,5,True,500,60,3,5,325,4522.0,0,False,False,Productivity
1,49.0,15.0,7,5,5,False,350,60,8,1,307,1556.0,9,False,False,Kids
11,0.0,4.0,7,0,2,True,119,55,3,1,0,652.0,6,False,False,Productivity
5,92.0,0.0,17,5,6,False,419,38,4,3,100,4558.0,7,True,False,Comics & Graphic Novels
9,86.0,39.0,0,3,5,True,406,53,3,2,261,12134.0,5,False,False,Tech
13,18.0,40.0,23,0,4,True,500,52,3,2,169,3330.0,10,True,False,Sales
1,0.0,0.0,6,3,5,True,423,59,4,2,503,4893.0,4,False,False,SaaS
1,0.0,111.0,8,3,5,True,458,46,3,1,490,0.0,9,True,False,SaaS
21,90.0,3.0,7,3,5,True,316,49,3,2,0,0.0,8,True,False,Chrome Extensions
6,0.0,0.0,10,0,3,True,48,47,3,1,664,1381.0,4,True,False,Productivity
1,34.0,18.0,6,0,6,True,441,56,3,2,0,884.0,18,True,False,Health & Fitness
16,132.0,7.0,7,6,5,True,468,44,3,0,140,2048.0,9,False,False,Sales
4,111.0,0.0,21,6,5,True,433,17,3,0,634,416.0,1,False,False,Marketing
1,95.0,0.0,6,0,6,True,392,53,1,5,0,3869.0,4,True,False,Hiring
15,0.0,38.0,6,3,6,True,425,41,4,0,0,0.0,0,False,False,Health & Fitness
1,47.0,14.0,20,6,5,True,500,54,3,1,1149,0.0,12,True,False,iOS
10,199.0,26.0,7,2,6,True,122,55,3,1,90,3102.0,10,True,False,Marketing
1,50.0,20.0,20,3,6,True,481,52,3,1,180,27186.0,7,True,False,Mac
7,0.0,0.0,13,3,5,False,306,59,4,1,189,2277.0,4,False,False,Developer Tools
12,0.0,0.0,10,3,5,False,184,60,4,1,11,0.0,7,False,False,Design Tools
1,50.0,0.0,7,1,5,True,171,52,3,1,235,0.0,13,True,False,Artificial Intelligence
7,154.0,2.0,16,4,5,True,500,60,3,3,329,0.0,1,True,False,Browser Extensions
17,0.0,21.0,7,1,7,True,179,19,1,1,147,12620.0,6,True,False,Sales
2,101.0,0.0,22,1,5,False,241,55,3,1,453,3797.0,7,True,False,Mac
14,18.0,0.0,8,6,4,False,365,56,3,1,4,6227.0,7,False,False,Productivity
14,34.0,0.0,16,4,5,True,361,60,1,3,0,3311.0,6,True,False,Health & Fitness
22,706.0,268.0,7,2,2,False,237,60,1,0,0,30620.0,4,True,False,Tech
1,138.0,19.0,18,6,6,True,494,59,4,0,129,0.0,9,True,False,Mac
3,151.0,85.0,8,1,5,True,380,49,3,1,666,83718.0,5,False,False,Artificial Intelligence
9,0.0,12.0,7,0,5,True,353,60,3,0,293,2675.0,27,False,False,iOS
5,111.0,3.0,18,6,5,True,279,43,3,0,0,4087.0,6,True,False,Design Tools
8,0.0,0.0,12,3,5,True,451,60,4,4,234,3740.0,7,False,False,Fintech
105,22.0,11.0,7,3,6,False,187,37,4,1,0,3726.0,3,True,False,Developer Tools
2,105.0,20.0,20,2,5,False,334,48,3,3,13,6663.0,8,True,False,Productivity
6,224.0,6.0,6,0,5,True,373,41,3,4,396,161883.0,5,False,False,Productivity
9,167.0,5.0,23,3,5,True,485,52,1,1,558,0.0,12,True,False,API
2,134.0,14.0,23,2,6,True,89,57,3,1,158,0.0,6,False,False,Marketing
10,18.0,0.0,7,3,6,True,500,55,3,1,315,0.0,10,True,False,Android
4,99.0,92.0,7,1,6,True,500,60,3,2,705,0.0,6,False,False,Productivity
5,23.0,0.0,6,1,6,False,319,59,3,2,0,4415.0,5,False,False,Browser Extensions
11,88.0,4.0,7,4,5,True,267,36,3,1,348,0.0,5,False,False,API
1,99.0,110.0,4,3,5,True,436,57,3,1,180,3113.0,5,False,False,Browser Extensions
4,254.0,0.0,11,0,5,True,500,56,4,1,392,4409.0,8,False,False,Marketing
1,0.0,5.0,7,3,6,True,429,54,3,1,0,69098.0,2,False,False,Sales
7,147.0,0.0,6,6,6,True,190,60,3,5,0,1459.0,6,False,False,User Experience
7,21.0,11.0,18,1,6,True,493,60,3,1,183,0.0,8,True,False,Software Engineering
8,8.0,26.0,13,1,5,True,500,60,3,1,0,3757.0,2,False,False,Growth Hacking
20,65.0,13.0,7,5,5,False,365,58,3,0,0,6474.0,6,False,False,Tech
1,0.0,0.0,7,0,8,False,421,60,5,7,515,0.0,5,False,False,Art
1,34.0,1.0,14,1,5,True,450,39,3,1,232,813.0,12,False,False,Open Source
3,67.0,27.0,19,3,5,True,490,48,3,4,0,50967.0,2,False,False,Productivity
3,0.0,0.0,7,0,5,True,446,50,2,1,0,0.0,9,False,False,Design Tools
1,48.0,5.0,23,4,6,True,500,47,4,1,830,27694.0,11,True,False,Marketing
1,38.0,17.0,7,3,5,True,250,60,3,3,318,262.0,7,False,False,Design Tools
17,25.0,6.0,7,2,5,True,339,57,1,1,207,781.0,6,True,False,iOS
1,374.0,0.0,7,3,5,True,448,46,3,1,0,4013.0,1,False,False,Mac
9,63.0,5.0,7,3,5,True,500,19,3,1,38997,5508.0,5,True,False,Web App
1,555.0,43.0,22,0,5,True,369,52,3,3,433,13731.0,7,False,False,Marketing
10,10.0,136.0,6,5,3,False,159,51,2,0,211,3581.0,2,True,False,Hardware
13,59.0,86.0,11,3,5,True,332,56,3,2,440,23246.0,8,True,False,Design Tools
7,0.0,13.0,12,4,6,True,487,43,3,1,419,0.0,5,False,False,Growth Hacking
10,186.0,0.0,7,0,6,True,279,60,4,1,149,0.0,14,False,False,Marketing
1,336.0,0.0,8,3,5,False,500,43,3,1,162,118168.0,8,False,False,Artificial Intelligence
6,41.0,8.0,8,1,6,False,500,52,2,1,346,2220.0,3,False,False,Chrome Extensions
4,24.0,30.0,0,2,6,True,491,56,3,2,1106,3315.0,8,False,False,iOS
9,45.0,44.0,6,3,2,True,89,49,3,1,0,5024.0,3,False,False,Developer Tools
1,91.0,18.0,11,2,5,False,500,55,3,2,19785,0.0,7,True,False,Web App
18,97.0,0.0,7,4,6,False,500,44,3,7,5356,1331.0,10,False,False,Productivity
1,109.0,0.0,5,3,5,True,372,60,3,0,0,0.0,5,True,False,Android
168,150.0,0.0,7,4,5,True,280,60,3,1,4,147591.0,8,True,False,Productivity
17,131.0,11.0,12,3,5,True,293,28,3,1,0,0.0,5,True,False,Productivity
1,175.0,41.0,16,0,5,True,176,60,3,6,0,15772.0,13,True,False,Productivity
9,151.0,47.0,6,6,5,True,492,58,5,3,267,10146.0,4,True,False,Developer Tools
1,17.0,32.0,8,1,5,True,218,60,3,2,62,107614.0,10,False,False,Productivity
13,80.0,39.0,7,4,5,True,226,54,3,1,0,0.0,7,False,False,Developer Tools
7,173.0,13.0,8,3,5,True,500,38,3,9,377,1608.0,7,False,False,Productivity
15,118.0,0.0,7,2,6,True,156,60,2,9,0,0.0,6,True,False,Hiring
16,0.0,37.0,10,3,5,True,273,45,3,3,0,0.0,4,False,False,Productivity
5,167.0,0.0,6,2,5,True,236,45,4,1,240,4200.0,4,False,False,Tech
6,73.0,0.0,7,2,5,True,500,53,3,1,3,0.0,5,True,False,Hiring
9,67.0,6.0,23,5,5,True,325,52,3,4,0,105653.0,7,True,False,Linux
1,71.0,3.0,10,5,5,True,212,57,3,3,294,0.0,9,True,False,Email
14,131.0,7.0,9,3,5,False,434,57,3,1,42,14637.0,5,False,False,Design Tools
4,0.0,0.0,14,3,5,False,400,60,3,0,0,780.0,1,False,False,Couples
1,16.0,20.0,0,0,6,False,500,58,3,1,425,3067.0,2,False,False,Chrome Extensions
10,172.0,2.0,7,5,5,True,446,60,3,1,0,0.0,7,False,False,iOS
7,0.0,1.0,12,6,6,False,295,57,3,2,0,4440.0,10,False,False,Sales
3,20.0,35.0,7,4,5,True,481,60,3,3,137,2041.0,12,False,False,Menu Bar Apps
20,160.0,0.0,6,5,5,False,384,41,2,1,0,4478.0,5,False,False,iOS
1,68.0,22.0,7,4,6,True,470,27,3,1,1996,4189.0,7,False,False,Productivity
5,195.0,4.0,7,5,5,True,346,50,4,1,88,238.0,0,False,False,API
1,162.0,0.0,7,1,5,True,246,34,3,1,421,0.0,7,False,False,Design Tools
14,28.0,26.0,7,3,1,True,500,43,2,1,31,0.0,4,True,False,Open Source
10,67.0,29.0,6,2,5,False,412,27,4,2,0,0.0,0,False,False,Software Engineering
1,192.0,18.0,8,3,6,True,245,56,3,1,336,111586.0,8,True,False,Mac
2,136.0,25.0,10,1,6,True,353,60,3,4,0,2814.0,6,True,False,Productivity
10,99.0,0.0,23,4,5,False,468,52,3,1,0,11301.0,9,False,False,Open Source
1,104.0,4.0,7,3,5,True,245,51,3,1,3889,0.0,7,False,False,Mac
15,40.0,0.0,6,5,5,False,457,50,6,1,0,2892.0,3,False,False,User Experience
5,55.0,157.0,9,3,1,True,500,53,3,1,168,3827.0,5,True,False,Artificial Intelligence
1,0.0,150.0,8,2,6,True,317,58,3,0,73,45704.0,8,True,False,Artificial Intelligence
1,93.0,33.0,1,4,5,True,500,47,3,1,0,150054.0,3,False,False,Productivity
1,169.0,10.0,7,6,1,True,221,56,2,1,0,122801.0,7,False,False,Android
10,204.0,4.0,8,1,5,False,495,53,3,4,476,4635.0,9,False,False,Android
18,164.0,7.0,7,3,6,True,343,46,4,2,0,4748.0,6,True,False,Analytics
7,121.0,0.0,13,1,6,True,186,42,3,1,0,170171.0,5,True,False,Kids
6,161.0,0.0,7,4,6,False,495,56,1,0,122,915.0,10,True,False,Kids
2,29.0,0.0,23,3,6,False,286,60,3,2,428,0.0,9,True,False,Productivity
12,0.0,39.0,6,0,6,True,399,49,4,0,0,0.0,8,True,False,Mac
3,40.0,57.0,7,5,5,True,277,50,3,1,374,107892.0,6,False,False,Messaging
1,0.0,0.0,20,1,5,True,425,54,3,1,0,3088.0,5,True,False,Artificial Intelligence
25,95.0,10.0,15,5,6,True,268,56,3,0,2,0.0,9,True,False,Analytics
3,0.0,0.0,7,4,5,True,500,51,3,0,841,84897.0,13,True,False,Productivity
5,58.0,9.0,7,2,5,True,96,60,3,1,126,0.0,8,True,False,Productivity
6,0.0,11.0,7,3,6,True,476,49,3,1,264,0.0,13,True,False,Design Tools
5,324.0,2.0,7,4,5,True,362,39,3,1,524,2937.0,6,False,False,iOS
1,92.0,0.0,7,6,5,True,271,58,3,1,30,0.0,8,True,False,Developer Tools
1,165.0,62.0,16,1,5,True,172,49,3,0,520,1831.0,6,False,False,Hardware
6,157.0,18.0,7,0,3,True,360,50,3,6,418,235.0,11,True,False,Fintech
6,48.0,0.0,18,5,7,True,113,28,3,1,2617,661.0,7,False,False,Productivity
12,44.0,4.0,8,2,6,True,344,33,3,1,103,2582.0,4,True,False,Productivity
1,0.0,45.0,13,4,5,True,121,57,3,1,652,411.0,4,False,False,Productivity
39,0.0,15.0,7,4,1,False,256,60,2,1,235,0.0,2,False,False,Design Tools
11,11.0,11.0,8,3,5,False,418,40,3,0,0,4976.0,3,False,False,Mac
1,0.0,0.0,18,4,6,True,500,57,3,1,257,0.0,3,False,False,Analytics
11,37.0,98.0,7,0,5,True,168,49,3,1,20,0.0,12,True,False,API
11,9.0,0.0,6,3,5,True,349,34,3,1,167,93757.0,4,False,False,Design Tools
9,52.0,0.0,7,0,6,True,496,56,3,1,352,1224.0,5,False,False,Productivity
1,30.0,9.0,6,5,1,True,494,57,4,1,676,2131.0,10,True,False,Sales
7,176.0,149.0,7,3,6,True,388,48,3,1,7692,112834.0,6,False,False,Productivity
7,0.0,154.0,6,5,5,True,392,56,3,5,47,0.0,5,True,False,Health & Fitness
11,152.0,120.0,12,6,6,True,270,49,3,1,40,6302.0,0,True,False,Android
1,131.0,21.0,7,5,6,False,478,60,1,3,10,6095.0,10,True,False,Sales
1,0.0,0.0,7,0,5,True,466,60,3,5,208,3419.0,4,False,False,Design Tools
21,109.0,1.0,12,4,5,False,262,54,3,1,0,137464.0,8,False,False,Mac
6,0.0,0.0,23,1,5,True,268,60,3,1,2,0.0,4,False,False,Sales
4,0.0,3.0,7,5,5,True,321,60,1,1,16,104.0,4,False,False,Fintech
1,469.0,11.0,23,3,6,True,470,50,3,2,451,11419.0,10,True,False,Android
1,115.0,10.0,7,3,5,True,265,51,3,0,0,0.0,10,False,False,Productivity
22,137.0,33.0,7,4,1,False,268,53,3,1,380,0.0,8,False,False,Productivity
1,0.0,3.0,20,6,8,True,444,52,3,1,67,4572.0,6,False,False,Design Tools
13,10.0,8.0,13,2,5,True,226,60,4,8,143,58291.0,5,False,False,Fintech
1,24.0,30.0,7,3,6,True,439,59,4,2,707,925.0,9,True,False,Design Tools
9,48.0,6.0,4,0,5,True,352,60,3,1,470,0.0,6,False,False,Marketing
27,72.0,20.0,7,3,5,False,455,60,3,2,285,170171.0,16,False,False,Browser Extensions
8,132.0,0.0,6,4,5,True,372,51,2,3,4698,2011.0,6,False,False,Open Source
14,0.0,5.0,15,0,6,True,401,60,3,1,0,3223.0,8,False,False,Menu Bar Apps
1,135.0,66.0,8,3,5,False,485,56,4,1,78,0.0,4,True,False,Prototyping
13,192.0,23.0,7,2,5,True,423,53,3,1,292,0.0,7,False,False,Mac
9,206.0,31.0,22,1,5,True,217,46,1,0,0,4048.0,5,False,False,Chrome Extensions
15,96.0,112.0,7,3,6,True,243,40,3,0,0,29474.0,5,True,False,WordPress
18,0.0,0.0,7,6,5,True,407,34,1,1,290,3239.0,5,False,False,Tech
4,55.0,21.0,6,3,5,False,464,38,3,1,247,3279.0,4,False,False,Design Tools
1,113.0,5.0,7,0,5,True,442,43,3,1,104,0.0,9,False,False,Analytics
20,76.0,0.0,7,5,6,True,48,54,3,2,0,4305.0,7,True,False,SaaS
3,57.0,0.0,7,1,5,False,438,56,3,2,109,50947.0,0,False,False,Productivity
1,102.0,5.0,6,3,6,True,281,37,4,2,275,3937.0,7,False,False,Design Tools
1,130.0,0.0,8,3,5,False,139,56,5,1,549,0.0,9,False,False,Browser Extensions
2,0.0,0.0,6,0,2,True,397,57,3,1,0,0.0,6,False,False,Productivity
20,150.0,0.0,7,1,6,True,428,58,3,0,84,4314.0,7,True,False,Productivity
1,0.0,0.0,15,1,5,True,386,55,4,1,1998,149229.0,2,True,False,Design Tools
6,14.0,0.0,7,5,10,True,475,60,3,1,175,0.0,6,True,False,Custom Keyboards
6,7.0,0.0,11,2,5,False,398,53,4,1,478,0.0,13,False,False,Hardware
1,0.0,52.0,13,3,6,True,500,60,3,3,0,5946.0,7,True,False,Developer Tools
1,0.0,84.0,7,0,6,True,499,54,3,1,452,0.0,4,True,False,Open Source
1,239.0,8.0,4,0,5,True,306,55,3,7,616,0.0,2,False,False,Developer Tools
5,530.0,164.0,13,3,7,False,247,56,3,0,0,24821.0,3,False,False,Messaging
16,55.0,0.0,14,1,6,True,184,45,3,0,135,0.0,8,True,False,SaaS
1,35.0,116.0,7,0,5,True,329,50,3,2,282,0.0,8,True,False,Design Tools
12,85.0,37.0,7,4,5,False,244,56,5,4,96,0.0,7,False,False,Robots
3,148.0,0.0,5,5,5,True,500,58,3,1,348,4583.0,8,False,False,Fashion
16,113.0,22.0,17,5,6,True,127,51,3,1,0,5269.0,7,False,False,Productivity
5,81.0,91.0,8,3,6,False,375,25,3,1,556,4081.0,6,False,False,iOS
6,0.0,5.0,22,2,5,True,149,53,3,2,0,2844.0,5,False,False,Productivity
1,0.0,0.0,7,5,5,True,500,60,4,1,0,0.0,7,True,False,Hiring
37,177.0,36.0,21,4,5,True,435,60,4,2,631,5317.0,7,True,False,Productivity
2,3.0,13.0,6,0,5,True,366,53,1,1,0,3457.0,8,False,False,Sales
26,90.0,11.0,7,3,5,False,318,34,3,6,431,0.0,7,False,False,Social Media
6,85.0,19.0,14,1,6,True,412,59,2,1,473,1428.0,9,False,False,Analytics
18,0.0,1.0,19,5,8,True,102,56,4,1,63,1116.0,5,False,False,Design Tools
1,123.0,21.0,6,4,5,True,399,53,3,1,2752,0.0,6,True,False,Robots
2,86.0,122.0,23,6,10,False,294,60,2,2,0,0.0,4,False,False,Mac
6,137.0,8.0,13,4,6,False,351,55,4,1,485,2803.0,8,False,False,Writing
10,0.0,8.0,0,4,5,True,477,58,5,1,620,0.0,9,False,False,Developer Tools
1,63.0,37.0,16,1,5,True,500,60,3,1,425,10968.0,9,True,False,Chrome Extensions
10,19.0,50.0,8,6,5,True,500,60,4,4,0,0.0,1,False,False,Developer Tools
1,107.0,22.0,11,3,6,True,415,54,3,2,402,975.0,0,True,False,Mac
16,151.0,27.0,7,4,5,False,461,30,2,2,1422,1799.0,6,False,False,Social Media
29,153.0,5.0,7,5,5,True,137,59,3,2,0,3275.0,7,True,False,iOS
2,0.0,13.0,6,4,6,True,500,44,9,2,193,5905.0,12,True,False,Payments
2,0.0,119.0,7,0,6,False,227,58,3,1,143,0.0,3,False,False,Linux
7,123.0,22.0,12,0,5,True,334,48,4,1,23856,1436.0,5,True,False,Mac
2,454.0,0.0,7,1,5,True,407,50,3,1,0,22989.0,10,True,False,Productivity
4,144.0,26.0,6,6,6,True,318,60,3,1,683,0.0,11,True,False,Open Source
1,97.0,9.0,7,3,5,True,429,60,3,3,288,16633.0,7,True,False,Productivity
8,246.0,26.0,17,2,5,True,272,54,4,2,347,2530.0,8,True,False,Mac
1,21.0,127.0,7,5,5,False,377,32,3,0,4,0.0,5,True,False,Analytics
9,6.0,0.0,7,3,5,False,421,52,1,0,0,0.0,0,False,False,API
9,158.0,43.0,12,4,6,True,437,53,3,6,0,447.0,5,True,False,Mac
216,127.0,4.0,7,4,5,True,291,60,4,1,194,741.0,6,False,False,Marketing
7,38.0,141.0,22,6,6,True,500,45,4,1,0,2761.0,3,False,False,Writing
1,417.0,7.0,7,3,5,True,400,59,1,1,20,1720.0,3,False,False,No-Code
1,0.0,45.0,7,4,5,True,283,56,3,2,384,27535.0,6,False,False,Mac
1,0.0,0.0,13,2,6,True,462,60,3,4,455,0.0,2,False,False,Productivity
9,62.0,0.0,18,3,6,True,441,55,3,1,405,0.0,4,False,False,SaaS
1,41.0,19.0,15,3,6,True,174,60,3,4,0,148590.0,3,False,False,Chrome Extensions
12,80.0,38.0,7,6,5,True,344,36,1,1,0,2854.0,8,False,False,Software Engineering
33,189.0,2.0,8,3,1,True,436,50,3,1,618,54500.0,7,False,False,Web App
1,0.0,25.0,6,3,6,True,325,56,5,6,0,0.0,4,True,False,Sales
2,156.0,12.0,23,5,7,True,199,55,3,2,429,4494.0,8,True,False,User Experience
1,244.0,0.0,7,3,6,True,300,59,3,1,497,97630.0,9,False,False,Productivity
14,432.0,67.0,6,2,6,True,361,52,3,1,151,0.0,1,False,False,Developer Tools
1,73.0,54.0,17,2,6,True,389,60,3,1,0,0.0,4,True,False,Robots
12,26.0,8.0,14,1,5,True,396,60,3,0,0,0.0,5,False,False,Productivity
10,187.0,75.0,16,4,1,True,433,59,3,1,0,102421.0,7,False,False,Education
21,0.0,75.0,7,2,5,True,407,58,4,1,0,8978.0,11,False,False,Productivity
8,249.0,0.0,7,0,5,True,334,53,3,9,222,721.0,6,True,False,Productivity
1,0.0,19.0,7,1,5,True,280,55,1,3,109,0.0,9,True,False,API
5,107.0,48.0,0,2,5,True,91,33,3,1,257,0.0,11,True,False,Fintech
13,77.0,92.0,23,3,5,True,440,57,3,1,58,0.0,9,False,False,Health & Fitness
12,108.0,53.0,6,3,5,True,263,51,3,0,7,0.0,10,False,False,Design Tools
13,0.0,0.0,6,0,5,True,240,54,3,0,390,3210.0,13,False,False,Social Media
1,0.0,4.0,7,4,6,True,483,56,3,2,568,4079.0,13,False,False,API
1,98.0,19.0,18,5,6,True,435,54,3,1,184,0.0,7,False,False,Customer Communication
1,305.0,7.0,22,6,7,False,293,55,3,2,0,4945.0,3,False,False,Productivity
1,0.0,0.0,6,0,5,True,437,60,3,1,352,0.0,7,False,False,Design Tools
18,618.0,38.0,6,3,5,True,379,36,3,1,399,0.0,21,False,False,Education
14,133.0,0.0,0,4,6,True,466,42,3,1,333,664.0,6,True,False,Sales
30,1059.0,152.0,11,3,5,True,382,60,8,7,0,3491.0,6,True,False,Email
5,211.0,9.0,15,4,4,False,376,42,1,2,393,0.0,11,False,False,User Experience
1,0.0,3.0,20,2,6,True,238,49,4,1,285,0.0,9,False,False,Analytics
23,50.0,16.0,19,2,5,True,423,60,3,2,0,717.0,3,True,False,Chrome Extensions
6,101.0,0.0,8,2,6,True,119,50,1,2,1828,20144.0,8,True,False,Email
1,184.0,1.0,16,0,5,True,371,42,3,1,278,31179.0,12,False,False,Vibe coding
1,21.0,13.0,6,1,6,True,189,60,3,1,0,0.0,10,True,False,Tech
1,13.0,20.0,7,3,5,True,252,46,3,1,647,6384.0,6,False,False,API
11,85.0,145.0,0,2,5,True,98,60,3,5,93,5681.0,6,False,False,Analytics
1,76.0,44.0,6,6,8,True,389,48,3,1,0,2077.0,0,False,False,Productivity
1,113.0,43.0,8,4,5,True,48,45,1,1,432,2387.0,2,False,False,Health & Fitness
1,0.0,11.0,10,6,5,True,458,57,3,3,33,2069.0,6,True,False,Browser Extensions
10,0.0,18.0,6,3,5,True,464,60,3,4,220,45728.0,8,True,False,Hiring
1,38.0,12.0,5,5,5,True,411,53,2,1,0,0.0,6,False,False,SaaS
1,303.0,23.0,12,6,5,True,155,60,3,1,756,0.0,9,True,False,API
3,30.0,13.0,7,1,1,True,492,47,3,1,334,6584.0,9,False,False,Mac
1,148.0,0.0,17,0,5,True,247,51,3,1,5252,3111.0,7,False,False,Productivity
3,25.0,0.0,7,4,5,True,419,54,2,1,0,0.0,7,False,False,3D Printer
1,0.0,14.0,14,0,5,True,494,51,3,4,0,0.0,5,False,False,Productivity
1,133.0,35.0,15,0,6,True,341,60,3,1,758,0.0,5,False,False,Android
3,50.0,0.0,8,3,6,True,472,54,3,1,317,151210.0,5,False,False,iOS
25,33.0,0.0,7,6,1,True,451,47,3,1,295,0.0,6,False,False,Productivity
9,41.0,0.0,6,3,3,False,458,46,2,4,686,4457.0,6,True,False,Analytics
41,1.0,11.0,7,4,6,True,294,51,3,1,0,0.0,13,True,False,Startup Books
7,0.0,54.0,7,2,5,False,184,30,2,1,0,785.0,1,True,False,Productivity
14,91.0,0.0,6,1,5,True,217,58,3,1,237,1465.0,5,False,False,Mac
30,158.0,0.0,7,1,7,True,246,54,2,1,0,3777.0,9,True,False,Android
222,11.0,0.0,8,5,5,False,484,53,2,4,0,4740.0,5,True,False,Analytics
3,83.0,0.0,19,4,5,True,150,53,3,2,461,22970.0,8,True,False,Artificial Intelligence
6,0.0,8.0,7,4,6,True,488,59,3,2,172,1593.0,26,True,False,Artificial Intelligence
1,74.0,0.0,8,1,6,True,343,59,2,1,597,2466.0,10,True,False,Analytics
17,209.0,15.0,11,3,5,True,500,58,5,4,266,0.0,10,False,False,Design Tools
3,80.0,39.0,6,5,5,False,413,17,1,2,0,5177.0,10,False,False,User Experience
10,138.0,2.0,7,5,6,True,229,40,4,1,169,37510.0,8,False,False,Robots
1,0.0,0.0,15,5,6,False,424,53,1,1,306,694.0,8,False,False,Productivity
4,36.0,5.0,6,1,5,False,408,52,3,1,0,2330.0,4,False,False,API
1,113.0,14.0,23,3,5,True,328,55,4,1,680,381.0,25,True,False,Android
12,4.0,9.0,6,2,6,True,419,43,3,0,123,140646.0,10,True,False,Writing
1,60.0,35.0,16,3,6,True,361,59,3,5,360,0.0,5,False,False,Open Source
14,104.0,48.0,9,0,6,True,285,60,3,0,331,78328.0,5,False,False,Productivity
7,106.0,38.0,6,3,6,False,338,40,3,2,484,0.0,13,False,False,Productivity
14,0.0,0.0,6,3,1,False,447,52,9,9,0,12943.0,7,True,False,Web App
12,91.0,0.0,7,2,5,False,428,44,9,1,174,0.0,6,False,False,Web App
1,18.0,27.0,13,5,1,False,500,33,3,4,0,12569.0,2,False,False,Advertising
14,21.0,0.0,7,3,5,True,490,57,3,3,24,446.0,4,False,False,Web App
5,0.0,4.0,15,5,5,True,227,60,3,1,210,0.0,7,False,False,Health & Fitness
2,0.0,95.0,9,2,6,True,411,60,3,1,51,260.0,9,False,False,Open Source
1,59.0,10.0,6,4,5,False,200,57,3,3,42,0.0,5,False,False,Android
6,139.0,131.0,6,1,6,True,192,52,3,1,449,1697.0,8,False,False,Mac
22,23.0,0.0,6,5,6,True,471,60,4,1,276,112.0,8,True,False,SaaS
1,62.0,15.0,7,5,5,True,500,60,3,1,218,0.0,0,True,False,Couples
144,5.0,16.0,6,5,5,True,286,53,3,1,0,2533.0,10,True,False,API
1,142.0,16.0,7,1,5,True,92,57,1,0,0,2281.0,4,False,False,Chrome Extensions
41,40.0,2.0,8,3,1,False,248,54,2,0,0,2859.0,2,True,False,Tech
7,72.0,83.0,23,3,5,True,228,49,3,1,57,2613.0,7,False,False,Productivity
1,157.0,153.0,8,4,6,True,500,60,1,1,683,872.0,7,False,False,Android
145,166.0,7.0,6,6,5,True,425,44,5,1,0,0.0,4,False,False,Social Media
3,68.0,1.0,4,0,6,True,368,56,3,1,574,0.0,8,False,False,Marketing
1,107.0,49.0,17,3,5,False,141,60,2,4,436,1877.0,2,False,False,iOS
11,25.0,0.0,7,0,6,True,445,59,3,0,212,1159.0,0,False,False,Marketing
21,199.0,18.0,16,2,5,True,213,53,3,2,0,783.0,5,False,False,Browser Extensions
5,54.0,28.0,7,5,6,True,342,60,2,2,0,3233.0,10,True,False,Open Source
16,7.0,5.0,11,5,6,False,121,47,3,3,269,474.0,5,True,False,Artificial Intelligence
1,448.0,11.0,17,2,6,True,392,42,4,1,0,0.0,6,False,False,Robots
6,0.0,38.0,7,0,5,True,321,53,5,2,210,1628.0,3,False,False,Productivity
14,0.0,1.0,11,5,5,True,474,55,3,2,0,42224.0,7,True,False,Android
1,0.0,0.0,7,6,5,False,238,59,1,7,0,1119.0,4,False,False,3D Printer
7,96.0,7.0,23,1,5,True,441,42,3,1,0,0.0,7,False,False,Productivity
1,33.0,101.0,8,3,5,True,328,41,3,5,575,0.0,5,True,False,Health & Fitness
1,5.0,0.0,8,1,6,True,230,56,3,1,1,64953.0,8,True,False,Tech
1,70.0,15.0,4,5,6,False,353,59,3,7,168,0.0,7,False,False,Mac
11,379.0,3.0,6,1,5,True,248,53,3,1,169,2871.0,5,False,False,iOS
1,29.0,8.0,7,3,5,False,500,60,3,1,55,441.0,9,True,False,Developer Tools
20,130.0,0.0,6,5,6,True,373,60,4,1,0,0.0,2,True,False,3D Printer
1,144.0,8.0,18,0,5,True,162,56,3,1,10,0.0,24,False,False,Open Source
3,274.0,0.0,7,0,6,True,196,51,3,1,218,3480.0,5,False,False,Open Source
1,61.0,19.0,23,4,5,True,249,60,3,1,402,0.0,9,False,False,Open Source
5,23.0,4.0,10,3,5,True,330,54,3,1,404,0.0,8,True,False,Design Tools
9,10.0,12.0,7,3,5,False,500,59,3,1,419,1204.0,1,False,False,Customer Success
1,0.0,118.0,7,3,5,False,446,56,2,1,608,5031.0,10,False,False,Design Tools
2,134.0,46.0,16,5,9,True,263,46,3,1,22,4862.0,9,False,False,Open Source
67,177.0,0.0,11,5,5,False,500,57,3,1,311,5685.0,3,False,False,Developer Tools
1,111.0,4.0,23,5,5,True,485,36,1,12,269,2884.0,3,False,False,Tech
15,550.0,26.0,23,4,5,False,500,49,1,1,3,1566.0,6,False,False,Open Source
1,6.0,0.0,15,1,6,False,500,60,3,1,161,3762.0,6,True,False,Dating
45,77.0,24.0,7,3,6,True,486,60,3,2,0,4608.0,4,False,False,Design Tools
65,56.0,12.0,7,2,5,True,347,60,3,2,456,1809.0,9,True,False,Mac
2,53.0,162.0,10,3,5,True,297,44,3,1,164,25386.0,8,False,False,Productivity
1,104.0,23.0,19,1,5,True,401,51,3,1,102,4704.0,6,True,False,Mac
6,0.0,20.0,21,5,6,False,394,51,3,1,0,1849.0,2,False,False,Comics & Graphic Novels
12,68.0,138.0,6,3,6,True,500,58,3,1,0,29885.0,2,False,False,Productivity
15,81.0,9.0,11,3,6,False,98,58,3,3,262,32294.0,2,False,False,Productivity
4,72.0,6.0,17,2,6,True,294,56,4,2,295,0.0,6,True,False,Productivity
1,153.0,1.0,7,2,5,False,500,60,4,1,0,4251.0,5,True,False,Music
1,0.0,0.0,7,3,5,True,399,60,3,1,0,0.0,3,True,False,Productivity
1,29.0,0.0,8,4,2,True,258,32,3,2,0,3318.0,2,True,False,Open Source
2,0.0,16.0,7,3,5,True,500,48,3,4,238,369.0,3,False,False,Developer Tools
4,344.0,1.0,7,0,5,True,137,60,4,1,0,0.0,5,False,False,Browser Extensions
7,181.0,6.0,21,2,6,False,439,58,3,0,291,124618.0,10,False,False,Education
1,76.0,0.0,20,5,5,True,109,51,3,1,369,0.0,7,False,False,Analytics
73,0.0,5.0,6,5,6,True,371,41,5,0,43874,0.0,6,False,False,Productivity
1,78.0,11.0,8,4,5,True,445,52,3,1,0,129106.0,7,True,False,Sales
18,41.0,2.0,7,3,6,True,452,60,2,2,345,0.0,2,True,False,Vibe coding
6,64.0,2.0,7,0,5,True,291,46,3,2,0,1453.0,5,False,False,Marketing
1,155.0,11.0,7,1,6,True,156,60,3,7,0,32136.0,7,False,False,Developer Tools
11,144.0,0.0,7,3,6,False,436,58,2,1,34,0.0,5,False,False,Social Network
6,169.0,31.0,0,2,6,True,366,57,3,6,0,86627.0,5,False,False,Android
3,43.0,22.0,6,5,6,True,295,53,4,0,0,5967.0,5,True,False,Developer Tools
20,232.0,13.0,6,5,6,True,442,58,4,1,28,123241.0,9,False,False,Web App
14,124.0,34.0,6,2,5,False,204,48,3,2,0,4892.0,5,True,False,API
1,50.0,0.0,16,6,5,True,48,42,3,3,0,4774.0,9,False,False,Productivity
1,508.0,0.0,7,2,5,True,420,32,3,3,4242,121302.0,6,True,False,Open Source
3,82.0,3.0,10,4,5,True,247,37,3,1,83,1289.0,7,True,False,Social Media
5,150.0,27.0,7,3,6,True,343,60,3,9,20,9221.0,9,True,False,Menu Bar Apps
15,110.0,23.0,6,1,6,True,222,46,4,1,280,3363.0,0,False,False,Design Tools
1,110.0,107.0,8,3,5,True,219,58,3,1,455,0.0,12,True,False,Mac
18,129.0,28.0,8,6,5,True,225,37,1,1,384,0.0,7,True,False,Software Engineering
4,112.0,38.0,7,2,1,True,265,51,3,2,0,10495.0,3,False,False,Tech
7,181.0,5.0,15,0,6,True,467,60,3,2,0,3568.0,12,False,False,Tech
16,110.0,0.0,6,3,6,True,487,58,4,1,41,19643.0,3,True,False,Chrome Extensions
5,117.0,0.0,14,0,5,True,241,56,5,10,411,0.0,6,False,False,Browser Extensions
1,0.0,0.0,7,1,6,False,500,56,3,1,0,217.0,5,False,False,Open Source
1,1424.0,0.0,7,4,11,False,294,49,3,2,0,3721.0,8,False,False,Robots
27,130.0,66.0,7,6,1,False,188,21,1,1,186,3173.0,8,False,False,Email Marketing
1,37.0,58.0,7,1,5,True,472,57,3,4,353,3532.0,5,False,False,Productivity
91,0.0,0.0,7,5,5,True,495,53,1,1,424,0.0,7,False,False,Email
13,55.0,18.0,11,2,5,True,500,60,3,1,6763,0.0,6,True,False,Mac
48,162.0,59.0,12,2,6,True,409,54,3,7,711,3170.0,12,False,False,Productivity
1,0.0,23.0,6,1,5,True,144,50,3,0,0,0.0,12,True,False,Prototyping
9,2442.0,0.0,6,5,6,False,352,35,8,1,0,1168.0,2,True,False,Customer Success
4,75.0,9.0,17,2,5,True,206,56,8,0,119,5228.0,5,False,False,Productivity
3,230.0,26.0,7,3,5,True,495,43,3,1,171,28704.0,5,True,False,Productivity
11,58.0,5.0,7,2,5,True,317,49,1,5,2799,4077.0,5,True,False,Design Tools
222,33.0,0.0,7,5,6,True,349,60,5,0,0,0.0,4,False,False,Open Source
1,185.0,30.0,7,4,5,False,435,31,3,1,652,1720.0,7,False,False,Design Tools
1,19.0,5.0,17,6,5,True,463,60,1,1,0,0.0,6,False,False,Hardware
1,76.0,41.0,13,6,6,True,500,60,3,1,160,126425.0,3,False,False,Productivity
35,133.0,77.0,7,1,6,True,468,60,3,1,0,112068.0,9,False,False,Music
1,0.0,25.0,19,1,6,True,373,54,2,1,0,1192.0,2,True,False,Productivity
13,162.0,18.0,14,0,5,True,151,60,3,0,285,0.0,8,True,False,SaaS
12,0.0,52.0,7,3,5,True,500,57,3,1,13,0.0,5,False,False,Chrome Extensions
16,46.0,0.0,6,4,6,True,469,60,3,6,462,109743.0,10,False,False,Productivity
1,0.0,0.0,21,2,5,False,206,54,1,2,0,39223.0,3,False,False,Developer Tools
1,138.0,45.0,7,6,5,True,433,49,1,1,0,3407.0,7,True,False,Mac
56,0.0,0.0,14,6,6,False,299,60,2,6,271,5019.0,0,False,False,Marketing
3,129.0,0.0,19,3,5,True,428,56,3,1,90,0.0,8,False,False,Productivity
4,148.0,5.0,23,3,5,True,486,47,3,3,373,3637.0,7,True,False,Tech
27,193.0,10.0,11,5,5,True,468,60,3,6,0,311.0,4,True,False,Robots
1,102.0,10.0,4,4,5,True,400,17,1,0,229,4942.0,6,False,False,Analytics
4,183.0,0.0,7,0,5,True,459,58,3,1,103,0.0,1,True,False,Productivity
1,500.0,115.0,7,4,5,True,500,57,4,1,103,4357.0,6,False,False,Marketing
27,520.0,0.0,7,1,5,False,115,36,8,1,283,3835.0,3,True,False,Art
81,0.0,0.0,15,1,5,True,187,57,3,1,0,943.0,5,True,False,Open Source
1,0.0,0.0,7,5,6,False,399,58,3,1,0,3100.0,6,False,False,Productivity
5,19.0,29.0,8,2,5,False,260,54,3,1,0,1104.0,6,False,False,Productivity
4,60.0,39.0,20,0,5,True,134,56,3,6,0,7842.0,8,True,False,Mac
1,274.0,19.0,7,4,3,True,243,57,3,3,645,0.0,6,True,False,API
14,0.0,0.0,6,0,5,True,257,60,3,8,0,0.0,9,False,False,Web App
10,9.0,0.0,7,6,5,False,424,32,2,3,0,883.0,3,False,False,Open Source
10,86.0,75.0,13,3,5,True,413,54,5,0,294,1470.0,7,False,False,Web App
1,238.0,0.0,7,3,5,True,327,60,3,5,716,0.0,4,False,False,Mac
1,58.0,39.0,15,4,6,False,500,57,3,0,724,3174.0,6,True,False,Developer Tools
11,57.0,49.0,7,5,5,True,129,60,4,2,0,163439.0,6,True,False,Writing
23,74.0,0.0,7,0,6,True,494,59,3,3,488,0.0,8,True,False,Web App
26,1417.0,10.0,6,4,5,True,260,53,3,2,1413,2277.0,9,True,False,Design Tools
15,171.0,0.0,7,5,6,False,500,55,3,1,0,0.0,7,True,False,Design Tools
1,0.0,13.0,6,5,5,True,475,60,3,4,736,0.0,9,True,False,Android
8,90.0,1.0,6,4,6,False,461,40,1,4,439,0.0,3,False,False,SaaS
1,192.0,0.0,18,4,5,True,446,51,4,1,351,3055.0,10,True,False,Customer Communication
1,19.0,4.0,13,4,5,True,333,52,3,1,465,2056.0,5,False,False,Weather
13,94.0,58.0,6,4,7,True,264,60,4,10,770,3136.0,9,True,False,API
27,59.0,18.0,6,1,5,False,204,54,1,2,232,3221.0,5,False,False,Fintech
3,455.0,35.0,23,3,5,True,443,49,3,1,208,0.0,8,True,False,Email Marketing
29,98.0,2.0,7,4,5,True,500,60,4,6,396,756.0,4,False,False,Marketing
4,398.0,27.0,8,6,6,True,205,56,3,4,49566,155788.0,3,True,False,Productivity
1,62.0,81.0,7,3,5,True,500,54,3,1,25,5145.0,4,True,False,Productivity
9,34.0,18.0,23,4,1,True,260,48,3,0,168,14865.0,6,False,False,Design Tools
17,39.0,17.0,7,1,6,True,469,60,5,1,277,1355.0,5,False,False,Open Source
22,0.0,0.0,6,2,5,False,310,52,4,1,278,0.0,5,False,False,Mac
37,30.0,3.0,9,4,6,True,497,43,3,1,1416,796.0,5,True,False,Productivity
73,30.0,0.0,7,1,5,False,159,51,2,1,0,1284.0,3,True,False,Open Source
1,172.0,35.0,7,3,6,True,385,60,3,0,0,0.0,7,False,False,Productivity
18,81.0,0.0,8,3,7,True,470,60,4,1,335,0.0,8,False,False,Notes
12,54.0,0.0,6,0,6,True,224,60,3,1,423,0.0,4,False,False,Marketing
6,124.0,52.0,7,1,6,True,358,60,3,1,1490,140814.0,7,True,False,Artificial Intelligence
15,102.0,0.0,6,6,5,True,391,24,3,4,0,3606.0,11,False,False,Health & Fitness
5,139.0,149.0,9,5,11,True,403,59,4,1,366,3380.0,9,False,False,Developer Tools
1,42.0,43.0,7,4,5,True,141,57,3,0,710,38508.0,6,False,False,Design Tools
3,12.0,10.0,7,5,5,True,68,58,3,4,0,1484.0,7,False,False,User Experience
15,0.0,0.0,7,1,3,True,452,54,3,1,0,2554.0,18,True,False,Email
1,121.0,6.0,17,5,6,False,70,60,3,1,566,1333.0,6,False,False,Customer Communication
2,0.0,1.0,6,4,5,True,430,60,4,4,281,4683.0,11,False,False,Productivity
167,499.0,24.0,22,4,3,True,474,60,2,1,0,1355.0,8,False,False,Streaming Services
19,14.0,86.0,6,6,6,True,497,59,2,2,304,4470.0,6,False,False,Email
15,211.0,8.0,7,2,5,True,254,59,3,1,210,73048.0,7,False,False,Productivity
1,84.0,25.0,7,4,6,False,477,54,3,2,52,4341.0,4,True,False,iOS
1,10.0,26.0,11,5,6,True,442,47,4,0,0,2671.0,9,False,False,API
4,49.0,5.0,0,1,5,False,247,49,3,2,0,0.0,5,False,False,iOS
3,338.0,16.0,6,6,6,True,333,54,3,1,0,134646.0,2,False,False,Productivity
1,87.0,0.0,7,3,5,True,427,60,4,1,0,5432.0,7,False,False,Notes
11,100.0,0.0,6,5,5,True,48,51,3,1,125,0.0,5,False,False,Messaging
18,78.0,0.0,9,1,5,False,497,60,1,1,34,0.0,8,True,False,Productivity
1,0.0,11.0,7,3,1,True,500,60,3,6,301,88278.0,6,True,False,Developer Tools
15,0.0,20.0,7,4,5,True,498,41,3,1,160,1189.0,8,False,False,SaaS
14,29.0,0.0,19,6,5,False,182,59,3,1,0,0.0,3,True,False,Android
10,419.0,2.0,6,2,6,True,261,51,3,6,0,2775.0,2,False,False,Analytics
9,55.0,1.0,7,3,1,False,213,55,1,3,161,0.0,7,False,False,Web App
9,22.0,45.0,7,2,6,True,233,52,4,0,150,0.0,1,False,False,Growth Hacking
8,0.0,0.0,6,5,6,True,403,49,3,1,0,5706.0,5,False,False,API
12,31.0,12.0,15,3,5,True,500,60,3,1,0,141614.0,3,False,False,Fintech
4,181.0,50.0,17,4,6,True,500,60,3,1,473,0.0,10,True,False,Education
10,96.0,10.0,7,1,6,True,432,55,2,1,0,1629.0,8,True,False,Productivity
12,541.0,1.0,22,4,6,False,425,57,3,0,0,1627.0,5,False,False,Productivity
1,338.0,46.0,22,2,5,True,227,48,3,5,318,800.0,7,True,False,Messaging
3,0.0,0.0,6,0,4,True,441,46,3,4,288,18489.0,5,False,False,Chrome Extensions
15,0.0,4.0,11,0,5,True,389,59,6,3,676,128.0,5,True,False,Web App
10,46.0,5.0,7,5,6,True,491,55,4,3,3745,833.0,2,True,False,API
3,0.0,37.0,2,3,9,False,500,60,3,1,650,78.0,7,False,False,Open Source
84,71.0,31.0,4,6,6,True,368,39,3,1,0,4757.0,0,False,False,Artificial Intelligence
17,45.0,14.0,7,5,6,True,396,53,1,0,0,95494.0,7,False,False,Email
5,181.0,18.0,7,3,5,True,322,56,4,1,315,6563.0,8,True,False,Productivity
2,21.0,0.0,16,5,5,True,239,57,3,1,583,3087.0,8,False,False,Browser Extensions
18,164.0,0.0,7,2,6,False,48,60,3,1,0,0.0,6,True,False,Android
1,43.0,16.0,2,5,6,True,212,57,3,2,124,0.0,7,False,False,SaaS
9,102.0,9.0,22,2,5,True,442,57,4,1,561,0.0,3,False,False,Developer Tools
1,18.0,42.0,6,3,5,True,484,41,3,3,161,11917.0,0,False,False,Mac
1,155.0,153.0,7,5,5,True,183,43,3,1,0,0.0,5,False,False,Customer Communication
8,96.0,26.0,7,0,8,True,500,60,3,1,1978,0.0,7,False,False,Productivity
1,33.0,0.0,6,4,5,True,500,58,3,6,536,1464.0,6,False,False,Productivity
4,86.0,12.0,7,5,5,False,442,60,4,1,331,659.0,4,False,False,Marketing
16,121.0,5.0,7,4,5,True,497,58,3,1,3030,38915.0,7,True,False,Open Source
1,359.0,94.0,7,6,5,True,420,60,8,1,0,1044.0,2,True,False,Android
2,493.0,19.0,12,1,5,True,491,44,3,4,399,3454.0,4,True,False,Open Source
3,182.0,165.0,16,3,6,False,500,60,3,1,421,1193.0,7,False,False,SaaS
222,116.0,4.0,7,5,5,False,68,58,4,1,0,0.0,6,False,False,iOS
1,395.0,154.0,1,6,5,True,433,50,3,1,63,26108.0,9,False,False,Productivity
7,53.0,18.0,19,1,5,True,500,56,3,2,0,81129.0,5,True,False,Chrome Extensions
4,192.0,18.0,7,5,6,True,353,44,4,1,581,57446.0,10,False,False,Open Source
13,184.0,20.0,22,5,6,True,406,41,3,1,659,32502.0,7,False,False,Productivity
1,126.0,10.0,7,0,5,True,392,24,3,1,0,0.0,9,True,False,Design Tools
1,0.0,0.0,18,6,6,True,274,59,3,1,0,0.0,6,False,False,Productivity
10,0.0,147.0,16,3,6,True,500,60,3,2,0,0.0,6,False,False,Productivity
7,171.0,15.0,17,2,5,True,51,40,3,1,0,0.0,7,True,False,Email
5,170.0,0.0,7,3,5,False,48,57,1,1,0,0.0,6,True,False,Fintech
1,290.0,0.0,15,2,5,True,210,56,3,5,653,0.0,8,False,False,Analytics
3,189.0,27.0,18,6,6,True,481,39,2,1,124,5344.0,7,True,False,Health & Fitness
1,66.0,0.0,22,5,5,False,402,56,4,1,235,0.0,6,False,False,Vibe coding
1,321.0,35.0,16,3,5,True,89,37,3,1,177,527.0,11,False,False,Analytics
6,46.0,9.0,16,3,5,False,500,58,3,2,101,0.0,3,False,False,Sales
1,148.0,0.0,21,6,5,True,453,58,3,1,423,4026.0,8,False,False,Slack
1,171.0,54.0,7,3,6,True,401,44,1,1,75,0.0,8,True,False,Developer Tools
18,179.0,0.0,6,4,6,True,336,53,1,4,0,0.0,11,True,False,Productivity
14,224.0,35.0,6,5,6,True,257,46,3,1,627,2849.0,9,False,False,Productivity
1,376.0,11.0,7,5,5,True,172,55,8,1,0,2140.0,5,True,False,Social Network
5,105.0,5.0,7,4,5,True,316,49,3,3,57,247.0,7,True,False,iOS
6,55.0,29.0,6,4,6,True,500,44,1,4,215,1064.0,7,False,False,Productivity
1,0.0,25.0,8,4,5,False,500,32,3,5,202,1171.0,6,False,False,Developer Tools
9,0.0,5.0,7,5,5,True,370,26,4,1,0,125844.0,7,True,False,Design Tools
9,80.0,6.0,8,3,5,False,257,46,3,4,0,1630.0,6,False,False,iOS
17,0.0,5.0,20,3,5,False,386,56,3,1,0,639.0,7,False,False,Marketing
1,64.0,0.0,7,0,5,False,325,47,3,9,428,3317.0,5,True,False,Menu Bar Apps
1,0.0,42.0,8,1,6,True,314,47,3,4,202,1115.0,8,False,False,Open Source
6,47.0,0.0,6,5,6,True,497,52,4,1,0,0.0,11,False,False,Artificial Intelligence
11,2661.0,2.0,7,2,1,True,375,57,3,0,0,59843.0,5,False,False,Kids
1,124.0,13.0,7,0,5,True,470,60,3,2,642,0.0,6,True,False,Slack
2,0.0,11.0,16,6,5,True,260,54,3,1,0,0.0,9,True,False,iOS
7,431.0,12.0,8,1,5,True,212,57,3,0,0,0.0,9,False,False,Android
2,55.0,8.0,7,0,6,True,469,50,4,1,654,0.0,8,False,False,Productivity
1,143.0,1.0,12,3,5,True,284,52,2,1,404,1223.0,8,False,False,No-Code
4,0.0,0.0,8,5,5,True,470,57,4,1,788,2211.0,7,True,False,SaaS
41,82.0,32.0,8,3,1,False,386,60,5,1,0,0.0,4,False,False,User Experience
12,0.0,44.0,11,1,6,False,295,51,3,1,0,86748.0,9,False,False,User Experience
7,132.0,53.0,7,5,5,True,439,46,3,1,425,481.0,7,False,False,Sales
12,63.0,16.0,5,3,5,True,150,55,3,4,226,852.0,3,False,False,Productivity
20,52.0,0.0,6,3,5,True,48,52,1,5,0,0.0,6,False,False,Notes
1,26.0,50.0,22,3,6,True,154,60,1,1,533,0.0,11,False,False,Art
20,0.0,29.0,7,4,10,True,491,60,3,1,484,1852.0,7,False,False,Design Tools
1,783.0,24.0,8,5,5,True,92,54,3,1,0,4033.0,24,False,False,Marketing
6,191.0,16.0,7,3,5,False,500,56,3,1,157,0.0,5,True,False,API
10,198.0,13.0,7,2,5,True,399,60,3,4,0,0.0,7,False,False,Android
1,43.0,13.0,23,1,6,True,428,42,4,1,212,117761.0,6,True,False,Developer Tools
9,185.0,0.0,7,3,5,False,500,60,9,1,133,0.0,7,True,False,iOS
3,0.0,4.0,19,4,5,False,152,34,3,1,0,0.0,6,False,False,Open Source
5,155.0,62.0,7,0,7,True,351,58,3,1,712,3593.0,8,True,False,API
37,689.0,47.0,6,3,5,True,500,60,3,2,496,0.0,12,True,False,iOS
2,0.0,0.0,0,6,6,False,159,53,2,3,0,2412.0,6,False,False,API
2,155.0,28.0,7,3,5,True,290,55,3,1,0,2036.0,8,True,False,Mac
9,98.0,0.0,7,4,5,True,384,55,3,1,104,4917.0,5,False,False,Android
1,0.0,21.0,12,3,5,False,418,17,3,1,211,1374.0,6,True,False,Social Media
12,29.0,6.0,8,3,5,False,159,49,1,2,0,111540.0,5,False,False,Software Engineering
7,214.0,22.0,11,3,5,True,500,46,3,5,11,122137.0,8,False,False,Hiring
7,0.0,11.0,7,0,5,False,261,59,3,1,63,0.0,3,False,False,Marketing
4,127.0,137.0,5,1,7,True,312,56,3,1,718,72245.0,5,True,False,Health & Fitness
2,221.0,0.0,7,1,5,True,365,60,3,1,0,12816.0,5,False,False,Chrome Extensions
4,0.0,121.0,7,2,2,True,426,46,2,5,138,8752.0,9,True,False,Writing
6,163.0,46.0,8,4,5,True,263,57,3,1,0,0.0,0,False,False,Productivity
6,194.0,86.0,7,0,5,True,307,55,3,4,0,0.0,4,False,False,Artificial Intelligence
10,165.0,5.0,6,5,5,True,390,59,3,1,319,3582.0,4,False,False,Productivity
4,0.0,0.0,6,5,5,True,425,48,3,6,0,10436.0,5,False,False,Developer Tools
1,100.0,0.0,2,1,5,True,403,34,3,7,0,1565.0,7,True,False,Health & Fitness
1,81.0,7.0,23,4,5,True,374,43,1,1,437,20552.0,9,False,False,Social Network
17,138.0,33.0,7,0,5,True,480,59,3,2,484,0.0,19,False,False,Design Tools
1,71.0,51.0,19,1,5,True,166,50,3,2,0,140802.0,8,True,False,Sales
17,29.0,72.0,15,4,6,False,271,37,3,1,612,35538.0,7,False,False,Mac
13,90.0,11.0,20,6,1,True,292,49,1,1,0,1459.0,7,False,False,Email
1,166.0,49.0,7,3,6,True,500,60,3,1,198,1876.0,5,True,False,Email
7,54.0,15.0,17,6,6,True,312,60,4,0,0,0.0,3,True,False,Productivity
11,36.0,0.0,6,2,6,True,434,58,3,1,64,407.0,4,False,False,Developer Tools
18,85.0,0.0,18,6,5,False,500,54,3,4,0,0.0,3,False,False,iOS
22,143.0,11.0,6,3,6,True,467,60,3,0,240,0.0,21,True,False,Productivity
20,125.0,11.0,7,4,6,False,433,53,3,1,229,282.0,7,False,False,Productivity
1,99.0,5.0,14,2,6,True,322,59,3,5,0,0.0,6,True,False,Design Tools
6,0.0,9.0,7,6,6,True,457,60,1,2,0,2814.0,7,False,False,iOS
11,119.0,0.0,12,5,5,True,227,60,3,1,3331,2631.0,8,True,False,Browser Extensions
1,66.0,21.0,7,6,6,True,368,50,3,6,2768,971.0,9,False,False,Marketing
18,0.0,0.0,7,6,5,True,398,53,3,1,475,0.0,6,False,False,Web App
1,13.0,143.0,21,3,6,True,500,52,1,1,590,2289.0,6,False,False,Social Media
23,179.0,0.0,20,1,5,False,258,53,1,2,322,37315.0,4,False,False,Software Engineering
72,108.0,0.0,11,1,6,True,234,57,5,3,708,348.0,27,False,False,Browser Extensions
1,18.0,12.0,7,4,6,True,299,60,2,2,471,68.0,2,False,False,Productivity
10,0.0,43.0,20,5,9,True,255,24,1,4,413,2034.0,9,False,False,SaaS
8,318.0,47.0,7,5,5,True,381,60,3,4,0,88259.0,5,True,False,Privacy
1,43.0,35.0,7,1,5,True,500,42,2,1,0,1839.0,3,False,False,Art
1,124.0,3.0,8,2,5,False,152,43,2,0,0,5903.0,8,False,False,Weather
2,5.0,0.0,7,4,5,True,495,54,3,1,364,1230.0,3,True,False,Mac
14,0.0,35.0,6,1,1,True,201,52,3,1,0,0.0,8,True,False,Mac
5,323.0,186.0,8,5,6,True,309,36,3,0,195,0.0,7,True,False,Task Management
20,112.0,107.0,11,1,6,False,469,35,2,1,48,4221.0,0,False,False,Slack
5,127.0,167.0,18,5,6,True,384,41,3,5,45,14852.0,9,False,False,Productivity
1,189.0,0.0,7,5,6,True,67,34,3,1,0,607.0,6,True,False,Chrome Extensions
7,27.0,31.0,7,5,5,True,168,57,3,4,433,0.0,8,False,False,Productivity
13,58.0,0.0,10,1,5,True,498,59,3,1,226,5209.0,5,True,False,API
15,723.0,0.0,7,5,5,False,132,55,3,1,0,57841.0,4,False,False,Meetings
1,79.0,77.0,18,6,6,True,498,28,3,3,41,4776.0,7,False,False,Sales
9,15.0,3.0,6,6,6,False,424,53,9,1,226,108042.0,7,False,False,Productivity
1,0.0,3.0,6,4,6,True,372,41,2,2,37,2682.0,9,False,False,Design Tools
1,149.0,0.0,7,0,5,True,424,38,3,1,430,1323.0,3,False,False,Writing
1,124.0,342.0,14,3,5,False,415,54,3,1,22,2486.0,4,False,False,No-Code
1,40.0,4.0,7,0,5,True,264,60,3,0,75,0.0,4,True,False,Mac
1,0.0,52.0,13,5,5,True,391,60,6,4,0,1467.0,0,False,False,Developer Tools
1,374.0,17.0,6,0,5,True,463,49,3,1,273,0.0,6,True,False,API
11,0.0,45.0,16,3,6,True,500,29,3,1,0,0.0,7,False,False,Mac
1,32.0,0.0,6,5,6,True,417,41,3,3,0,5224.0,9,True,False,User Experience
12,8.0,0.0,12,1,6,True,197,58,3,1,294,2139.0,8,True,False,Web App
1,130.0,42.0,7,3,6,True,245,53,4,5,0,0.0,7,True,False,SaaS
1,104.0,0.0,6,1,5,True,222,55,2,5,211,779.0,11,True,False,Chrome Extensions
9,96.0,36.0,10,6,5,False,429,36,1,1,2113,55.0,7,False,False,Emoji
1,141.0,0.0,23,3,5,True,418,60,8,1,294,915.0,6,True,False,Music
5,152.0,134.0,7,1,5,True,143,60,3,2,0,0.0,13,True,False,Android
38,103.0,58.0,6,5,5,True,496,55,4,3,0,1487.0,9,True,False,Chrome Extensions
4,0.0,2.0,6,1,6,False,178,27,3,1,0,4439.0,5,True,False,Productivity
3,0.0,0.0,15,5,5,False,349,55,3,6,0,0.0,5,True,False,Marketing
18,8.0,1.0,11,3,5,False,433,60,3,1,0,0.0,5,False,False,Productivity
6,36.0,0.0,7,1,8,True,240,60,3,8,519,0.0,6,False,False,Design Tools
6,150.0,40.0,6,3,6,True,294,60,3,1,323,0.0,7,False,False,Productivity
1,394.0,8.0,7,1,7,True,236,46,3,1,0,0.0,11,True,False,Developer Tools
1,74.0,0.0,23,3,5,True,439,60,3,1,0,0.0,7,False,False,Growth Hacking
25,383.0,2.0,7,5,4,True,456,60,3,1,364,575.0,8,True,False,Meetings
1,145.0,0.0,7,4,5,True,243,43,2,3,8,22373.0,7,True,False,Android
7,316.0,0.0,7,6,5,True,500,60,1,7,459,146939.0,7,True,False,Music
1,1035.0,6.0,7,3,6,True,213,54,3,1,0,2957.0,4,True,False,Tech
3,108.0,96.0,20,3,1,True,130,52,3,4,249,778.0,5,True,False,Health & Fitness
12,0.0,0.0,21,3,6,True,363,58,3,1,0,3109.0,7,True,False,Productivity
50,21.0,6.0,16,0,5,True,420,60,3,1,67,0.0,7,False,False,Design Tools
2,97.0,99.0,7,2,5,True,500,60,3,1,312,0.0,11,False,False,Art
5,20.0,0.0,7,4,5,True,370,48,3,0,591,0.0,6,False,False,Social Media
1,138.0,123.0,6,6,8,False,341,38,2,2,0,2921.0,2,False,False,Virtual Reality
1,48.0,0.0,20,4,5,True,333,58,1,0,466,4530.0,7,False,False,Music
1,88.0,55.0,6,3,6,True,371,18,3,1,392,109904.0,6,True,False,iOS
3,0.0,0.0,7,6,5,True,214,47,3,4,338,3903.0,3,False,False,SaaS
22,0.0,18.0,6,3,5,True,446,55,4,1,261,0.0,4,False,False,Hardware
9,175.0,0.0,13,6,5,True,462,39,3,1,526,2412.0,6,False,False,iOS
1,48.0,31.0,23,3,6,True,500,27,3,1,341,0.0,5,False,False,Productivity
5,224.0,89.0,7,3,5,True,271,40,3,1,136,2373.0,9,True,False,Advertising
16,364.0,111.0,8,5,5,False,320,60,2,3,0,198.0,6,False,False,Productivity
7,111.0,10.0,7,2,5,False,225,57,3,1,323,2451.0,5,False,False,Design Tools
35,0.0,0.0,6,3,6,True,451,46,3,1,267,0.0,11,False,False,Email
1,43.0,2.0,7,0,6,False,500,60,3,7,60,4160.0,12,False,False,Developer Tools
6,62.0,121.0,3,2,6,True,146,50,1,1,0,3402.0,4,False,False,Menu Bar Apps
17,92.0,0.0,7,3,6,False,148,60,3,1,0,7174.0,4,False,False,Design Tools
8,0.0,31.0,7,3,5,False,353,60,5,1,0,2780.0,7,False,False,Mac
15,0.0,11.0,13,3,5,False,443,60,2,1,0,3070.0,13,False,False,Open Source
6,0.0,0.0,3,1,6,True,432,46,4,2,0,742.0,3,False,False,API
6,88.0,0.0,7,5,6,True,300,60,4,5,0,2118.0,7,False,False,Marketing
6,0.0,1.0,7,4,5,True,500,60,3,1,697,3499.0,1,False,False,Web App
5,923.0,0.0,8,1,5,True,350,50,2,1,112,152783.0,8,True,False,Mac
3,81.0,33.0,7,4,5,True,469,60,3,1,305,568.0,6,False,False,Productivity
1,141.0,3.0,8,6,7,True,235,40,3,3,0,3952.0,15,False,False,Software Engineering
1,161.0,23.0,11,5,8,True,388,50,3,1,640,2087.0,3,True,False,SaaS
1,137.0,2.0,8,0,6,False,443,54,1,1,470,2532.0,5,True,False,Open Source
7,0.0,19.0,7,5,6,False,433,53,3,1,43,1071.0,2,False,False,Open Source
2,45.0,15.0,6,6,6,True,144,58,1,1,533,6762.0,20,False,False,Productivity
10,54.0,17.0,7,3,5,True,378,51,3,13,590,54.0,3,True,False,Social Media
1,230.0,20.0,10,1,6,True,69,48,3,1,148,2996.0,8,False,False,Mac
1,0.0,0.0,22,1,5,True,193,57,2,0,525,2529.0,9,True,False,Productivity
9,109.0,10.0,13,2,5,True,216,40,3,1,214,0.0,16,False,False,Mac
47,143.0,29.0,6,0,1,True,216,45,4,1,5003,5068.0,7,False,False,iOS
7,0.0,0.0,7,5,6,False,397,60,2,1,64,1498.0,4,True,False,Startup Books
1,141.0,109.0,16,4,9,True,421,60,3,2,215,453.0,3,False,False,Productivity
9,214.0,6.0,7,3,5,True,424,53,3,3,0,18209.0,7,False,False,Design Tools
5,42.0,0.0,7,3,1,False,435,39,3,1,228,0.0,10,True,False,Marketing
37,182.0,7.0,0,5,3,True,380,41,8,4,42,0.0,9,True,False,Linux
5,74.0,0.0,20,3,5,False,175,57,4,1,92,270.0,7,True,False,iOS
8,71.0,7.0,11,3,5,True,500,55,3,1,260,144313.0,6,False,False,Productivity
3,533.0,27.0,6,0,5,True,427,53,3,2,330,1577.0,8,False,False,Marketing
80,0.0,9.0,13,6,8,True,219,60,3,1,0,1444.0,7,True,False,Productivity
6,0.0,24.0,7,5,5,False,500,60,4,1,140,0.0,4,True,False,Growth Hacking
16,265.0,29.0,7,0,6,True,92,60,1,11,0,18291.0,4,True,False,Chrome Extensions
18,109.0,2.0,7,4,6,False,478,43,3,1,521,645.0,7,False,False,Marketing
4,82.0,70.0,21,5,5,True,231,58,2,4,600,0.0,8,True,False,Advertising
12,70.0,21.0,7,0,5,True,250,60,3,1,197,0.0,2,False,False,Fintech
6,0.0,3.0,7,5,3,False,419,52,3,1,456,3779.0,7,False,False,API
13,140.0,32.0,14,3,6,True,487,56,2,0,320,4626.0,7,True,False,Android
1,99.0,25.0,7,3,6,False,141,57,1,1,0,1941.0,8,False,False,Artificial Intelligence
17,91.0,151.0,6,4,6,True,500,46,3,5,444,2985.0,3,False,False,Design Tools
3,387.0,11.0,7,3,5,True,350,57,1,5,518,3366.0,6,True,False,Mac
1,42.0,29.0,7,5,5,True,297,57,3,1,0,2581.0,6,True,False,Payments
1,0.0,3.0,7,5,5,True,461,35,2,1,387,3973.0,8,False,False,Mac
1,0.0,120.0,7,1,6,True,349,50,4,3,0,943.0,7,False,False,Productivity
1,221.0,5.0,7,3,6,True,429,60,3,1,0,4901.0,7,True,False,Software Engineering
3,33.0,20.0,7,2,6,True,403,56,1,0,0,5374.0,6,False,False,Human Resources
29,0.0,33.0,7,0,7,True,322,41,3,3,57,4851.0,7,False,False,Productivity
7,0.0,61.0,6,1,5,True,419,44,4,1,475,14164.0,7,True,False,Health & Fitness
13,0.0,6.0,6,3,5,True,309,35,3,1,196,0.0,8,False,False,Developer Tools
2,286.0,11.0,6,3,5,True,435,55,3,1,580,1663.0,8,True,False,Emoji
18,101.0,23.0,6,2,6,False,309,59,2,1,107,0.0,6,False,False,Web App
1,0.0,0.0,7,3,5,True,433,60,3,2,671,2393.0,6,False,False,Developer Tools
3,77.0,0.0,16,3,5,True,355,48,4,1,348,2256.0,3,False,False,Customer Communication
12,63.0,16.0,6,5,5,True,418,49,4,1,108,2603.0,4,False,False,Retro Games
1,0.0,0.0,21,6,5,True,336,30,3,2,367,13058.0,8,False,False,Chrome Extensions
9,65.0,38.0,8,2,5,True,195,59,3,1,0,15.0,5,True,False,Mac
1,0.0,8.0,6,4,6,True,176,48,3,4,0,134055.0,0,False,False,Hiring
38,88.0,133.0,19,2,6,True,399,51,3,0,1598,2313.0,2,False,False,Home
7,56.0,17.0,7,3,5,True,320,47,3,0,167,12737.0,7,False,False,Chrome Extensions
1,36.0,38.0,7,3,6,True,211,54,3,1,623,0.0,9,False,False,Developer Tools
1,0.0,54.0,6,1,6,True,244,55,2,1,0,144577.0,6,False,False,Mac
29,156.0,64.0,3,0,5,True,453,58,3,1,146,0.0,8,True,False,Design Tools
7,100.0,14.0,0,5,6,True,385,41,2,1,238,4092.0,5,False,False,Meetings
4,0.0,1.0,22,3,5,False,190,60,9,0,123,4019.0,9,True,False,Dating
14,68.0,12.0,23,3,5,True,493,52,3,5,209,0.0,5,False,False,Privacy
10,231.0,22.0,7,4,6,True,231,52,3,1,370,3813.0,3,False,False,Productivity
2,4.0,0.0,19,3,5,True,48,54,3,3,0,0.0,6,True,False,Developer Tools
4,4.0,42.0,7,3,6,True,483,44,3,4,0,0.0,9,False,False,Tech
16,29.0,33.0,6,3,6,False,311,51,3,1,0,0.0,6,False,False,Travel
5,106.0,33.0,7,5,5,True,332,51,3,1,0,0.0,6,True,False,Android
1,16.0,10.0,6,5,2,True,473,59,1,1,188,122726.0,5,True,False,Prototyping
8,53.0,18.0,7,1,6,True,212,58,3,0,155,1992.0,8,False,False,iOS
40,126.0,342.0,7,5,5,True,345,51,3,2,0,3831.0,8,False,False,Software Engineering
4,0.0,0.0,17,5,5,False,454,60,3,1,338,0.0,8,True,False,Developer Tools
32,112.0,121.0,7,0,6,True,403,58,3,3,4245,2833.0,6,True,False,API
16,8.0,0.0,6,1,6,True,450,46,4,1,0,0.0,7,True,False,Dating
8,97.0,11.0,7,0,1,True,336,54,3,1,417,2158.0,5,True,False,Fintech
5,0.0,0.0,7,2,5,True,317,59,3,1,117,0.0,2,False,False,Productivity
6,0.0,29.0,12,1,5,False,410,60,4,1,13,2047.0,7,False,False,Cars
15,277.0,2.0,12,2,6,False,442,60,3,1,134,1690.0,9,False,False,Marketing
1,225.0,39.0,21,3,7,True,462,58,3,0,197,1773.0,6,True,False,Productivity
13,0.0,0.0,7,5,5,True,353,40,4,1,0,434.0,2,True,False,Productivity
24,0.0,4.0,4,4,5,False,233,50,3,1,298,42.0,7,True,False,Web App
3,117.0,0.0,9,4,6,True,500,60,3,0,328,20570.0,12,False,False,Productivity
1,96.0,3.0,0,5,5,False,171,58,2,4,132,2713.0,6,False,False,Productivity
6,104.0,0.0,7,3,5,True,449,60,2,1,801,14779.0,9,True,False,Custom Keyboards
1,179.0,0.0,17,3,5,False,207,55,2,1,448,1673.0,3,False,False,Design Tools
5,90.0,0.0,0,4,5,True,500,45,3,5,0,1845.0,6,False,False,iOS
12,129.0,50.0,7,6,5,True,130,46,3,1,0,782.0,7,True,False,Productivity
1,132.0,342.0,18,3,5,True,313,44,3,3,0,0.0,5,True,False,Mac
17,103.0,0.0,7,1,5,True,401,60,4,1,93,0.0,24,False,False,Productivity
16,0.0,0.0,0,2,3,False,284,55,3,0,326,21948.0,9,False,False,Browser Extensions
14,279.0,39.0,6,5,5,True,492,52,3,1,500,3351.0,6,False,False,Fashion
22,0.0,112.0,6,3,6,True,500,59,4,1,0,2663.0,7,False,False,Marketing
24,92.0,4.0,17,3,1,False,318,38,3,1,336,3950.0,4,False,False,iOS
1,140.0,0.0,7,3,6,True,218,43,3,3,591,0.0,5,False,False,Mac
6,59.0,18.0,6,4,6,True,283,53,1,5,2636,0.0,6,False,False,Productivity
8,125.0,9.0,7,3,5,True,500,54,3,1,350,3353.0,5,False,False,Startup Books
18,24.0,24.0,7,5,6,True,380,51,3,1,0,32631.0,7,False,False,Social Media
15,9.0,0.0,15,1,7,True,224,42,9,6,5,0.0,9,False,False,Browser Extensions
1,622.0,1.0,7,4,5,True,500,55,3,1,691,3628.0,3,False,False,API
19,77.0,16.0,7,3,5,True,500,39,3,2,30,0.0,6,True,False,Design Tools
6,45.0,0.0,23,3,6,False,500,60,3,1,565,0.0,7,True,False,Open Source
2,77.0,20.0,7,5,6,True,467,51,4,2,768,2815.0,10,False,False,Artificial Intelligence
1,9.0,17.0,20,1,2,True,499,59,3,9,212,0.0,5,False,False,Open Source
1,0.0,0.0,7,1,5,False,328,60,3,1,0,22436.0,5,False,False,Productivity
1,321.0,23.0,7,3,6,True,366,43,3,1,0,27901.0,3,False,False,Design Tools
5,0.0,66.0,5,3,10,False,158,52,3,2,2300,3388.0,8,False,False,Open Source
1,0.0,0.0,7,3,5,False,224,48,2,1,0,65075.0,3,True,False,Productivity
2,33.0,8.0,7,5,5,False,412,59,2,1,224,0.0,7,False,False,API
1,0.0,0.0,0,2,6,True,314,52,4,5,279,2284.0,7,False,False,Analytics
14,67.0,73.0,6,6,5,True,237,60,3,1,0,0.0,15,False,False,iOS
4,47.0,23.0,7,4,1,True,383,43,2,2,382,3682.0,9,True,False,Crypto
7,172.0,12.0,23,6,5,False,468,52,3,0,0,165824.0,5,True,False,iOS
17,0.0,0.0,10,3,6,False,211,43,2,1,0,1642.0,7,False,False,iOS
17,0.0,0.0,6,0,1,True,90,49,2,1,0,71953.0,3,False,False,Payments
1,0.0,2.0,7,1,5,True,187,60,3,3,284,3550.0,6,False,False,Analytics
6,63.0,0.0,6,6,5,False,500,53,3,1,0,1472.0,5,False,False,Web App
64,170.0,13.0,15,2,6,True,268,44,3,1,949,113063.0,7,False,False,Chrome Extensions
201,0.0,18.0,10,3,5,True,319,42,3,1,650,0.0,6,True,False,SaaS
5,39.0,10.0,1,5,5,False,382,47,3,1,169,4224.0,7,False,False,Android
32,81.0,93.0,13,5,6,True,97,50,3,1,0,170171.0,8,False,False,Productivity
3,79.0,0.0,12,1,6,True,392,44,3,1,287,2952.0,9,True,False,API
1,0.0,0.0,7,6,5,True,186,54,3,3,0,5295.0,4,True,False,iOS
7,182.0,44.0,7,3,6,True,339,27,2,1,313,149508.0,16,True,False,Mac
8,880.0,8.0,7,6,6,True,419,40,3,1,0,4913.0,7,False,False,Customer Success
6,61.0,10.0,7,3,6,True,446,56,3,2,64,107022.0,10,False,False,Design Tools
9,111.0,0.0,7,4,5,True,192,53,3,0,67,147072.0,15,True,False,Artificial Intelligence
8,15.0,0.0,9,5,5,False,426,57,1,1,0,1094.0,6,False,False,Sales
6,0.0,0.0,8,3,5,True,448,56,3,2,0,62790.0,5,True,False,Android
45,206.0,0.0,7,6,2,True,372,53,3,6,100,2673.0,10,False,False,Health & Fitness
10,23.0,17.0,7,1,6,False,500,52,2,1,0,572.0,4,True,False,Chrome Extensions
20,58.0,0.0,18,1,5,False,190,58,2,3,0,1501.0,0,False,False,Analytics
8,15.0,0.0,7,3,5,False,500,47,3,1,0,3940.0,7,False,False,Productivity
42,57.0,9.0,11,5,5,False,403,36,2,0,53,313.0,10,True,False,Fintech
1,125.0,0.0,6,6,1,True,437,36,3,1,405,2138.0,6,True,False,Mac
19,26.0,2.0,23,4,5,False,209,59,2,1,451,0.0,5,False,False,Comics & Graphic Novels
4,0.0,22.0,6,1,5,False,178,60,3,1,308,50976.0,7,True,False,Android
138,105.0,0.0,5,0,6,True,279,60,1,2,261,146.0,12,False,False,API
10,990.0,169.0,7,2,5,True,244,53,3,1,53,0.0,6,True,False,API
1,49.0,0.0,13,0,6,True,48,43,3,1,0,0.0,6,False,False,Artificial Intelligence
1,45.0,105.0,8,2,5,True,494,58,3,1,423,0.0,3,False,False,Productivity
1,0.0,13.0,23,3,6,True,259,52,3,0,0,0.0,9,False,False,Web App
9,130.0,0.0,7,3,5,False,475,53,3,1,446,74384.0,8,False,False,Open Source
2,244.0,152.0,3,1,5,True,500,52,3,1,55,4164.0,8,True,False,Meetings
1,135.0,16.0,7,2,5,True,452,43,3,1,83,32818.0,7,True,False,Mac
3,35.0,58.0,15,0,6,True,435,58,3,1,8,2819.0,2,False,False,Web App
18,52.0,94.0,6,3,5,True,358,36,2,1,152,0.0,20,True,False,Developer Tools
2,278.0,0.0,8,3,5,True,330,60,3,1,766,0.0,8,True,False,Mac
5,68.0,6.0,11,3,5,True,436,40,3,2,40,0.0,2,False,False,Education
16,86.0,44.0,7,3,5,False,500,31,2,0,0,0.0,0,False,False,Web App
1,0.0,9.0,12,3,5,True,117,55,2,5,350,1993.0,6,False,False,Productivity
9,0.0,4.0,19,3,1,True,367,41,3,2,0,86478.0,8,True,False,Design Tools
4,259.0,0.0,11,5,6,False,422,60,3,6,0,0.0,5,False,False,Android
6,118.0,12.0,19,1,6,False,445,47,1,1,71,4063.0,3,True,False,Software Engineering
11,11.0,0.0,23,1,5,False,448,60,3,1,0,0.0,8,True,False,SaaS
2,163.0,47.0,7,1,5,True,443,50,3,1,0,0.0,5,False,False,Software Engineering
11,39.0,7.0,14,1,6,True,375,48,2,1,0,4023.0,3,True,False,Fashion
11,78.0,21.0,7,3,5,True,155,54,4,1,316,1704.0,9,False,False,Developer Tools
9,126.0,1.0,6,0,5,True,313,36,3,0,611,323.0,13,False,False,Artificial Intelligence
8,0.0,0.0,7,3,5,False,278,40,3,1,147,3228.0,20,False,False,Open Source
1,355.0,24.0,2,3,5,True,500,54,3,1,299,353.0,4,False,False,Productivity
12,0.0,0.0,0,1,5,True,188,57,3,2,194,3546.0,11,True,False,API
3,75.0,13.0,7,1,5,True,360,60,3,2,263,134849.0,9,True,False,Time Tracking
7,210.0,155.0,19,3,1,True,500,50,3,1,504,1245.0,8,False,False,Productivity
8,0.0,0.0,9,5,6,True,500,32,2,1,244,311.0,3,False,False,Linux
1,97.0,0.0,7,2,6,False,176,57,3,4,21,0.0,1,False,False,Education
1,0.0,10.0,20,2,5,True,191,58,3,2,160,57555.0,8,False,False,Tech
2,143.0,0.0,9,1,6,True,349,58,3,1,0,2923.0,6,False,False,Hiring
4,103.0,13.0,7,3,1,True,468,37,9,1,43,787.0,7,True,False,Customer Communication
6,197.0,125.0,16,3,5,True,433,42,3,1,0,0.0,8,True,False,Mac
1,157.0,162.0,8,6,5,True,500,60,3,4,659,19956.0,6,False,False,Comics & Graphic Novels
1,45.0,16.0,13,3,5,True,500,43,3,1,617,3540.0,8,True,False,Productivity
15,26.0,38.0,7,6,5,False,155,44,3,1,0,1682.0,3,False,False,Software Engineering
1,195.0,6.0,7,4,6,True,500,51,3,1,225,645.0,5,False,False,Slack
1,79.0,19.0,8,3,6,False,479,49,3,2,0,6673.0,8,False,False,Social Media
17,72.0,126.0,0,3,6,True,500,39,1,1,201,170171.0,3,False,False,Fintech
10,108.0,58.0,6,4,5,True,348,59,3,2,402,853.0,3,True,False,Health & Fitness
1,657.0,0.0,14,3,5,True,278,58,3,1,501,0.0,9,True,False,Human Resources
13,60.0,0.0,7,6,6,False,446,53,4,1,0,32526.0,4,False,False,Customer Communication
77,364.0,0.0,7,1,5,True,139,58,2,4,0,2808.0,8,False,False,Web App
2,0.0,16.0,6,4,5,True,500,37,3,1,747,6973.0,5,False,False,Marketing
10,722.0,0.0,7,4,6,True,352,54,2,1,3027,0.0,9,True,False,Retro Games
20,177.0,17.0,7,5,6,True,500,51,3,4,416,0.0,6,True,False,Menu Bar Apps
20,0.0,156.0,10,0,6,True,292,24,3,1,0,274.0,6,True,False,Productivity
1,1374.0,10.0,5,2,4,True,455,53,3,2,0,76053.0,0,False,False,Time Tracking
1,1.0,0.0,6,6,6,False,193,54,1,0,501,6519.0,8,False,False,Tech
1,51.0,13.0,8,3,5,True,221,42,3,1,137,13681.0,6,False,False,Social Media
24,194.0,31.0,6,4,5,True,393,57,3,1,352,0.0,9,False,False,Home
1,54.0,0.0,7,5,8,True,224,49,3,4,347,6414.0,4,False,False,Messaging
10,66.0,33.0,22,1,3,True,331,49,3,1,154,3162.0,11,True,False,Design Tools
9,138.0,21.0,6,2,6,True,460,60,3,7,0,0.0,7,True,False,Home
5,134.0,35.0,7,4,5,True,500,51,3,1,5497,0.0,10,True,False,SaaS
13,158.0,0.0,7,3,5,False,462,58,3,1,0,110220.0,1,False,False,Artificial Intelligence
7,111.0,33.0,16,6,5,True,500,39,3,3,407,11278.0,5,True,False,Marketing
5,52.0,0.0,6,0,6,True,152,59,1,0,0,6526.0,11,False,False,Artificial Intelligence
1,3.0,36.0,7,3,5,False,464,60,1,1,417,1498.0,9,False,False,Tech
1,220.0,23.0,7,1,6,True,396,43,3,1,531,0.0,10,False,False,Web App
5,23.0,24.0,4,2,2,True,477,60,3,1,243,7490.0,1,True,False,Mac
1,157.0,21.0,6,4,5,True,500,50,3,4,776,94727.0,6,True,False,Task Management
12,116.0,34.0,12,6,6,False,500,58,3,6,338,1200.0,6,False,False,Hiring
27,40.0,60.0,8,3,5,False,48,44,3,0,0,646.0,7,True,False,iOS
2,20.0,10.0,15,2,6,False,494,60,3,0,467,0.0,6,True,False,API
11,364.0,42.0,6,3,5,False,440,49,1,2,180,190.0,6,True,False,Couples
222,200.0,30.0,6,1,6,True,195,47,3,1,147,27244.0,3,False,False,Open Source
12,120.0,12.0,20,3,6,True,150,34,3,0,44,4057.0,7,True,False,Productivity
52,133.0,14.0,7,3,6,False,390,60,3,4,0,737.0,5,False,False,SaaS
1,10.0,13.0,16,4,5,False,500,59,4,2,286,4536.0,3,False,False,Customer Communication
13,89.0,0.0,18,2,5,True,476,49,3,0,302,3537.0,6,False,False,Hardware
1,132.0,20.0,13,3,5,True,500,38,3,4,284,2936.0,0,False,False,Email
10,18.0,0.0,11,3,3,True,426,60,3,5,405,67669.0,8,True,False,Productivity
8,457.0,4.0,7,4,5,True,204,56,3,4,391,0.0,11,False,False,Notes
13,0.0,0.0,16,2,6,False,442,40,1,1,0,0.0,7,False,False,Productivity
14,101.0,19.0,9,3,6,True,177,54,1,3,104,2605.0,6,False,False,Robots
1,128.0,0.0,7,0,6,False,204,59,3,0,0,0.0,5,False,False,Productivity
1,355.0,20.0,6,4,5,True,368,46,3,1,514,3459.0,7,False,False,Mac
1,139.0,11.0,6,1,2,False,426,60,4,1,0,3978.0,0,False,False,Chrome Extensions
1,69.0,34.0,7,0,6,True,396,60,8,3,566,2021.0,7,False,False,Advertising
1,0.0,0.0,20,2,5,False,362,60,3,1,0,0.0,7,True,False,iOS
26,23.0,96.0,7,3,6,False,298,57,3,1,0,1904.0,5,False,False,Productivity
9,0.0,43.0,6,0,2,True,438,52,3,8,0,0.0,3,False,False,Health & Fitness
9,51.0,0.0,16,4,5,True,433,45,3,1,251,0.0,7,False,False,Productivity
1,36.0,20.0,15,4,5,True,473,29,3,0,300,0.0,7,True,False,Social Media
1,7.0,26.0,8,0,5,True,362,52,3,2,38,1451.0,13,False,False,Software Engineering
1,61.0,54.0,7,3,5,True,353,39,3,1,42,0.0,9,True,False,Fashion
9,388.0,7.0,15,5,5,True,284,44,9,4,502,694.0,7,True,False,No-Code
1,107.0,0.0,7,0,3,True,70,48,3,1,104,19390.0,9,True,False,Web App
15,103.0,27.0,17,4,6,True,473,59,2,1,117,3769.0,4,True,False,Android
1,94.0,11.0,6,1,6,True,431,60,3,3,321,94955.0,5,False,False,Developer Tools
1,0.0,25.0,5,4,6,True,422,60,3,6,2219,1011.0,4,False,False,Design Tools
1,31.0,8.0,11,5,6,False,469,54,4,3,718,2425.0,11,False,False,Sales
1,26.0,60.0,7,6,6,True,500,45,3,1,367,4016.0,6,True,False,Vibe coding
1,0.0,18.0,8,1,6,False,425,55,3,1,81,3485.0,4,False,False,Marketing
12,33.0,10.0,7,1,6,True,500,49,2,1,117,4306.0,6,True,False,Android
25,161.0,19.0,7,6,6,True,191,46,1,0,0,1063.0,12,True,False,Software Engineering
1,103.0,4.0,7,4,6,True,500,26,3,3,674,714.0,7,False,False,Mac
4,76.0,129.0,18,5,5,True,499,55,4,1,698,1412.0,8,False,False,Social Media
5,0.0,44.0,7,3,6,True,308,55,3,2,566,3592.0,7,False,False,Productivity
21,39.0,17.0,6,5,6,False,468,60,2,5,322,2120.0,2,True,False,Health & Fitness
10,37.0,38.0,23,3,5,True,498,51,8,1,167,0.0,8,True,False,eBook Reader
11,0.0,19.0,6,1,5,True,500,58,2,1,173,5046.0,10,False,False,Health & Fitness
2,71.0,0.0,6,3,3,True,279,60,3,2,370,1440.0,6,True,False,Design Tools
1,77.0,30.0,23,4,6,True,500,52,1,1,0,17423.0,5,True,False,Health & Fitness
18,89.0,1.0,7,4,6,True,323,60,4,5,0,0.0,5,False,False,Mac
11,0.0,25.0,13,0,2,False,281,44,1,0,396,588.0,6,False,False,SaaS
9,93.0,26.0,11,2,5,True,386,57,3,1,404,130677.0,5,False,False,Vibe coding
1,38.0,12.0,13,5,5,True,320,54,5,3,566,2493.0,5,True,False,Growth Hacking
8,47.0,6.0,6,5,5,True,450,39,3,1,0,2192.0,3,False,False,Tech
23,32.0,17.0,7,3,5,True,227,52,1,2,0,746.0,6,True,False,Growth Hacking
1,182.0,42.0,7,0,5,True,415,34,5,5,746,0.0,5,False,False,Social Media
1,3.0,6.0,16,0,5,True,286,60,3,0,150,0.0,4,True,False,Android
1,285.0,7.0,20,4,5,True,500,48,3,1,224,27753.0,10,True,False,Task Management
1,59.0,72.0,15,5,6,True,492,60,8,1,0,0.0,4,False,False,Messaging
5,41.0,14.0,7,4,6,True,403,37,3,4,342,0.0,20,False,False,Artificial Intelligence
1,179.0,0.0,7,1,5,True,125,60,3,1,113,1959.0,5,False,False,Growth Hacking
10,119.0,57.0,9,1,6,True,494,51,3,1,722,26134.0,14,True,False,Mac
8,224.0,166.0,2,3,5,True,500,55,3,2,339,1195.0,4,True,False,Chrome Extensions
2,521.0,1.0,8,3,5,True,500,57,3,1,0,4547.0,8,False,False,Email
2,0.0,44.0,15,2,5,False,102,35,3,0,360,1422.0,0,False,False,3D Printer
21,165.0,4.0,7,3,5,False,451,58,2,8,232,1538.0,8,True,False,Software Engineering
1,144.0,6.0,23,6,5,True,380,55,1,1,406,5793.0,23,True,False,Mac
1,145.0,32.0,18,5,8,True,442,36,2,1,174,5984.0,5,False,False,Social Media
9,189.0,0.0,7,2,5,True,196,49,3,1,56,0.0,8,False,False,Mac
22,0.0,9.0,6,5,5,True,500,56,3,1,271,4981.0,0,True,False,Tech
5,0.0,0.0,7,0,5,True,500,60,3,1,757,0.0,9,False,False,Web App
1,41.0,36.0,8,6,6,True,454,30,3,1,0,91473.0,4,False,False,Developer Tools
1,101.0,0.0,7,0,6,True,445,53,3,1,63,0.0,9,True,False,Fintech
10,185.0,14.0,22,3,5,True,278,30,3,1,0,4030.0,3,False,False,Mac
15,105.0,0.0,8,5,5,True,255,54,4,1,0,0.0,7,True,False,Productivity
9,282.0,7.0,7,1,5,False,240,60,3,1,29,3828.0,1,False,False,Productivity
1,144.0,109.0,0,1,5,True,196,60,3,1,0,1785.0,7,False,False,Productivity
11,0.0,9.0,6,5,6,False,500,60,3,1,400,0.0,11,True,False,Productivity
1,105.0,54.0,8,6,5,False,347,56,1,1,1587,5504.0,6,True,False,Productivity
7,215.0,118.0,6,4,5,True,383,49,4,2,0,3732.0,9,True,False,Mac
1,0.0,5.0,7,6,5,True,451,59,3,1,355,0.0,6,True,False,Tech
11,248.0,0.0,22,3,6,True,214,54,3,1,0,28404.0,6,False,False,Sales
1,0.0,7.0,8,3,5,True,500,29,3,1,197,2900.0,4,True,False,Tech
13,10.0,0.0,7,5,6,True,318,38,9,1,126,563.0,5,False,False,Customer Communication
15,51.0,4.0,7,3,6,True,463,37,1,0,0,3519.0,8,False,False,iOS
17,68.0,10.0,16,3,6,True,385,33,4,1,178,1964.0,5,False,False,SaaS
10,2.0,5.0,13,3,5,True,133,55,3,1,563,0.0,11,False,False,Productivity
1,11.0,0.0,6,5,5,True,448,60,4,1,0,848.0,4,False,False,Productivity
1,195.0,15.0,6,6,5,True,490,54,1,1,142,3929.0,7,False,False,Artificial Intelligence
1,36.0,21.0,7,0,6,False,237,58,3,3,331,3604.0,8,False,False,Email
1,0.0,8.0,7,3,5,True,206,53,4,2,1872,33649.0,4,False,False,Audio
18,56.0,169.0,7,4,11,True,162,45,3,1,0,153309.0,9,True,False,API
1,555.0,0.0,6,6,6,True,429,58,8,1,170,2494.0,6,False,False,Human Resources
2,0.0,42.0,6,5,6,True,461,60,1,4,512,0.0,10,True,False,Chrome Extensions
1,142.0,21.0,7,0,5,True,57,52,3,1,231,569.0,5,False,False,Mac
1,95.0,44.0,7,5,5,True,449,56,3,1,10,3853.0,4,False,False,eBook Reader
13,165.0,45.0,8,0,5,False,416,17,3,3,151,2603.0,12,True,False,Productivity
9,36.0,0.0,7,1,6,True,271,54,2,1,1865,170171.0,9,False,False,Mac
1,55.0,99.0,7,0,5,True,204,49,2,1,149,73228.0,1,False,False,Productivity
11,464.0,0.0,7,2,6,True,500,46,3,1,244,1468.0,7,True,False,Sales
22,28.0,0.0,10,1,5,True,482,18,1,1,0,3756.0,3,False,False,Chrome Extensions
2,69.0,0.0,23,4,5,True,48,59,3,3,0,0.0,8,True,False,Design Tools
1,0.0,13.0,6,1,5,True,445,51,2,5,2508,0.0,8,False,False,Android
1,0.0,42.0,6,5,5,False,178,48,2,5,0,3076.0,4,True,False,Android
14,77.0,0.0,7,0,6,True,325,60,3,1,364,0.0,6,True,False,Productivity
6,24.0,1.0,6,3,5,True,238,41,3,1,303,0.0,27,True,False,Email
3,25.0,2.0,6,0,6,True,304,54,3,3,2775,13312.0,6,True,False,SaaS
9,175.0,4.0,7,3,5,True,245,53,3,1,374,85726.0,6,True,False,API
12,123.0,1.0,7,0,5,True,338,60,3,1,0,0.0,3,False,False,Software Engineering
35,115.0,15.0,6,5,5,True,415,41,6,1,563,2894.0,6,False,False,Audio
1,0.0,30.0,7,3,6,False,500,57,3,5,59,2776.0,5,True,False,SaaS
1,85.0,38.0,9,3,5,True,90,46,3,1,150,0.0,6,True,False,Web App
1,121.0,0.0,5,3,5,True,500,60,3,1,729,0.0,5,True,False,Time Tracking
6,125.0,7.0,19,3,5,True,499,42,3,1,639,0.0,7,True,False,Design Tools
11,17.0,6.0,12,2,6,True,498,57,3,0,639,444.0,8,True,False,Developer Tools
218,74.0,3.0,16,3,5,True,437,51,8,0,0,2932.0,3,True,False,Sales
8,0.0,0.0,7,1,6,False,327,60,4,1,192,0.0,3,True,False,Music
1,18.0,27.0,10,5,6,True,178,57,3,1,0,3768.0,5,True,False,Productivity
14,0.0,7.0,6,0,5,False,500,58,3,1,125,0.0,4,False,False,Developer Tools
9,44.0,22.0,6,6,5,True,320,29,3,1,3961,0.0,5,True,False,eBook Reader
2,120.0,20.0,6,0,6,True,149,54,3,5,0,2938.0,0,False,False,Productivity
1,261.0,0.0,18,4,6,True,291,59,3,2,708,1667.0,5,True,False,Marketing
19,23.0,0.0,8,3,5,False,269,59,4,0,0,2253.0,8,False,False,SaaS
20,137.0,1.0,7,0,7,True,414,33,1,1,0,170171.0,3,False,False,iOS
2,53.0,20.0,7,3,5,True,500,53,3,1,144,4733.0,6,False,False,Chrome Extensions
1,15.0,1.0,18,3,5,True,500,58,3,1,652,0.0,7,False,False,Design Tools
51,32.0,23.0,23,3,6,False,398,60,1,0,3517,2345.0,7,False,False,Social Media
3,45.0,8.0,7,3,7,True,466,58,3,5,107,139684.0,13,True,False,3D Printer
68,191.0,152.0,8,5,5,True,93,53,1,1,227,2665.0,14,True,False,Hiring
1,98.0,19.0,6,5,5,True,390,60,3,0,0,2382.0,7,True,False,API
28,76.0,0.0,17,1,5,True,105,60,3,1,0,531.0,4,True,False,Productivity
9,166.0,56.0,7,4,6,True,276,54,1,3,287,4527.0,11,False,False,Web App
1,0.0,0.0,15,0,6,True,465,55,3,1,434,0.0,2,False,False,Chrome Extensions
16,0.0,0.0,6,0,7,False,331,47,3,1,0,0.0,3,True,False,Android
1,103.0,2.0,8,2,5,True,491,54,3,1,383,1814.0,3,True,False,Hiring
1,2.0,38.0,4,4,6,True,336,46,3,2,3928,3092.0,5,False,False,Mac
7,69.0,9.0,9,4,6,True,499,59,3,5,73,3838.0,3,False,False,Chrome Extensions
13,118.0,7.0,6,2,5,True,402,49,4,1,0,745.0,5,False,False,Open Source
1,1.0,11.0,8,3,5,True,453,49,3,1,0,860.0,9,False,False,Mac
12,0.0,0.0,0,2,6,False,306,49,5,1,34,0.0,19,False,False,Developer Tools
1,42.0,1.0,12,5,5,True,122,21,1,1,320,4716.0,9,False,False,API
9,0.0,10.0,6,2,5,True,391,60,4,1,381,0.0,10,False,False,Open Source
9,134.0,6.0,6,5,6,True,258,60,2,1,591,0.0,8,False,False,Chrome Extensions
17,6.0,13.0,10,3,5,True,391,38,3,2,507,0.0,8,True,False,Health & Fitness
8,0.0,0.0,6,2,5,True,143,60,4,5,0,0.0,6,False,False,Design Tools
11,0.0,7.0,7,4,5,True,215,56,3,1,0,4760.0,6,False,False,Chrome Extensions
1,0.0,20.0,5,2,6,True,500,58,3,10,3535,1342.0,4,True,False,Android
10,70.0,0.0,7,6,5,True,106,38,4,1,0,5272.0,3,False,False,Audio
13,287.0,0.0,19,3,5,False,500,33,4,0,135,126873.0,3,False,False,Design Tools
1,90.0,13.0,19,0,5,True,284,43,3,0,494,3575.0,5,False,False,Productivity
7,10.0,0.0,12,5,6,True,429,51,3,6,0,0.0,5,True,False,Mac
6,0.0,4.0,7,5,6,False,500,59,3,5,78,3396.0,1,True,False,SaaS
1,44.0,6.0,6,0,6,True,473,28,3,1,542,0.0,8,False,False,Design Tools
1,74.0,29.0,8,5,5,True,104,58,2,1,0,5179.0,7,True,False,Tech
9,212.0,0.0,7,2,6,True,407,51,3,0,512,41.0,8,False,False,Design Tools
14,0.0,3.0,7,3,5,True,234,50,3,1,0,2330.0,9,True,False,Open Source
1,390.0,2.0,15,6,5,True,391,57,4,1,249,1176.0,3,True,False,Prototyping
14,168.0,19.0,9,2,5,True,322,34,1,1,197,130159.0,3,True,False,Marketing
2,0.0,0.0,18,0,6,True,500,59,4,1,189,0.0,6,False,False,Productivity
15,126.0,7.0,20,3,6,False,342,52,3,1,549,0.0,9,False,False,Audio
28,71.0,9.0,6,2,5,True,310,57,5,5,594,1473.0,23,True,False,Social Media
2,97.0,5.0,6,3,5,True,489,60,3,3,91,0.0,7,False,False,Android
8,116.0,41.0,12,5,5,False,479,43,2,1,456,6351.0,5,True,False,Mac
23,166.0,27.0,6,6,5,True,333,48,5,6,217,1784.0,7,False,False,Mac
5,66.0,0.0,17,3,6,True,372,60,3,1,501,12880.0,8,False,False,Web App
15,43.0,16.0,7,4,5,True,500,51,3,2,511,2614.0,3,False,False,Productivity
3,367.0,88.0,23,2,5,True,68,19,2,1,0,0.0,5,True,False,Sales
19,217.0,14.0,7,2,5,True,475,55,4,10,415,32499.0,8,False,False,SaaS
6,125.0,29.0,7,4,5,True,500,47,2,1,603,1992.0,4,False,False,Productivity
23,208.0,46.0,6,2,1,False,130,37,2,0,205,0.0,8,False,False,Payments
11,0.0,142.0,7,3,2,False,357,45,3,1,0,38191.0,5,False,False,Android
1,93.0,39.0,7,3,5,True,500,60,3,1,401,1104.0,5,True,False,Chrome Extensions
1,0.0,42.0,11,3,5,False,383,40,3,1,350,30267.0,7,False,False,Health & Fitness
29,42.0,0.0,7,0,5,True,48,38,3,1,0,876.0,8,False,False,Analytics
3,159.0,0.0,7,6,6,True,254,57,3,2,4877,2401.0,12,True,False,Mac
1,41.0,2.0,7,3,5,True,253,60,4,2,234,0.0,6,True,False,SaaS
1,32.0,5.0,7,2,5,False,250,43,1,1,0,3762.0,4,False,False,Startup Books
8,98.0,43.0,14,4,6,False,331,51,2,4,245,3751.0,9,True,False,Chrome Extensions
9,84.0,2.0,6,5,6,True,440,60,3,3,370,0.0,9,True,False,Chrome Extensions
1,0.0,11.0,23,3,4,True,210,38,3,4,235,363.0,22,True,False,Marketing
1,0.0,0.0,8,3,5,False,500,56,2,3,0,107776.0,2,False,False,Open Source
14,0.0,14.0,6,0,5,True,133,55,3,0,32,0.0,3,True,False,iOS
1,307.0,0.0,6,3,5,True,376,54,3,1,640,3195.0,10,True,False,SaaS
27,0.0,0.0,7,5,6,True,328,47,2,1,0,0.0,12,True,False,Menu Bar Apps
1,0.0,8.0,12,0,5,True,395,59,4,1,0,2953.0,8,True,False,Music
1,9.0,0.0,6,0,5,True,424,60,3,1,0,2062.0,0,False,False,Productivity
1,39.0,4.0,7,3,6,False,500,59,3,4,0,161575.0,3,False,False,Sales
1,65.0,141.0,6,4,5,False,484,34,3,1,583,846.0,1,False,False,Health & Fitness
1,3.0,0.0,7,1,6,True,500,58,3,1,0,2281.0,5,False,False,Productivity
1,84.0,9.0,12,6,5,True,272,60,6,4,477,89.0,8,True,False,Software Engineering
1,61.0,0.0,7,0,6,True,325,56,3,5,517,21569.0,7,False,False,iOS
2,0.0,50.0,6,6,6,True,418,36,3,1,436,4534.0,10,False,False,User Experience
2,0.0,49.0,20,0,6,True,215,60,3,4,17,4184.0,4,False,False,Marketing
2,301.0,83.0,7,1,5,True,468,53,2,3,469,2233.0,8,True,False,User Experience
1,0.0,14.0,7,6,5,True,433,41,3,0,0,0.0,4,True,False,Android
20,0.0,0.0,21,2,5,False,318,53,3,1,0,0.0,3,True,False,Android
1,0.0,0.0,7,3,6,True,174,47,3,1,26,1147.0,6,False,False,Health & Fitness
15,204.0,5.0,17,1,5,True,67,50,3,2,0,3243.0,8,False,False,Productivity
2,86.0,120.0,14,4,6,True,450,60,3,4,0,2221.0,3,True,False,Analytics
1,87.0,115.0,7,5,5,True,265,31,3,1,0,5893.0,21,False,False,Mac
8,110.0,172.0,17,1,6,True,500,60,2,4,0,80806.0,7,True,False,API
21,0.0,10.0,6,4,6,True,133,60,3,1,323,0.0,12,True,False,Mac
1,347.0,26.0,7,4,6,True,500,57,3,1,155,2824.0,7,False,False,Prototyping
65,13.0,12.0,11,0,3,False,240,59,3,1,685,2610.0,5,False,False,Task Management
1,122.0,0.0,7,3,5,True,145,54,4,5,125,898.0,4,False,False,Messaging
1,57.0,0.0,5,0,5,True,190,50,4,1,735,718.0,7,True,False,Task Management
15,0.0,17.0,6,3,6,True,380,44,5,1,406,0.0,6,False,False,SaaS
16,0.0,9.0,6,0,6,True,458,60,3,1,104,0.0,6,True,False,Productivity
17,53.0,26.0,6,1,6,True,500,56,4,1,197,49599.0,9,True,False,Design Tools
6,323.0,0.0,18,5,5,True,149,41,2,1,654,0.0,7,False,False,Productivity
12,135.0,16.0,18,6,6,False,413,57,3,1,156,3675.0,7,False,False,Mac
3,171.0,49.0,17,2,5,True,342,53,3,4,253,0.0,2,False,False,Mac
11,92.0,52.0,7,1,6,True,249,51,3,3,815,101079.0,8,True,False,Software Engineering
12,0.0,0.0,13,3,6,False,304,59,5,1,96,19975.0,6,False,False,Custom Keyboards
107,0.0,5.0,7,2,5,True,68,53,5,5,154,2494.0,8,True,False,Web App
14,69.0,4.0,6,5,9,False,48,59,3,1,0,125656.0,5,True,False,Productivity
1,1.0,1.0,6,3,5,False,180,55,3,0,125,3088.0,2,False,False,Open Source
1,0.0,62.0,20,0,8,True,500,59,3,1,514,11096.0,7,False,False,Mac
20,197.0,7.0,18,3,5,True,125,54,3,1,422,0.0,9,True,False,Design Tools
1,330.0,117.0,7,3,5,True,429,54,4,2,452,5040.0,5,True,False,API
45,97.0,7.0,16,3,5,True,500,51,1,1,0,2190.0,2,False,False,Hiring
9,0.0,11.0,6,5,6,True,240,39,4,2,0,1876.0,3,True,False,Productivity
3,36.0,3.0,8,1,6,True,421,30,3,2,0,6533.0,5,False,False,Mac
1,5.0,78.0,7,4,6,True,500,36,3,1,682,3408.0,7,False,False,SaaS
1,27.0,41.0,7,6,5,False,444,54,1,1,148,3481.0,7,True,False,Software Engineering
1,18.0,7.0,7,5,6,True,153,60,3,2,0,0.0,6,False,False,Web App
1,71.0,0.0,8,3,6,True,236,40,5,4,0,1794.0,6,False,False,Social Media
22,110.0,4.0,7,6,5,True,84,50,1,1,10,1389.0,8,True,False,Email
1,40.0,43.0,7,3,2,False,500,60,5,2,224,3247.0,6,False,False,Design Tools
7,92.0,25.0,7,1,6,True,70,52,2,1,130,0.0,6,False,False,Web App
1,273.0,12.0,23,3,6,True,449,58,3,0,3102,0.0,3,False,False,Productivity
7,651.0,284.0,3,4,6,True,455,36,3,1,290,3647.0,7,False,False,Productivity
14,466.0,81.0,7,1,5,True,212,51,3,0,91,21767.0,7,True,False,Marketing
5,114.0,27.0,15,5,5,True,132,45,2,5,0,0.0,5,False,False,Marketing
19,97.0,21.0,7,0,5,True,276,53,2,1,0,0.0,5,True,False,Art
15,0.0,11.0,7,1,6,True,277,56,3,0,0,0.0,6,True,False,Artificial Intelligence
5,121.0,0.0,8,6,5,False,66,59,3,1,0,170171.0,5,False,False,Browser Extensions
3,434.0,21.0,6,1,5,True,251,38,3,1,0,0.0,2,False,False,API
11,57.0,14.0,12,2,6,False,212,40,3,4,204,133162.0,1,True,False,API
1,42.0,0.0,6,1,2,False,395,60,2,6,0,2121.0,5,False,False,Mac
3,0.0,6.0,19,4,5,False,291,50,3,1,0,0.0,6,False,False,Open Source
16,126.0,3.0,7,4,1,True,356,58,3,1,513,0.0,13,True,False,Music
8,124.0,4.0,7,2,5,False,161,57,3,1,207,2376.0,6,False,False,Productivity
10,54.0,12.0,19,2,6,True,278,50,3,1,0,0.0,2,True,False,Education
7,38.0,15.0,6,5,11,False,443,60,3,1,0,27309.0,4,False,False,User Experience
1,35.0,0.0,5,3,5,True,500,57,3,1,3855,708.0,7,True,False,Productivity
1,99.0,15.0,7,5,6,True,233,54,3,1,101,143812.0,3,True,False,Meetings
10,92.0,100.0,6,5,5,True,404,53,3,5,75,229.0,5,False,False,Robots
15,33.0,0.0,1,3,5,False,200,56,1,6,362,0.0,13,False,False,Email
1,0.0,6.0,8,3,6,False,482,52,4,0,0,1895.0,5,False,False,Productivity
16,264.0,3.0,7,6,5,True,500,39,3,0,67,2530.0,5,True,False,Software Engineering
21,0.0,84.0,7,2,5,True,492,37,1,1,173,0.0,8,True,False,Linux
116,224.0,1.0,14,1,5,True,279,38,3,1,197,911.0,13,False,False,Android
10,125.0,25.0,7,3,6,False,500,59,1,4,559,0.0,7,True,False,Tech
13,165.0,4.0,12,3,6,True,191,50,2,6,0,93.0,3,False,False,Robots
8,0.0,2.0,7,6,5,False,353,60,1,1,432,0.0,4,False,False,eBook Reader
10,29.0,20.0,12,5,5,True,500,60,3,4,812,49414.0,8,False,False,Hardware
1,81.0,10.0,7,3,5,False,465,42,3,1,0,2377.0,9,True,False,iOS
9,146.0,18.0,6,2,5,True,442,58,3,1,356,0.0,7,True,False,Hardware
1,82.0,35.0,21,4,5,True,458,60,3,0,221,0.0,7,True,False,Web App
5,0.0,26.0,6,0,5,True,424,54,3,1,32,0.0,3,True,False,Productivity
1,0.0,129.0,7,6,6,True,500,60,3,1,1112,13920.0,7,False,False,Email
142,49.0,1.0,5,3,6,True,219,53,3,2,605,0.0,4,False,False,Social Media
19,189.0,18.0,5,0,5,True,224,60,4,0,443,2594.0,5,False,False,Developer Tools
16,36.0,38.0,23,3,5,True,500,52,3,2,339,1668.0,9,True,False,Android
1,0.0,3.0,7,6,5,True,102,51,3,1,0,4695.0,7,False,False,Hardware
5,365.0,29.0,22,2,6,True,500,52,3,1,0,4505.0,7,False,False,Sales
1,115.0,21.0,12,0,5,True,500,55,3,1,464,2126.0,9,False,False,Productivity
21,0.0,20.0,12,2,6,False,500,60,4,1,87,519.0,7,False,False,SaaS
8,50.0,0.0,23,3,5,True,482,52,3,1,250,1311.0,7,False,False,SaaS
13,87.0,0.0,12,4,6,False,156,58,3,5,0,3244.0,4,False,False,Emoji
11,57.0,0.0,7,2,6,False,361,60,4,4,0,366.0,4,False,False,Web App
21,186.0,0.0,7,4,5,False,382,56,3,4,0,148456.0,6,False,False,Productivity
1,0.0,15.0,7,1,6,True,465,55,3,1,432,0.0,8,False,False,Android
10,0.0,3.0,0,2,6,True,206,54,3,1,0,97675.0,3,True,False,iOS
18,51.0,0.0,7,5,5,True,250,60,3,1,462,586.0,4,False,False,Developer Tools
1,296.0,0.0,6,6,6,False,449,55,1,1,0,1334.0,6,False,False,Education
1,106.0,36.0,21,0,6,True,231,39,3,1,0,0.0,4,False,False,Tech
13,224.0,131.0,15,2,6,True,500,60,3,0,3834,0.0,10,False,False,Chrome Extensions
15,129.0,10.0,21,2,6,True,372,39,3,2,322,0.0,9,True,False,Mac
1,16.0,0.0,0,6,6,False,486,44,3,1,0,0.0,3,False,False,Design Tools
1,136.0,0.0,7,6,5,True,469,58,3,8,586,4664.0,9,False,False,Productivity
2,303.0,31.0,6,4,5,True,437,50,1,4,37,567.0,4,True,False,Health & Fitness
16,0.0,0.0,11,1,5,True,458,58,3,1,0,109953.0,7,True,False,Retro Games
7,130.0,64.0,7,3,5,False,500,55,3,1,223,0.0,10,False,False,API
1,0.0,0.0,7,1,5,True,418,56,3,1,314,2678.0,14,False,False,Vibe coding
6,0.0,0.0,7,1,5,True,48,56,3,5,0,2659.0,13,True,False,Android
1,194.0,42.0,20,4,5,True,318,59,8,1,0,25501.0,10,False,False,Chrome Extensions
4,59.0,62.0,7,3,2,True,436,57,3,1,164,0.0,8,False,False,Productivity
2,72.0,0.0,7,5,6,True,102,43,3,1,0,109381.0,6,False,False,Artificial Intelligence
146,88.0,11.0,7,5,5,True,185,47,2,5,183,2663.0,5,True,False,API
20,24.0,49.0,7,3,1,True,459,59,3,1,1505,90258.0,6,False,False,Dating
1,64.0,25.0,6,1,6,True,500,58,3,1,225,134692.0,7,False,False,Productivity
4,297.0,0.0,6,6,5,False,493,52,2,5,0,0.0,5,True,False,Developer Tools
1,556.0,16.0,7,0,6,True,415,41,1,1,661,2687.0,3,False,False,Productivity
58,153.0,12.0,6,2,6,True,468,44,3,1,334,1249.0,10,True,False,Fintech
14,186.0,20.0,1,1,5,True,472,60,3,1,739,1188.0,12,False,False,Web App
1,66.0,22.0,20,5,6,True,183,57,3,1,0,0.0,5,False,False,iOS
5,721.0,26.0,7,5,5,True,422,57,3,1,669,2917.0,8,True,False,Sales
1,40.0,19.0,17,3,5,True,367,34,3,1,196,39829.0,6,False,False,Social Media
9,0.0,55.0,6,3,1,True,364,42,3,6,340,3983.0,18,False,False,Productivity
13,78.0,0.0,6,0,5,True,341,35,3,3,0,0.0,12,False,False,Marketing
8,130.0,19.0,6,4,6,True,297,59,3,1,719,5676.0,6,True,False,Mac
1,103.0,126.0,7,4,5,True,481,57,3,1,25,4467.0,3,False,False,Open Source
222,0.0,0.0,7,0,5,True,344,60,4,2,469,611.0,10,False,False,Analytics
84,96.0,8.0,7,3,5,True,490,52,1,0,178,1727.0,6,False,False,Chrome Extensions
1,8.0,22.0,23,0,6,True,451,60,3,1,37,10511.0,6,True,False,Travel
1,79.0,1.0,7,2,6,True,372,49,4,1,313,0.0,7,True,False,Open Source
6,79.0,39.0,15,5,6,True,157,53,3,1,640,0.0,6,True,False,Developer Tools
1,115.0,12.0,13,2,5,True,454,59,2,6,111,976.0,7,False,False,API
1,85.0,16.0,16,1,5,True,500,60,8,1,0,3948.0,2,True,False,Android
3,9.0,28.0,10,0,6,True,147,42,2,1,0,18838.0,5,False,False,Android
9,169.0,45.0,20,5,5,False,427,53,1,11,241,0.0,10,False,False,Artificial Intelligence
11,902.0,8.0,5,4,5,True,444,60,2,2,293,4515.0,9,False,False,Chrome Extensions
1,186.0,43.0,7,1,1,True,500,48,3,1,0,0.0,0,False,False,Health & Fitness
2,0.0,5.0,7,5,5,False,500,30,1,2,529,440.0,6,False,False,Productivity
1,116.0,132.0,23,5,5,True,111,45,3,5,0,0.0,12,False,False,Mac
15,0.0,3.0,6,5,5,True,500,59,4,2,0,6346.0,1,False,False,API
1,110.0,45.0,6,3,6,True,500,57,3,3,0,2634.0,7,False,False,Tech
14,82.0,12.0,10,3,6,True,264,59,3,1,0,83354.0,7,False,False,Web App
1,36.0,0.0,21,5,11,True,436,60,3,4,0,0.0,4,False,False,Productivity
1,123.0,2.0,14,4,5,True,341,17,1,2,0,940.0,3,True,False,Chrome Extensions
12,239.0,0.0,23,1,1,True,500,54,2,2,0,1367.0,4,True,False,Sales
1,68.0,4.0,7,3,6,True,500,48,3,1,444,1169.0,4,False,False,Vibe coding
29,16.0,0.0,6,3,5,True,475,59,2,1,0,311.0,5,True,False,SaaS
31,0.0,0.0,6,4,5,False,321,60,9,4,0,0.0,4,False,False,Prototyping
10,102.0,16.0,9,5,6,False,116,59,4,1,0,1516.0,3,False,False,Analytics
2,241.0,1.0,7,3,5,False,473,47,3,9,0,69483.0,7,False,False,Productivity
1,65.0,16.0,5,3,5,True,297,50,3,1,630,1547.0,10,False,False,Open Source
13,26.0,4.0,7,3,6,False,428,47,3,1,359,87331.0,2,True,False,SaaS
5,58.0,0.0,8,3,5,True,328,43,4,1,55,3029.0,7,False,False,Web App
18,22.0,16.0,6,1,5,True,484,41,2,1,0,3302.0,7,True,False,SaaS
1,667.0,30.0,23,4,5,False,461,29,3,7,242,0.0,9,False,False,Productivity
11,152.0,54.0,14,3,5,True,469,40,3,0,0,3517.0,4,False,False,Productivity
12,413.0,8.0,7,2,5,True,343,32,3,1,33936,0.0,6,True,False,User Experience
1,28.0,37.0,14,1,5,False,500,53,3,2,526,138593.0,7,False,False,Notes
88,53.0,101.0,13,3,5,True,312,44,2,1,381,80594.0,8,True,False,SaaS
1,0.0,12.0,6,1,5,True,189,34,2,1,0,150706.0,5,False,False,Productivity
1,0.0,28.0,8,3,5,False,500,58,3,2,0,2972.0,7,True,False,Design Tools
20,0.0,5.0,6,4,5,True,451,56,4,1,304,3154.0,8,False,False,Task Management
13,53.0,26.0,7,4,5,True,500,60,3,1,473,690.0,1,False,False,Productivity
23,5.0,0.0,7,3,5,False,500,60,4,1,0,2852.0,0,False,False,Slack
10,114.0,0.0,8,4,5,True,139,60,3,1,116,3309.0,3,False,False,Productivity
1,69.0,6.0,6,4,6,True,500,52,3,5,294,135530.0,5,True,False,Marketing
6,102.0,7.0,8,4,5,True,500,50,2,1,701,19383.0,7,True,False,SaaS
7,121.0,56.0,0,2,5,True,303,55,4,1,2,1288.0,7,False,False,Productivity
7,12.0,13.0,22,3,6,False,202,59,3,1,31,80003.0,6,False,False,Health & Fitness
3,0.0,0.0,7,4,6,True,437,46,4,2,1206,1819.0,7,False,False,Hiring
13,24.0,0.0,7,4,5,True,483,59,2,0,167,2683.0,13,False,False,Chrome Extensions
29,53.0,42.0,7,1,6,True,415,60,3,2,0,4842.0,8,True,False,Mac
6,152.0,11.0,7,0,6,True,445,27,3,1,355,155621.0,1,False,False,SaaS
2,40.0,8.0,6,6,5,True,426,52,3,2,0,4716.0,6,False,False,Mac
3,0.0,23.0,7,4,5,True,500,55,3,1,576,109364.0,7,True,False,Mac
3,88.0,1.0,18,0,5,True,373,44,3,2,501,0.0,4,True,False,Productivity
1,33.0,0.0,8,1,2,True,385,59,3,6,199,31244.0,3,False,False,Analytics
1,78.0,18.0,7,4,5,True,500,60,3,1,657,154638.0,7,True,False,Android
1,43.0,0.0,7,5,5,True,461,59,3,3,0,27779.0,27,False,False,Hiring
1,65.0,40.0,7,1,6,True,500,60,3,1,74,0.0,6,True,False,Productivity
3,81.0,44.0,7,1,5,True,111,60,3,0,212,29234.0,4,False,False,Hiring
19,15.0,0.0,0,5,6,True,316,51,4,0,331,2567.0,6,False,False,Android
1,35.0,1.0,7,2,2,True,421,51,3,3,342,0.0,7,False,False,Social Media
1,114.0,2.0,19,0,5,True,243,60,3,1,163,950.0,5,False,False,Design Tools
39,76.0,50.0,11,2,6,True,283,41,3,1,0,410.0,0,True,False,Design Tools
1,0.0,6.0,7,6,5,False,203,54,3,2,23,2588.0,4,False,False,Robots
11,137.0,27.0,6,6,5,True,248,51,4,1,132,39418.0,1,False,False,Marketing
19,29.0,120.0,20,2,6,False,338,54,1,1,263,0.0,4,True,False,Design Tools
1,0.0,0.0,23,1,6,True,469,58,3,1,0,329.0,9,True,False,Social Media
1,511.0,0.0,7,5,5,True,431,60,3,2,287,1802.0,9,True,False,Android
1,25.0,9.0,14,6,5,True,339,48,3,1,19,716.0,3,False,False,Time Tracking
18,91.0,0.0,7,5,6,False,196,56,3,1,44,3175.0,5,False,False,Browser Extensions
12,123.0,63.0,8,6,5,False,420,52,3,0,0,0.0,1,True,False,Productivity
7,0.0,5.0,7,4,1,True,291,49,3,1,256,24938.0,1,True,False,Open Source
1,53.0,15.0,0,4,5,True,485,51,3,2,426,3684.0,8,False,False,iOS
16,632.0,25.0,7,1,8,True,254,60,3,2,0,93.0,6,False,False,Mac
1,83.0,0.0,14,4,5,True,485,59,1,1,74,1322.0,5,False,False,Marketing
1,593.0,0.0,6,4,1,True,500,43,3,3,728,3507.0,6,False,False,Customer Success
3,0.0,0.0,13,5,5,False,101,45,4,4,247,2402.0,6,False,False,Education
1,51.0,23.0,6,2,6,True,380,48,1,1,30,0.0,7,False,False,Health & Fitness
1,0.0,0.0,13,5,6,False,190,53,4,1,0,2489.0,6,False,False,Health & Fitness
1,0.0,14.0,7,2,5,False,307,47,4,1,485,0.0,8,False,False,Android
24,150.0,10.0,7,3,5,True,450,58,1,0,386,1865.0,9,True,False,SaaS
14,189.0,10.0,12,4,5,True,500,49,3,1,281,3480.0,19,True,False,Marketing
15,153.0,29.0,7,4,6,True,372,60,3,1,463,423.0,5,False,False,Productivity
1,99.0,0.0,15,3,3,True,500,43,3,1,73,0.0,8,False,False,Mac
1,0.0,79.0,6,3,5,True,500,48,3,2,88,4622.0,9,False,False,Productivity
58,1871.0,24.0,13,3,5,True,359,52,3,5,2158,4537.0,2,False,False,Open Source
8,84.0,33.0,7,1,9,True,457,60,3,5,307,10274.0,7,True,False,Robots
1,86.0,17.0,9,0,4,True,350,51,3,1,317,0.0,8,True,False,Retro Games
2,807.0,26.0,21,5,6,True,428,54,4,1,558,1866.0,7,True,False,Customer Success
11,0.0,5.0,15,4,5,True,170,45,3,1,0,0.0,6,False,False,Privacy
1,0.0,7.0,6,4,5,True,316,57,3,1,356,0.0,9,True,False,Chrome Extensions
1,106.0,26.0,16,4,5,True,416,44,2,1,122,3326.0,11,False,False,Robots
1,87.0,0.0,8,4,5,True,383,60,3,2,0,0.0,6,False,False,Productivity
27,22.0,0.0,12,1,5,True,139,19,2,0,198,2560.0,4,False,False,Open Source
1,87.0,111.0,7,4,5,True,418,59,8,1,289,0.0,6,True,False,iOS
27,0.0,2.0,0,3,5,True,447,56,4,1,304,3087.0,4,False,False,iOS
3,105.0,130.0,23,5,6,True,276,46,3,1,229,79578.0,6,True,False,Art
8,169.0,0.0,7,1,6,True,432,57,4,2,10,3376.0,6,False,False,Mac
1,79.0,47.0,16,4,5,True,382,56,3,0,0,97533.0,23,True,False,Open Source
8,0.0,0.0,23,0,5,False,372,56,3,1,0,0.0,9,False,False,Productivity
1,93.0,40.0,6,0,8,True,500,60,3,1,424,60650.0,8,True,False,Marketing
1,0.0,15.0,7,5,5,True,110,60,3,0,479,79877.0,9,False,False,Analytics
22,73.0,2.0,23,3,5,True,371,44,4,1,183,14864.0,8,False,False,Health & Fitness
1,112.0,64.0,7,5,5,True,245,56,3,1,3926,0.0,8,False,False,Menu Bar Apps
3,193.0,9.0,10,2,6,True,83,39,3,1,0,2660.0,6,False,False,Productivity
15,1001.0,13.0,15,5,5,True,144,60,3,4,133,531.0,5,True,False,Fintech
10,154.0,24.0,23,1,5,True,187,45,3,1,0,2263.0,6,False,False,Productivity
3,46.0,246.0,7,2,4,True,367,60,3,1,0,0.0,4,True,False,Health & Fitness
1,159.0,38.0,7,4,6,False,454,60,3,1,401,122858.0,7,True,False,Design Tools
1,44.0,18.0,10,2,5,False,500,55,8,1,0,26434.0,5,True,False,Streaming Services
17,220.0,52.0,18,6,6,True,388,18,1,0,0,5469.0,9,True,False,Android
14,86.0,0.0,6,1,6,False,245,60,2,0,0,0.0,7,False,False,Open Source
8,89.0,10.0,16,4,1,True,420,49,4,1,41,0.0,10,True,False,Android
2,179.0,47.0,11,5,6,True,204,53,3,5,0,553.0,6,True,False,Artificial Intelligence
1,130.0,8.0,7,4,1,True,465,59,4,1,5042,0.0,9,False,False,Productivity
1,42.0,8.0,7,6,6,True,381,50,3,1,0,27523.0,6,False,False,iOS
13,79.0,36.0,10,1,6,True,214,60,3,1,0,1006.0,7,False,False,Design Tools
1,126.0,4.0,7,6,6,True,149,53,3,1,82,31356.0,2,True,False,Retro Games
10,56.0,7.0,7,6,2,False,470,56,3,1,94,3413.0,8,False,False,Design Tools
18,87.0,0.0,7,1,6,True,500,59,3,1,0,0.0,6,True,False,Education
17,115.0,0.0,6,2,6,True,423,45,3,2,88,15500.0,4,True,False,Email
31,9.0,3.0,7,3,5,True,48,37,4,0,4,144873.0,8,True,False,Marketing
8,0.0,11.0,9,2,1,True,412,48,1,4,0,90345.0,6,False,False,Chrome Extensions
25,36.0,33.0,17,5,8,False,132,53,2,1,0,52.0,5,False,False,Marketing
7,288.0,0.0,7,4,5,True,323,54,3,0,573,0.0,8,False,False,No-Code
2,558.0,19.0,22,3,6,False,345,55,3,1,3216,2044.0,6,False,False,Open Source
1,146.0,26.0,8,6,5,True,454,59,3,0,125,230.0,27,False,False,Cars
1,107.0,8.0,7,3,5,True,429,58,3,10,0,3301.0,6,True,False,Writing
8,0.0,34.0,18,3,5,True,467,60,3,1,239,95530.0,8,False,False,Health & Fitness
1,54.0,0.0,12,2,6,True,400,41,3,5,412,0.0,5,True,False,API
1,35.0,6.0,23,5,6,False,435,59,2,1,0,1632.0,4,True,False,Customer Communication
15,0.0,7.0,13,3,5,False,306,49,3,1,0,414.0,6,False,False,Developer Tools
7,960.0,10.0,8,4,5,True,500,31,3,1,277,0.0,9,True,False,Sales
6,50.0,0.0,17,3,9,True,399,50,3,1,0,25588.0,9,True,False,Mac
6,17.0,0.0,16,6,6,True,447,56,1,1,0,0.0,2,False,False,Developer Tools
1,75.0,50.0,18,4,6,True,500,41,3,1,291,0.0,7,True,False,Email
8,144.0,24.0,7,4,6,True,294,60,3,1,0,0.0,9,True,False,Productivity
1,83.0,35.0,7,3,5,True,184,45,3,0,248,993.0,6,True,False,Web App
16,96.0,0.0,7,1,6,True,276,57,2,1,554,1208.0,6,False,False,API
21,1109.0,59.0,15,5,5,True,425,27,3,1,521,5387.0,7,True,False,Marketing
13,0.0,9.0,18,5,5,True,215,53,4,0,325,14720.0,8,False,False,Education
18,89.0,0.0,6,2,6,True,153,57,2,1,0,1942.0,6,True,False,Chrome Extensions
1,31.0,0.0,7,6,7,True,332,56,3,3,0,91692.0,7,False,False,Mac
1,11.0,0.0,23,3,6,True,439,53,3,1,0,0.0,9,False,False,Software Engineering
1,41.0,25.0,18,6,6,True,260,45,1,3,0,4222.0,5,True,False,Marketing
1,0.0,4.0,8,6,5,True,464,38,1,1,479,31269.0,27,False,False,Developer Tools
4,253.0,1.0,7,3,6,True,290,51,4,1,0,0.0,8,True,False,Software Engineering
1,98.0,156.0,8,3,5,True,500,51,3,1,322,1156.0,8,False,False,Productivity
11,52.0,125.0,7,5,6,True,206,56,3,1,139,4016.0,8,True,False,Analytics
1,10.0,10.0,9,2,6,True,234,44,3,1,0,0.0,4,False,False,Productivity
7,150.0,13.0,6,0,5,True,284,60,4,1,62,1004.0,5,True,False,Tech
23,0.0,0.0,6,6,5,True,477,60,1,0,0,136499.0,7,True,False,iOS
3,127.0,23.0,6,2,6,True,500,56,3,1,1997,0.0,5,False,False,Productivity
8,100.0,150.0,19,4,6,True,316,60,3,0,1585,0.0,5,False,False,Productivity
9,168.0,0.0,22,6,5,False,48,52,1,1,0,2332.0,9,True,False,Email
1,0.0,18.0,22,3,1,True,374,58,3,1,0,132.0,1,True,False,Mac
12,194.0,64.0,6,6,1,True,429,37,1,1,149,6650.0,2,True,False,Venture Capital
12,44.0,0.0,3,1,5,True,199,57,3,1,0,0.0,2,True,False,Mac
11,73.0,12.0,22,3,5,True,406,50,3,1,617,0.0,3,True,False,Virtual Reality
1,10.0,13.0,6,3,5,True,473,56,3,2,191,18498.0,6,False,False,Productivity
1,283.0,7.0,11,1,6,True,345,39,4,7,397,36811.0,5,False,False,SaaS
1,42.0,42.0,6,3,5,False,247,52,4,1,489,0.0,8,False,False,Tech
14,141.0,0.0,7,1,6,True,306,54,3,1,221,20002.0,9,False,False,Productivity
17,156.0,0.0,6,1,5,True,58,57,5,0,454,3763.0,7,True,False,Meetings
1,0.0,111.0,15,3,6,True,377,58,3,1,357,715.0,7,True,False,Open Source
6,358.0,28.0,7,0,5,False,500,28,3,1,89,1075.0,4,False,False,Productivity
1,0.0,1.0,6,0,1,True,500,54,3,4,430,2932.0,5,False,False,Web App
2,18.0,11.0,6,5,5,True,326,55,5,2,32,0.0,4,False,False,Mac
38,102.0,21.0,7,1,5,True,222,53,1,0,461,0.0,9,False,False,Writing
20,150.0,29.0,7,5,6,True,212,52,2,1,0,26418.0,7,True,False,Productivity
222,0.0,0.0,0,2,6,False,304,59,2,2,58,4288.0,7,False,False,Software Engineering
4,309.0,0.0,11,0,5,True,430,58,3,1,44,0.0,8,False,False,Productivity
13,70.0,10.0,19,4,2,False,500,55,2,4,0,1728.0,6,True,False,API
6,192.0,123.0,20,4,5,True,109,56,4,2,218,4431.0,6,False,False,Android
1,125.0,0.0,23,5,2,True,422,27,3,1,240,0.0,8,True,False,Productivity
1,133.0,35.0,7,4,2,True,500,50,3,1,48,1260.0,8,False,False,Mac
1,27.0,76.0,6,6,5,True,445,53,3,1,1832,108737.0,7,False,False,Customer Success
4,0.0,7.0,2,3,6,True,200,51,3,4,1307,1161.0,2,False,False,Emoji
6,198.0,145.0,7,2,6,True,223,52,3,3,564,0.0,13,True,False,Marketing
1,0.0,68.0,9,0,6,True,154,60,3,1,0,27977.0,6,False,False,Productivity
2,681.0,0.0,18,0,5,True,151,55,3,2,0,207.0,7,False,False,Productivity
1,105.0,1.0,15,0,6,True,500,58,3,1,0,0.0,5,True,False,Design Tools
16,0.0,43.0,6,0,6,True,465,60,3,1,0,408.0,2,False,False,Custom Keyboards
1,31.0,13.0,16,6,5,True,401,55,3,1,0,1146.0,6,True,False,Artificial Intelligence
4,52.0,14.0,7,5,5,True,500,59,8,1,0,11826.0,20,False,False,Audio
4,207.0,0.0,23,4,6,True,465,48,3,9,504,0.0,7,False,False,API
34,97.0,5.0,7,1,5,True,266,52,3,1,181,10162.0,22,False,False,Weather
1,75.0,7.0,7,0,5,True,113,52,3,4,80,374.0,7,False,False,Marketing
1,104.0,20.0,6,0,5,False,485,57,3,1,176,0.0,9,False,False,Chrome Extensions
2,71.0,0.0,7,3,5,True,450,43,3,0,0,3311.0,10,True,False,Web App
14,0.0,0.0,4,6,5,False,500,46,3,1,50,0.0,8,True,False,Social Media
3,124.0,26.0,7,0,5,True,388,55,3,3,0,0.0,5,True,False,Mac
4,294.0,18.0,7,5,1,True,281,53,3,4,62,3090.0,10,False,False,Android
18,100.0,3.0,13,1,5,True,500,60,4,6,0,2429.0,12,False,False,API
15,0.0,28.0,6,3,5,True,409,53,1,1,676,537.0,27,False,False,User Experience
6,41.0,0.0,8,4,5,True,443,60,3,1,396,0.0,1,False,False,iOS
2,0.0,58.0,6,4,4,True,444,32,5,5,54,0.0,3,True,False,Comics & Graphic Novels
5,170.0,15.0,10,1,5,True,464,50,3,4,0,3727.0,4,True,False,Mac
27,74.0,9.0,23,3,1,True,226,39,2,1,0,0.0,6,False,False,Android
10,717.0,4.0,7,6,6,False,499,59,3,1,0,0.0,2,False,False,iOS
1,194.0,0.0,7,2,6,False,58,59,3,3,0,2041.0,5,False,False,Web App
3,87.0,46.0,8,0,5,True,312,54,2,1,327,85603.0,8,False,False,Mac
1,143.0,38.0,17,0,6,True,57,47,3,0,0,2462.0,8,True,False,Cars
1,55.0,0.0,6,3,5,True,463,44,3,1,493,569.0,7,False,False,Marketing
5,229.0,0.0,10,4,4,True,442,29,3,1,171,0.0,11,True,False,Artificial Intelligence
1,0.0,132.0,0,5,6,True,487,38,3,4,1830,106.0,5,False,False,API
2,30.0,6.0,7,6,10,False,217,45,3,1,0,5492.0,2,False,False,Health & Fitness
4,179.0,0.0,21,3,5,True,186,45,1,5,0,2607.0,7,False,False,Email Marketing
15,19.0,3.0,7,0,5,True,190,60,8,0,0,2844.0,9,True,False,Mac
70,126.0,33.0,6,1,5,True,234,59,5,4,622,0.0,9,False,False,Design Tools
4,1233.0,12.0,8,6,5,True,426,36,3,1,0,534.0,5,True,False,iOS
19,283.0,23.0,6,3,5,True,332,54,4,1,477,3775.0,6,True,False,Email
36,56.0,32.0,6,2,6,True,448,54,3,0,412,2507.0,8,True,False,Developer Tools
13,113.0,7.0,7,6,5,True,205,53,6,2,329,4819.0,6,False,False,Analytics
11,10.0,0.0,9,6,6,False,97,18,3,1,0,0.0,1,False,False,Software Engineering
1,0.0,0.0,9,4,5,True,393,54,4,2,183,521.0,3,False,False,Productivity
2,93.0,12.0,7,3,5,True,394,32,3,6,0,2032.0,4,False,False,Productivity
4,69.0,4.0,8,2,5,False,423,59,3,1,2202,2659.0,7,False,False,Productivity
13,51.0,0.0,7,6,5,False,219,60,2,2,0,0.0,3,True,False,Marketing
17,0.0,0.0,17,5,6,False,446,27,4,1,221,3567.0,6,False,False,API
9,55.0,102.0,6,3,5,False,460,60,3,1,429,0.0,5,True,False,Fintech
1,323.0,0.0,9,1,5,True,48,60,2,1,0,1594.0,7,False,False,Productivity
6,44.0,83.0,5,5,6,True,500,39,2,3,0,1192.0,2,False,False,Mac
1,0.0,1.0,7,2,5,True,478,36,1,1,112,2987.0,6,False,False,Linux
6,86.0,21.0,7,3,5,False,241,31,3,3,331,0.0,9,False,False,Marketing
1,20.0,0.0,19,1,2,True,440,48,4,1,680,4013.0,8,False,False,Task Management
11,19.0,16.0,13,2,6,True,235,56,3,3,0,43924.0,19,False,False,Menu Bar Apps
9,376.0,79.0,7,2,5,True,159,53,1,1,54,648.0,11,False,False,Email
9,223.0,11.0,15,2,5,False,198,17,3,1,0,3522.0,6,True,False,Education
1,195.0,0.0,8,2,6,False,439,31,2,5,0,0.0,7,True,False,3D Printer
6,14.0,11.0,9,5,5,False,326,55,3,1,0,0.0,5,False,False,Productivity
3,143.0,0.0,18,3,6,True,432,48,4,1,3019,6409.0,23,True,False,Music
5,2102.0,120.0,13,4,5,True,254,56,1,1,0,24415.0,1,True,False,Email
10,102.0,66.0,14,4,5,True,500,48,3,2,302,0.0,7,True,False,Startup Books
8,740.0,129.0,0,0,5,False,408,47,3,1,94,1344.0,6,True,False,iOS
21,0.0,127.0,6,5,6,True,200,52,2,1,3757,0.0,13,False,False,Mac
10,90.0,18.0,11,0,5,False,77,33,1,1,0,34638.0,7,False,False,Productivity
1,0.0,18.0,7,5,6,True,182,49,3,1,210,0.0,9,True,False,Android
8,52.0,1.0,7,6,7,True,500,51,5,4,239,428.0,12,False,False,Developer Tools
15,168.0,7.0,7,5,7,True,134,50,3,0,0,0.0,6,False,False,Tech
1,32.0,2.0,12,6,6,False,445,60,3,1,0,0.0,5,False,False,Fashion
3,11.0,0.0,7,1,5,True,458,60,2,2,158,3730.0,3,True,False,Hardware
10,32.0,0.0,18,3,6,True,382,58,3,1,256,0.0,7,True,False,Open Source
13,221.0,5.0,8,0,6,True,225,38,8,2,246,155882.0,9,False,False,Productivity
18,105.0,25.0,7,2,5,True,388,58,4,1,200,21580.0,7,True,False,Web App
3,169.0,51.0,8,5,5,True,485,60,8,1,1091,1288.0,8,False,False,Design Tools
1,0.0,6.0,9,6,5,True,466,60,5,6,41,2038.0,4,False,False,Social Media
3,1.0,50.0,7,3,5,True,434,45,3,2,71,187.0,3,False,False,Web App
1,65.0,17.0,20,3,6,True,298,30,3,1,392,98440.0,7,True,False,Time Tracking
9,64.0,0.0,8,4,6,True,469,59,3,1,3286,0.0,6,False,False,Productivity
13,89.0,27.0,7,2,3,False,500,59,2,3,564,0.0,9,False,False,Productivity
19,49.0,5.0,21,2,6,False,347,46,3,1,102,0.0,6,True,False,Payments
1,60.0,20.0,23,6,6,False,495,54,2,1,698,5239.0,3,False,False,Email Marketing
1,15.0,10.0,6,4,6,True,358,54,3,1,162,2161.0,15,False,False,Developer Tools
10,123.0,0.0,7,6,5,False,293,45,3,4,182,430.0,8,False,False,eBook Reader
3,23.0,26.0,7,0,6,True,428,51,1,3,225,6121.0,11,False,False,API
1,61.0,0.0,23,5,5,True,370,56,2,4,0,0.0,6,False,False,SaaS
26,195.0,47.0,6,1,1,True,360,52,1,2,0,0.0,6,True,False,Retro Games
14,76.0,0.0,14,3,5,True,376,60,2,1,490,685.0,2,False,False,Productivity
1,40.0,10.0,7,4,5,True,219,56,3,1,0,137119.0,2,True,False,Android
10,0.0,0.0,6,4,5,True,197,49,3,0,0,0.0,9,True,False,Open Source
5,67.0,40.0,7,4,6,True,329,60,4,0,0,22004.0,12,True,False,Mac
38,0.0,1.0,7,2,5,True,374,55,3,0,448,1691.0,8,False,False,SaaS
14,388.0,13.0,7,1,5,True,266,53,3,3,0,0.0,5,True,False,Artificial Intelligence
1,111.0,9.0,23,6,5,True,434,59,1,1,310,4587.0,8,False,False,Marketing
8,109.0,175.0,6,6,5,True,153,60,3,0,0,0.0,13,False,False,iOS
1,0.0,33.0,7,3,6,True,474,46,3,1,0,0.0,10,False,False,Design Tools
18,651.0,14.0,18,4,6,True,386,56,3,0,398,1672.0,5,False,False,Design Tools
3,159.0,23.0,6,2,6,True,462,42,4,3,0,0.0,7,False,False,Payments
1,192.0,0.0,7,0,5,True,327,48,1,7,3711,128035.0,4,False,False,Browser Extensions
1,32.0,89.0,6,2,5,True,393,46,3,1,461,113380.0,0,True,False,Android
16,0.0,21.0,6,3,5,True,486,49,3,1,365,76230.0,7,True,False,Open Source
11,5.0,54.0,2,4,5,True,461,37,3,1,155,99041.0,11,False,False,SaaS
5,144.0,0.0,7,5,5,True,435,52,3,1,631,0.0,9,True,False,Sales
15,201.0,30.0,7,4,6,True,181,59,3,1,0,13709.0,3,True,False,Developer Tools
129,792.0,0.0,7,2,5,False,318,58,1,3,466,0.0,13,False,False,Developer Tools
1,9.0,5.0,14,5,5,True,476,21,3,1,99,0.0,15,False,False,iOS
1,55.0,80.0,7,4,1,True,426,51,3,1,206,2187.0,7,False,False,Productivity
18,176.0,10.0,7,0,1,False,456,56,3,2,0,2670.0,5,False,False,Productivity
1,42.0,23.0,7,6,5,True,469,50,2,1,114,0.0,2,False,False,Hardware
3,0.0,4.0,12,3,5,True,389,57,5,3,353,0.0,6,False,False,Developer Tools
5,9.0,8.0,7,4,5,True,224,54,3,1,107,11276.0,5,False,False,Productivity
1,0.0,0.0,7,1,6,True,500,54,3,1,106,0.0,14,False,False,Sales
1,91.0,73.0,7,5,5,False,261,31,3,3,167,1810.0,5,False,False,Web App
5,0.0,0.0,11,3,5,True,461,54,1,1,407,56969.0,4,True,False,Productivity
21,24.0,12.0,21,5,6,False,500,51,3,2,0,0.0,1,True,False,Developer Tools
41,0.0,0.0,6,1,5,False,500,49,4,0,0,5548.0,6,False,False,API
1,79.0,0.0,10,4,6,True,91,40,3,3,79,4939.0,0,False,False,API
1,42.0,44.0,6,5,5,False,79,37,4,1,0,5239.0,8,False,False,Developer Tools
3,195.0,40.0,7,4,6,True,500,60,2,1,297,4798.0,3,True,False,Cars
4,44.0,30.0,8,3,6,True,465,52,3,1,2511,0.0,7,False,False,API
5,226.0,15.0,14,5,6,True,265,58,1,1,525,825.0,5,True,False,Software Engineering
62,0.0,3.0,7,1,6,False,390,59,4,6,515,3310.0,5,False,False,Sales
17,153.0,4.0,14,5,6,False,390,55,4,1,413,22588.0,10,False,False,Tech
1,3.0,13.0,0,4,5,False,443,54,3,1,0,74.0,5,False,False,Mac
11,41.0,26.0,6,2,5,True,348,57,3,1,182,126041.0,8,True,False,Android
3,36.0,0.0,15,4,5,True,274,19,5,3,112,20154.0,8,False,False,Music
14,201.0,0.0,7,5,5,True,104,60,3,4,0,0.0,6,False,False,Developer Tools
8,69.0,42.0,7,1,5,True,429,46,3,3,570,1864.0,9,True,False,Open Source
22,422.0,0.0,7,5,5,False,487,58,2,1,451,33183.0,3,False,False,Venture Capital
26,426.0,3.0,23,1,5,False,415,60,2,1,229,4585.0,7,False,False,Android
11,8.0,0.0,23,3,5,True,133,47,2,1,300,3710.0,4,False,False,Music
7,126.0,40.0,14,6,5,True,492,58,3,1,425,224.0,7,False,False,iOS
6,51.0,3.0,6,4,6,True,382,60,4,1,615,98021.0,15,False,False,Venture Capital
39,246.0,9.0,6,2,5,True,358,43,3,1,203,1305.0,9,True,False,Android
1,68.0,20.0,11,3,6,True,500,51,3,1,235,3940.0,6,False,False,iOS
1,83.0,25.0,7,0,1,True,500,60,1,4,384,110063.0,5,False,False,Customer Success
1,164.0,20.0,9,0,6,True,313,55,3,1,192,0.0,8,False,False,Mac
4,0.0,15.0,6,1,5,True,270,55,3,2,0,89.0,7,True,False,Android
15,86.0,0.0,6,5,5,False,347,54,3,3,363,23228.0,7,False,False,Productivity
33,0.0,0.0,19,5,5,True,474,52,6,1,0,0.0,5,False,False,Fintech
1,111.0,32.0,7,4,5,True,283,37,3,1,506,1738.0,1,True,False,Developer Tools
8,124.0,15.0,14,0,6,True,500,58,3,4,26,0.0,6,False,False,Android
2,0.0,1.0,17,6,5,True,285,51,3,1,0,1732.0,12,True,False,Health & Fitness
1,62.0,149.0,7,3,5,True,482,56,3,1,541,0.0,9,True,False,Mac
26,0.0,46.0,0,3,5,True,465,43,3,1,312,3221.0,9,True,False,Productivity
15,98.0,2.0,7,5,1,True,370,40,3,4,0,714.0,5,False,False,Open Source
63,0.0,0.0,20,5,5,False,329,40,1,1,0,0.0,7,True,False,Design Tools
12,16.0,0.0,14,0,6,True,423,55,3,1,0,337.0,5,False,False,Productivity
4,166.0,0.0,15,1,5,False,500,39,2,1,8,29639.0,4,False,False,Open Source
9,104.0,20.0,16,1,6,True,332,55,3,2,537,0.0,20,True,False,Android
1,17.0,4.0,17,0,5,False,233,44,3,1,477,0.0,9,True,False,Artificial Intelligence
1,41.0,28.0,2,0,5,True,500,60,3,1,836,0.0,7,False,False,Developer Tools
1,0.0,9.0,6,0,6,True,500,26,3,5,64,0.0,6,True,False,Android
1,65.0,67.0,6,5,3,True,500,47,3,9,0,3203.0,6,True,False,iOS
23,0.0,113.0,6,6,5,True,500,54,3,1,293,3365.0,1,False,False,Productivity
4,1.0,11.0,22,5,6,True,372,59,3,2,0,40332.0,8,False,False,Advertising
1,136.0,58.0,19,5,5,True,489,54,3,3,462,4648.0,10,True,False,Android
8,144.0,111.0,4,4,6,True,157,38,2,3,0,3247.0,7,True,False,Developer Tools
7,89.0,1.0,9,3,6,True,480,50,5,1,692,5251.0,3,False,False,Design Tools
10,51.0,10.0,7,3,5,True,449,54,3,1,0,107459.0,5,False,False,Marketing
1,106.0,60.0,23,1,6,True,500,23,2,6,267,4891.0,6,True,False,Android
1,93.0,11.0,8,5,5,False,361,60,4,4,0,5317.0,4,False,False,Messaging
1,173.0,25.0,15,1,5,True,485,48,3,1,756,0.0,9,True,False,Education
16,38.0,96.0,7,3,6,True,227,60,3,1,0,190.0,5,False,False,Productivity
14,73.0,10.0,2,5,6,True,461,57,9,3,414,2771.0,5,False,False,No-Code
65,37.0,17.0,7,3,5,True,393,59,3,5,0,658.0,2,False,False,Web App
1,188.0,32.0,6,3,5,True,375,49,3,1,179,6231.0,5,True,False,Mac
6,124.0,103.0,10,3,5,False,382,57,4,1,0,450.0,5,False,False,Productivity
4,78.0,2.0,8,3,5,True,469,37,3,1,379,0.0,5,False,False,Audio
13,377.0,18.0,16,0,6,True,500,60,3,1,333,97640.0,9,False,False,Chrome Extensions
34,101.0,125.0,6,4,5,True,259,60,3,2,252,53210.0,5,False,False,Productivity
1,46.0,2.0,7,1,1,True,272,60,2,1,386,475.0,6,False,False,Productivity
4,2.0,87.0,1,3,5,False,463,57,1,3,675,1425.0,8,False,False,Linux
7,0.0,1.0,5,1,6,True,100,60,3,1,0,0.0,12,True,False,API
11,90.0,2.0,7,4,5,True,266,60,3,8,773,223.0,9,False,False,Design Tools
1,181.0,4.0,14,0,6,True,53,46,3,1,46,5185.0,8,False,False,Design Tools
16,20.0,39.0,12,5,5,True,178,53,3,1,128,0.0,7,True,False,Couples
9,34.0,21.0,16,2,6,True,500,60,1,1,2237,1476.0,8,False,False,Productivity
6,29.0,125.0,16,4,5,True,446,51,3,2,552,0.0,7,True,False,Chrome Extensions
25,468.0,133.0,7,3,6,True,275,54,3,2,281,5587.0,6,True,False,Web App
14,12.0,10.0,6,1,6,True,491,57,4,1,160,126992.0,5,False,False,Browser Extensions
1,95.0,22.0,7,3,6,True,500,54,3,2,87,988.0,4,True,False,Marketing
14,46.0,10.0,15,5,6,True,313,38,3,1,0,1787.0,7,False,False,Open Source
14,45.0,0.0,7,1,8,True,493,60,2,4,586,0.0,10,False,False,Web App
1,315.0,17.0,8,3,5,True,468,60,3,1,0,170171.0,8,True,False,Android
7,0.0,169.0,10,1,5,True,390,51,3,1,233,3015.0,7,True,False,Productivity
14,0.0,0.0,15,2,6,False,128,28,1,1,0,0.0,6,False,False,Robots
1,100.0,76.0,0,3,6,True,319,40,3,1,424,134604.0,7,True,False,API
8,16.0,101.0,10,5,6,False,472,25,5,0,215,167973.0,8,False,False,Web App
1,197.0,5.0,7,3,5,True,466,60,3,1,127,0.0,10,True,False,Productivity
1,114.0,6.0,7,3,6,False,415,51,4,2,356,1111.0,7,True,False,SaaS
1,24.0,0.0,19,3,5,True,377,57,4,1,170,2525.0,6,False,False,API
2,257.0,0.0,7,2,6,True,354,57,3,3,0,0.0,3,True,False,Marketing
3,55.0,10.0,18,4,5,False,493,37,3,3,9,2587.0,6,False,False,Tech
1,0.0,0.0,19,5,5,False,204,37,3,1,0,1429.0,3,False,False,Sales
222,172.0,5.0,7,4,5,True,346,23,3,2,0,170171.0,4,True,False,Fintech
9,189.0,17.0,0,2,5,True,182,54,3,1,175,1219.0,27,True,False,Email
3,23.0,26.0,8,4,5,True,449,58,3,2,1681,6471.0,3,False,False,Productivity
3,119.0,0.0,7,4,6,False,173,60,4,1,0,0.0,2,False,False,Open Source
8,90.0,2.0,11,0,6,True,58,57,3,4,2785,0.0,6,False,False,Developer Tools
1,0.0,159.0,7,0,5,False,450,38,4,1,0,41634.0,0,False,False,Audio
1,121.0,0.0,23,0,6,True,177,54,4,3,0,2340.0,5,True,False,Analytics
19,66.0,14.0,6,2,4,False,482,56,2,1,450,3584.0,9,True,False,Menu Bar Apps
28,196.0,0.0,7,0,5,True,442,55,5,2,473,0.0,6,False,False,Open Source
1,309.0,0.0,16,6,6,True,448,19,3,2,236,170171.0,9,True,False,Vibe coding
8,67.0,28.0,6,3,5,True,411,55,2,1,178,2680.0,2,True,False,Productivity
1,134.0,0.0,7,4,6,False,201,60,3,1,0,2000.0,6,False,False,Developer Tools
1,0.0,8.0,6,3,6,True,237,41,3,2,0,2212.0,5,False,False,Productivity
13,182.0,105.0,7,0,5,True,285,60,3,0,138,3163.0,3,False,False,Chrome Extensions
5,98.0,101.0,6,4,5,True,348,53,3,4,715,146015.0,5,True,False,Chrome Extensions
19,64.0,0.0,14,2,6,False,416,55,2,1,178,2856.0,5,False,False,Robots
1,0.0,16.0,14,4,5,True,353,60,3,6,0,0.0,6,True,False,Productivity
34,158.0,0.0,7,2,6,True,436,42,3,3,122,0.0,5,True,False,Hiring
98,24.0,83.0,14,2,6,True,453,59,3,1,0,12729.0,6,False,False,Messaging
1,163.0,12.0,7,3,5,True,391,51,3,1,214,2869.0,7,False,False,Mac
11,14.0,64.0,7,4,1,True,500,34,1,1,288,3293.0,6,False,False,Marketing
14,66.0,0.0,6,3,5,False,98,58,4,0,244,2481.0,9,False,False,Growth Hacking
1,91.0,101.0,7,4,5,False,304,52,4,2,0,0.0,5,False,False,Web App
1,0.0,0.0,18,1,6,True,90,56,3,0,0,49781.0,7,False,False,Productivity
1,56.0,9.0,7,1,5,True,335,53,3,1,202,613.0,4,False,False,iOS
4,0.0,50.0,7,0,5,True,275,37,3,3,97,167507.0,7,True,False,Privacy
1,140.0,0.0,11,1,3,True,485,60,2,1,150,3036.0,4,False,False,iOS
1,0.0,0.0,7,6,5,False,500,55,3,1,15,2330.0,8,True,False,Productivity
5,11.0,0.0,7,5,6,True,421,42,3,4,53,3927.0,10,False,False,Web App
10,152.0,20.0,6,3,5,True,190,38,3,3,568,71093.0,8,False,False,Customer Success
3,128.0,7.0,7,6,6,False,309,55,3,1,411,0.0,8,True,False,Productivity
1,236.0,201.0,2,1,6,True,289,54,3,1,0,2020.0,0,True,False,Crypto
19,182.0,67.0,7,0,6,False,500,53,3,2,1967,3417.0,3,False,False,API
15,73.0,19.0,5,2,6,True,230,38,8,1,0,3748.0,4,False,False,Custom Keyboards
11,177.0,20.0,12,3,5,True,230,52,3,1,353,4865.0,11,True,False,Web App
1,164.0,8.0,3,4,1,True,494,54,3,1,668,126017.0,7,False,False,Chrome Extensions
9,43.0,0.0,14,3,1,False,500,46,1,1,0,0.0,5,False,False,Social Media
10,50.0,0.0,6,3,6,True,367,41,3,4,213,954.0,4,False,False,Developer Tools
12,23.0,0.0,6,2,5,True,133,44,4,1,0,0.0,11,False,False,Web App
2,0.0,64.0,17,4,5,False,349,48,3,0,0,0.0,6,False,False,Notes
9,165.0,14.0,6,1,6,False,101,55,2,1,21,93588.0,8,False,False,Design Tools
3,525.0,4.0,7,2,5,False,496,60,4,1,0,5349.0,6,False,False,Mac
1,0.0,14.0,20,5,5,True,403,60,3,1,529,0.0,8,True,False,Hardware
5,60.0,31.0,0,2,6,True,289,56,3,1,885,149045.0,5,False,False,Mac
17,0.0,0.0,6,3,5,True,255,49,3,1,0,2756.0,5,False,False,Design Tools
4,0.0,28.0,9,3,6,True,400,57,3,1,0,2803.0,1,True,False,SaaS
1,44.0,0.0,15,1,5,True,486,59,3,1,2707,0.0,0,True,False,Android
1,43.0,8.0,8,5,5,True,433,48,3,3,17,1806.0,10,False,False,Menu Bar Apps
22,52.0,140.0,7,1,7,True,148,46,3,1,34,0.0,10,False,False,Mac
4,2236.0,0.0,7,4,5,False,271,60,3,1,3,20025.0,5,False,False,Productivity
21,61.0,38.0,6,6,6,True,426,50,3,4,1487,1425.0,7,True,False,Mac
13,15.0,17.0,7,2,5,False,419,53,2,1,138,202.0,8,False,False,Android
4,193.0,9.0,18,2,1,True,87,35,1,2,0,135513.0,6,True,False,Marketing
2,0.0,104.0,12,5,7,True,400,60,3,3,0,1672.0,6,True,False,Android
1,0.0,0.0,7,3,1,True,234,42,3,1,171,0.0,8,True,False,Mac
1,6.0,50.0,16,5,6,False,500,55,4,2,54,2900.0,3,False,False,Music
3,36.0,72.0,0,4,5,True,500,58,3,1,69,498.0,6,True,False,Time Tracking
15,124.0,0.0,13,6,6,True,368,58,1,3,0,2077.0,9,False,False,Software Engineering
3,0.0,63.0,6,4,5,False,347,60,3,1,0,555.0,7,False,False,Developer Tools
18,7.0,0.0,17,5,6,False,194,59,4,0,0,207.0,3,False,False,Productivity
12,101.0,18.0,1,2,1,True,96,54,2,1,0,1321.0,2,False,False,Mac
1,0.0,0.0,6,0,5,True,390,54,1,1,0,5048.0,3,False,False,Chrome Extensions
3,197.0,0.0,23,3,5,True,91,52,3,1,0,3544.0,7,False,False,Productivity
103,0.0,51.0,7,5,5,True,500,39,2,1,3755,6660.0,7,False,False,Health & Fitness
62,0.0,31.0,6,1,6,True,302,55,3,3,552,0.0,9,False,False,Android
1,0.0,20.0,6,4,6,False,190,55,1,1,0,5762.0,0,False,False,Health & Fitness
4,0.0,13.0,6,5,5,False,205,60,5,1,152,0.0,6,False,False,Custom Keyboards
10,142.0,36.0,22,2,6,True,261,53,3,1,313,4093.0,8,False,False,Emoji
5,0.0,0.0,8,2,5,True,269,58,3,1,1322,0.0,9,False,False,Productivity
1,140.0,0.0,7,2,5,True,369,50,3,5,0,0.0,6,True,False,Productivity
1,154.0,20.0,8,5,6,False,234,44,2,4,0,410.0,8,True,False,Android
1,102.0,3.0,6,1,5,True,306,56,2,2,120,0.0,5,True,False,Chrome Extensions
12,109.0,57.0,7,4,5,False,230,59,3,0,324,1712.0,9,True,False,Android
4,16.0,7.0,7,3,5,True,500,50,3,0,0,0.0,5,True,False,Chrome Extensions
11,280.0,3.0,0,1,5,True,494,60,3,4,208,5504.0,13,True,False,iOS
1,22.0,7.0,6,1,5,True,388,55,2,1,275,3234.0,3,True,False,Mac
11,82.0,6.0,6,6,1,True,500,60,3,5,805,0.0,7,False,False,Chrome Extensions
22,987.0,22.0,7,2,6,True,500,53,1,0,128,3437.0,8,True,False,Mac
1,58.0,0.0,7,1,6,True,276,49,4,8,0,0.0,6,True,False,Marketing
2,344.0,47.0,23,5,5,True,398,47,3,0,123,0.0,7,False,False,Productivity
7,167.0,5.0,20,5,6,True,174,56,3,0,0,1118.0,10,False,False,Marketing
4,3.0,0.0,7,3,5,False,497,54,2,1,0,645.0,7,False,False,Time Tracking
17,2661.0,16.0,7,0,6,True,228,60,1,5,518,3294.0,8,False,False,Customer Communication
18,280.0,0.0,20,1,6,False,493,52,1,1,504,0.0,4,False,False,Health & Fitness
31,97.0,25.0,11,3,6,True,356,57,4,1,187,3969.0,6,True,False,3D Printer
16,92.0,75.0,9,0,5,True,418,34,3,5,276,3536.0,2,False,False,SaaS
1,75.0,0.0,16,0,5,True,366,52,3,1,0,0.0,5,True,False,Android
5,0.0,30.0,19,3,6,True,442,57,4,1,446,0.0,5,False,False,Tech
1,66.0,9.0,7,0,6,True,92,60,3,2,427,0.0,8,False,False,Human Resources
5,16.0,0.0,14,4,5,True,484,58,3,0,333,0.0,7,False,False,Mac
8,20.0,18.0,6,3,5,True,418,32,1,0,0,147769.0,6,True,False,Android
26,142.0,128.0,15,3,6,True,179,60,3,0,524,23439.0,8,False,False,Mac
5,90.0,0.0,7,6,6,True,170,53,3,1,17,729.0,11,False,False,Weather
1,83.0,19.0,19,0,5,True,467,50,3,1,478,781.0,8,False,False,Productivity
1,64.0,11.0,17,5,5,True,500,47,3,1,27,2195.0,8,True,False,Social Media
8,91.0,68.0,13,0,6,True,180,60,3,1,594,597.0,3,False,False,Open Source
16,116.0,0.0,8,3,5,True,500,50,3,1,362,3436.0,5,False,False,SaaS
11,177.0,0.0,6,1,1,False,445,40,3,3,0,1994.0,6,False,False,SaaS
14,66.0,45.0,7,3,5,True,500,47,1,2,480,4118.0,9,False,False,Productivity
9,0.0,82.0,12,1,5,True,279,54,3,1,307,0.0,7,False,False,WordPress
2,33.0,12.0,14,6,6,False,241,49,1,0,0,5379.0,5,False,False,Writing
8,9.0,0.0,7,5,5,False,132,60,2,1,326,135250.0,8,False,False,Design Tools
2,39.0,0.0,7,5,6,True,500,57,4,13,52,485.0,2,True,False,Virtual Reality
5,306.0,12.0,6,5,5,False,448,37,3,1,232,0.0,5,False,False,iOS
1,181.0,15.0,7,3,5,True,500,57,8,1,0,1994.0,7,False,False,Task Management
1,39.0,10.0,16,4,6,True,497,60,3,3,417,2620.0,6,False,False,Productivity
17,183.0,0.0,12,6,1,True,451,17,1,6,0,5832.0,4,False,False,Time Tracking
12,0.0,19.0,7,3,5,True,103,57,3,2,0,1803.0,9,False,False,Web App
5,872.0,60.0,6,5,5,True,377,26,1,8,0,950.0,6,True,False,Email
10,112.0,73.0,7,2,6,True,108,58,3,0,145,20966.0,6,True,False,Health & Fitness
1,30.0,0.0,7,5,6,False,432,51,3,5,121,443.0,4,True,False,Health & Fitness
1,31.0,49.0,7,3,6,True,425,45,3,0,0,108981.0,6,True,False,Open Source
7,55.0,6.0,13,1,6,True,236,55,3,1,0,0.0,5,False,False,Notes
1,139.0,145.0,0,3,5,True,479,49,3,1,0,0.0,3,True,False,Customer Success
15,2661.0,37.0,6,5,5,True,279,47,3,2,187,2073.0,4,False,False,Design Tools
6,101.0,20.0,1,1,5,True,276,37,1,0,228,2240.0,8,False,False,Writing
15,0.0,15.0,6,0,6,True,470,27,3,1,269,2703.0,4,False,False,Web App
12,271.0,9.0,14,1,5,True,458,50,3,8,468,863.0,8,False,False,Browser Extensions
9,0.0,0.0,8,1,6,False,395,53,3,2,0,873.0,7,False,False,Growth Hacking
4,198.0,18.0,6,3,6,True,278,50,1,3,0,329.0,5,False,False,Analytics
1,135.0,29.0,7,3,5,True,409,50,3,1,0,94629.0,8,True,False,Mac
101,52.0,3.0,12,4,1,True,415,44,3,0,55,2266.0,6,False,False,Marketing
1,62.0,1.0,8,3,6,True,186,45,3,0,0,62339.0,9,True,False,Productivity
20,53.0,170.0,6,2,5,True,441,41,3,1,223,0.0,3,True,False,API
19,0.0,13.0,22,5,5,True,484,24,3,1,0,103183.0,6,False,False,Productivity
1,0.0,0.0,7,1,5,False,273,24,4,1,0,4365.0,3,False,False,Time Tracking
6,17.0,0.0,7,1,6,True,381,51,2,1,101,1943.0,3,False,False,Productivity
22,54.0,42.0,7,5,6,True,500,52,1,4,654,0.0,6,True,False,Analytics
14,40.0,0.0,7,5,5,False,334,59,3,1,48,1366.0,1,False,False,Email
1,74.0,14.0,19,4,2,True,484,45,3,3,170,0.0,4,False,False,Design Tools
1,25.0,0.0,6,1,6,False,310,43,3,5,936,3493.0,5,True,False,Artificial Intelligence
87,562.0,0.0,3,3,5,True,62,38,5,1,525,0.0,8,False,False,Browser Extensions
7,129.0,100.0,2,1,5,False,460,42,3,1,72,0.0,8,False,False,Analytics
8,45.0,0.0,7,2,5,False,258,42,2,1,473,31.0,4,False,False,Android
4,101.0,4.0,11,1,5,True,97,56,3,4,390,3831.0,7,False,False,iOS
6,113.0,8.0,14,4,5,False,500,57,3,4,382,165310.0,2,False,False,Artificial Intelligence
10,0.0,19.0,6,3,5,True,500,43,4,2,0,159175.0,10,False,False,User Experience
1,123.0,0.0,13,2,1,True,121,59,1,2,600,0.0,2,False,False,Design Tools
1,2.0,14.0,1,3,5,True,292,47,3,0,42,3454.0,8,False,False,Android
2,1767.0,5.0,11,4,6,False,500,53,4,1,218,98530.0,3,True,False,Productivity
2,73.0,13.0,7,0,5,True,500,51,3,4,0,62.0,8,False,False,API
1,27.0,0.0,6,3,5,True,457,55,4,3,0,2096.0,8,True,False,Mac
3,145.0,7.0,7,2,4,True,284,60,2,5,0,83053.0,6,True,False,Social Media
15,160.0,0.0,9,3,6,False,107,60,9,5,0,456.0,20,False,False,Social Media
8,2.0,14.0,17,6,3,True,395,57,3,1,96,0.0,7,True,False,Open Source
9,169.0,64.0,6,2,6,True,431,52,3,1,277,291.0,9,True,False,Email Marketing
2,114.0,19.0,7,3,5,True,378,60,3,1,398,4666.0,3,False,False,Software Engineering
5,0.0,0.0,7,3,5,False,370,20,2,1,507,6321.0,8,True,False,Productivity
13,0.0,41.0,7,5,5,False,500,59,3,1,355,3541.0,4,False,False,Productivity
19,59.0,0.0,7,0,6,False,312,54,5,4,586,0.0,6,True,False,SaaS
14,26.0,26.0,6,2,5,True,497,57,3,5,0,126.0,8,False,False,Productivity
17,51.0,57.0,6,4,1,True,356,58,5,1,350,0.0,8,False,False,Social Media
18,199.0,0.0,8,6,5,True,77,56,1,5,96,1967.0,4,False,False,Email
1,25.0,24.0,7,1,5,True,462,52,3,0,0,0.0,5,False,False,Android
1,58.0,32.0,10,4,5,True,500,60,3,5,379,2654.0,8,False,False,Mac
8,165.0,24.0,10,6,5,True,199,54,3,2,355,4844.0,5,True,False,Couples
8,52.0,12.0,8,2,5,True,428,35,3,1,139,0.0,5,False,False,API
1,126.0,24.0,23,6,9,False,244,44,3,5,284,5114.0,8,False,False,Design Tools
13,129.0,35.0,6,0,5,True,228,40,2,1,0,3926.0,7,True,False,WordPress
9,117.0,9.0,23,2,6,True,500,55,1,1,380,0.0,7,False,False,Design Tools
6,0.0,0.0,15,0,5,True,464,44,3,1,185,37753.0,5,False,False,Home
10,145.0,12.0,7,3,5,True,467,55,3,1,641,2837.0,5,False,False,Mac
1,56.0,21.0,22,2,6,True,444,55,1,5,222,0.0,7,True,False,Android
6,4.0,19.0,6,3,6,True,132,59,2,2,0,3106.0,6,True,False,Artificial Intelligence
1,0.0,24.0,16,3,5,True,314,57,3,1,239,0.0,9,True,False,Mac
1,0.0,2.0,7,5,3,False,482,60,3,3,0,1353.0,0,False,False,Marketing
2,53.0,43.0,6,6,5,True,94,27,3,1,302,3191.0,10,True,False,Human Resources
22,78.0,6.0,6,0,5,True,417,55,4,3,481,333.0,9,True,False,Email
14,50.0,29.0,7,4,5,True,500,51,2,1,4748,524.0,8,False,False,Developer Tools
1,0.0,54.0,6,5,1,True,422,54,3,2,725,781.0,3,True,False,Mac
1,0.0,6.0,6,3,5,True,163,41,3,1,408,26417.0,4,False,False,Mac
14,86.0,45.0,23,1,6,True,261,53,2,1,0,0.0,10,True,False,Productivity
12,0.0,29.0,6,5,5,True,447,52,3,1,82,175.0,2,True,False,Hardware
11,115.0,14.0,12,1,7,True,165,59,2,1,0,0.0,6,True,False,Android
1,165.0,10.0,7,0,1,True,433,48,3,0,0,0.0,12,False,False,Mac
1,167.0,0.0,6,6,6,True,163,44,3,0,674,6127.0,8,False,False,Health & Fitness
11,200.0,9.0,7,6,6,True,439,53,3,1,0,4555.0,5,False,False,Browser Extensions
15,213.0,0.0,12,3,5,True,500,58,1,1,455,4153.0,5,False,False,Human Resources
1,157.0,0.0,7,5,6,True,470,60,4,1,0,2941.0,2,False,False,Design Tools
1,109.0,5.0,21,1,5,True,487,40,4,1,0,29634.0,11,True,False,No-Code
160,53.0,39.0,13,2,6,False,484,51,3,1,529,1915.0,7,False,False,Android
2,75.0,0.0,23,2,6,True,162,58,1,5,0,0.0,10,True,False,Mac
14,158.0,17.0,7,0,5,True,53,44,3,0,0,68009.0,0,False,False,Couples
12,43.0,11.0,6,0,6,False,282,60,4,0,0,1127.0,9,False,False,3D Printer
1,114.0,52.0,10,0,5,True,48,46,8,1,0,120582.0,5,False,False,User Experience
2,118.0,56.0,7,4,5,True,491,57,3,1,609,4996.0,9,False,False,Productivity
10,0.0,0.0,15,3,5,False,479,50,3,1,60,2496.0,6,False,False,Open Source
1,108.0,2.0,15,5,5,True,217,54,3,6,0,0.0,7,False,False,SaaS
14,208.0,57.0,7,2,7,True,402,53,3,1,0,0.0,5,False,False,Open Source
21,139.0,21.0,6,4,6,True,247,47,2,1,89,39292.0,4,False,False,Productivity
2,115.0,53.0,17,6,5,True,280,54,3,13,4175,2240.0,3,False,False,Open Source
29,63.0,0.0,8,1,6,True,475,53,3,1,275,0.0,7,False,False,Productivity
1,227.0,7.0,7,3,6,True,430,28,2,2,142,2723.0,4,True,False,Open Source
15,22.0,0.0,11,2,5,True,500,48,3,0,140,561.0,7,True,False,Chrome Extensions
1,36.0,3.0,6,3,6,False,256,57,3,1,620,0.0,5,False,False,Design Tools
10,532.0,12.0,7,4,5,True,206,57,3,5,593,45839.0,3,False,False,Developer Tools
16,233.0,6.0,6,5,5,True,363,43,1,3,1497,1751.0,7,False,False,Productivity
6,340.0,16.0,8,4,5,False,413,50,2,9,60,1493.0,4,False,False,Slack
6,187.0,0.0,7,3,6,True,465,58,3,0,0,28531.0,4,False,False,Design Tools
7,141.0,21.0,8,3,5,True,313,56,3,5,608,22354.0,8,True,False,API
4,126.0,37.0,7,3,6,True,219,40,1,1,0,118684.0,6,True,False,Chrome Extensions
11,0.0,0.0,7,6,5,True,500,57,5,1,155,531.0,4,False,False,Browser Extensions
1,157.0,39.0,0,3,8,True,375,49,3,1,127,0.0,8,False,False,Mac
1,53.0,5.0,15,0,5,True,135,55,3,4,21,369.0,7,True,False,Audio
1,255.0,19.0,7,1,10,True,467,55,3,1,229,25588.0,5,False,False,Mac
1,29.0,18.0,13,0,8,True,340,52,3,1,318,1191.0,8,False,False,Marketing
164,132.0,0.0,6,4,1,True,334,58,3,4,320,51229.0,4,True,False,Productivity
11,63.0,0.0,8,5,5,True,353,35,2,3,8,76965.0,3,False,False,Productivity
4,70.0,18.0,3,4,5,True,224,43,4,1,0,111043.0,7,False,False,Web App
1,172.0,20.0,7,3,6,True,246,57,4,3,0,14199.0,8,False,False,Tech
1,122.0,9.0,7,4,6,True,425,51,2,4,29,2010.0,2,True,False,Growth Hacking
172,154.0,134.0,23,3,6,True,263,49,3,0,72,265.0,7,True,False,Social Network
3,205.0,29.0,7,3,2,True,481,57,3,1,40,2968.0,6,True,False,Privacy
13,14.0,24.0,15,0,5,False,410,59,4,1,0,1641.0,6,False,False,Productivity
1,97.0,40.0,20,3,5,False,378,51,3,1,88,0.0,5,False,False,Analytics
5,50.0,0.0,20,0,5,True,162,30,3,2,0,6185.0,8,True,False,Productivity
1,0.0,0.0,7,3,6,True,323,53,4,2,0,459.0,5,False,False,SaaS
1,0.0,11.0,14,3,5,False,328,60,2,2,381,2603.0,6,False,False,Open Source
8,39.0,19.0,10,0,5,True,500,59,3,5,245,0.0,6,True,False,Mac
1,31.0,2.0,6,1,6,True,483,36,3,0,85,4443.0,8,True,False,API
1,130.0,0.0,13,0,5,True,97,27,1,1,0,1343.0,7,True,False,Travel
9,0.0,33.0,8,1,6,True,436,54,3,2,0,0.0,7,True,False,API
1,358.0,16.0,8,3,6,True,378,50,1,1,128,1225.0,8,False,False,Health & Fitness
7,36.0,0.0,6,6,5,True,491,57,3,2,229,0.0,5,True,False,Productivity
54,135.0,121.0,7,3,6,True,303,40,3,1,331,2856.0,11,False,False,Open Source
41,130.0,22.0,7,4,6,True,175,57,3,1,484,0.0,6,False,False,Developer Tools
5,426.0,14.0,7,6,5,True,483,60,3,1,0,143072.0,2,True,False,Open Source
1,46.0,5.0,15,5,6,True,500,39,1,6,378,3859.0,6,True,False,Couples
7,44.0,7.0,12,1,6,False,394,54,2,1,56,0.0,4,True,False,Android
16,219.0,68.0,8,1,6,True,300,49,3,2,0,412.0,2,False,False,Robots
10,204.0,0.0,7,3,7,True,344,56,3,3,182,3880.0,6,True,False,Productivity
12,100.0,3.0,10,1,5,True,266,53,3,0,134,17441.0,7,True,False,Mac
1,22.0,14.0,6,1,5,False,500,50,2,0,400,6261.0,3,False,False,3D Printer
10,53.0,0.0,8,6,5,True,76,54,3,4,0,143.0,0,False,False,Email
5,33.0,100.0,20,0,6,True,430,43,3,1,448,1942.0,9,True,False,API
1,150.0,29.0,6,0,5,True,171,51,3,5,0,2039.0,6,False,False,Mac
17,17.0,0.0,13,0,6,True,500,55,4,2,266,0.0,2,False,False,Software Engineering
1,116.0,5.0,7,1,5,True,427,60,3,1,0,2824.0,3,True,False,Web App
6,145.0,48.0,7,3,6,True,168,55,3,1,654,2393.0,10,True,False,Productivity
5,0.0,0.0,6,3,5,True,212,35,1,1,190,0.0,7,False,False,Web App
7,74.0,2.0,19,6,6,False,167,47,3,1,11,2214.0,2,True,False,Fintech
1,90.0,19.0,6,5,6,True,328,48,3,2,719,1355.0,9,True,False,Web App
17,51.0,0.0,20,0,6,False,452,59,3,6,171,0.0,6,False,False,Education
1,325.0,37.0,7,3,6,True,248,54,3,1,506,148818.0,9,True,False,Chrome Extensions
1,135.0,13.0,15,4,6,True,340,52,1,1,159,4122.0,6,False,False,Notes
32,150.0,29.0,7,1,6,False,466,49,4,0,179,1961.0,10,True,False,Customer Communication
1,0.0,112.0,7,6,8,True,466,60,3,1,534,148418.0,8,True,False,Writing
2,205.0,0.0,14,4,5,True,135,55,8,1,600,86604.0,12,False,False,Productivity
1,129.0,0.0,16,4,5,True,160,60,1,1,43,329.0,5,True,False,Mac
9,9.0,18.0,22,5,5,True,331,46,3,2,142,0.0,6,True,False,Menu Bar Apps
1,0.0,0.0,15,3,6,False,199,60,3,1,415,0.0,3,False,False,SaaS
15,7.0,16.0,7,3,5,True,500,58,3,2,0,81215.0,2,False,False,Audio
6,56.0,8.0,5,2,5,True,325,59,3,3,52,0.0,13,True,False,Open Source
12,0.0,10.0,5,0,5,False,361,52,3,2,383,1198.0,1,True,False,API
1,1789.0,24.0,22,0,6,True,126,17,3,1,251,101.0,6,True,False,Productivity
14,0.0,0.0,19,3,1,False,500,46,2,1,0,2846.0,6,False,False,Productivity
7,72.0,9.0,7,5,5,False,401,60,1,1,59,4614.0,6,True,False,Productivity
12,29.0,0.0,10,0,6,True,500,60,3,0,371,0.0,4,False,False,Android
31,145.0,0.0,7,4,10,True,216,59,3,1,203,64611.0,7,False,False,Open Source
2,6.0,35.0,23,3,5,True,361,59,3,5,0,0.0,5,True,False,Productivity
9,83.0,5.0,7,3,5,True,76,57,3,0,330,4411.0,5,True,False,Productivity
1,18.0,0.0,7,4,5,True,500,52,2,0,0,3241.0,6,False,False,Open Source
7,79.0,15.0,6,5,6,True,464,42,3,1,217,162390.0,6,True,False,Productivity
7,99.0,0.0,7,4,6,False,171,58,3,1,411,0.0,8,True,False,Social Media
11,126.0,0.0,7,4,5,True,205,59,4,4,628,3696.0,14,True,False,Android
2,96.0,23.0,17,3,6,True,207,50,3,1,45,2274.0,7,False,False,Productivity
11,158.0,0.0,11,4,6,False,481,45,4,1,0,2983.0,8,False,False,Meetings
1,177.0,15.0,7,0,5,True,378,50,2,4,61,3899.0,4,True,False,Marketing
2,324.0,0.0,7,1,5,True,176,52,2,1,0,2922.0,8,False,False,iOS
10,149.0,129.0,21,0,6,True,424,59,3,2,311,0.0,8,False,False,Web App
1,42.0,132.0,14,3,7,False,466,48,3,1,40,660.0,7,False,False,Productivity
2,0.0,49.0,17,2,5,True,408,59,5,4,0,98.0,4,False,False,API
1,60.0,38.0,7,4,5,True,132,58,3,1,331,1145.0,7,False,False,Fintech
1,147.0,24.0,6,4,6,True,340,57,3,1,248,940.0,5,True,False,Email
2,0.0,4.0,7,3,6,True,375,41,3,1,0,5054.0,5,False,False,Mac
1,162.0,33.0,9,0,5,True,416,44,3,1,383,3209.0,5,True,False,Menu Bar Apps
11,145.0,0.0,7,1,5,True,123,57,3,1,69,0.0,7,False,False,Marketing
1,0.0,29.0,13,5,5,True,214,60,3,2,0,0.0,6,True,False,Payments
1,168.0,9.0,12,1,5,True,121,54,3,0,111,0.0,5,False,False,Artificial Intelligence
11,63.0,0.0,23,3,6,False,500,60,4,1,113,22621.0,7,False,False,Sales
23,270.0,7.0,15,5,6,False,500,52,3,1,158,159746.0,3,False,False,No-Code
12,243.0,0.0,6,1,5,True,424,32,4,1,0,6493.0,24,True,False,Mac
5,605.0,12.0,14,0,6,False,414,52,2,1,0,0.0,8,False,False,Web App
19,147.0,19.0,6,2,6,True,251,40,3,1,0,1316.0,7,False,False,Mac
2,0.0,0.0,8,0,5,True,305,32,9,5,0,0.0,12,False,False,Emoji
8,107.0,0.0,12,3,2,True,299,60,3,0,336,17782.0,25,True,False,API
16,39.0,135.0,6,3,6,True,426,51,3,1,0,49488.0,8,False,False,Artificial Intelligence
18,86.0,24.0,16,4,5,True,500,42,4,0,492,1526.0,4,True,False,API
8,86.0,0.0,7,0,5,False,410,55,3,1,66,0.0,9,False,False,iOS
66,2661.0,7.0,6,1,6,True,414,53,3,1,11353,5056.0,2,False,False,Productivity
1,126.0,36.0,7,5,6,True,500,60,3,7,278,0.0,6,False,False,Developer Tools
2,46.0,33.0,7,0,5,True,313,49,3,0,57,0.0,8,True,False,Mac
11,87.0,0.0,7,4,5,True,331,49,3,1,107,0.0,8,False,False,Tech
10,19.0,9.0,6,5,6,True,381,46,4,1,0,1648.0,4,True,False,Productivity
2,0.0,30.0,0,0,1,True,500,54,3,2,288,0.0,6,True,False,Productivity
3,716.0,51.0,6,0,5,True,423,60,3,1,318,1128.0,2,True,False,Mac
1,0.0,0.0,6,4,6,True,472,57,3,6,571,1159.0,10,False,False,SaaS
7,96.0,40.0,7,2,5,True,468,17,3,1,26,0.0,1,True,False,Design Tools
9,188.0,0.0,21,1,6,True,328,52,3,1,448,0.0,7,True,False,Privacy
1,28.0,17.0,7,5,6,True,389,55,2,1,0,0.0,5,True,False,Fintech
1,116.0,25.0,10,1,5,True,370,28,3,1,726,21626.0,7,False,False,API
8,0.0,16.0,7,4,6,True,464,60,3,1,0,4369.0,8,False,False,Productivity
1,149.0,40.0,11,4,6,True,83,60,3,1,350,0.0,10,True,False,Productivity
13,55.0,57.0,7,6,6,True,498,57,3,4,15,0.0,7,True,False,Analytics
6,116.0,18.0,23,4,5,False,452,57,3,0,339,910.0,8,False,False,Productivity
1,164.0,33.0,7,4,6,True,203,60,8,1,0,0.0,8,True,False,Software Engineering
14,87.0,0.0,7,4,6,True,426,58,4,1,0,3606.0,5,True,False,SaaS
9,125.0,30.0,21,4,6,True,421,56,3,3,0,0.0,9,True,False,Mac
1,82.0,0.0,17,0,5,False,287,58,8,1,0,144.0,5,False,False,Open Source
22,80.0,39.0,7,3,5,True,308,59,3,1,0,69027.0,7,True,False,Productivity
11,0.0,0.0,11,5,6,True,398,57,3,1,167,1655.0,6,True,False,Browser Extensions
22,145.0,142.0,6,6,6,True,500,26,1,1,215,7100.0,6,True,False,Software Engineering
13,23.0,5.0,18,0,6,True,481,53,3,3,461,2021.0,2,False,False,Productivity
6,137.0,11.0,7,4,5,True,170,54,3,2,0,503.0,8,True,False,Open Source
26,64.0,13.0,6,3,5,True,500,55,4,0,0,0.0,5,True,False,Cars
17,125.0,19.0,9,3,10,True,437,55,3,1,0,87553.0,21,False,False,Productivity
10,0.0,0.0,7,5,8,False,467,55,4,6,0,10.0,7,True,False,iOS
1,4.0,21.0,6,2,5,True,234,53,3,1,2391,12132.0,5,False,False,Developer Tools
1,0.0,0.0,7,3,5,True,443,60,5,1,120,94518.0,7,False,False,Productivity
14,20.0,10.0,7,5,5,True,421,56,3,2,180,2094.0,6,True,False,Productivity
7,70.0,4.0,7,5,6,True,158,54,2,1,709,4369.0,9,False,False,Mac
68,162.0,22.0,8,3,6,True,110,60,5,1,183,1536.0,12,False,False,Developer Tools
2,171.0,36.0,23,2,5,True,418,60,1,7,0,0.0,4,True,False,Marketing
1,159.0,52.0,12,6,5,True,295,39,3,0,203,5428.0,8,False,False,Mac
13,71.0,2.0,13,2,5,True,500,60,4,1,148,165.0,8,False,False,SaaS
13,61.0,17.0,7,3,5,True,480,58,3,3,233,129445.0,23,True,False,Email
3,0.0,0.0,23,4,4,False,452,43,3,1,605,4042.0,5,False,False,Education
8,100.0,12.0,8,4,6,True,261,46,3,6,0,6497.0,7,False,False,Developer Tools
1,63.0,54.0,12,0,5,True,268,54,3,3,191,3318.0,8,True,False,Productivity
7,0.0,13.0,15,2,5,True,173,59,4,1,0,2343.0,4,False,False,Startup Books
1,8.0,11.0,23,3,6,False,500,45,3,4,188,598.0,2,False,False,Mac
2,5.0,17.0,13,1,6,True,417,33,2,2,1911,3525.0,6,False,False,iOS
1,67.0,25.0,15,1,6,True,500,52,3,3,0,3090.0,4,True,False,API
4,0.0,0.0,15,2,5,True,421,48,2,1,595,2790.0,9,True,False,Android
1,1969.0,93.0,21,5,5,True,449,51,2,1,195,0.0,7,False,False,Sales
8,53.0,0.0,7,5,5,False,240,51,1,1,135,2271.0,7,False,False,Education
4,19.0,26.0,14,0,7,True,496,60,3,1,126,3919.0,5,True,False,API
1,25.0,69.0,6,5,5,True,344,60,3,1,0,1805.0,5,True,False,Android
10,137.0,116.0,6,1,5,True,347,59,3,1,270,92960.0,6,False,False,Developer Tools
14,168.0,23.0,7,2,5,False,351,47,2,1,162,3569.0,7,True,False,Open Source
1,66.0,31.0,7,2,5,True,172,34,4,1,117,0.0,7,True,False,Browser Extensions
1,109.0,15.0,6,2,5,True,118,22,1,1,190,1937.0,6,False,False,Weather
1,124.0,10.0,7,6,5,True,250,41,3,1,337,2478.0,11,True,False,Productivity
6,150.0,44.0,7,3,5,True,380,42,3,1,747,11474.0,8,True,False,Couples
1,156.0,0.0,8,1,6,True,78,47,3,1,0,0.0,4,True,False,Productivity
12,21.0,2.0,0,1,5,True,399,56,2,2,352,0.0,10,True,False,Android
2,8.0,0.0,7,3,5,False,354,41,3,2,0,3470.0,6,True,False,iOS
1,100.0,29.0,8,4,3,True,120,49,3,1,0,61198.0,9,False,False,Hiring
11,15.0,0.0,7,6,5,True,420,17,1,2,0,5367.0,2,True,False,Health & Fitness
2,31.0,0.0,7,4,5,False,283,43,1,2,546,4333.0,4,False,False,Social Network
2,10.0,3.0,7,3,6,True,477,60,1,3,343,0.0,7,True,False,Prototyping
1,32.0,0.0,23,2,5,False,500,56,3,1,0,0.0,1,False,False,Developer Tools
14,12.0,49.0,9,1,5,False,389,23,2,1,0,3911.0,3,False,False,Software Engineering
2,0.0,332.0,22,4,6,True,494,36,1,2,222,0.0,5,False,False,Mac
19,82.0,0.0,8,5,6,True,479,51,3,1,608,1483.0,8,False,False,Music
4,60.0,1.0,19,3,5,True,315,49,3,3,36,41143.0,8,False,False,Productivity
14,109.0,0.0,8,0,7,True,222,33,4,1,0,647.0,9,True,False,Artificial Intelligence
15,79.0,10.0,6,6,6,True,220,58,3,0,0,0.0,4,True,False,Tech
4,70.0,0.0,7,3,5,False,446,52,4,0,620,0.0,8,True,False,Productivity
12,176.0,3.0,13,6,6,True,341,42,4,1,0,841.0,5,False,False,Hardware
11,88.0,0.0,5,1,5,True,209,56,3,6,0,3056.0,5,False,False,iOS
12,71.0,9.0,6,3,5,True,376,35,1,1,1781,2643.0,4,False,False,Email
26,25.0,1.0,7,6,6,True,416,58,3,1,75,157004.0,7,False,False,Tech
1,25.0,18.0,16,4,4,True,213,52,3,1,210,1663.0,6,False,False,Open Source
4,249.0,29.0,17,0,5,True,457,45,8,1,0,1026.0,0,False,False,Comics & Graphic Novels
38,0.0,0.0,7,3,6,False,155,58,2,1,46,3738.0,7,False,False,API
15,109.0,11.0,6,3,6,True,271,52,3,0,30,81454.0,5,False,False,Android
1,63.0,4.0,5,1,6,False,500,48,2,5,0,2212.0,2,True,False,Browser Extensions
92,0.0,16.0,8,3,5,True,453,44,3,1,483,3091.0,7,True,False,Crypto
7,0.0,74.0,13,6,6,True,215,48,3,1,833,2024.0,3,False,False,Productivity
1,3.0,51.0,7,3,5,True,389,36,2,1,0,37404.0,4,True,False,Art
11,0.0,0.0,6,1,6,True,342,40,4,1,677,0.0,8,False,False,Productivity
1,273.0,2.0,8,5,5,True,243,54,1,1,86,0.0,9,True,False,Email
9,80.0,4.0,22,6,1,False,157,56,1,1,0,0.0,6,False,False,Design Tools
1,0.0,2.0,23,4,5,False,201,60,1,1,106,15686.0,9,False,False,No-Code
5,81.0,46.0,6,0,1,True,151,59,1,1,0,493.0,6,True,False,Mac
4,43.0,0.0,7,4,6,False,500,51,3,1,332,0.0,7,False,False,Browser Extensions
2,128.0,77.0,11,6,6,True,484,50,3,1,0,0.0,3,False,False,Analytics
18,0.0,0.0,10,4,6,True,467,60,3,1,288,0.0,3,True,False,Design Tools
9,83.0,14.0,15,5,5,True,418,47,2,1,0,5074.0,6,False,False,Mac
5,41.0,0.0,12,2,6,False,49,51,2,7,125,312.0,9,False,False,Payments
1,0.0,4.0,14,5,5,True,158,21,1,1,502,340.0,6,False,False,Messaging
1,289.0,14.0,17,5,5,False,91,40,4,3,294,4200.0,7,True,False,Productivity
17,200.0,0.0,7,4,6,False,500,37,3,3,197,1920.0,6,False,False,Social Media
2,24.0,0.0,7,1,5,True,85,55,3,1,0,71.0,6,False,False,Productivity
1,80.0,0.0,2,3,5,True,308,56,3,1,633,0.0,5,True,False,Productivity
11,0.0,0.0,7,5,5,False,341,58,3,1,0,476.0,3,False,False,Mac
14,119.0,2.0,8,2,5,False,273,57,3,1,0,29914.0,5,True,False,Email
7,252.0,40.0,7,4,5,True,451,52,3,2,225,0.0,5,False,False,Mac
1,53.0,0.0,23,0,8,False,432,48,3,6,221,313.0,8,False,False,Browser Extensions
8,78.0,0.0,22,0,5,True,495,56,4,2,711,4527.0,6,False,False,Productivity
2,125.0,0.0,7,2,1,True,446,51,3,2,475,945.0,7,False,False,API
194,183.0,12.0,7,0,5,True,305,57,3,5,7,0.0,8,False,False,Dating
6,89.0,2.0,7,3,6,True,332,47,2,1,0,27307.0,7,False,False,Home
20,0.0,0.0,6,4,5,False,440,60,3,1,355,82168.0,6,False,False,API
74,0.0,12.0,7,0,5,False,500,52,3,1,0,0.0,1,True,False,API
12,39.0,2.0,7,2,5,True,158,39,3,2,650,33719.0,27,False,False,Productivity
1,0.0,12.0,7,3,5,True,500,38,1,6,384,7961.0,4,True,False,Marketing
1,739.0,39.0,7,0,6,False,456,60,3,4,0,93274.0,12,True,False,Social Media
72,221.0,0.0,7,2,1,True,500,47,3,5,1,0.0,2,True,False,Productivity
7,106.0,42.0,12,0,5,True,444,24,3,2,0,148187.0,5,False,False,API
1,39.0,6.0,7,5,6,False,500,59,3,6,0,4160.0,6,False,False,Robots
14,189.0,0.0,6,3,5,True,491,51,4,11,781,0.0,9,True,False,Fintech
1,68.0,2.0,21,3,6,False,455,55,3,1,0,2702.0,7,False,False,Productivity
1,10.0,104.0,12,3,5,True,386,49,3,1,0,4129.0,4,True,False,Mac
11,31.0,3.0,7,6,6,True,472,48,3,1,361,16210.0,13,False,False,Customer Success
21,152.0,140.0,7,3,6,True,164,50,4,4,0,1279.0,2,False,False,Software Engineering
21,0.0,8.0,7,0,5,False,480,56,4,2,0,0.0,6,True,False,API
10,130.0,15.0,8,5,6,True,391,51,3,1,23,4574.0,7,False,False,Productivity
11,38.0,46.0,7,0,6,True,497,41,1,11,368,0.0,6,False,False,Chrome Extensions
2,286.0,92.0,7,6,6,True,441,60,5,1,290,4764.0,8,False,False,Developer Tools
1,7.0,13.0,14,4,6,True,103,57,3,1,460,691.0,5,False,False,Mac
11,48.0,29.0,16,1,8,False,402,55,3,1,0,0.0,8,True,False,Open Source
14,48.0,4.0,6,5,5,False,233,43,1,4,289,1555.0,2,False,False,Developer Tools
1,0.0,25.0,6,2,6,False,352,37,4,2,0,98310.0,2,False,False,Travel
11,196.0,25.0,7,3,5,True,286,39,3,1,0,0.0,3,False,False,Productivity
11,142.0,6.0,12,3,5,False,440,58,4,2,0,206.0,7,False,False,API
16,94.0,2.0,10,2,5,True,414,51,3,1,75,985.0,7,True,False,SaaS
1,428.0,21.0,7,6,6,True,112,55,3,1,0,2718.0,7,False,False,User Experience
6,66.0,5.0,7,1,5,False,251,45,3,11,453,0.0,4,False,False,Android
1,53.0,0.0,7,4,6,True,448,55,3,0,1478,0.0,5,True,False,Mac
4,50.0,87.0,7,5,5,False,163,56,1,1,0,15695.0,6,False,False,Vibe coding
32,217.0,10.0,7,4,9,True,253,36,3,2,2995,707.0,9,False,False,User Experience
14,38.0,5.0,7,3,6,True,390,49,3,1,210,0.0,8,False,False,Open Source
10,44.0,0.0,23,5,5,False,338,46,3,4,0,15969.0,5,False,False,Productivity
1,61.0,0.0,7,2,6,True,130,44,3,1,351,3818.0,9,True,False,Social Media
1,19.0,0.0,13,1,5,True,326,58,3,1,267,0.0,2,True,False,Android
5,74.0,28.0,7,0,6,True,480,53,3,1,339,2201.0,6,True,False,eBook Reader
2,109.0,8.0,7,0,5,True,500,49,3,2,690,2457.0,9,False,False,Chrome Extensions
4,83.0,27.0,7,3,6,True,393,41,2,1,0,2903.0,7,False,False,Productivity
9,19.0,78.0,6,2,6,False,441,44,3,1,0,147176.0,0,False,False,Productivity
1,0.0,50.0,7,4,6,True,478,55,3,5,2417,62210.0,8,False,False,Streaming Services
16,164.0,154.0,7,1,5,True,402,42,2,1,0,22514.0,9,True,False,Productivity
19,123.0,29.0,7,1,5,False,207,60,2,0,0,213.0,5,False,False,Comics & Graphic Novels
2,0.0,18.0,20,6,5,True,174,53,3,1,270,4302.0,5,True,False,Sales
18,3.0,11.0,7,6,6,True,221,44,3,0,0,0.0,9,True,False,Fintech
9,0.0,7.0,7,3,5,True,472,60,3,2,342,3461.0,3,True,False,API
1,103.0,0.0,19,0,5,True,446,60,2,3,416,6566.0,5,False,False,Marketing
13,0.0,84.0,7,1,5,True,347,59,1,1,112,3469.0,6,True,False,Linux
5,173.0,37.0,8,1,5,True,464,57,3,1,185,712.0,5,True,False,Design Tools
8,173.0,32.0,23,4,5,True,188,40,3,1,86,129226.0,6,True,False,Chrome Extensions
1,93.0,1.0,6,5,5,True,269,55,4,2,198,1160.0,8,True,False,Mac
1,135.0,0.0,7,4,5,False,446,59,3,1,0,4516.0,2,False,False,iOS
7,103.0,52.0,16,6,1,True,380,38,3,2,234,1773.0,7,False,False,Open Source
15,38.0,23.0,10,0,6,True,385,53,4,2,328,332.0,5,False,False,Web App
1,244.0,121.0,7,1,6,False,492,27,2,1,324,1452.0,5,False,False,Chrome Extensions
6,106.0,4.0,7,0,5,True,388,49,2,1,0,48543.0,4,False,False,Productivity
6,112.0,16.0,7,0,6,True,252,60,2,1,26,0.0,7,False,False,Web App
6,119.0,14.0,7,1,5,True,387,55,3,5,61,0.0,7,False,False,Developer Tools
1,49.0,0.0,21,1,5,True,407,55,3,2,0,1437.0,9,False,False,Sales
1,27.0,0.0,7,1,5,True,287,59,3,1,443,25714.0,7,True,False,Productivity
8,540.0,0.0,14,0,5,False,353,48,3,1,669,5856.0,9,True,False,iOS
17,69.0,0.0,7,3,5,False,356,33,2,1,0,0.0,4,False,False,Task Management
16,70.0,0.0,16,6,5,True,307,60,4,1,383,0.0,7,False,False,Productivity
12,55.0,0.0,22,5,5,False,290,27,3,1,524,0.0,20,False,False,Android
26,2661.0,18.0,8,5,5,True,432,47,3,1,1071,121529.0,5,True,False,Chrome Extensions
12,61.0,15.0,18,5,5,True,321,46,3,4,0,16245.0,7,True,False,Tech
1,527.0,19.0,23,1,6,True,182,44,3,2,462,16117.0,7,False,False,Productivity
6,0.0,162.0,7,2,5,True,500,59,3,0,465,517.0,8,True,False,Android
23,1225.0,96.0,4,3,5,True,383,56,2,1,469,1685.0,8,True,False,Productivity
11,129.0,0.0,7,1,5,False,280,58,3,9,155,0.0,8,True,False,Slack
17,58.0,16.0,10,1,6,False,195,53,3,6,278,3076.0,6,False,False,Chrome Extensions
12,235.0,34.0,6,0,6,True,272,55,3,3,527,731.0,8,False,False,Task Management
1,56.0,0.0,23,3,5,True,374,60,3,7,61,826.0,6,True,False,Android
10,119.0,10.0,7,2,6,False,396,60,3,1,703,290.0,3,False,False,Tech
6,0.0,15.0,7,5,5,False,486,60,4,2,0,0.0,3,False,False,Artificial Intelligence
1,168.0,76.0,14,0,1,True,319,46,3,1,164,3390.0,4,False,False,Email
1,385.0,17.0,7,6,6,True,403,32,9,5,0,0.0,1,False,False,Privacy
12,78.0,0.0,17,4,5,False,492,56,2,4,0,400.0,0,False,False,API
21,78.0,29.0,15,5,5,False,201,39,1,1,252,0.0,7,False,False,Software Engineering
1,85.0,0.0,23,0,6,True,133,60,3,1,252,1593.0,7,False,False,Web App
5,72.0,60.0,19,0,6,True,376,60,3,0,425,5735.0,6,True,False,Analytics
13,122.0,0.0,6,4,1,False,346,54,4,3,150,0.0,8,True,False,Mac
7,189.0,0.0,20,3,5,True,493,44,4,1,0,0.0,9,True,False,Open Source
1,0.0,0.0,6,2,6,False,495,56,2,1,0,3816.0,0,False,False,Analytics
10,49.0,0.0,7,0,6,True,298,58,4,1,386,1205.0,9,False,False,Robots
2,6.0,30.0,9,5,6,True,403,43,4,5,74,3047.0,6,False,False,Open Source
5,207.0,16.0,19,0,6,True,440,59,8,1,172,4563.0,5,True,False,Prototyping
1,137.0,2.0,7,3,5,True,456,21,1,1,1378,1517.0,3,False,False,Menu Bar Apps
1,161.0,36.0,7,4,6,True,301,49,3,1,0,2687.0,10,False,False,Web App
18,135.0,0.0,7,6,6,True,460,41,3,1,349,24442.0,7,False,False,Health & Fitness
8,0.0,0.0,23,3,6,False,337,56,1,1,213,0.0,7,True,False,Fashion
1,72.0,41.0,15,5,5,True,486,54,3,4,0,6397.0,7,True,False,Sales
1,822.0,0.0,7,6,6,True,240,21,1,1,0,5077.0,7,True,False,Health & Fitness
4,36.0,47.0,10,5,6,True,475,49,3,1,123,108859.0,11,True,False,Robots
1,2.0,24.0,21,2,5,True,142,57,2,1,147,0.0,4,False,False,API
7,0.0,0.0,17,2,5,True,473,46,1,1,211,0.0,6,True,False,Couples
1,35.0,36.0,7,4,6,True,500,40,3,6,174,133020.0,3,False,False,Vibe coding
10,133.0,29.0,6,3,6,True,359,56,3,2,513,78410.0,5,False,False,Mac
5,371.0,5.0,6,1,6,False,500,54,2,1,484,21386.0,5,False,False,Mac
1,0.0,36.0,7,5,5,False,279,57,1,1,0,2437.0,4,False,False,iOS
10,30.0,0.0,6,0,5,False,472,60,3,5,176,2608.0,2,False,False,Productivity
1,67.0,16.0,14,1,6,True,411,59,3,0,155,0.0,8,False,False,Mac
3,0.0,0.0,6,0,6,True,342,60,3,1,700,2127.0,7,False,False,Productivity
1,895.0,41.0,7,0,5,True,482,60,3,1,0,0.0,11,False,False,Productivity
12,0.0,2.0,2,3,5,True,500,60,3,1,43,0.0,11,True,False,Chrome Extensions
5,87.0,69.0,0,1,5,True,261,60,3,2,334,0.0,9,False,False,Custom Keyboards
14,54.0,18.0,7,1,6,True,477,20,3,1,410,0.0,8,False,False,Productivity
3,0.0,5.0,7,3,6,True,392,46,3,2,3864,71948.0,10,True,False,Email
2,32.0,0.0,23,4,6,False,496,43,2,5,186,5481.0,3,False,False,iOS
6,76.0,0.0,6,4,6,True,362,55,3,8,183,5495.0,5,True,False,Artificial Intelligence
27,185.0,9.0,6,3,5,True,365,60,3,1,315,158105.0,14,True,False,Comics & Graphic Novels
12,24.0,24.0,12,3,5,True,314,60,3,5,0,0.0,7,False,False,3D Printer
1,1.0,4.0,15,4,5,True,454,55,2,3,0,126959.0,1,False,False,Marketing
7,0.0,12.0,6,4,5,True,147,41,3,0,357,2104.0,9,False,False,Productivity
1,59.0,29.0,7,3,5,True,450,42,3,2,266,13205.0,24,True,False,Fintech
23,185.0,23.0,17,6,5,False,350,50,1,1,0,307.0,7,False,False,Fintech
1,28.0,7.0,6,6,6,True,428,50,3,3,290,20633.0,3,False,False,Android
17,0.0,4.0,23,0,6,False,238,56,3,1,0,937.0,9,True,False,Design Tools
1,125.0,12.0,11,4,5,True,273,58,4,1,627,2047.0,9,False,False,Sales
8,49.0,0.0,7,5,5,False,440,54,4,2,0,4205.0,4,False,False,Analytics
11,61.0,0.0,7,6,5,True,280,37,3,1,0,17686.0,6,True,False,Software Engineering
3,0.0,0.0,6,0,5,True,495,60,3,2,0,3354.0,5,False,False,Open Source
6,175.0,0.0,18,3,5,True,163,56,1,1,361,1916.0,7,True,False,Marketing
13,118.0,43.0,14,2,6,True,407,51,3,1,496,0.0,10,True,False,Artificial Intelligence
1,53.0,51.0,7,1,5,True,401,58,5,5,574,139937.0,4,True,False,Design Tools
8,197.0,40.0,13,1,6,True,369,53,3,3,0,5105.0,3,False,False,Mac
3,116.0,24.0,9,0,5,True,390,51,2,3,392,0.0,12,False,False,Chrome Extensions
1,2.0,0.0,4,5,6,True,174,60,3,1,555,0.0,8,False,False,iOS
7,22.0,7.0,13,1,6,False,459,48,2,1,356,2043.0,4,False,False,Open Source
9,206.0,15.0,6,3,5,True,269,54,3,1,139,2558.0,6,True,False,Mac
22,0.0,45.0,0,0,6,False,481,38,2,1,0,0.0,2,False,False,SaaS
7,0.0,0.0,7,0,6,True,297,58,3,3,248,0.0,3,False,False,Tech
1,237.0,29.0,14,3,5,True,223,49,3,1,0,0.0,9,False,False,Artificial Intelligence
17,0.0,0.0,8,1,6,False,144,60,2,3,0,8136.0,5,True,False,Productivity
12,72.0,32.0,6,5,5,True,339,56,4,0,0,2889.0,6,True,False,Web App
6,29.0,13.0,16,3,6,True,179,46,3,0,344,96004.0,9,False,False,Productivity
15,67.0,0.0,17,6,5,False,171,56,1,1,0,3420.0,4,False,False,Audio
2,141.0,0.0,19,2,1,True,98,35,3,6,0,0.0,4,True,False,Android
8,152.0,1.0,13,4,6,True,500,57,3,5,0,172.0,4,False,False,Open Source
1,132.0,37.0,7,1,5,True,460,59,3,3,43,3784.0,1,True,False,Marketing
12,177.0,15.0,12,2,6,True,390,58,2,4,570,48.0,9,True,False,Cars
2,0.0,20.0,7,5,6,True,500,60,3,1,122,29517.0,4,True,False,Productivity
1,13.0,5.0,7,0,8,True,454,49,3,9,222,40826.0,6,False,False,Browser Extensions
10,89.0,33.0,7,3,5,True,500,51,2,1,462,785.0,6,False,False,Time Tracking
3,116.0,0.0,8,3,6,False,250,41,4,1,0,0.0,7,False,False,Mac
9,74.0,0.0,21,1,1,True,317,43,3,5,0,138097.0,7,False,False,iOS
1,0.0,0.0,18,5,6,True,492,41,1,1,425,2971.0,9,True,False,Sales
7,49.0,22.0,6,0,6,True,450,53,3,1,461,17850.0,4,True,False,Mac
11,86.0,17.0,22,1,6,False,492,37,3,1,2,3760.0,13,False,False,API
1,76.0,9.0,14,6,6,True,323,37,3,2,0,0.0,1,True,False,Developer Tools
1,199.0,20.0,7,0,1,True,69,60,3,0,488,2575.0,6,True,False,Health & Fitness
1,14.0,13.0,23,3,5,False,497,55,2,1,0,0.0,1,False,False,3D Printer
14,69.0,0.0,12,5,5,False,365,55,3,2,3712,2884.0,7,False,False,Design Tools
222,197.0,24.0,7,0,5,True,376,60,1,1,0,1885.0,1,False,False,API
15,64.0,0.0,7,1,6,True,223,41,3,1,399,848.0,4,False,False,Productivity
8,371.0,11.0,7,4,5,True,409,42,3,4,207,73536.0,7,False,False,Productivity
8,85.0,4.0,8,1,6,True,393,50,3,1,86,4699.0,7,False,False,Customer Communication
10,0.0,17.0,13,2,6,True,500,60,1,1,4038,29677.0,5,True,False,Productivity
20,39.0,28.0,13,4,6,False,392,58,3,2,0,3225.0,11,False,False,Mac
9,66.0,23.0,7,5,5,True,464,39,3,4,165,0.0,9,True,False,Productivity
16,20.0,0.0,11,0,5,True,313,56,3,1,206,0.0,5,False,False,Open Source
8,182.0,0.0,2,0,5,True,187,52,3,1,0,0.0,6,False,False,Custom Keyboards
4,182.0,3.0,6,0,5,True,383,60,8,8,120,1805.0,7,False,False,Software Engineering
5,165.0,0.0,7,3,5,False,297,35,2,1,218,5229.0,4,False,False,Vibe coding
13,112.0,2.0,7,3,5,True,466,49,3,1,218,0.0,7,True,False,Comics & Graphic Novels
3,0.0,20.0,7,2,5,False,387,57,4,2,0,594.0,7,False,False,Design Tools
1,0.0,57.0,13,1,5,True,240,60,3,1,0,19840.0,6,False,False,Productivity
3,26.0,125.0,18,3,5,True,500,59,3,1,8,3693.0,8,True,False,iOS
2,0.0,17.0,6,0,5,True,278,47,3,6,529,0.0,11,False,False,iOS
27,44.0,22.0,23,1,6,True,48,37,4,0,0,17040.0,3,True,False,Productivity
1,3.0,19.0,6,4,6,True,326,55,3,4,3963,192.0,9,False,False,iOS
18,103.0,17.0,6,4,6,True,156,49,3,4,410,0.0,8,False,False,iOS
13,105.0,0.0,11,4,6,True,423,58,2,2,0,2395.0,4,False,False,Web App
1,0.0,9.0,7,0,5,True,500,51,2,1,46,1752.0,4,False,False,Customer Success
3,59.0,22.0,6,0,5,True,500,59,3,6,0,0.0,1,False,False,Design Tools
12,0.0,0.0,7,6,5,False,475,35,2,1,0,4307.0,0,True,False,Chrome Extensions
21,36.0,0.0,10,1,5,True,203,57,4,1,0,31785.0,6,True,False,API
1,31.0,74.0,12,1,6,True,397,57,3,3,332,0.0,9,True,False,Chrome Extensions
1,153.0,16.0,10,0,6,True,465,49,3,1,11,4349.0,4,False,False,Marketing
1,0.0,77.0,7,6,1,True,410,55,3,1,0,2966.0,4,False,False,Developer Tools
12,62.0,103.0,0,6,7,True,228,56,1,1,0,0.0,9,False,False,Productivity
11,103.0,11.0,7,1,6,True,389,51,3,2,504,5582.0,5,False,False,Email
22,87.0,78.0,6,2,6,True,492,60,3,1,1662,78280.0,7,False,False,Web App
1,133.0,16.0,6,3,6,True,278,47,3,0,441,18291.0,7,False,False,Productivity
18,0.0,0.0,6,0,6,True,423,58,3,1,209,1138.0,2,False,False,API
6,0.0,2.0,6,3,5,True,330,17,2,1,0,1917.0,4,False,False,Mac
1,92.0,1.0,7,3,5,True,413,55,3,1,249,516.0,8,False,False,Hiring
5,54.0,0.0,23,1,6,True,433,60,4,2,164,1175.0,11,True,False,Tech
6,44.0,33.0,15,5,5,True,109,33,4,3,0,0.0,10,False,False,API
4,237.0,31.0,7,5,5,True,500,60,4,4,0,1864.0,4,True,False,Meetings
3,0.0,22.0,17,3,6,True,500,60,3,1,754,0.0,8,False,False,Social Media
8,156.0,0.0,7,5,1,True,384,18,3,1,0,1942.0,2,False,False,Artificial Intelligence
1,0.0,0.0,6,3,5,False,337,54,3,1,338,0.0,5,True,False,API
11,137.0,0.0,7,4,6,True,500,22,3,1,0,336.0,9,True,False,Android
26,183.0,22.0,17,3,6,True,372,54,3,1,0,118917.0,7,True,False,Customer Communication
1,0.0,20.0,17,3,6,True,241,60,3,4,432,13551.0,13,True,False,Productivity
3,0.0,79.0,13,3,5,True,319,39,3,4,200,63817.0,4,False,False,Software Engineering
15,0.0,11.0,15,5,6,False,374,19,4,2,0,3716.0,3,False,False,Prototyping
1,0.0,0.0,7,1,5,True,500,51,3,1,185,2723.0,1,True,False,Artificial Intelligence
21,97.0,164.0,6,5,6,True,451,57,3,1,0,0.0,7,False,False,Sales
1,149.0,0.0,7,3,5,True,108,57,3,1,257,70.0,2,False,False,Productivity
12,0.0,8.0,6,5,6,True,401,43,3,1,0,0.0,7,True,False,Open Source
20,0.0,14.0,6,5,6,True,500,60,3,1,51,871.0,2,False,False,Messaging
1,5.0,91.0,0,1,5,True,500,20,3,1,0,1761.0,3,False,False,Productivity
14,169.0,16.0,7,5,5,True,73,60,3,1,103,3068.0,4,False,False,Fintech
1,103.0,51.0,7,3,6,True,427,49,3,2,0,1245.0,6,True,False,Payments
3,53.0,28.0,12,4,5,True,379,58,3,4,52,1124.0,5,False,False,Productivity
1,0.0,9.0,21,5,5,False,284,58,3,1,261,1495.0,6,False,False,Productivity
21,195.0,6.0,7,1,6,True,378,56,3,2,0,684.0,9,True,False,Open Source
1,85.0,6.0,7,4,4,True,266,21,3,1,389,151700.0,5,False,False,Productivity
4,18.0,51.0,6,0,6,True,416,57,3,1,186,16171.0,7,False,False,Productivity
12,0.0,20.0,18,3,5,True,480,59,4,0,0,4980.0,9,True,False,API
135,58.0,0.0,8,3,5,False,199,60,1,6,0,1107.0,7,False,False,Marketing
1,84.0,5.0,14,5,5,False,319,60,1,1,0,3569.0,6,False,False,Writing
170,64.0,0.0,9,0,5,True,119,49,3,7,190,0.0,8,False,False,Web App
1,176.0,108.0,7,0,5,True,243,45,3,3,13,4042.0,8,True,False,Productivity
19,0.0,42.0,2,0,6,True,190,52,3,1,0,48253.0,7,False,False,Email
1,44.0,6.0,13,6,2,True,374,60,3,1,244,110490.0,12,True,False,Vibe coding
10,75.0,0.0,7,2,6,True,219,60,3,2,0,23700.0,6,False,False,Android
1,47.0,18.0,7,0,6,True,78,60,3,1,0,695.0,7,False,False,Mac
8,0.0,19.0,6,0,5,True,276,60,3,3,3816,0.0,6,False,False,Productivity
18,0.0,6.0,6,3,6,True,374,58,3,2,0,147079.0,3,True,False,Health & Fitness
14,4.0,7.0,21,3,6,True,54,54,3,7,566,0.0,9,True,False,iOS
1,263.0,11.0,8,4,6,True,417,60,3,6,629,2257.0,4,True,False,Retro Games
1,132.0,0.0,7,2,6,True,163,56,3,4,0,629.0,2,False,False,Productivity
33,101.0,0.0,16,6,5,True,159,59,3,1,1639,1350.0,5,False,False,Productivity
23,101.0,7.0,7,4,5,True,484,41,3,1,486,354.0,4,False,False,Mac
2,68.0,0.0,21,2,5,False,185,60,3,1,0,1711.0,4,False,False,Notes
4,59.0,7.0,8,1,6,True,225,47,1,4,0,70750.0,7,False,False,Chrome Extensions
12,192.0,0.0,7,4,5,False,369,37,2,1,248,0.0,13,False,False,Open Source
22,96.0,16.0,15,3,5,False,297,60,4,1,164,11337.0,2,True,False,SaaS
6,144.0,22.0,6,3,5,True,187,60,4,6,225,0.0,3,False,False,Open Source
4,26.0,61.0,7,3,6,True,305,55,3,5,0,2057.0,6,True,False,Chrome Extensions
7,443.0,0.0,19,5,5,True,483,48,3,1,3993,128.0,6,False,False,Developer Tools
12,966.0,47.0,23,5,6,False,433,42,3,1,299,56639.0,6,True,False,Developer Tools
3,0.0,83.0,7,4,5,True,245,60,3,1,0,0.0,7,True,False,Sales
2,0.0,0.0,1,3,6,False,217,39,1,0,0,1617.0,5,False,False,Developer Tools
15,65.0,16.0,6,3,6,True,500,54,3,0,539,0.0,3,False,False,API
1,9.0,7.0,6,4,6,True,485,41,3,1,133,0.0,5,True,False,Android
12,0.0,4.0,7,4,6,True,173,57,3,1,0,0.0,6,False,False,Mac
16,744.0,16.0,7,6,6,True,389,51,3,1,0,144747.0,5,False,False,Productivity
4,169.0,35.0,16,3,5,True,276,53,3,1,0,17069.0,3,True,False,Marketing
1,0.0,0.0,7,6,5,True,464,27,1,2,0,2898.0,2,False,False,Health & Fitness
10,110.0,8.0,7,0,5,True,370,60,8,1,527,579.0,11,False,False,Marketing
10,122.0,78.0,7,5,5,True,330,60,3,2,676,99327.0,5,False,False,API
1,64.0,4.0,8,2,5,True,225,51,3,2,429,25321.0,8,False,False,Mac
2,44.0,4.0,7,3,5,True,456,54,3,3,125,0.0,5,False,False,Web App
55,0.0,0.0,9,5,5,False,342,60,3,1,736,3040.0,27,False,False,Browser Extensions
1,165.0,14.0,6,5,5,True,454,60,2,4,573,1587.0,24,False,False,Productivity
1,94.0,31.0,7,5,6,False,339,53,3,1,137,0.0,8,False,False,Social Media
1,34.0,0.0,23,5,6,True,424,53,3,1,0,1802.0,7,False,False,Mac
1,0.0,3.0,6,3,5,True,500,50,4,1,6,3585.0,0,True,False,Mac
8,148.0,7.0,11,5,2,True,104,60,3,4,0,11837.0,5,True,False,Time Tracking
1,0.0,107.0,20,3,5,True,500,33,3,1,171,232.0,8,False,False,SaaS
1,189.0,20.0,7,1,6,False,254,45,8,2,0,0.0,5,True,False,Social Media
16,35.0,0.0,6,6,3,False,417,44,1,1,0,120859.0,7,False,False,Health & Fitness
3,723.0,2.0,7,6,5,True,425,42,3,2,0,31114.0,1,False,False,Mac
1,164.0,0.0,20,2,5,True,90,58,3,2,0,0.0,6,False,False,Productivity
11,11.0,0.0,7,6,6,True,64,52,3,3,36,2050.0,10,False,False,Robots
47,155.0,0.0,8,2,2,False,358,54,4,1,81,0.0,6,False,False,API
5,254.0,0.0,1,5,6,True,274,60,3,1,300,0.0,11,False,False,Design Tools
1,124.0,36.0,7,2,5,True,412,60,3,0,320,0.0,8,False,False,Productivity
1,57.0,49.0,21,4,6,False,417,50,3,1,0,22511.0,8,False,False,Design Tools
32,158.0,56.0,6,5,5,True,470,54,1,3,234,4798.0,8,True,False,Hiring
1,21.0,6.0,6,1,5,True,117,59,2,1,221,5626.0,7,False,False,Web App
6,92.0,0.0,7,6,9,True,432,54,3,1,539,2290.0,7,False,False,Developer Tools
1,444.0,78.0,7,3,5,True,376,58,1,1,0,35556.0,4,False,False,Fintech
15,52.0,0.0,7,6,5,False,401,44,1,1,315,5534.0,4,False,False,Email
13,503.0,162.0,4,3,5,True,386,58,3,3,428,2857.0,5,False,False,Tech
5,29.0,342.0,23,6,5,False,330,46,3,1,0,0.0,5,False,False,Home
25,3.0,5.0,10,3,6,True,158,60,4,1,0,2606.0,3,True,False,Marketing
1,123.0,20.0,21,1,5,True,424,60,8,1,0,6002.0,10,False,False,Vibe coding
1,0.0,0.0,19,4,5,False,432,60,4,1,185,3897.0,4,False,False,Analytics
1,47.0,9.0,6,1,1,True,465,41,1,6,118,0.0,13,False,False,Android
7,172.0,32.0,7,2,2,True,500,37,3,5,146,29009.0,6,True,False,Productivity
14,56.0,0.0,2,3,5,False,458,55,2,1,165,0.0,4,False,False,Mac
6,116.0,0.0,10,5,5,True,269,47,3,1,4,2671.0,3,True,False,Chrome Extensions
21,80.0,0.0,6,4,5,True,336,49,4,2,105,4099.0,2,False,False,Couples
2,0.0,0.0,20,5,5,False,435,50,3,1,462,0.0,5,True,False,Privacy
1,227.0,10.0,23,3,6,True,355,40,3,0,64,5492.0,8,False,False,Software Engineering
1,159.0,0.0,3,3,5,True,474,58,3,3,3236,93117.0,8,True,False,Web App
1,198.0,4.0,12,0,6,True,260,52,8,1,0,0.0,8,False,False,Marketing
1,48.0,8.0,7,4,5,True,365,51,3,1,566,3674.0,9,True,False,Mac
17,0.0,0.0,7,4,5,False,500,44,5,5,160,0.0,12,False,False,Artificial Intelligence
51,42.0,107.0,6,3,6,True,347,56,3,1,143,0.0,11,False,False,Design Tools
5,152.0,51.0,19,4,6,True,455,37,8,1,412,2368.0,8,True,False,Venture Capital
2,239.0,107.0,16,6,5,True,463,51,3,1,573,3356.0,7,True,False,Android
18,167.0,6.0,0,3,12,True,105,49,3,1,107,0.0,2,False,False,Android
1,49.0,0.0,6,0,6,True,312,60,3,1,100,2135.0,5,False,False,Productivity
11,71.0,28.0,6,3,5,True,122,33,3,1,243,5221.0,7,False,False,Productivity
3,196.0,13.0,8,1,5,True,476,52,3,5,673,4301.0,5,True,False,Android
12,75.0,12.0,14,1,5,False,500,57,1,1,1,0.0,7,False,False,Time Tracking
1,207.0,121.0,9,4,6,True,409,18,3,3,333,158663.0,10,False,False,Productivity
14,41.0,172.0,0,1,5,True,361,55,3,1,552,0.0,9,True,False,Fashion
7,104.0,0.0,8,6,5,True,217,41,1,1,0,160229.0,4,True,False,Software Engineering
21,152.0,25.0,1,4,7,True,384,17,3,1,719,874.0,6,True,False,iOS
8,0.0,8.0,9,3,5,True,499,58,1,1,76,128.0,1,True,False,Marketing
1,0.0,3.0,14,5,5,False,419,58,3,1,261,687.0,5,False,False,Home
6,216.0,19.0,17,3,6,False,392,59,1,1,194,0.0,4,True,False,Developer Tools
4,0.0,0.0,7,6,5,False,500,26,1,1,0,30029.0,4,False,False,Hiring
7,115.0,0.0,7,0,5,False,257,57,3,1,46,0.0,5,False,False,Design Tools
14,121.0,158.0,7,1,5,False,353,56,3,1,0,0.0,4,False,False,Productivity
5,32.0,0.0,8,5,5,False,254,54,1,1,48,0.0,5,True,False,Marketing
10,0.0,89.0,10,4,5,True,461,60,3,1,157,86923.0,10,False,False,Design Tools
120,152.0,11.0,14,2,6,True,174,60,3,2,0,16593.0,5,True,False,Design Tools
15,0.0,21.0,7,0,5,True,342,60,3,1,664,0.0,7,False,False,Productivity
4,185.0,6.0,7,6,6,True,500,60,3,5,681,73624.0,6,False,False,Mac
3,63.0,16.0,7,2,5,True,154,54,4,1,36,2306.0,16,True,False,iOS
1,0.0,20.0,6,5,5,True,257,55,3,1,402,149018.0,5,False,False,Robots
1,149.0,49.0,19,6,5,False,346,60,3,2,87,0.0,6,False,False,Productivity
3,110.0,25.0,7,2,3,True,500,47,3,1,0,0.0,7,True,False,Artificial Intelligence
1,652.0,0.0,7,6,5,True,491,53,1,4,0,5956.0,6,True,False,Android
7,0.0,55.0,8,1,6,True,91,45,1,3,0,1040.0,8,False,False,Mac
15,154.0,52.0,7,4,5,True,206,32,3,1,362,1226.0,8,True,False,API
1,62.0,67.0,7,5,4,True,151,54,2,1,1273,4745.0,5,False,False,Sales
2,41.0,13.0,7,3,6,True,500,60,3,1,0,0.0,3,True,False,Artificial Intelligence
15,4.0,0.0,6,5,5,False,212,48,3,5,0,265.0,5,True,False,Mac
21,0.0,7.0,6,5,5,False,500,55,4,5,0,0.0,6,True,False,Tech
6,0.0,40.0,6,1,5,True,242,49,3,0,154,0.0,7,False,False,Productivity
17,84.0,0.0,8,1,6,True,382,28,2,1,0,1440.0,4,True,False,Mac
83,161.0,24.0,23,0,6,True,372,51,4,4,0,2966.0,10,False,False,Software Engineering
99,4.0,12.0,7,5,5,True,472,60,3,1,49566,3149.0,2,False,False,Web App
1,100.0,20.0,0,3,6,True,301,52,3,1,570,501.0,8,False,False,Customer Success
1,65.0,59.0,15,2,6,True,272,54,3,4,0,0.0,6,True,False,Hardware
1,0.0,5.0,9,3,6,True,213,37,4,1,2658,967.0,13,False,False,Health & Fitness
3,0.0,12.0,6,3,5,True,204,45,3,6,0,862.0,23,True,False,Emoji
1,0.0,57.0,4,3,5,False,237,40,3,0,442,0.0,1,True,False,Mac
1,306.0,21.0,7,3,6,True,387,40,3,1,662,33879.0,4,False,False,Email
2,0.0,57.0,7,4,6,True,362,42,4,0,457,151807.0,2,False,False,Productivity
9,0.0,44.0,7,1,5,True,206,60,1,2,0,3921.0,5,True,False,Couples
14,148.0,20.0,15,4,6,True,264,44,3,6,0,3808.0,8,False,False,Productivity
5,28.0,0.0,6,2,5,True,324,60,3,5,203,1242.0,5,True,False,Design Tools
13,98.0,9.0,19,1,5,True,188,58,2,2,443,0.0,6,True,False,Open Source
7,64.0,6.0,9,5,5,True,391,54,3,5,47,7559.0,10,True,False,Mac
1,177.0,12.0,7,4,6,True,446,60,1,0,128,119.0,11,False,False,Developer Tools
6,0.0,11.0,2,3,5,True,500,23,5,1,89,0.0,10,True,False,Social Media
12,0.0,101.0,9,5,6,False,236,58,1,2,0,0.0,0,True,False,Mac
17,136.0,3.0,23,1,5,True,260,50,4,2,236,2278.0,9,False,False,Web App
2,84.0,50.0,7,3,5,True,223,57,3,0,0,590.0,8,True,False,Mac
10,0.0,6.0,6,4,5,False,500,56,3,1,264,3080.0,4,False,False,Productivity
3,40.0,0.0,23,0,8,True,209,58,3,1,57,55623.0,9,False,False,Design Tools
6,0.0,6.0,7,5,6,True,495,52,5,3,0,2000.0,5,True,False,Messaging
6,5.0,55.0,19,5,1,True,497,45,3,0,286,288.0,8,True,False,Tech
222,641.0,9.0,19,3,5,True,500,60,3,3,0,0.0,5,False,False,Open Source
12,73.0,0.0,11,3,6,False,281,56,3,1,66,1589.0,9,False,False,Analytics
3,26.0,46.0,6,4,6,True,360,50,4,1,0,7775.0,9,False,False,Retro Games
4,47.0,0.0,7,5,5,False,500,33,3,1,28,1301.0,1,True,False,Android
1,165.0,10.0,8,0,6,True,395,52,3,4,85,0.0,8,False,False,Emoji
4,59.0,0.0,23,0,5,False,488,60,3,2,0,0.0,5,True,False,Software Engineering
3,62.0,14.0,13,6,5,True,179,57,3,1,48,4603.0,7,False,False,iOS
9,0.0,0.0,6,5,8,True,481,46,2,1,523,0.0,3,False,False,Hardware
1,0.0,8.0,2,3,5,False,222,44,4,1,0,1672.0,4,False,False,Web App
4,52.0,19.0,14,4,5,True,305,60,3,3,0,0.0,6,False,False,Analytics
7,301.0,41.0,6,5,5,True,313,60,2,1,85,0.0,4,True,False,Cars
1,187.0,45.0,6,0,5,True,264,44,3,4,644,4958.0,7,True,False,Web App
1,79.0,33.0,11,0,6,True,99,43,2,2,0,0.0,4,False,False,Email
1,64.0,12.0,20,4,9,True,487,36,3,2,139,31356.0,9,False,False,Mac
7,188.0,18.0,6,3,5,True,449,56,2,3,0,0.0,2,True,False,Chrome Extensions
12,0.0,4.0,7,3,6,False,454,57,2,2,154,794.0,6,False,False,Productivity
1,30.0,0.0,7,1,5,True,363,55,3,1,0,1712.0,6,False,False,Productivity
12,71.0,0.0,7,4,6,True,216,52,3,2,744,10651.0,9,False,False,Home
1,87.0,17.0,6,4,5,False,469,46,3,1,345,5942.0,7,False,False,Health & Fitness
1,192.0,0.0,7,1,6,True,500,50,3,14,378,6008.0,13,False,False,Productivity
24,143.0,56.0,10,1,6,True,467,52,2,1,0,1838.0,6,True,False,Robots
1,30.0,8.0,8,4,6,False,494,54,3,1,0,2657.0,3,True,False,Sales
1,134.0,152.0,6,6,6,True,447,48,4,1,120,129225.0,7,False,False,Email
11,0.0,0.0,1,4,6,True,61,59,3,6,0,0.0,8,False,False,Vibe coding
5,17.0,31.0,7,6,5,True,479,47,3,2,0,1577.0,5,False,False,Mac
1,35.0,0.0,7,3,5,False,67,54,1,1,161,0.0,8,False,False,Health & Fitness
9,56.0,63.0,23,2,6,True,156,52,3,2,574,19702.0,6,False,False,Marketing
10,1363.0,14.0,15,2,5,True,405,39,2,1,55,96650.0,6,False,False,Productivity
1,72.0,10.0,23,6,5,True,163,58,3,4,0,1673.0,3,False,False,Marketing
1,75.0,17.0,12,4,6,True,442,41,3,1,1918,230.0,7,False,False,Android
8,79.0,61.0,19,5,6,True,250,53,1,6,256,17723.0,2,True,False,Android
1,0.0,4.0,7,4,5,False,313,60,4,2,54,131048.0,9,True,False,Artificial Intelligence
14,60.0,14.0,6,2,1,True,263,50,1,1,38,829.0,6,False,False,Advertising
19,21.0,12.0,7,4,5,False,445,44,3,1,489,13571.0,7,False,False,Productivity
15,0.0,12.0,9,4,6,True,483,50,3,4,506,0.0,9,False,False,Productivity
2,0.0,17.0,7,3,6,True,500,60,2,2,244,5916.0,8,False,False,Writing
2,120.0,32.0,7,4,5,False,422,28,1,3,0,3526.0,8,True,False,Developer Tools
1,93.0,8.0,19,4,5,True,237,58,3,3,0,3837.0,2,False,False,Education
1,0.0,0.0,12,4,5,True,339,57,4,2,453,0.0,9,False,False,Productivity
10,141.0,8.0,12,0,6,True,458,47,1,1,216,6404.0,6,False,False,API
8,38.0,0.0,7,1,5,True,338,59,2,0,297,499.0,27,False,False,Android
1,160.0,1.0,6,0,5,True,204,56,3,0,381,0.0,3,False,False,Open Source
1,170.0,36.0,8,4,6,True,455,60,3,1,264,523.0,5,False,False,Artificial Intelligence
29,0.0,19.0,18,4,9,False,500,57,3,5,3642,0.0,2,True,False,Web App
17,71.0,9.0,6,2,6,False,462,27,3,1,45,0.0,4,True,False,Software Engineering
23,50.0,30.0,12,4,6,True,494,51,3,1,230,15698.0,5,False,False,Design Tools
15,115.0,0.0,7,5,5,False,396,59,3,1,0,0.0,8,True,False,Developer Tools
222,74.0,6.0,23,4,5,True,200,57,3,0,0,0.0,8,True,False,Web App
7,56.0,14.0,7,0,5,True,500,51,3,1,501,4.0,7,True,False,Productivity
1,33.0,21.0,12,3,5,True,500,58,3,2,0,1057.0,5,True,False,Marketing
47,493.0,3.0,19,4,1,True,444,34,3,1,0,5034.0,6,True,False,Health & Fitness
3,238.0,0.0,19,3,5,False,289,52,4,1,470,4522.0,6,False,False,Open Source
1,709.0,4.0,8,5,5,True,125,49,4,1,354,3757.0,6,False,False,Productivity
2,197.0,0.0,7,5,5,False,256,17,1,4,0,2887.0,7,True,False,API
5,62.0,4.0,8,3,5,True,384,57,3,2,0,350.0,5,False,False,Marketing
15,156.0,60.0,21,2,5,True,326,53,3,1,201,135913.0,9,False,False,API
6,0.0,40.0,7,3,6,True,218,56,3,0,3838,3921.0,7,False,False,Web App
3,230.0,24.0,21,1,6,True,340,23,3,1,164,3290.0,0,True,False,Mac
1,0.0,0.0,6,3,6,True,490,44,3,1,0,3157.0,3,True,False,Android
14,0.0,39.0,13,6,5,True,165,60,1,2,0,684.0,7,False,False,Social Media
3,300.0,55.0,13,6,5,True,254,42,3,0,506,1311.0,9,False,False,Analytics
12,148.0,21.0,7,1,2,True,487,60,2,1,0,854.0,19,False,False,Education
3,0.0,0.0,17,3,6,True,341,56,3,6,398,224.0,13,False,False,Productivity
9,92.0,56.0,8,3,5,False,500,57,3,0,502,671.0,5,False,False,Design Tools
1,407.0,0.0,23,3,4,True,390,51,4,4,3,802.0,13,False,False,Art
1,112.0,14.0,13,0,5,True,190,60,3,4,586,0.0,5,True,False,Mac
8,106.0,9.0,7,4,5,True,307,40,3,1,312,0.0,7,True,False,Productivity
3,0.0,90.0,12,4,1,True,380,54,3,1,0,12229.0,7,False,False,Productivity
1,0.0,22.0,7,1,1,True,500,60,3,5,77,68457.0,5,True,False,Chrome Extensions
3,104.0,8.0,7,3,6,True,62,17,3,3,49566,0.0,4,False,False,iOS
1,842.0,0.0,20,5,6,True,198,57,3,2,0,27085.0,8,False,False,Mac
8,137.0,36.0,7,3,5,True,446,43,3,0,76,4722.0,10,True,False,Productivity
83,478.0,15.0,7,3,5,True,229,50,2,1,486,0.0,7,True,False,Email
3,172.0,0.0,5,3,2,True,499,55,2,1,334,8681.0,2,True,False,3D Printer
17,481.0,18.0,7,3,5,True,227,39,3,1,0,117138.0,3,False,False,Mac
1,8.0,39.0,15,0,6,True,478,60,3,1,397,1768.0,5,False,False,iOS
2,411.0,44.0,22,1,5,True,167,60,3,1,0,0.0,6,False,False,Software Engineering
1,71.0,6.0,7,3,4,True,500,59,3,1,201,134081.0,3,False,False,Productivity
6,70.0,0.0,23,5,5,False,500,56,3,1,0,0.0,5,False,False,Tech
3,122.0,2.0,14,3,6,True,500,59,2,3,554,4100.0,6,False,False,SaaS
5,32.0,27.0,6,3,5,True,335,17,3,0,415,323.0,8,False,False,API
16,0.0,0.0,11,0,5,True,494,43,3,3,41,1671.0,8,False,False,Marketing
5,166.0,11.0,11,0,7,True,428,56,3,1,580,0.0,11,True,False,Open Source
7,362.0,40.0,7,4,5,True,323,40,4,3,465,0.0,10,True,False,Developer Tools
8,113.0,10.0,6,5,6,True,187,60,2,2,0,0.0,6,False,False,Open Source
1,0.0,21.0,6,0,1,True,415,17,3,0,0,164563.0,7,False,False,Hiring
5,24.0,0.0,15,2,5,True,251,59,5,1,125,1154.0,6,False,False,Virtual Reality
6,127.0,6.0,10,3,5,True,500,55,3,1,0,5390.0,0,True,False,Open Source
20,37.0,18.0,9,2,6,True,199,60,2,1,317,42754.0,9,True,False,Mac
1,0.0,82.0,14,5,7,True,500,58,3,3,2243,2826.0,9,False,False,3D Printer
17,54.0,26.0,6,3,6,True,500,59,3,1,391,2598.0,8,True,False,Dating
1,170.0,57.0,0,1,1,True,245,53,3,4,0,616.0,8,True,False,Mac
17,178.0,22.0,18,3,6,False,488,52,2,5,0,6494.0,4,False,False,Messaging
1,0.0,0.0,8,3,5,True,158,49,3,1,0,0.0,8,True,False,Productivity
1,9.0,7.0,7,1,6,True,445,36,3,1,510,4004.0,27,True,False,Email
1,107.0,28.0,6,4,6,True,441,56,3,1,59,5474.0,2,True,False,iOS
1,2572.0,4.0,7,3,6,True,463,49,5,6,288,169461.0,3,False,False,Marketing
6,35.0,46.0,6,5,5,True,500,45,3,1,524,4404.0,4,False,False,Marketing
13,46.0,0.0,7,2,6,True,295,53,3,1,808,46931.0,13,True,False,Artificial Intelligence
6,398.0,1.0,18,5,6,True,500,57,3,3,136,948.0,7,True,False,Artificial Intelligence
1,174.0,20.0,8,4,5,True,500,49,3,4,611,16908.0,5,True,False,Android
3,89.0,2.0,15,2,5,True,419,60,2,1,0,3159.0,3,True,False,Health & Fitness
3,122.0,54.0,7,6,5,False,174,60,1,0,0,1989.0,9,False,False,Venture Capital
1,44.0,4.0,9,3,5,False,258,53,3,5,0,23505.0,8,False,False,Email
5,183.0,89.0,6,3,5,True,484,48,3,1,274,413.0,10,False,False,Productivity
3,198.0,1.0,1,4,6,True,500,56,3,1,531,11917.0,7,False,False,Marketing
123,101.0,0.0,15,6,5,False,226,58,3,1,75,100909.0,9,False,False,Productivity
30,204.0,1.0,6,3,5,True,288,56,4,1,189,2669.0,9,False,False,SaaS
20,15.0,0.0,6,1,6,True,458,60,5,1,487,0.0,5,False,False,Artificial Intelligence
1,19.0,13.0,17,5,5,False,420,50,3,1,102,3569.0,3,False,False,Payments
12,72.0,0.0,13,0,6,True,308,60,1,1,1453,3380.0,2,False,False,Developer Tools
1,132.0,2.0,7,6,6,True,476,35,3,2,2410,4659.0,9,True,False,Fintech
9,1271.0,0.0,7,4,5,False,361,45,2,1,283,164566.0,5,False,False,Productivity
30,29.0,8.0,7,0,6,False,445,47,2,1,116,3896.0,9,False,False,Productivity
1,9.0,2.0,8,0,5,True,465,17,3,1,479,0.0,9,True,False,iOS
9,56.0,12.0,23,2,5,True,300,60,3,1,121,9122.0,2,False,False,Chrome Extensions
7,126.0,9.0,20,0,5,True,489,49,1,1,336,0.0,5,True,False,Virtual Reality
1,163.0,0.0,7,4,5,True,441,52,2,1,502,133.0,9,True,False,Android
1,78.0,86.0,14,5,6,True,415,51,2,1,335,4298.0,8,False,False,3D Printer
14,7.0,5.0,7,0,6,False,245,43,4,1,0,1744.0,6,False,False,Productivity
15,167.0,9.0,7,6,5,False,420,17,1,1,50,5011.0,9,False,False,API
11,0.0,0.0,7,4,8,False,177,55,1,3,270,0.0,4,True,False,Android
5,41.0,0.0,23,1,5,False,332,46,3,1,322,1926.0,4,False,False,Productivity
7,476.0,24.0,7,6,5,True,500,35,3,1,0,4030.0,1,False,False,Web App
2,25.0,21.0,7,3,6,True,196,57,3,4,264,0.0,7,True,False,Android
1,164.0,0.0,11,5,6,True,429,58,3,0,627,0.0,10,False,False,API
1,46.0,99.0,18,5,5,True,352,50,3,1,0,36990.0,6,True,False,Marketing
1,151.0,20.0,12,6,5,True,226,36,6,3,51,0.0,5,False,False,eBook Reader
1,132.0,28.0,16,3,5,True,371,26,3,0,281,613.0,5,True,False,Design Tools
7,55.0,4.0,6,0,6,False,391,57,2,1,262,189.0,10,False,False,Education
222,40.0,7.0,0,0,5,True,436,44,3,1,535,12331.0,6,True,False,Open Source
11,78.0,16.0,9,0,6,True,395,51,1,3,1135,0.0,9,False,False,Productivity
4,106.0,0.0,19,6,8,True,160,52,3,2,0,2899.0,10,True,False,Messaging
1,0.0,23.0,13,3,5,True,500,51,3,0,370,0.0,9,True,False,Artificial Intelligence
5,0.0,28.0,6,1,5,False,333,53,4,1,3526,916.0,8,True,False,Marketing
8,0.0,9.0,6,1,5,True,500,48,4,5,627,434.0,5,False,False,Mac
32,540.0,0.0,0,0,8,True,269,31,3,1,425,22140.0,4,True,False,Design Tools
8,517.0,19.0,7,4,6,False,500,45,4,1,0,3177.0,5,False,False,Mac
1,384.0,72.0,7,0,6,True,233,59,3,1,0,4222.0,6,False,False,Startup Books
24,145.0,2.0,7,6,5,True,308,19,3,1,0,2757.0,9,True,False,Customer Communication
4,0.0,0.0,15,3,1,False,477,53,4,1,194,553.0,12,True,False,Software Engineering
15,16.0,0.0,7,4,5,False,439,58,1,0,195,83.0,3,True,False,Developer Tools
1,98.0,7.0,7,1,6,True,500,41,3,2,374,70183.0,4,True,False,API
1,70.0,3.0,6,0,5,True,426,60,3,3,338,16413.0,8,False,False,Productivity
10,69.0,13.0,6,1,6,True,134,60,3,1,0,0.0,4,False,False,Open Source
1,253.0,0.0,2,2,6,True,307,59,3,4,24,0.0,5,False,False,Health & Fitness
7,0.0,0.0,7,2,2,False,48,42,3,1,0,0.0,5,True,False,Productivity
15,178.0,134.0,7,2,5,True,500,50,3,9,344,0.0,6,False,False,API
3,165.0,24.0,0,4,5,True,474,39,1,2,77,3730.0,4,False,False,Dating
5,153.0,172.0,14,2,5,True,227,52,3,1,85,0.0,4,False,False,Productivity
1,0.0,0.0,7,3,5,True,206,49,3,1,176,0.0,10,False,False,Fintech
32,0.0,8.0,6,3,1,False,500,60,2,1,639,1876.0,7,False,False,SaaS
1,161.0,48.0,7,6,5,True,425,48,3,1,50,4055.0,4,False,False,iOS
1,0.0,29.0,7,4,5,True,376,60,3,4,23,115744.0,6,False,False,Productivity
1,53.0,30.0,20,0,6,True,473,51,3,1,82,2101.0,7,False,False,Virtual Reality
2,50.0,1.0,7,6,5,True,379,32,4,1,0,2143.0,7,False,False,Android
2,0.0,11.0,7,4,5,True,500,50,3,1,4039,0.0,9,False,False,Developer Tools
4,0.0,14.0,6,3,5,True,142,39,3,1,0,121148.0,8,True,False,Open Source
1,28.0,11.0,23,2,5,False,376,60,3,1,0,45213.0,8,False,False,Open Source
1,0.0,17.0,7,3,6,True,270,60,3,1,2593,5823.0,7,False,False,Time Tracking
1,123.0,0.0,7,6,6,True,370,52,3,1,268,1159.0,6,False,False,Developer Tools
34,67.0,0.0,7,6,6,True,459,40,3,3,431,0.0,8,False,False,Productivity
5,75.0,35.0,6,5,6,True,63,57,3,0,0,3500.0,0,False,False,Email
8,114.0,34.0,6,5,5,True,159,41,5,1,365,0.0,9,False,False,API
7,139.0,5.0,7,5,6,True,375,60,3,1,0,0.0,5,True,False,Developer Tools
1,0.0,0.0,1,4,5,False,237,54,8,4,246,0.0,4,False,False,Developer Tools
6,0.0,28.0,15,1,5,True,259,54,3,1,0,0.0,4,False,False,Web App
23,15.0,15.0,13,2,6,False,337,57,4,5,0,0.0,5,False,False,Android
1,146.0,5.0,7,6,5,True,413,56,3,3,220,0.0,3,False,False,Marketing
1,0.0,31.0,7,3,6,True,389,47,3,4,0,92914.0,7,True,False,Health & Fitness
12,44.0,26.0,7,4,5,True,500,56,2,2,253,84245.0,6,False,False,Comics & Graphic Novels
17,86.0,27.0,7,3,5,True,486,39,3,0,0,1291.0,9,True,False,API
11,393.0,0.0,4,0,5,False,406,56,8,1,302,1086.0,4,False,False,Browser Extensions
19,8.0,0.0,6,3,1,True,470,54,3,2,0,0.0,7,True,False,Mac
23,43.0,11.0,7,4,5,True,473,60,3,2,279,0.0,4,False,False,Productivity
11,2661.0,15.0,0,3,5,True,167,50,3,2,252,4611.0,9,False,False,Design Tools
5,0.0,93.0,17,6,6,True,191,54,3,1,10,5478.0,7,False,False,Comics & Graphic Novels
1,0.0,44.0,19,5,6,True,500,56,3,2,0,0.0,6,True,False,Chrome Extensions
11,0.0,82.0,7,0,5,True,391,30,3,1,162,4751.0,6,False,False,Productivity
2,502.0,17.0,7,0,5,True,358,27,3,5,0,0.0,7,False,False,Menu Bar Apps
1,35.0,31.0,7,3,3,True,244,60,3,1,0,4084.0,4,False,False,Mac
4,92.0,14.0,6,4,5,False,296,59,3,1,57,29.0,9,True,False,Mac
10,50.0,10.0,7,3,5,True,430,44,1,0,352,73709.0,7,False,False,Fintech
6,187.0,20.0,12,3,6,True,499,50,4,5,138,138642.0,2,False,False,Productivity
15,25.0,24.0,14,3,5,True,463,60,3,1,0,0.0,1,True,False,API
4,12.0,27.0,7,4,5,True,457,54,3,1,307,1652.0,7,True,False,Open Source
6,97.0,36.0,13,4,6,True,500,60,3,1,353,22932.0,7,False,False,Design Tools
222,174.0,75.0,19,2,4,True,453,60,2,1,424,0.0,6,True,False,Tech
1,89.0,0.0,8,3,6,True,182,60,3,4,263,15980.0,7,True,False,API
3,66.0,11.0,18,1,5,True,201,30,3,0,0,5257.0,9,True,False,Sales
15,0.0,0.0,7,3,6,True,402,57,3,3,368,62.0,4,True,False,API
2,21.0,0.0,6,0,5,True,325,45,3,1,569,0.0,6,False,False,Design Tools
11,199.0,14.0,6,3,5,True,283,58,4,3,528,3496.0,3,False,False,Open Source
19,70.0,22.0,7,0,5,True,440,27,4,5,0,91638.0,7,True,False,Mac
13,0.0,0.0,8,3,6,True,464,53,3,1,234,2507.0,5,False,False,Productivity
1,51.0,0.0,19,6,5,False,70,50,3,1,0,6118.0,2,False,False,iOS
99,51.0,184.0,6,4,6,True,351,52,3,0,173,3126.0,4,True,False,Marketing
15,25.0,0.0,13,3,5,True,431,25,3,1,0,516.0,5,True,False,Web App
1,25.0,0.0,18,2,6,False,291,59,4,1,0,0.0,2,False,False,API
3,85.0,24.0,13,3,5,True,444,55,3,1,86,627.0,8,True,False,Health & Fitness
15,1.0,14.0,7,1,5,False,500,56,3,1,156,4662.0,4,True,False,Analytics
1,67.0,50.0,8,5,6,True,500,55,8,2,0,0.0,5,True,False,Venture Capital
1,118.0,32.0,6,5,6,True,500,53,3,5,2418,403.0,3,False,False,User Experience
1,363.0,56.0,13,0,5,True,401,53,3,2,0,146187.0,2,True,False,Health & Fitness
7,0.0,39.0,7,3,6,True,500,53,3,1,33,0.0,2,True,False,Retro Games
1,128.0,9.0,7,1,5,True,230,60,3,1,175,4201.0,1,False,False,Artificial Intelligence
1,0.0,0.0,23,2,5,True,251,38,4,1,29,5568.0,7,True,False,Marketing
6,258.0,26.0,23,3,5,True,406,59,3,1,373,0.0,6,False,False,Developer Tools
9,110.0,154.0,7,3,6,True,494,56,3,1,336,107620.0,5,False,False,Weather
11,155.0,27.0,14,2,6,True,420,59,3,1,0,146211.0,6,True,False,Android
92,50.0,18.0,7,4,5,True,260,56,1,1,360,1071.0,7,True,False,Chrome Extensions
6,98.0,106.0,7,2,2,True,433,50,3,2,484,139127.0,24,True,False,Productivity
7,157.0,2.0,6,3,6,True,300,55,4,1,355,4726.0,6,False,False,Artificial Intelligence
1,37.0,15.0,6,6,6,False,378,52,3,1,0,1856.0,0,True,False,Venture Capital
28,0.0,51.0,5,1,1,True,440,51,3,1,0,2935.0,12,False,False,User Experience
3,117.0,55.0,6,4,6,False,500,51,1,1,0,4604.0,4,False,False,Artificial Intelligence
8,0.0,2.0,10,5,5,True,179,43,4,1,309,0.0,8,True,False,Mac
3,30.0,11.0,7,0,6,True,413,51,3,0,150,0.0,9,True,False,Mac
8,282.0,135.0,7,4,6,True,316,52,3,2,43,133635.0,11,False,False,Productivity
22,130.0,17.0,7,5,5,True,170,54,3,0,23,0.0,12,False,False,Tech
1,1003.0,56.0,7,6,6,True,500,48,3,1,0,29297.0,9,False,False,iOS
2,82.0,1.0,7,0,6,True,443,59,4,1,1505,2461.0,6,False,False,Productivity
14,207.0,121.0,13,6,5,False,285,60,3,18,189,0.0,4,True,False,Developer Tools
12,216.0,1.0,23,4,4,True,443,48,3,1,74,30450.0,10,True,False,Android
1,0.0,3.0,10,3,6,True,220,47,3,1,0,791.0,8,False,False,Virtual Reality
4,183.0,0.0,7,0,5,True,500,52,3,1,150,0.0,5,False,False,Productivity
1,29.0,90.0,7,5,5,False,472,51,2,6,92,5630.0,6,False,False,Social Network
14,0.0,9.0,19,2,8,True,500,32,3,0,132,1894.0,1,True,False,Mac
105,68.0,0.0,7,3,6,False,500,57,9,2,0,2684.0,5,True,False,Analytics
1,154.0,18.0,13,3,6,True,426,54,3,5,765,4937.0,6,False,False,Email
5,88.0,44.0,6,1,5,True,463,58,2,1,39,3418.0,6,False,False,Health & Fitness
14,141.0,7.0,7,6,5,False,500,38,5,1,15,2670.0,6,False,False,Art
3,10.0,0.0,6,6,5,True,263,56,1,1,2854,4835.0,5,False,False,Social Media
14,5.0,130.0,7,0,5,True,356,60,3,1,260,0.0,12,False,False,Open Source
4,27.0,3.0,21,0,5,True,142,59,3,1,340,0.0,7,True,False,Artificial Intelligence
13,555.0,1.0,6,5,1,False,500,60,2,2,429,0.0,6,True,False,SaaS
1,590.0,31.0,14,3,5,True,247,48,3,1,476,3387.0,11,False,False,Sales
222,163.0,0.0,6,5,5,True,241,60,3,1,0,0.0,10,True,False,User Experience
15,9.0,11.0,6,4,5,False,437,52,3,1,0,3636.0,3,False,False,iOS
7,0.0,0.0,6,6,5,True,422,60,6,2,179,0.0,6,True,False,SaaS
1,0.0,0.0,16,1,6,True,468,60,3,1,301,4873.0,13,False,False,Browser Extensions
12,120.0,5.0,7,6,5,True,500,53,9,4,91,39597.0,10,False,False,Analytics
11,82.0,27.0,19,6,5,True,500,55,1,2,0,2676.0,8,False,False,API
1,51.0,0.0,7,5,5,False,379,48,1,3,0,4927.0,7,False,False,Sales
1,126.0,9.0,23,2,6,True,500,51,3,4,294,114659.0,3,False,False,Health & Fitness
15,46.0,16.0,6,5,5,True,343,49,1,1,0,1741.0,6,True,False,API
5,63.0,49.0,7,2,5,True,500,58,3,1,510,1884.0,4,False,False,Mac
46,3.0,16.0,7,3,5,True,439,53,3,1,474,12369.0,27,False,False,iOS
1,0.0,6.0,7,3,6,False,419,53,3,1,406,1346.0,8,False,False,Android
1,0.0,7.0,7,4,5,True,500,49,3,1,404,0.0,7,False,False,Android
1,70.0,15.0,20,3,5,True,128,47,2,4,0,505.0,0,False,False,Android
19,36.0,3.0,20,0,1,True,63,33,1,1,0,0.0,6,False,False,Chrome Extensions
12,216.0,15.0,8,2,6,True,262,57,3,1,667,3453.0,8,True,False,Productivity
3,105.0,49.0,23,3,6,False,93,52,3,1,525,3672.0,6,False,False,Artificial Intelligence
1,0.0,4.0,8,6,5,False,500,60,1,2,0,2171.0,3,True,False,Analytics
1,46.0,6.0,6,3,5,True,446,60,1,1,111,0.0,4,True,False,Mac
2,131.0,16.0,10,5,6,True,500,56,4,5,335,126440.0,5,False,False,Software Engineering
1,212.0,98.0,8,3,6,True,500,57,3,2,0,5812.0,5,False,False,iOS
1,153.0,14.0,7,4,6,True,386,49,4,4,0,0.0,6,False,False,Productivity
14,103.0,0.0,23,1,5,False,441,60,3,1,0,85.0,5,False,False,Venture Capital
8,179.0,6.0,23,2,5,True,186,53,3,2,0,10580.0,5,True,False,Productivity
1,122.0,26.0,3,3,6,True,483,48,3,5,505,2972.0,7,False,False,Sales
21,98.0,3.0,11,4,5,True,316,58,2,5,208,1243.0,7,False,False,Productivity
4,0.0,51.0,15,1,6,True,373,59,3,1,95,970.0,4,False,False,Productivity
5,0.0,16.0,7,2,5,True,269,58,4,2,117,75494.0,8,True,False,Mac
3,47.0,82.0,7,0,6,True,297,47,3,1,0,0.0,4,False,False,Productivity
16,111.0,0.0,7,3,5,True,500,24,3,1,501,3402.0,9,True,False,Comics & Graphic Novels
1,707.0,1.0,12,0,6,True,465,60,3,1,0,0.0,5,False,False,Productivity
8,188.0,11.0,7,2,6,True,442,55,3,1,439,438.0,5,False,False,Software Engineering
14,124.0,29.0,7,5,6,True,356,45,3,1,0,133248.0,3,False,False,Tech
1,53.0,8.0,7,1,5,True,461,60,3,1,517,2287.0,8,False,False,Chrome Extensions
20,0.0,52.0,2,3,5,False,279,46,1,2,57,81.0,4,False,False,Design Tools
1,91.0,0.0,15,4,5,True,433,58,2,6,363,325.0,6,True,False,Open Source
1,232.0,13.0,2,6,1,True,155,60,3,7,0,1832.0,6,False,False,Productivity
20,105.0,21.0,21,3,6,True,500,32,3,1,0,0.0,7,False,False,API
8,96.0,0.0,9,5,6,True,409,60,3,1,0,6386.0,6,True,False,Productivity
10,117.0,10.0,6,5,5,True,433,54,3,0,0,6228.0,0,False,False,Tech
8,111.0,3.0,12,2,6,True,250,38,3,1,502,0.0,7,True,False,Web App
4,54.0,8.0,6,3,5,True,500,58,3,2,121,2410.0,3,False,False,Productivity
25,190.0,143.0,14,6,5,True,461,32,3,1,0,13619.0,6,False,False,Sales
3,72.0,0.0,7,4,5,True,306,47,1,0,0,4089.0,5,True,False,Software Engineering
12,68.0,34.0,13,4,5,True,500,41,2,2,680,1757.0,8,False,False,Productivity
16,99.0,49.0,6,3,5,True,314,58,4,8,0,0.0,6,False,False,API
2,133.0,29.0,7,4,5,True,376,56,3,0,0,2209.0,9,False,False,Productivity
7,5.0,0.0,7,3,6,True,461,59,3,4,300,0.0,5,False,False,Social Media
1,94.0,7.0,7,2,5,True,160,38,3,5,70,0.0,5,False,False,Chrome Extensions
1,95.0,7.0,7,0,5,True,426,60,3,2,0,1416.0,5,True,False,iOS
56,0.0,0.0,13,1,5,False,434,53,2,8,0,0.0,4,False,False,Android
6,70.0,18.0,11,2,6,True,500,57,1,0,117,5185.0,7,True,False,API
2,55.0,8.0,10,0,6,True,296,49,4,2,112,1878.0,4,False,False,API
6,81.0,70.0,7,3,6,True,482,56,4,4,112,128.0,7,True,False,SaaS
11,63.0,0.0,19,1,6,True,111,57,3,1,303,920.0,8,False,False,Social Media
9,0.0,1.0,6,5,6,True,109,41,6,1,259,0.0,7,False,False,Task Management
7,0.0,18.0,7,3,5,True,429,60,3,1,74,0.0,8,True,False,Hiring
11,0.0,0.0,8,1,2,False,500,60,3,3,555,0.0,5,False,False,Growth Hacking
14,84.0,21.0,6,6,6,True,500,37,3,2,0,6462.0,7,True,False,Artificial Intelligence
11,84.0,19.0,4,3,3,False,376,60,3,1,106,486.0,7,False,False,WordPress
12,108.0,52.0,4,0,5,True,120,57,3,1,138,127.0,3,False,False,Marketing
1,99.0,46.0,17,3,1,True,468,55,3,1,268,3739.0,6,False,False,Productivity
1,18.0,161.0,6,5,6,False,359,50,4,9,0,10607.0,6,True,False,Writing
1,0.0,4.0,22,3,5,True,468,54,3,4,0,17610.0,6,False,False,Developer Tools
14,81.0,0.0,7,2,5,False,361,59,1,0,760,3193.0,5,False,False,Artificial Intelligence
31,0.0,0.0,0,1,5,False,213,60,3,1,216,30688.0,6,False,False,3D Printer
11,0.0,0.0,6,5,5,False,480,60,4,1,0,4167.0,7,False,False,API
5,241.0,16.0,13,0,6,True,366,44,3,3,82,0.0,6,True,False,API
1,125.0,0.0,23,6,5,True,427,60,1,1,254,0.0,6,False,False,Tech
5,0.0,0.0,10,2,9,True,112,46,4,1,0,5751.0,3,False,False,API
3,1.0,8.0,16,6,6,False,500,38,1,1,0,4050.0,4,False,False,User Experience
1,0.0,0.0,10,6,5,True,402,60,3,1,436,1221.0,8,False,False,Health & Fitness
89,58.0,47.0,6,0,6,True,468,50,3,4,10,3247.0,11,True,False,Productivity
51,109.0,53.0,7,3,1,True,363,52,3,1,0,0.0,7,True,False,Mac
2,157.0,0.0,0,6,6,True,251,60,3,1,258,42930.0,5,False,False,Productivity
19,46.0,21.0,7,0,5,True,261,58,3,2,0,0.0,2,True,False,Developer Tools
1,0.0,2.0,6,6,6,False,419,51,3,1,0,4262.0,2,True,False,Social Media
9,92.0,12.0,7,1,5,False,116,55,4,3,0,0.0,7,False,False,User Experience
3,39.0,0.0,11,5,5,True,491,39,3,2,0,995.0,6,True,False,iOS
5,107.0,59.0,22,3,5,True,275,58,4,1,123,0.0,27,True,False,Chrome Extensions
7,31.0,0.0,22,3,2,True,329,27,4,2,240,8945.0,12,False,False,SaaS
1,88.0,15.0,8,6,5,True,129,54,3,1,0,1384.0,13,True,False,iOS
3,127.0,20.0,7,0,5,True,483,52,3,6,0,4450.0,6,False,False,Social Network
1,110.0,0.0,7,3,5,True,219,51,3,1,0,30282.0,5,True,False,iOS
6,0.0,85.0,7,1,6,True,320,53,4,1,0,3817.0,5,False,False,Productivity
4,0.0,4.0,7,1,5,False,471,57,4,1,0,2258.0,0,False,False,Productivity
1,16.0,6.0,7,3,6,True,378,59,3,1,466,0.0,13,True,False,Mac
1,88.0,98.0,11,4,2,True,467,56,3,1,191,1999.0,9,True,False,Android
11,72.0,5.0,13,5,6,False,500,60,3,0,45,0.0,3,False,False,Design Tools
1,103.0,7.0,8,4,6,True,496,60,3,1,13,2006.0,8,True,False,Productivity
24,259.0,1.0,11,3,8,False,413,57,3,2,0,0.0,4,False,False,API
1,84.0,2.0,10,3,6,True,500,60,3,2,397,114152.0,2,False,False,Design Tools
5,48.0,9.0,6,6,5,True,464,57,3,1,817,473.0,10,True,False,Open Source
1,89.0,31.0,6,3,6,True,432,58,3,1,0,1338.0,4,False,False,iOS
4,40.0,0.0,7,2,5,False,341,53,4,1,0,142311.0,12,True,False,Android
17,346.0,0.0,7,1,5,True,392,50,2,1,0,135129.0,8,True,False,Design Tools
5,57.0,34.0,21,3,7,False,483,49,3,2,152,4267.0,9,True,False,Mac
133,211.0,4.0,13,0,5,True,500,54,2,4,0,55291.0,2,True,False,Health & Fitness
4,10.0,32.0,8,5,6,True,402,51,3,1,20,1744.0,5,False,False,Mac
6,13.0,30.0,6,3,5,True,452,48,3,7,127,2644.0,7,True,False,Browser Extensions
11,0.0,52.0,7,5,5,True,500,28,1,1,0,2433.0,7,True,False,Social Media
1,0.0,134.0,6,3,6,True,319,51,3,3,0,1255.0,3,True,False,Sales
31,72.0,92.0,13,2,9,True,404,42,3,1,397,1073.0,6,False,False,Android
8,101.0,0.0,11,4,6,True,387,59,4,1,273,347.0,6,False,False,Streaming Services
17,0.0,0.0,6,4,5,True,500,60,2,1,801,0.0,8,True,False,Cars
30,51.0,0.0,17,4,6,True,262,55,3,1,3444,14594.0,9,True,False,API
8,31.0,5.0,7,1,5,False,369,51,2,1,0,0.0,4,False,False,SaaS
7,531.0,4.0,7,5,6,True,420,44,3,1,0,0.0,7,False,False,Social Media
1,64.0,76.0,8,0,6,True,416,57,3,1,485,1795.0,11,False,False,Email
84,23.0,2.0,6,2,5,False,233,40,3,1,0,16037.0,6,False,False,Android
3,1290.0,39.0,23,5,5,False,415,59,3,2,453,2212.0,5,False,False,Hiring
2,0.0,28.0,7,1,5,False,431,35,2,1,525,1513.0,18,False,False,Android
14,128.0,39.0,6,3,5,False,157,60,3,1,0,765.0,5,True,False,Health & Fitness
2,0.0,4.0,19,5,3,False,474,55,3,1,437,0.0,5,True,False,Fintech
10,0.0,0.0,19,5,6,True,500,60,3,1,65,3116.0,12,False,False,Developer Tools
1,0.0,18.0,7,0,2,True,413,52,4,2,112,3542.0,5,False,False,Productivity
17,92.0,9.0,7,5,6,False,295,54,1,1,249,67042.0,7,True,False,Social Media
4,219.0,7.0,10,5,5,True,356,48,3,4,0,117.0,6,True,False,Chrome Extensions
1,135.0,97.0,6,0,1,True,441,58,3,1,658,0.0,10,False,False,Android
15,30.0,4.0,4,3,5,True,500,59,3,1,244,0.0,8,True,False,Payments
1,57.0,0.0,7,3,6,True,182,47,3,1,0,0.0,8,False,False,Productivity
39,106.0,29.0,7,5,6,True,403,55,1,0,138,3037.0,6,False,False,Android
1,100.0,22.0,7,3,6,True,208,38,3,1,0,5885.0,0,True,False,Health & Fitness
1,87.0,10.0,21,3,6,True,48,48,3,1,440,145452.0,5,True,False,Productivity
32,0.0,66.0,12,5,5,False,479,60,3,1,34,0.0,13,False,False,Tech
5,0.0,10.0,9,0,5,True,251,47,3,1,179,4349.0,9,True,False,Email Marketing
6,104.0,26.0,16,0,5,True,358,47,3,1,464,1838.0,5,False,False,Productivity
6,1.0,42.0,20,4,5,False,327,60,1,2,208,2630.0,6,True,False,Artificial Intelligence
182,79.0,4.0,20,3,5,True,100,50,3,1,359,54734.0,6,False,False,SaaS
11,0.0,0.0,6,0,5,True,324,55,3,1,0,1686.0,3,False,False,Health & Fitness
12,16.0,0.0,7,2,1,True,214,49,1,0,0,4493.0,3,False,False,Health & Fitness
91,188.0,0.0,6,0,5,True,400,35,3,4,59,0.0,15,True,False,Android
1,0.0,0.0,13,3,5,True,468,60,3,3,604,121859.0,9,True,False,Productivity
5,136.0,89.0,14,4,5,True,306,54,2,0,225,1641.0,8,True,False,Productivity
12,1560.0,3.0,7,0,5,True,426,53,3,6,259,14465.0,6,False,False,Productivity
5,42.0,34.0,8,4,1,False,486,45,3,1,4766,0.0,8,True,False,Venture Capital
1,161.0,61.0,7,4,5,True,390,49,3,1,367,2368.0,20,True,False,Productivity
1,83.0,27.0,7,4,5,True,245,57,3,6,245,371.0,7,True,False,Audio
3,31.0,0.0,11,6,5,False,360,37,3,1,0,27221.0,4,False,False,iOS
18,61.0,28.0,7,3,6,True,291,32,3,1,32,0.0,8,False,False,Mac
13,598.0,0.0,7,5,5,True,446,58,4,2,9,497.0,8,False,False,Mac
19,189.0,21.0,10,5,5,False,311,59,6,0,0,0.0,10,False,False,Hiring
8,20.0,20.0,15,2,5,True,149,59,3,1,0,0.0,6,False,False,Developer Tools
4,2661.0,0.0,8,5,5,True,169,46,3,1,0,163071.0,6,True,False,Productivity
1,157.0,5.0,6,5,6,True,416,53,5,4,88,9203.0,26,False,False,Developer Tools
8,167.0,33.0,13,4,5,True,483,60,8,2,1317,0.0,3,False,False,Web App
1,8.0,138.0,18,5,6,True,465,60,3,1,0,6642.0,3,False,False,Tech
20,13.0,4.0,23,3,5,False,456,57,3,0,0,0.0,8,False,False,Browser Extensions
3,109.0,53.0,6,5,5,False,226,60,5,2,140,0.0,8,False,False,Couples
10,0.0,122.0,6,3,6,True,307,52,3,1,0,57472.0,7,True,False,Tech
1,2.0,6.0,7,0,5,True,275,23,3,1,560,0.0,9,False,False,Mac
7,91.0,36.0,20,0,6,False,205,59,2,3,188,617.0,11,True,False,Design Tools
16,228.0,0.0,17,5,5,True,188,37,4,0,0,0.0,7,False,False,Productivity
12,77.0,14.0,8,4,6,True,500,55,3,3,707,62.0,4,False,False,Mac
41,0.0,0.0,16,0,5,True,307,58,2,1,0,0.0,4,False,False,Web App
3,598.0,11.0,23,2,5,True,308,55,3,1,3,26080.0,4,False,False,Customer Communication
1,35.0,31.0,7,6,5,True,368,44,3,2,0,20547.0,9,True,False,Open Source
7,114.0,21.0,7,0,1,True,350,58,3,1,399,7282.0,8,True,False,API
13,0.0,1.0,6,1,5,False,500,52,4,5,0,0.0,6,False,False,Browser Extensions
6,274.0,6.0,21,3,5,True,275,54,3,1,116,0.0,8,False,False,iOS
6,7.0,0.0,6,6,5,True,477,55,1,22,0,27726.0,6,False,False,iOS
13,0.0,0.0,17,3,5,False,339,60,3,1,438,0.0,13,True,False,Mac
38,202.0,0.0,7,4,6,True,211,60,3,2,122,109641.0,12,False,False,Browser Extensions
4,12.0,25.0,23,3,6,True,251,53,3,1,580,1028.0,5,False,False,Developer Tools
7,15.0,0.0,11,3,5,True,180,57,3,1,454,0.0,6,False,False,Dating
1,17.0,23.0,7,3,5,True,363,60,3,1,515,10648.0,7,True,False,Marketing
6,315.0,5.0,15,6,5,False,402,50,2,1,557,0.0,7,False,False,Crypto
12,0.0,33.0,7,2,6,True,364,60,3,0,0,0.0,6,False,False,Home
1,313.0,7.0,23,4,5,True,278,53,3,1,0,62645.0,6,False,False,Productivity
8,42.0,6.0,6,3,5,True,193,55,3,2,0,0.0,1,False,False,iOS
2,31.0,2.0,22,2,6,False,500,54,2,3,0,547.0,3,False,False,Developer Tools
16,44.0,13.0,6,3,6,True,388,58,3,2,3435,90525.0,6,False,False,Productivity
16,118.0,0.0,9,3,5,False,316,55,2,4,231,2978.0,5,False,False,Productivity
16,71.0,22.0,6,4,6,True,432,40,3,1,644,90728.0,4,True,False,Vibe coding
4,13.0,0.0,6,3,2,True,163,60,3,9,0,422.0,5,False,False,WordPress
12,74.0,112.0,7,2,5,False,500,56,2,1,0,4970.0,1,False,False,User Experience
10,16.0,30.0,10,6,6,False,254,56,3,7,479,1944.0,6,False,False,Android
6,38.0,8.0,16,5,6,True,323,48,2,1,321,3123.0,5,True,False,Android
3,54.0,16.0,15,1,6,True,457,60,3,1,371,0.0,6,False,False,Productivity
10,71.0,39.0,7,1,6,False,500,46,3,1,209,716.0,1,True,False,Productivity
39,71.0,21.0,10,6,9,True,210,51,3,3,266,4909.0,13,True,False,Mac
12,189.0,0.0,14,4,6,True,409,60,4,3,0,1426.0,6,False,False,Web App
1,95.0,0.0,7,2,1,True,448,60,3,1,445,11787.0,7,True,False,Android
1,186.0,0.0,7,5,5,False,347,54,3,5,0,5397.0,6,False,False,iOS
1,183.0,3.0,15,5,6,True,500,48,1,1,0,3939.0,3,False,False,SaaS
12,920.0,45.0,7,0,5,True,500,49,3,0,762,3564.0,7,False,False,Customer Success
1,53.0,104.0,9,5,6,True,367,50,4,3,0,2566.0,5,False,False,Productivity
9,53.0,13.0,7,2,5,True,438,53,3,1,264,0.0,6,False,False,Open Source
26,73.0,11.0,17,0,6,True,364,60,3,3,284,6712.0,13,True,False,Web App
1,18.0,0.0,7,3,5,True,409,54,3,6,129,5182.0,12,True,False,Health & Fitness
10,2.0,11.0,12,3,7,True,97,60,3,2,0,599.0,6,False,False,Marketing
11,0.0,0.0,7,4,6,True,98,60,4,1,294,2188.0,8,True,False,SaaS
1,86.0,56.0,6,4,6,True,321,57,3,0,0,2494.0,11,False,False,Marketing
1,252.0,14.0,11,5,5,False,406,58,5,1,538,0.0,8,False,False,Open Source
13,57.0,0.0,11,5,9,True,401,60,3,3,0,584.0,8,False,False,Sales
13,143.0,23.0,7,1,6,True,236,60,3,0,437,72.0,7,False,False,Design Tools
11,52.0,22.0,11,0,6,False,48,50,2,3,396,3010.0,4,False,False,Health & Fitness
12,191.0,38.0,12,1,6,True,107,58,8,1,116,1503.0,9,True,False,Android
48,11.0,23.0,6,4,5,True,285,60,3,1,138,20273.0,7,False,False,Productivity
9,426.0,28.0,19,2,6,True,141,43,2,2,449,0.0,7,False,False,Open Source
13,41.0,39.0,7,3,5,True,313,55,3,1,277,5104.0,7,False,False,Web App
10,414.0,20.0,19,4,5,True,191,21,2,0,0,165194.0,4,True,False,API
7,136.0,17.0,6,5,6,True,354,52,3,2,130,4601.0,8,False,False,Artificial Intelligence
1,0.0,78.0,8,2,5,False,436,55,5,1,762,505.0,5,False,False,Sales
4,64.0,10.0,6,0,5,False,204,60,4,8,508,3656.0,9,False,False,Open Source
19,561.0,15.0,8,0,6,True,199,60,8,1,103,2683.0,9,True,False,Linux
10,195.0,59.0,14,1,5,True,500,57,1,1,0,744.0,6,True,False,Meetings
6,29.0,19.0,6,4,5,True,488,58,3,1,543,1687.0,7,False,False,Analytics
10,266.0,118.0,21,1,5,True,452,50,3,3,173,0.0,11,True,False,Artificial Intelligence
10,364.0,15.0,7,1,6,True,500,48,3,1,395,1011.0,9,False,False,Mac
1,0.0,29.0,0,1,5,True,322,36,8,4,0,352.0,8,True,False,Artificial Intelligence
13,253.0,11.0,6,3,6,False,493,42,4,1,538,0.0,2,True,False,Developer Tools
3,60.0,13.0,13,4,6,True,245,53,3,2,436,0.0,8,True,False,API
4,61.0,3.0,10,0,5,True,99,60,3,4,393,59009.0,7,True,False,Messaging
17,175.0,0.0,7,0,6,True,500,60,3,5,388,0.0,3,False,False,Open Source
1,61.0,0.0,6,1,6,True,220,27,2,1,80,4733.0,4,False,False,Fashion
1,1.0,0.0,6,4,5,True,271,59,3,2,17,0.0,3,True,False,Productivity
10,149.0,2.0,7,3,5,True,272,27,3,4,411,2434.0,9,True,False,Open Source
18,0.0,8.0,6,4,5,True,300,53,3,1,0,0.0,4,True,False,Mac
7,81.0,7.0,8,0,6,True,500,59,3,1,123,0.0,4,False,False,Productivity
1,456.0,18.0,8,0,8,True,259,59,3,1,23,2679.0,4,True,False,iOS
1,242.0,15.0,7,3,5,False,340,60,3,8,495,0.0,6,True,False,iOS
4,331.0,106.0,7,3,6,False,378,34,3,1,61,0.0,10,True,False,Privacy
1,0.0,0.0,5,2,5,True,227,35,3,1,487,0.0,7,False,False,Browser Extensions
17,0.0,17.0,6,4,6,True,297,48,2,1,221,1765.0,9,False,False,Productivity
3,85.0,0.0,6,5,2,True,169,58,4,0,504,4806.0,3,True,False,Productivity
8,0.0,10.0,10,0,6,True,133,42,3,1,13004,99453.0,6,True,False,Artificial Intelligence
5,0.0,20.0,14,1,5,True,464,30,3,0,37,9557.0,6,False,False,API
3,52.0,0.0,7,3,6,False,432,60,2,1,0,126162.0,7,False,False,Marketing
11,31.0,2.0,23,5,1,False,500,46,3,3,147,77124.0,6,False,False,Productivity
14,305.0,0.0,7,1,5,True,376,51,3,1,164,4340.0,4,False,False,API
1,0.0,3.0,7,3,5,True,206,59,5,1,485,759.0,4,False,False,Web App
1,0.0,118.0,7,3,5,True,433,50,3,2,327,2593.0,4,True,False,Tech
12,126.0,37.0,7,3,5,True,420,50,3,2,162,5814.0,4,False,False,Streaming Services
4,33.0,8.0,7,2,5,True,439,53,3,1,110,0.0,4,False,False,Artificial Intelligence
2,69.0,0.0,16,6,5,False,426,60,5,1,144,0.0,7,False,False,Social Media
24,626.0,2.0,6,2,5,True,409,54,3,2,0,0.0,3,True,False,Email
6,206.0,114.0,7,6,5,True,469,55,3,1,0,1086.0,8,False,False,Tech
1,890.0,0.0,7,6,6,True,480,56,3,5,0,947.0,5,False,False,Developer Tools
1,42.0,0.0,9,4,6,True,492,60,3,7,550,0.0,7,False,False,Productivity
1,96.0,0.0,17,3,5,False,500,39,3,1,53,0.0,7,True,False,Productivity
6,147.0,18.0,7,3,6,True,295,57,3,2,378,959.0,6,False,False,iOS
6,7.0,0.0,12,1,5,False,415,57,2,8,336,1912.0,3,True,False,Robots
1,0.0,0.0,7,5,2,False,442,58,3,8,199,3998.0,6,True,False,Productivity
9,28.0,7.0,7,5,5,True,193,24,3,1,0,3791.0,4,False,False,Productivity
4,177.0,24.0,8,3,5,True,465,55,4,1,469,15787.0,27,True,False,Productivity
8,651.0,0.0,23,2,6,True,471,46,3,0,15,0.0,9,False,False,Mac
1,43.0,44.0,18,6,5,False,219,50,3,2,100,1237.0,8,False,False,User Experience
1,80.0,0.0,5,2,5,True,373,38,3,1,588,114516.0,7,False,False,Productivity
1,0.0,46.0,7,0,5,True,478,52,3,5,225,114.0,10,False,False,Fintech
3,191.0,16.0,14,0,5,True,436,54,1,1,0,1352.0,4,True,False,Education
11,67.0,42.0,6,3,5,True,443,54,3,0,613,3212.0,9,False,False,Productivity
10,3.0,23.0,6,4,5,True,428,59,2,4,0,23.0,15,False,False,Health & Fitness
24,511.0,55.0,6,3,4,True,92,56,4,3,305,0.0,5,True,False,Writing
1,135.0,41.0,8,5,5,True,140,60,3,0,247,607.0,8,True,False,Mac
15,592.0,7.0,3,4,6,False,342,42,3,4,0,8145.0,2,False,False,Email
7,64.0,26.0,7,5,6,True,329,48,3,3,491,4115.0,13,True,False,Developer Tools
16,0.0,15.0,6,5,5,False,435,43,2,1,0,0.0,3,True,False,Messaging
1,43.0,1.0,8,5,5,True,318,60,4,1,494,5805.0,8,False,False,Productivity
4,170.0,49.0,6,0,7,True,500,59,3,1,325,288.0,3,False,False,Design Tools
4,0.0,14.0,6,4,6,True,500,60,3,1,662,0.0,5,False,False,Open Source
3,23.0,43.0,6,5,6,True,407,52,3,0,0,111553.0,7,True,False,Productivity
20,125.0,0.0,8,1,6,True,500,47,4,1,0,3614.0,3,False,False,Web App
1,0.0,11.0,6,5,5,True,349,53,3,1,177,2954.0,8,False,False,Productivity
1,74.0,0.0,7,4,6,False,500,51,3,1,389,34196.0,4,False,False,Chrome Extensions
3,78.0,3.0,7,2,6,True,493,39,1,3,377,4553.0,6,True,False,Mac
15,177.0,63.0,6,6,5,True,172,60,1,1,0,14269.0,9,True,False,Music
1,0.0,28.0,7,3,5,True,485,57,3,1,254,98577.0,2,True,False,Growth Hacking
14,138.0,0.0,19,5,5,True,176,36,8,2,0,0.0,5,False,False,Software Engineering
19,203.0,269.0,7,5,6,False,419,60,1,3,445,2503.0,5,False,False,Tech
1,162.0,26.0,23,2,6,True,500,55,3,1,152,0.0,6,True,False,Productivity
29,69.0,33.0,7,1,5,True,85,48,1,1,0,24299.0,8,False,False,Prototyping
1,0.0,25.0,6,3,5,False,249,42,4,1,0,0.0,7,True,False,WordPress
2,0.0,0.0,17,5,5,True,397,58,3,1,488,494.0,9,False,False,eBook Reader
8,154.0,17.0,7,4,5,True,491,50,2,1,351,0.0,9,True,False,Privacy
3,0.0,0.0,7,0,5,False,499,60,3,1,462,114859.0,5,False,False,Developer Tools
7,81.0,0.0,12,3,10,True,358,49,3,0,136,5161.0,0,False,False,Chrome Extensions
1,199.0,22.0,8,0,6,True,175,27,3,1,203,15320.0,1,True,False,Design Tools
4,469.0,3.0,16,5,5,False,442,44,2,1,477,131.0,5,True,False,Android
1,91.0,0.0,7,4,6,False,287,59,3,4,184,133503.0,3,False,False,Productivity
6,0.0,308.0,7,2,5,True,344,51,3,2,306,0.0,7,True,False,Mac
18,75.0,21.0,7,5,5,True,448,52,3,1,100,122053.0,5,True,False,API
1,93.0,1.0,10,1,5,True,440,60,3,4,0,0.0,7,True,False,Social Media
9,0.0,17.0,6,2,5,True,413,49,3,2,0,0.0,7,True,False,Artificial Intelligence
7,126.0,13.0,8,0,6,True,400,60,3,1,159,2004.0,4,False,False,Fintech
1,619.0,19.0,7,4,5,True,129,59,3,2,0,9813.0,7,True,False,iOS
1,108.0,66.0,7,3,5,True,500,50,3,0,340,0.0,1,False,False,Health & Fitness
1,0.0,48.0,3,5,5,True,500,60,4,2,468,2361.0,11,True,False,Audio
1,76.0,16.0,15,3,6,True,396,50,3,2,395,3965.0,9,True,False,Developer Tools
1,0.0,5.0,14,0,3,False,240,36,4,0,0,16.0,2,True,False,Design Tools
1,106.0,19.0,6,5,5,True,215,54,4,4,284,1433.0,7,True,False,Notes
1,74.0,21.0,7,3,6,True,195,59,4,1,632,2107.0,8,True,False,Chrome Extensions
10,139.0,0.0,23,5,5,True,48,56,3,1,0,2771.0,8,True,False,Mac
1,0.0,10.0,7,5,6,True,500,33,2,4,0,0.0,4,True,False,Health & Fitness
10,0.0,0.0,7,0,5,True,493,58,3,1,400,0.0,2,False,False,Productivity
1,0.0,4.0,17,3,6,True,48,58,3,1,0,0.0,10,True,False,Browser Extensions
11,11.0,2.0,16,6,5,False,306,52,1,1,361,0.0,4,False,False,Hardware
5,276.0,3.0,6,4,6,True,500,50,3,7,779,1553.0,5,True,False,Design Tools
1,255.0,47.0,7,2,5,False,392,59,2,1,335,0.0,8,False,False,Productivity
17,29.0,48.0,7,3,5,False,191,59,3,0,0,0.0,0,False,False,Design Tools
12,67.0,18.0,7,5,6,True,182,59,2,1,241,2898.0,10,False,False,Artificial Intelligence
1,10.0,102.0,6,6,6,True,500,52,3,1,122,3954.0,8,False,False,API
1,31.0,35.0,8,1,5,False,357,55,3,1,0,0.0,0,False,False,Payments
9,0.0,0.0,11,2,6,True,445,55,3,3,429,230.0,3,True,False,API
6,188.0,0.0,7,2,5,True,450,42,3,1,460,0.0,3,False,False,Productivity
27,0.0,8.0,1,0,5,True,252,60,3,1,0,75197.0,3,True,False,Design Tools
12,132.0,0.0,17,3,5,False,336,60,3,2,1524,3158.0,9,False,False,Productivity
15,70.0,9.0,7,5,6,True,251,43,3,1,102,1536.0,6,False,False,Social Media
1,0.0,112.0,12,1,5,True,496,60,3,2,182,4071.0,2,True,False,Mac
3,18.0,24.0,8,4,6,False,464,60,3,1,242,0.0,4,False,False,Open Source
15,68.0,15.0,7,2,5,False,420,57,3,1,0,0.0,6,False,False,Sales
1,31.0,9.0,6,3,5,True,157,60,3,5,436,9657.0,5,False,False,Design Tools
7,120.0,24.0,14,5,6,True,384,56,9,4,300,0.0,8,True,False,Home
5,83.0,0.0,7,0,5,True,147,60,3,0,90,0.0,0,True,False,Artificial Intelligence
21,55.0,129.0,23,6,5,False,469,60,2,1,154,0.0,10,False,False,Mac
1,135.0,74.0,23,3,6,True,336,54,3,1,186,106077.0,7,True,False,Mac
8,71.0,5.0,7,2,6,True,371,58,2,3,329,15853.0,5,False,False,Productivity
45,46.0,0.0,7,3,6,True,197,60,3,5,0,19.0,3,False,False,Productivity
1,0.0,14.0,22,0,6,False,333,55,3,0,0,0.0,2,False,False,Productivity
26,9.0,44.0,6,3,5,True,405,52,4,1,0,61885.0,7,False,False,Analytics
6,110.0,0.0,7,5,6,False,190,51,1,2,113,5867.0,1,True,False,Robots
3,121.0,19.0,10,4,5,True,371,60,3,1,0,0.0,1,False,False,Developer Tools
11,242.0,101.0,7,3,6,True,397,54,3,2,232,2112.0,5,True,False,Developer Tools
10,34.0,6.0,23,4,4,True,486,54,3,0,0,1091.0,6,False,False,API
9,118.0,0.0,7,4,6,True,426,52,4,4,312,99319.0,8,False,False,Marketing
12,36.0,30.0,7,6,5,False,204,60,2,2,121,3093.0,8,False,False,Analytics
5,162.0,27.0,7,6,5,True,500,60,3,1,623,0.0,7,True,False,Design Tools
2,221.0,0.0,23,0,5,False,48,56,1,1,0,0.0,7,False,False,Analytics
38,47.0,0.0,0,1,5,True,451,60,2,1,0,5579.0,12,True,False,Productivity
7,133.0,2.0,18,2,5,True,123,51,3,1,0,0.0,6,False,False,Web App
1,446.0,4.0,7,1,6,True,364,52,2,1,151,4758.0,5,True,False,Open Source
27,186.0,10.0,11,3,1,True,360,51,4,3,301,1144.0,11,False,False,Open Source
15,0.0,0.0,6,5,5,True,433,56,5,3,0,0.0,1,True,False,SaaS
15,127.0,2.0,19,4,6,False,180,53,4,2,83,0.0,5,False,False,Dating
6,81.0,0.0,21,0,5,True,334,60,3,2,0,0.0,8,False,False,Open Source
4,0.0,26.0,8,3,5,True,211,58,3,1,151,11250.0,7,True,False,Open Source
6,0.0,12.0,13,3,5,True,286,60,3,5,405,612.0,8,False,False,Design Tools
21,35.0,0.0,7,1,5,True,288,59,4,2,0,31850.0,7,True,False,Cars
1,76.0,101.0,21,4,5,True,500,42,3,1,511,1746.0,7,False,False,Productivity
3,85.0,8.0,6,1,5,True,389,53,4,1,270,119435.0,3,True,False,Privacy
1,114.0,0.0,21,6,5,True,446,53,8,0,0,5380.0,1,True,False,Software Engineering
12,29.0,16.0,7,3,5,True,132,60,4,0,0,0.0,2,False,False,Customer Communication
12,138.0,9.0,6,2,5,True,433,57,3,6,382,0.0,7,False,False,API
13,51.0,0.0,7,5,1,False,70,51,1,1,0,4186.0,3,False,False,iOS
6,36.0,18.0,7,4,6,False,470,60,2,1,418,213.0,3,False,False,Task Management
10,24.0,9.0,14,6,5,True,470,55,4,4,0,2735.0,5,False,False,Productivity
9,145.0,33.0,7,3,1,True,381,55,4,1,299,0.0,10,False,False,Prototyping
6,0.0,0.0,6,6,6,False,500,52,3,4,0,0.0,3,False,False,Open Source
13,120.0,10.0,14,5,5,True,312,55,4,4,96,3054.0,5,True,False,iOS
14,13.0,0.0,7,5,5,True,248,48,1,2,0,2808.0,3,False,False,Productivity
27,436.0,10.0,11,3,6,True,500,59,4,3,377,28573.0,6,True,False,Marketing
1,0.0,57.0,7,2,5,True,429,56,3,1,0,0.0,6,True,False,Productivity
15,0.0,23.0,15,3,1,False,488,39,2,3,0,101287.0,6,False,False,Artificial Intelligence
3,164.0,63.0,23,0,1,True,246,52,3,3,285,0.0,10,True,False,Sales
1,0.0,1.0,7,5,6,True,381,22,3,1,198,132.0,12,False,False,Analytics
35,52.0,2.0,21,2,5,True,435,58,3,1,87,355.0,4,False,False,Developer Tools
1,236.0,21.0,7,3,6,True,460,58,3,1,3722,0.0,9,False,False,API
1,0.0,0.0,9,3,5,True,448,59,2,5,0,910.0,0,True,False,Hiring
7,29.0,30.0,9,3,5,False,500,60,3,0,0,16892.0,6,True,False,WordPress
3,23.0,104.0,1,3,6,False,125,55,1,1,173,543.0,12,False,False,Design Tools
16,26.0,17.0,7,0,5,True,113,26,3,1,450,0.0,9,True,False,Hiring
21,0.0,150.0,6,6,6,True,473,60,3,1,0,0.0,4,False,False,Robots
8,95.0,23.0,12,0,5,True,500,49,3,1,616,0.0,9,True,False,Health & Fitness
4,0.0,93.0,6,2,5,True,321,41,3,5,564,2611.0,4,False,False,iOS
8,149.0,2.0,7,2,5,True,434,58,3,0,226,98336.0,3,False,False,Mac
1,52.0,18.0,7,5,6,True,103,57,2,3,0,2446.0,1,True,False,Android
1,0.0,35.0,10,6,6,False,435,45,3,4,352,3354.0,1,False,False,Cars
1,0.0,18.0,7,3,5,True,264,40,1,11,516,5792.0,10,False,False,User Experience
1,146.0,0.0,7,2,12,True,48,60,4,2,0,132.0,5,False,False,Android
1,0.0,10.0,7,0,1,True,456,48,3,1,431,6294.0,9,False,False,WordPress
1,6.0,2.0,11,3,1,True,429,59,3,2,504,7245.0,5,False,False,Social Network
108,0.0,5.0,23,5,6,False,500,57,1,1,394,4468.0,4,False,False,Social Media
10,68.0,1.0,23,2,5,False,303,60,1,1,0,0.0,6,True,False,Developer Tools
14,130.0,63.0,0,6,6,False,107,48,3,3,0,4824.0,7,False,False,Android
7,55.0,0.0,13,4,5,True,380,58,3,3,0,0.0,4,False,False,Tech
1,46.0,0.0,7,1,5,False,500,51,3,1,0,4926.0,4,False,False,Mac
1,49.0,32.0,15,6,5,False,225,49,4,3,0,2926.0,3,False,False,Sales
7,0.0,0.0,14,4,6,True,416,55,3,1,0,4974.0,4,True,False,Software Engineering
1,103.0,0.0,23,0,6,True,80,55,3,1,146,0.0,8,False,False,Productivity
1,117.0,8.0,9,4,5,True,278,56,3,1,584,833.0,5,True,False,Marketing
11,0.0,95.0,8,4,6,True,433,50,3,1,0,0.0,4,False,False,Android
10,0.0,0.0,7,4,6,False,473,42,4,0,0,3426.0,7,False,False,3D Printer
9,15.0,63.0,7,1,6,False,250,52,2,5,0,0.0,1,False,False,Open Source
4,946.0,3.0,8,5,5,True,346,58,9,0,0,0.0,6,True,False,Hiring
4,0.0,6.0,22,5,5,False,469,60,2,2,245,1369.0,5,False,False,Developer Tools
2,118.0,55.0,23,5,6,False,483,50,2,2,28,6407.0,13,False,False,Sales
3,74.0,0.0,17,3,6,False,378,36,9,2,0,3039.0,3,False,False,SaaS
9,157.0,47.0,10,6,2,False,395,48,1,1,0,5329.0,7,True,False,Software Engineering
13,60.0,0.0,10,1,5,True,460,52,6,2,760,0.0,9,False,False,Android
12,48.0,0.0,4,1,5,True,376,49,3,1,460,374.0,5,True,False,Design Tools
9,141.0,0.0,7,4,6,True,202,42,4,0,572,247.0,13,False,False,User Experience
3,0.0,0.0,7,1,5,True,126,58,3,1,0,2479.0,3,False,False,Productivity
5,98.0,23.0,13,4,5,True,287,60,4,1,133,0.0,7,False,False,Design Tools
1,37.0,14.0,12,6,6,True,279,60,1,7,44,3466.0,5,False,False,Android
20,843.0,0.0,4,0,5,True,228,57,3,1,512,3612.0,11,False,False,Open Source
1,124.0,0.0,7,0,5,True,233,55,3,1,157,2910.0,9,False,False,iOS
5,135.0,0.0,6,4,5,True,500,51,3,1,502,99168.0,10,True,False,Advertising
4,85.0,0.0,13,3,6,True,484,59,3,6,0,0.0,4,True,False,SaaS
16,196.0,0.0,23,4,6,False,353,56,1,2,537,0.0,8,True,False,Sales
12,112.0,4.0,14,3,9,True,329,52,3,1,0,1013.0,6,True,False,Customer Communication
14,109.0,0.0,6,1,1,True,169,54,9,1,0,0.0,5,False,False,Crypto
1,104.0,96.0,7,5,5,True,500,57,1,1,140,0.0,22,False,False,Hiring
8,66.0,44.0,6,2,6,True,172,32,3,0,121,5091.0,13,True,False,Artificial Intelligence
1,143.0,40.0,7,3,5,False,451,51,3,1,549,5474.0,5,False,False,Health & Fitness
19,52.0,0.0,6,6,5,False,413,60,1,2,0,2703.0,4,False,False,Hiring
7,121.0,16.0,9,0,6,True,401,59,3,4,309,0.0,7,True,False,Marketing
5,0.0,0.0,7,0,5,True,250,56,3,2,0,0.0,10,False,False,Productivity
1,145.0,6.0,8,2,6,True,455,38,3,1,504,1915.0,27,False,False,Productivity
11,2485.0,150.0,23,1,5,True,372,59,1,0,289,7278.0,8,False,False,Art
22,154.0,25.0,7,2,5,True,240,29,4,3,0,624.0,5,True,False,Productivity
9,395.0,74.0,7,3,6,True,203,60,3,1,602,1271.0,9,True,False,Mac
5,0.0,139.0,15,4,5,True,354,57,3,0,312,3106.0,4,True,False,Analytics
23,22.0,0.0,2,5,6,True,258,53,3,0,0,104204.0,5,True,False,Android
5,150.0,73.0,7,0,7,True,450,57,3,0,290,5271.0,3,False,False,Mac
1,79.0,53.0,7,6,5,True,425,20,2,1,344,170171.0,8,False,False,Android
6,97.0,12.0,9,4,5,True,252,49,3,3,310,0.0,6,True,False,Email
1,0.0,0.0,23,1,5,False,500,35,3,1,286,3114.0,5,False,False,Productivity
25,118.0,109.0,15,0,5,True,324,55,3,1,0,12908.0,5,True,False,eBook Reader
12,0.0,0.0,7,4,5,True,168,44,3,1,535,0.0,9,True,False,Email
14,30.0,7.0,7,0,5,True,410,58,3,7,542,667.0,5,True,False,Productivity
1,146.0,14.0,0,1,5,True,227,53,3,1,0,4066.0,6,False,False,Chrome Extensions
12,61.0,0.0,15,1,6,False,384,53,2,1,0,1641.0,7,False,False,Open Source
1,355.0,52.0,7,5,5,True,500,53,3,2,362,123809.0,8,False,False,Android
1,0.0,0.0,6,0,6,True,100,24,3,3,679,0.0,3,False,False,Productivity
3,54.0,5.0,12,4,1,True,235,54,3,1,211,152.0,8,False,False,Productivity
7,1815.0,3.0,17,2,5,False,494,60,3,6,4,20719.0,3,False,False,Productivity
6,139.0,25.0,10,0,6,True,410,60,3,0,0,0.0,5,False,False,Developer Tools
12,311.0,12.0,12,5,6,True,129,56,1,2,0,2738.0,2,False,False,Email
14,368.0,0.0,7,5,5,True,271,45,2,3,346,2897.0,3,False,False,Custom Keyboards
3,89.0,56.0,7,6,5,True,412,55,1,0,271,2609.0,8,False,False,Software Engineering
7,62.0,19.0,10,6,6,True,105,60,3,0,0,0.0,2,False,False,Web App
4,90.0,0.0,7,6,6,True,352,54,3,1,95,114625.0,3,True,False,Browser Extensions
20,0.0,0.0,6,3,5,True,500,47,3,6,4480,1376.0,7,True,False,Health & Fitness
1,0.0,33.0,6,4,1,True,371,54,3,9,0,0.0,0,False,False,Open Source
14,74.0,32.0,8,0,6,True,495,57,5,0,707,1.0,9,True,False,User Experience
10,91.0,0.0,0,2,5,True,371,58,3,5,0,331.0,5,False,False,Analytics
28,45.0,21.0,13,1,6,True,500,35,2,1,264,556.0,3,False,False,Productivity
16,141.0,0.0,10,0,5,True,332,43,3,2,0,0.0,9,False,False,Robots
25,90.0,4.0,4,1,6,False,273,49,2,1,0,0.0,3,True,False,Music
4,90.0,5.0,7,5,1,True,466,53,3,1,0,6345.0,9,True,False,API
114,0.0,12.0,6,3,5,True,466,33,2,2,238,0.0,3,False,False,User Experience
1,68.0,0.0,7,1,5,False,472,56,1,6,291,1708.0,7,True,False,Emoji
1,73.0,0.0,20,5,5,False,391,52,3,1,84,0.0,5,False,False,Productivity
39,405.0,47.0,6,2,5,True,449,58,2,5,0,580.0,0,False,False,Comics & Graphic Novels
20,95.0,0.0,7,1,5,True,280,45,3,1,0,1812.0,8,False,False,Email
1,0.0,1.0,17,3,6,True,473,60,3,1,0,0.0,4,True,False,Android
3,65.0,19.0,7,3,5,True,429,58,3,2,86,1805.0,9,False,False,Writing
6,31.0,1.0,7,2,5,True,477,58,3,4,257,0.0,5,False,False,Productivity
1,162.0,12.0,19,4,5,True,202,53,3,1,217,1746.0,9,True,False,API
10,174.0,35.0,11,6,6,True,439,52,2,1,365,2141.0,4,True,False,Productivity
4,131.0,28.0,7,2,6,True,500,60,3,4,91,13942.0,19,True,False,Fintech
5,227.0,13.0,6,1,6,True,480,54,1,1,155,5771.0,4,False,False,Sales
1,1027.0,11.0,8,1,5,True,311,57,3,1,4715,1070.0,12,False,False,Robots
1,19.0,0.0,5,1,5,True,391,40,4,1,0,29201.0,8,False,False,Productivity
8,201.0,30.0,19,2,5,True,441,60,3,1,629,94377.0,8,True,False,Software Engineering
7,51.0,1.0,18,3,10,True,476,60,3,1,495,16053.0,7,True,False,API
1,51.0,0.0,6,3,5,False,491,41,5,10,493,0.0,8,False,False,Chrome Extensions
4,19.0,0.0,7,5,5,False,343,60,2,1,674,0.0,8,False,False,Design Tools
13,105.0,0.0,7,5,5,True,500,59,4,5,0,2676.0,2,False,False,3D Printer
18,36.0,117.0,12,3,6,True,436,56,3,1,0,0.0,7,False,False,Streaming Services
6,150.0,0.0,4,0,8,True,98,55,1,1,145,5025.0,2,False,False,Social Network
4,59.0,0.0,19,4,5,False,500,60,3,1,469,0.0,4,True,False,API
21,291.0,0.0,13,2,6,True,384,58,2,1,0,0.0,5,False,False,Writing
10,26.0,26.0,10,2,6,False,366,54,3,0,0,1125.0,0,False,False,Mac
1,0.0,0.0,15,6,5,False,392,58,1,1,0,880.0,8,False,False,Email Marketing
6,189.0,0.0,7,1,5,True,500,50,3,8,0,0.0,8,False,False,Couples
13,0.0,0.0,7,6,5,False,486,57,2,4,0,0.0,4,False,False,Chrome Extensions
33,65.0,0.0,7,2,5,False,291,48,2,1,164,1539.0,2,False,False,Design Tools
15,126.0,11.0,12,4,5,True,489,24,3,0,956,2051.0,4,True,False,Productivity
1,160.0,16.0,23,4,6,True,462,60,8,1,0,629.0,6,True,False,Chrome Extensions
1,0.0,2.0,6,3,5,True,393,60,3,3,77,20828.0,8,False,False,Developer Tools
3,8.0,12.0,7,5,5,True,500,57,3,1,325,0.0,8,False,False,Tech
5,28.0,15.0,14,5,6,False,462,54,3,1,0,4464.0,6,True,False,Messaging
2,0.0,1.0,7,3,5,False,427,59,3,1,0,1075.0,5,True,False,Artificial Intelligence
208,146.0,0.0,7,3,6,False,444,51,1,1,8,0.0,4,False,False,Tech
2,199.0,32.0,23,2,6,True,295,23,3,4,617,3418.0,7,True,False,Developer Tools
1,37.0,0.0,13,5,5,True,260,60,4,2,937,622.0,7,False,False,Music
93,134.0,24.0,7,2,5,True,260,42,3,1,0,17353.0,4,True,False,Mac
1,30.0,5.0,19,3,5,True,500,58,4,1,415,2931.0,4,False,False,Education
1,39.0,20.0,7,3,6,False,500,53,3,0,3862,0.0,7,False,False,Productivity
172,0.0,29.0,7,2,6,True,211,58,4,1,0,0.0,1,True,False,Developer Tools
5,72.0,9.0,9,0,6,True,483,47,3,3,619,4446.0,11,False,False,Email
20,190.0,68.0,3,2,6,True,500,30,1,1,0,2320.0,7,True,False,Travel
11,145.0,10.0,6,4,6,True,440,60,1,1,0,3062.0,4,False,False,Robots
1,130.0,6.0,6,4,6,True,465,51,4,1,574,3104.0,2,True,False,Email
84,0.0,5.0,7,6,5,True,394,58,1,0,0,28757.0,6,False,False,Software Engineering
8,51.0,0.0,12,4,5,False,247,36,3,1,0,20.0,4,False,False,Productivity
1,0.0,1.0,6,0,5,True,393,60,3,0,60,0.0,5,False,False,Marketing
3,12.0,1.0,15,1,5,False,500,32,4,1,102,2537.0,0,True,False,Open Source
9,84.0,33.0,10,3,5,True,469,57,2,1,0,4773.0,4,True,False,Mac
3,61.0,4.0,8,4,5,False,500,60,3,1,0,0.0,7,False,False,Design Tools
1,116.0,0.0,17,3,5,True,460,56,3,1,0,0.0,6,True,False,Mac
12,0.0,0.0,7,6,5,False,173,52,3,0,0,1330.0,10,False,False,Software Engineering
1,111.0,66.0,7,4,5,True,342,60,3,1,290,0.0,3,True,False,Mac
20,0.0,0.0,7,1,5,True,355,60,2,1,0,0.0,4,True,False,Sales
2,49.0,342.0,7,2,2,True,500,53,3,3,288,446.0,6,False,False,Productivity
4,76.0,18.0,7,2,5,True,500,55,2,5,252,0.0,6,True,False,Mac
1,85.0,50.0,8,0,6,True,390,30,1,8,0,0.0,5,False,False,Health & Fitness
55,43.0,48.0,6,3,6,True,445,60,3,1,0,0.0,8,True,False,Productivity
2,49.0,0.0,7,4,6,True,484,36,3,4,467,4485.0,1,True,False,Android
1,94.0,8.0,10,2,6,False,500,58,3,2,239,3921.0,13,True,False,iOS
1,48.0,12.0,8,6,5,False,247,44,3,4,24,1835.0,6,False,False,iOS
1,0.0,15.0,7,4,5,False,330,60,3,3,128,0.0,13,False,False,Web App
10,52.0,33.0,7,3,5,True,481,30,3,6,391,5601.0,22,True,False,Developer Tools
1,474.0,35.0,6,4,6,True,442,56,3,3,863,829.0,14,False,False,Developer Tools
10,189.0,18.0,10,0,5,True,409,60,3,1,0,0.0,7,False,False,Audio
10,63.0,5.0,5,3,5,True,448,37,3,1,324,0.0,6,True,False,Messaging
6,88.0,11.0,7,3,5,False,447,59,2,1,0,34563.0,7,True,False,Artificial Intelligence
9,134.0,88.0,6,5,6,True,498,52,3,1,222,5414.0,5,True,False,Mac
6,12.0,0.0,7,4,6,True,413,53,3,2,295,0.0,8,True,False,Slack
1,0.0,46.0,11,0,5,True,308,57,3,1,134,0.0,6,True,False,Health & Fitness
1,0.0,0.0,7,3,5,False,311,59,3,4,2792,5080.0,4,False,False,API
4,74.0,107.0,21,3,5,True,429,51,3,0,538,142292.0,10,True,False,Developer Tools
18,13.0,48.0,6,3,5,True,164,55,3,2,185,1189.0,3,False,False,Tech
9,76.0,4.0,20,0,10,True,307,58,3,1,288,5619.0,6,True,False,Mac
1,19.0,53.0,7,1,5,True,487,38,3,7,491,3380.0,4,True,False,Marketing
1,114.0,4.0,10,6,5,False,369,51,3,1,163,0.0,5,False,False,3D Printer
6,0.0,4.0,0,1,6,True,429,54,3,2,0,0.0,8,False,False,Productivity
8,55.0,36.0,8,2,5,True,220,60,3,1,674,2859.0,7,False,False,Writing
1,201.0,5.0,14,1,6,True,395,57,2,1,0,930.0,6,False,False,Web App
16,0.0,0.0,18,2,5,True,294,49,3,5,582,2331.0,4,False,False,SaaS
19,187.0,13.0,23,0,5,True,119,31,3,1,263,0.0,8,False,False,Productivity
27,170.0,0.0,9,1,10,True,456,41,3,4,595,1108.0,10,False,False,Design Tools
12,63.0,0.0,7,4,6,False,456,42,9,2,0,5340.0,4,False,False,Email
4,42.0,0.0,7,1,6,True,500,57,2,5,175,0.0,5,False,False,Mac
1,0.0,32.0,19,0,6,True,286,47,3,3,3050,21474.0,3,False,False,Mac
1,22.0,8.0,6,0,5,True,467,60,3,1,229,1870.0,2,True,False,Open Source
6,87.0,0.0,7,0,6,True,398,58,3,4,0,2410.0,0,False,False,Web App
3,446.0,26.0,7,0,5,False,128,56,2,1,373,711.0,7,False,False,Analytics
11,20.0,41.0,6,4,5,True,500,58,3,1,0,0.0,8,True,False,Developer Tools
19,80.0,33.0,8,0,1,True,500,22,1,1,0,990.0,3,True,False,Sales
1,38.0,19.0,7,0,5,True,500,58,2,3,142,4576.0,4,False,False,Marketing
34,152.0,278.0,7,4,5,True,157,52,3,0,69,3913.0,3,True,False,Design Tools
5,0.0,42.0,6,4,5,False,268,53,3,9,63,20207.0,2,True,False,Marketing
38,103.0,39.0,6,1,6,False,138,50,3,1,6,2373.0,11,False,False,Linux
1,161.0,5.0,18,3,6,True,336,53,3,1,416,0.0,9,False,False,iOS
8,61.0,42.0,18,2,6,False,377,51,3,1,353,0.0,4,False,False,Productivity
9,0.0,2.0,8,0,1,True,134,54,4,1,548,144078.0,6,False,False,Slack
113,98.0,61.0,7,0,5,True,451,42,3,1,233,0.0,3,True,False,Email
1,58.0,25.0,6,3,6,False,500,40,3,1,150,3063.0,0,True,False,Writing
1,0.0,32.0,7,4,6,True,442,54,3,2,625,1442.0,9,True,False,Analytics
25,267.0,0.0,8,4,6,True,500,60,4,1,321,24587.0,6,True,False,Sales
1,278.0,21.0,7,3,5,True,444,52,3,8,607,4320.0,3,False,False,iOS
4,0.0,5.0,7,4,5,True,500,49,3,4,187,0.0,7,False,False,Design Tools
27,647.0,0.0,7,1,5,False,155,55,2,1,0,0.0,7,False,False,Tech
1,0.0,7.0,7,6,6,True,485,53,3,1,229,157813.0,6,False,False,Software Engineering
10,282.0,32.0,6,1,5,True,489,39,3,1,239,27687.0,1,False,False,Productivity
10,0.0,0.0,7,1,6,False,401,52,2,2,0,22522.0,2,False,False,Health & Fitness
1,0.0,3.0,6,3,5,True,389,60,3,4,508,1327.0,3,False,False,Productivity
1,61.0,39.0,9,2,5,True,458,57,3,1,188,59463.0,5,False,False,Productivity
18,6.0,0.0,9,5,5,False,373,28,5,8,0,2381.0,3,False,False,Mac
6,1316.0,0.0,3,0,6,True,434,60,3,3,0,1294.0,7,False,False,Productivity
10,173.0,1.0,7,1,5,True,434,60,3,2,33,2845.0,4,True,False,API
13,413.0,7.0,7,4,5,True,354,57,5,1,0,3595.0,3,False,False,Productivity
14,0.0,23.0,7,3,5,False,500,35,3,1,0,0.0,1,False,False,SaaS
1,201.0,0.0,8,3,6,True,457,56,3,1,0,13010.0,4,False,False,iOS
9,10.0,5.0,8,3,6,True,48,55,3,7,270,0.0,7,True,False,Design Tools
3,49.0,0.0,11,4,8,True,491,60,3,1,60,2550.0,3,True,False,Customer Success
1,170.0,103.0,7,4,5,True,386,59,3,1,266,0.0,10,False,False,Mac
24,0.0,15.0,7,5,6,False,438,38,6,1,401,0.0,6,False,False,WordPress
5,48.0,33.0,23,5,8,True,485,49,3,0,0,0.0,9,True,False,Developer Tools
1,164.0,20.0,7,6,5,True,499,59,3,8,49,1814.0,7,True,False,Android
13,0.0,15.0,8,3,5,True,500,51,3,2,52,0.0,8,False,False,Education
6,0.0,6.0,15,3,6,False,425,53,9,0,0,259.0,4,True,False,Venture Capital
222,404.0,134.0,6,1,5,True,334,50,2,1,0,14343.0,11,True,False,SaaS
1,0.0,3.0,6,1,5,True,78,54,3,1,40,1272.0,3,True,False,Email
1,71.0,11.0,8,4,5,True,399,53,3,1,465,4315.0,9,True,False,SaaS
17,211.0,26.0,9,1,5,True,396,53,4,7,59,1032.0,7,True,False,Emoji
7,586.0,19.0,7,1,5,True,306,56,3,2,0,5096.0,6,False,False,Analytics
6,66.0,2.0,6,4,6,True,158,60,3,1,149,1488.0,9,True,False,Open Source
15,32.0,2.0,6,5,5,True,456,60,4,1,58,0.0,12,True,False,Developer Tools
2,73.0,115.0,9,5,5,True,450,50,3,1,434,0.0,8,True,False,Marketing
1,3.0,44.0,6,5,6,True,500,37,2,1,466,3211.0,9,False,False,Art
1,0.0,24.0,6,4,5,True,420,52,1,0,608,5756.0,8,True,False,Email
4,16.0,7.0,7,4,5,False,500,54,4,4,303,5286.0,11,False,False,API
19,314.0,12.0,7,2,6,True,316,56,3,3,0,48036.0,9,True,False,Android
9,35.0,0.0,8,0,9,True,170,60,2,1,2939,115724.0,1,False,False,Browser Extensions
8,127.0,1.0,15,4,6,True,414,55,3,3,27,0.0,3,False,False,Productivity
35,518.0,0.0,5,2,5,False,486,51,2,1,321,0.0,4,True,False,Android
14,84.0,7.0,7,5,6,False,342,50,3,1,0,3029.0,5,False,False,SaaS
23,71.0,0.0,7,2,6,True,348,60,2,1,0,0.0,9,True,False,SaaS
19,15.0,10.0,11,3,5,True,459,53,3,1,0,138756.0,3,True,False,Chrome Extensions
6,98.0,9.0,18,6,5,True,464,17,3,2,511,2977.0,8,False,False,Tech
15,228.0,25.0,15,4,6,True,376,49,3,1,234,0.0,8,False,False,Open Source
1,85.0,48.0,7,4,5,False,424,50,3,12,45,62359.0,6,False,False,Mac
12,163.0,0.0,8,3,5,False,490,55,2,1,0,14898.0,6,False,False,Music
11,9.0,0.0,13,3,5,False,412,56,3,0,265,737.0,6,False,False,SaaS
3,77.0,165.0,10,3,6,True,277,58,3,1,0,1137.0,4,True,False,Productivity
4,0.0,0.0,12,4,6,True,131,51,4,1,415,0.0,7,True,False,Payments
1,0.0,8.0,7,4,5,True,351,42,3,3,0,145.0,5,True,False,Chrome Extensions
35,405.0,21.0,23,2,6,False,449,60,5,1,2,0.0,5,False,False,Menu Bar Apps
6,177.0,0.0,16,0,5,True,299,49,1,2,0,22569.0,4,False,False,API
4,24.0,29.0,7,4,5,True,418,52,2,0,0,2422.0,4,True,False,Marketing
4,116.0,0.0,15,3,5,True,350,32,4,1,0,5037.0,7,True,False,Artificial Intelligence
1,210.0,4.0,7,5,4,False,248,60,2,1,0,2011.0,5,False,False,Fintech
10,98.0,23.0,7,4,6,False,458,54,5,1,37,3886.0,3,True,False,SaaS
13,262.0,12.0,6,4,6,True,183,43,3,1,325,947.0,8,False,False,Email Marketing
5,451.0,3.0,7,6,6,True,103,57,3,2,0,1778.0,4,False,False,iOS
1,38.0,6.0,7,4,5,True,48,58,1,6,139,91.0,9,False,False,Productivity
19,20.0,0.0,23,6,5,False,413,35,1,1,168,0.0,9,True,False,Weather
1,60.0,10.0,7,0,5,True,500,57,3,8,155,571.0,0,False,False,Health & Fitness
3,0.0,37.0,7,3,6,True,393,40,1,0,41,0.0,8,True,False,Fintech
1,38.0,1.0,22,1,5,True,182,60,4,1,517,5086.0,6,True,False,Slack
1,40.0,0.0,23,0,6,True,205,50,3,5,0,244.0,13,True,False,Mac
3,4.0,11.0,7,1,6,False,478,54,2,2,82,3078.0,5,False,False,Open Source
17,31.0,0.0,7,4,5,False,236,50,1,1,400,32121.0,1,False,False,3D Printer
199,3.0,38.0,16,1,6,False,500,58,2,1,301,2980.0,6,True,False,Streaming Services
1,27.0,20.0,7,1,6,True,438,60,3,1,436,129.0,8,True,False,Design Tools
222,84.0,13.0,7,1,6,False,243,60,4,1,90,76036.0,5,False,False,Time Tracking
1,115.0,5.0,8,4,6,True,278,57,3,6,291,3997.0,7,False,False,iOS
21,0.0,0.0,6,0,3,True,141,59,4,1,0,91527.0,6,False,False,Productivity
10,23.0,21.0,8,3,5,True,500,60,3,1,2851,0.0,8,True,False,Meetings
1,69.0,0.0,7,3,5,True,440,45,3,1,0,7208.0,9,True,False,Design Tools
8,100.0,21.0,21,4,5,True,235,60,1,1,383,98000.0,7,True,False,Social Network
3,230.0,0.0,7,0,5,True,287,60,3,2,252,1721.0,1,False,False,iOS
15,12.0,56.0,18,2,1,True,392,58,4,1,0,438.0,6,True,False,Customer Communication
4,538.0,13.0,8,5,5,True,302,60,8,5,639,0.0,8,False,False,Health & Fitness
10,117.0,14.0,20,1,5,True,432,60,3,1,0,0.0,10,False,False,Open Source
15,29.0,5.0,10,6,6,True,371,42,1,2,0,2777.0,5,False,False,Fintech
1,236.0,5.0,7,1,5,True,500,36,3,1,24,1456.0,5,False,False,Productivity
7,15.0,13.0,8,3,10,True,500,57,3,1,367,3336.0,5,False,False,Mac
9,178.0,11.0,7,4,5,True,124,44,3,2,342,2553.0,11,True,False,iOS
1,149.0,26.0,7,4,6,True,249,57,3,2,740,5696.0,7,False,False,Chrome Extensions
7,185.0,5.0,8,4,5,True,183,60,3,1,325,21159.0,5,False,False,Mac
1,40.0,71.0,10,6,8,True,412,17,3,2,383,5931.0,11,False,False,User Experience
8,88.0,0.0,3,0,5,True,155,17,3,1,155,1808.0,8,True,False,Sales
5,122.0,0.0,8,2,5,True,284,59,8,1,415,0.0,6,False,False,Email
10,1125.0,0.0,7,2,6,False,243,37,3,1,0,2934.0,11,False,False,Open Source
1,110.0,31.0,6,0,6,True,389,55,3,4,188,0.0,7,True,False,Developer Tools
21,23.0,134.0,14,3,5,False,442,47,1,0,507,0.0,9,True,False,Social Media
1,0.0,15.0,11,5,6,True,344,52,3,1,548,0.0,6,False,False,Web App
21,8.0,0.0,23,6,6,False,500,55,3,1,395,3058.0,7,False,False,Emoji
30,143.0,0.0,18,6,6,True,290,60,6,3,386,2520.0,6,False,False,Social Media
4,267.0,28.0,19,4,6,True,479,60,1,2,301,64.0,8,True,False,Mac
1,66.0,8.0,7,4,5,True,382,48,3,1,5346,1824.0,12,True,False,SaaS
14,0.0,8.0,7,6,3,False,500,60,4,1,260,4974.0,3,False,False,Crypto
18,70.0,48.0,7,5,5,True,492,60,1,1,683,6976.0,7,True,False,Sales
10,3.0,31.0,10,2,5,True,101,60,1,1,0,0.0,5,True,False,Fintech
4,0.0,0.0,7,5,5,False,400,41,3,5,165,380.0,6,False,False,Notes
7,94.0,15.0,18,1,6,True,215,37,3,3,0,529.0,5,False,False,Chrome Extensions
1,72.0,141.0,7,2,6,True,306,51,3,1,381,373.0,3,False,False,Artificial Intelligence
11,52.0,133.0,6,5,5,True,265,50,4,2,0,32907.0,2,True,False,Mac
1,139.0,15.0,10,3,5,True,441,28,4,0,405,13597.0,8,True,False,Browser Extensions
7,0.0,0.0,13,5,6,False,390,53,1,1,105,3833.0,4,True,False,API
1,43.0,19.0,6,1,6,True,485,60,3,4,2167,0.0,8,True,False,Chrome Extensions
21,18.0,14.0,7,0,5,True,433,58,1,1,293,1401.0,3,True,False,Health & Fitness
1,160.0,7.0,4,6,1,True,143,49,3,2,0,713.0,0,False,False,Productivity
12,33.0,0.0,7,1,9,True,424,60,3,1,518,3053.0,9,True,False,Messaging
13,80.0,13.0,7,0,6,True,279,52,3,7,240,0.0,3,False,False,Productivity
4,128.0,46.0,6,4,5,True,404,51,2,5,0,4071.0,2,True,False,Productivity
8,216.0,2.0,3,1,5,True,375,44,3,1,359,2991.0,5,True,False,Web App
18,196.0,3.0,23,2,6,True,388,48,2,1,443,22008.0,8,False,False,Sales
6,33.0,11.0,19,3,5,True,500,56,3,0,355,18164.0,5,False,False,Open Source
11,0.0,49.0,9,5,6,True,444,46,3,1,305,3278.0,8,False,False,Open Source
14,147.0,42.0,7,1,6,True,283,52,3,0,0,2148.0,8,False,False,Productivity
13,654.0,0.0,6,1,6,True,215,58,2,4,0,3147.0,8,False,False,Developer Tools
1,56.0,9.0,7,4,2,True,244,60,8,1,174,0.0,3,True,False,Chrome Extensions
1,30.0,4.0,7,3,6,True,133,60,3,1,105,52953.0,5,False,False,Software Engineering
88,115.0,13.0,8,3,5,False,389,53,3,3,204,3618.0,5,True,False,Privacy
13,42.0,6.0,8,5,5,False,433,60,2,1,0,0.0,7,False,False,Android
16,446.0,1.0,15,6,5,True,230,36,3,1,615,107366.0,8,True,False,Design Tools
1,29.0,0.0,1,1,6,False,279,58,3,1,15,4025.0,6,False,False,Productivity
10,70.0,46.0,14,2,1,True,437,58,3,1,122,0.0,11,True,False,Web App
7,78.0,37.0,0,1,5,False,500,60,2,4,137,1732.0,7,False,False,Productivity
18,4.0,1.0,7,5,6,True,462,60,4,6,0,0.0,7,False,False,Android
10,131.0,9.0,7,0,5,True,437,50,1,2,412,2337.0,2,False,False,Productivity
1,82.0,0.0,7,6,6,True,393,58,3,1,0,4826.0,7,True,False,Sales
1,0.0,6.0,7,1,6,True,246,52,3,2,1312,16114.0,11,True,False,Web App
1,16.0,0.0,6,5,6,True,433,53,3,1,225,1856.0,8,True,False,Hiring
14,164.0,6.0,13,5,5,False,466,53,3,1,551,464.0,8,False,False,Productivity
1,188.0,31.0,7,3,7,True,436,57,5,1,199,2475.0,4,True,False,Health & Fitness
6,0.0,56.0,18,5,6,True,395,51,3,1,0,1460.0,7,True,False,Artificial Intelligence
1,109.0,70.0,7,3,5,True,388,59,3,3,237,1923.0,10,False,False,Tech
1,95.0,22.0,7,3,5,True,141,60,1,1,197,88.0,9,True,False,Developer Tools
17,2661.0,54.0,12,2,5,True,367,55,3,2,531,4097.0,11,False,False,Productivity
1,98.0,2.0,8,6,1,True,486,59,3,0,0,2896.0,5,False,False,Productivity
4,76.0,34.0,9,3,6,True,282,50,3,1,0,4150.0,0,False,False,Health & Fitness
14,28.0,13.0,7,3,5,True,500,40,3,1,811,69.0,9,True,False,Android
20,497.0,78.0,14,3,5,True,496,41,4,0,394,4713.0,4,False,False,Productivity
1,0.0,25.0,11,3,6,False,500,28,3,1,273,0.0,2,False,False,Open Source
1,0.0,20.0,8,4,5,True,313,56,3,1,0,0.0,9,True,False,Mac
3,28.0,31.0,7,0,6,True,500,60,3,1,51,0.0,3,True,False,Fintech
84,10.0,0.0,7,0,6,True,497,60,4,1,363,2246.0,7,False,False,Mac
2,139.0,3.0,7,3,5,False,433,57,3,1,0,1345.0,3,False,False,Artificial Intelligence
1,211.0,2.0,7,0,6,True,500,55,4,1,20,746.0,6,False,False,Marketing
1,173.0,20.0,7,1,6,True,500,60,3,1,3523,97647.0,6,True,False,Design Tools
17,0.0,14.0,7,3,5,True,359,54,3,0,265,1406.0,8,True,False,Android
6,81.0,42.0,1,1,5,True,306,57,5,1,3,113862.0,5,False,False,Mac
1,155.0,135.0,7,4,5,True,451,39,3,1,426,135284.0,10,True,False,Crypto
4,120.0,0.0,23,4,1,False,401,58,3,1,475,2371.0,5,False,False,Notes
182,37.0,43.0,16,0,5,True,500,55,3,0,178,602.0,8,True,False,iOS
1,81.0,20.0,6,0,5,True,365,36,3,3,170,4128.0,5,True,False,Time Tracking
13,39.0,0.0,13,3,6,True,184,59,9,0,0,33403.0,8,False,False,Android
12,114.0,2.0,12,5,8,True,297,60,3,2,508,56903.0,6,False,False,Android
6,0.0,81.0,23,4,5,True,417,57,3,1,2515,565.0,9,False,False,Chrome Extensions
3,60.0,0.0,2,1,6,True,344,47,3,1,0,0.0,3,False,False,Hiring
1,150.0,28.0,17,1,5,True,479,60,1,1,420,3125.0,9,False,False,Tech
1,0.0,14.0,2,3,5,True,222,60,3,1,526,7682.0,8,False,False,Sales
9,174.0,0.0,7,5,5,True,273,52,4,1,777,380.0,6,False,False,Design Tools
3,349.0,20.0,7,5,6,True,377,21,3,1,873,4216.0,8,False,False,Streaming Services
12,273.0,10.0,7,6,5,False,462,25,2,1,0,4463.0,1,True,False,Productivity
1,0.0,0.0,7,3,8,True,331,58,2,1,214,0.0,8,False,False,SaaS
12,0.0,17.0,17,3,6,False,500,53,3,1,386,0.0,9,True,False,Dating
1,139.0,12.0,20,3,5,True,415,60,3,8,366,0.0,2,False,False,Mac
1,61.0,2.0,12,6,6,False,369,50,4,1,79,3948.0,17,False,False,Productivity
21,80.0,0.0,6,5,6,True,148,59,2,4,79,0.0,10,True,False,Marketing
5,33.0,21.0,0,5,5,False,255,48,2,5,101,5066.0,4,False,False,Custom Keyboards
5,625.0,129.0,7,1,8,True,48,49,3,2,254,26842.0,5,False,False,Productivity
1,0.0,58.0,6,3,5,True,500,39,3,2,0,2152.0,3,True,False,Sales
4,34.0,18.0,6,0,6,True,499,57,3,1,448,3830.0,6,False,False,Mac
27,0.0,0.0,7,5,6,False,486,48,4,1,409,4505.0,3,False,False,Software Engineering
12,172.0,89.0,21,4,5,True,500,54,3,1,640,0.0,9,True,False,Fintech
18,96.0,1.0,7,2,6,True,302,50,3,1,0,755.0,6,False,False,Mac
1,0.0,4.0,8,4,5,False,240,53,4,1,379,1917.0,4,True,False,SaaS
17,71.0,35.0,22,0,2,True,500,50,3,1,0,27916.0,7,True,False,Health & Fitness
21,10.0,0.0,6,0,5,True,500,58,3,1,218,33882.0,3,False,False,Design Tools
8,0.0,0.0,7,3,5,True,123,43,3,1,0,148.0,4,False,False,Custom Keyboards
5,18.0,10.0,15,1,1,True,500,51,3,1,0,130256.0,2,True,False,Productivity
1,6.0,7.0,7,1,5,False,459,53,3,1,0,27249.0,2,False,False,Productivity
1,48.0,15.0,6,0,5,True,146,25,3,1,591,128.0,7,True,False,Social Media
3,19.0,9.0,6,6,6,True,499,60,3,4,10392,80004.0,5,True,False,Android
1,38.0,4.0,8,3,5,True,128,46,3,1,911,0.0,8,True,False,Mac
1,175.0,33.0,23,0,5,True,377,54,3,1,510,0.0,9,False,False,Productivity
10,41.0,21.0,6,4,6,True,500,34,3,0,0,21388.0,5,True,False,Comics & Graphic Novels
18,1.0,11.0,6,0,5,False,421,54,3,1,16,0.0,5,False,False,Productivity
17,0.0,10.0,6,3,5,True,399,46,3,1,723,1934.0,7,False,False,Productivity
11,0.0,6.0,17,5,6,False,129,49,3,1,0,0.0,9,False,False,Open Source
5,16.0,9.0,7,5,5,False,319,54,2,1,0,4444.0,2,False,False,iOS
1,10.0,86.0,6,3,6,True,103,60,3,1,110,11560.0,8,True,False,Android
6,45.0,19.0,22,6,5,True,216,55,1,3,248,0.0,6,True,False,Marketing
1,63.0,6.0,12,5,5,False,170,49,2,1,0,18722.0,6,True,False,Tech
22,58.0,0.0,7,4,5,True,353,57,4,1,0,1976.0,8,False,False,Sales
12,265.0,2.0,17,2,6,True,382,60,4,1,0,19779.0,7,True,False,Design Tools
86,58.0,1.0,8,6,5,False,268,56,3,3,0,1582.0,6,False,False,iOS
21,143.0,16.0,9,4,5,True,407,56,3,1,0,0.0,6,False,False,Mac
3,43.0,10.0,7,6,6,False,500,58,2,1,99,0.0,5,False,False,Design Tools
7,146.0,22.0,22,3,5,True,323,55,3,2,0,0.0,6,True,False,API
1,52.0,14.0,16,5,6,True,273,60,3,1,0,4338.0,3,True,False,Email
30,0.0,0.0,17,5,5,True,458,53,4,1,0,4657.0,8,False,False,Customer Communication
1,141.0,39.0,14,1,6,True,335,45,2,1,238,648.0,3,True,False,Tech
1,0.0,0.0,13,0,5,True,398,59,3,1,0,22392.0,17,True,False,Productivity
1,57.0,13.0,21,3,6,True,424,53,3,1,0,77568.0,9,False,False,Health & Fitness
8,296.0,12.0,9,1,5,True,498,59,8,1,0,2186.0,4,True,False,Android
6,168.0,0.0,8,6,6,False,481,55,3,2,363,0.0,13,True,False,Android
15,69.0,5.0,7,4,6,False,500,48,3,2,577,91668.0,5,True,False,SaaS
5,0.0,62.0,6,1,6,True,500,44,3,4,524,2088.0,5,False,False,Productivity
1,0.0,10.0,20,6,5,True,430,60,3,3,0,2879.0,9,True,False,Art
15,184.0,140.0,7,3,6,True,500,53,3,1,0,1560.0,18,True,False,Android
7,169.0,5.0,7,3,5,True,293,59,3,1,116,56.0,5,False,False,Open Source
10,78.0,98.0,23,5,5,True,500,56,3,4,487,107.0,5,True,False,Home
1,203.0,40.0,8,2,5,True,338,53,3,2,0,0.0,5,True,False,Productivity
3,165.0,161.0,6,1,6,True,499,57,3,4,342,726.0,5,True,False,Web App
9,98.0,39.0,7,5,5,True,286,59,3,4,423,2651.0,14,True,False,Open Source
15,80.0,70.0,6,5,6,True,309,60,3,1,0,374.0,10,True,False,Analytics
1,0.0,0.0,0,2,6,False,177,49,2,1,700,2449.0,8,False,False,Sales
1,308.0,0.0,7,2,6,False,48,55,1,1,0,29761.0,6,False,False,Productivity
10,57.0,0.0,6,6,5,False,220,40,2,3,203,0.0,5,False,False,Productivity
10,55.0,25.0,10,1,5,False,225,60,2,1,0,0.0,4,False,False,Productivity
1,0.0,15.0,7,3,2,True,48,49,3,2,0,19304.0,5,True,False,API
1,0.0,50.0,6,0,1,False,220,51,2,1,0,3828.0,3,False,False,Fintech
3,327.0,0.0,7,3,7,True,429,39,3,1,369,1782.0,7,True,False,Travel
16,29.0,0.0,13,1,6,True,389,60,1,1,0,0.0,8,False,False,Web App
13,61.0,10.0,0,2,1,False,308,32,1,1,549,6547.0,6,False,False,API
3,101.0,42.0,6,1,5,True,455,60,3,2,530,45796.0,10,False,False,Analytics
2,59.0,17.0,6,2,4,False,482,53,3,3,99,0.0,1,False,False,Productivity
1,394.0,1.0,7,5,6,True,423,60,1,3,381,0.0,2,False,False,Developer Tools
1,0.0,0.0,15,4,1,True,363,18,3,5,748,2826.0,10,True,False,Health & Fitness
13,46.0,13.0,17,0,5,True,500,57,3,0,382,0.0,7,True,False,Android
17,95.0,108.0,6,4,1,True,275,60,4,0,0,10917.0,4,True,False,Chrome Extensions
1,195.0,4.0,12,1,6,True,407,52,3,6,10,0.0,1,False,False,Mac
141,70.0,1.0,6,5,1,False,469,60,6,5,139,0.0,9,False,False,Audio
22,140.0,0.0,16,5,5,True,214,60,3,1,0,0.0,7,True,False,Privacy
13,37.0,6.0,7,3,5,False,446,53,3,4,22,4938.0,4,False,False,Productivity
1,84.0,2.0,16,2,6,True,203,42,3,3,1352,0.0,18,False,False,Productivity
18,81.0,12.0,7,1,6,True,214,49,3,1,0,1729.0,1,False,False,Mac
3,40.0,32.0,23,4,3,False,251,52,1,3,309,154496.0,6,False,False,Chrome Extensions
1,61.0,0.0,6,6,6,True,500,52,3,1,182,3092.0,3,False,False,Hiring
1,96.0,22.0,7,5,5,True,431,60,3,1,0,2257.0,6,False,False,Mac
23,112.0,0.0,6,2,6,True,204,41,3,2,0,24134.0,6,False,False,Health & Fitness
1,120.0,8.0,6,4,6,True,500,55,3,1,664,5456.0,7,False,False,Tech
86,85.0,0.0,17,3,5,True,383,45,2,1,0,408.0,9,True,False,Productivity
20,14.0,3.0,1,2,6,False,407,35,1,2,0,3676.0,5,True,False,Design Tools
8,23.0,5.0,6,6,6,True,366,60,1,4,48,1198.0,9,False,False,API
9,138.0,36.0,18,5,5,True,117,42,3,4,226,1568.0,6,False,False,User Experience
12,0.0,13.0,14,3,5,False,393,57,2,1,0,0.0,4,False,False,3D Printer
16,48.0,32.0,7,0,5,False,449,53,3,1,0,0.0,0,True,False,Health & Fitness
1,41.0,23.0,6,3,5,True,424,51,3,0,0,3886.0,9,True,False,Email Marketing
1,0.0,49.0,6,1,6,True,93,52,3,1,0,105269.0,4,True,False,iOS
1,168.0,24.0,7,0,5,True,124,55,3,2,186,0.0,6,True,False,Productivity
20,148.0,30.0,7,4,6,True,500,60,3,2,0,4035.0,10,True,False,Android
8,117.0,2.0,8,2,5,True,100,59,1,1,0,1010.0,8,False,False,Email
19,945.0,52.0,7,5,5,True,414,60,3,1,0,118642.0,6,True,False,Artificial Intelligence
1,109.0,0.0,23,3,7,True,382,54,3,1,0,0.0,6,False,False,Social Media
1,112.0,47.0,6,0,6,True,269,54,3,1,586,365.0,8,False,False,Open Source
9,108.0,7.0,7,6,6,True,411,25,1,1,0,170171.0,6,False,False,iOS
1,333.0,47.0,22,1,5,True,274,59,3,6,52,975.0,10,True,False,Productivity
40,721.0,0.0,23,0,5,False,290,57,1,4,0,1994.0,7,False,False,Marketing
1,0.0,2.0,7,3,6,False,445,60,4,1,387,0.0,8,True,False,Web App
1,0.0,7.0,1,1,6,True,304,56,2,1,197,431.0,4,True,False,API
10,193.0,59.0,7,1,5,True,453,57,3,1,0,0.0,2,False,False,iOS
1,97.0,39.0,17,5,5,False,132,55,5,2,61,1070.0,5,False,False,Robots
1,0.0,15.0,8,1,5,True,147,58,3,1,274,0.0,5,True,False,API
18,2350.0,20.0,11,5,6,False,482,18,2,1,0,2385.0,3,True,False,Marketing
1,64.0,2.0,11,3,5,True,437,43,3,1,0,15566.0,6,True,False,Marketing
11,27.0,48.0,7,0,6,True,500,60,3,10,269,0.0,8,True,False,Social Media
10,2661.0,31.0,6,1,5,True,432,51,3,1,294,0.0,7,True,False,Sales
11,197.0,12.0,17,6,5,True,369,60,1,1,0,6042.0,5,False,False,Audio
15,71.0,22.0,7,6,6,True,500,53,1,4,542,24407.0,5,False,False,Software Engineering
4,453.0,99.0,7,2,6,True,255,40,3,1,0,0.0,19,False,False,Productivity
1,53.0,130.0,7,0,1,True,313,54,3,0,200,3653.0,4,False,False,Open Source
4,0.0,86.0,6,1,5,True,436,60,4,1,4852,3082.0,4,False,False,Productivity
18,247.0,46.0,11,2,6,True,379,44,4,4,178,3154.0,6,False,False,Productivity
7,493.0,0.0,23,4,6,False,48,44,3,2,411,2040.0,9,False,False,Analytics
10,12.0,10.0,7,1,5,True,225,59,3,1,741,0.0,10,False,False,Marketing
6,0.0,0.0,7,1,6,True,374,60,3,1,242,553.0,6,True,False,Productivity
3,0.0,54.0,6,5,5,False,500,56,4,1,0,0.0,6,True,False,Health & Fitness
1,114.0,0.0,2,0,5,True,208,42,3,2,0,0.0,8,False,False,Web App
2,55.0,6.0,6,4,5,True,349,47,3,1,265,29644.0,5,False,False,iOS
5,98.0,2.0,6,3,6,True,403,35,3,1,0,474.0,8,False,False,User Experience
1,63.0,92.0,7,4,5,True,124,35,3,1,2101,0.0,7,True,False,Mac
1,158.0,28.0,10,1,5,True,225,52,3,2,0,303.0,6,False,False,Productivity
13,0.0,6.0,7,5,6,False,280,57,4,1,9,517.0,24,True,False,Kids
21,109.0,8.0,7,2,5,True,320,60,3,1,151,10213.0,9,False,False,Vibe coding
8,33.0,22.0,6,2,5,True,491,39,4,1,264,0.0,3,False,False,Productivity
1,18.0,32.0,13,3,5,True,123,51,3,5,520,1766.0,8,True,False,Open Source
11,0.0,0.0,6,5,6,False,393,42,3,1,0,879.0,5,False,False,Android
7,145.0,69.0,7,2,6,True,398,43,3,0,0,96739.0,7,False,False,Marketing
1,18.0,11.0,21,3,6,True,171,51,3,0,332,5934.0,8,True,False,Design Tools
3,63.0,15.0,23,2,7,True,236,55,1,1,60,61597.0,9,True,False,Web App
1,74.0,36.0,5,2,5,True,203,60,4,8,0,0.0,12,False,False,API
1,0.0,16.0,7,3,6,True,498,54,3,1,0,838.0,9,True,False,Emoji
7,0.0,32.0,13,1,5,True,477,55,3,0,0,100502.0,5,True,False,SaaS
134,242.0,7.0,14,2,2,True,500,59,3,2,310,0.0,9,False,False,Productivity
5,23.0,0.0,8,3,5,False,380,53,3,4,0,0.0,9,False,False,Advertising
1,22.0,5.0,23,1,5,False,438,60,4,2,177,0.0,9,False,False,Mac
13,72.0,0.0,11,2,6,True,496,36,4,1,328,0.0,8,False,False,Productivity
24,0.0,0.0,7,2,5,False,165,60,2,1,105,0.0,7,False,False,Marketing
4,0.0,1.0,6,3,5,True,236,60,3,2,0,0.0,6,True,False,Mac
16,0.0,6.0,11,1,6,True,441,58,3,9,666,14554.0,7,False,False,Productivity
21,150.0,3.0,7,5,5,False,212,49,6,1,0,0.0,9,False,False,Kids
1,0.0,13.0,17,3,6,True,423,55,3,0,102,4917.0,1,True,False,Productivity
4,335.0,29.0,6,6,5,True,488,60,2,2,0,0.0,2,False,False,Weather
1,0.0,13.0,23,4,5,False,181,40,3,1,0,0.0,3,True,False,Social Media
6,138.0,27.0,7,2,5,True,434,60,3,1,262,3881.0,7,False,False,Design Tools
4,0.0,12.0,0,0,6,True,219,57,3,0,275,3163.0,12,True,False,Writing
8,111.0,23.0,9,1,5,False,404,56,1,7,0,858.0,5,False,False,Web App
7,870.0,1.0,8,5,5,True,451,42,3,1,195,0.0,10,False,False,Productivity
4,124.0,199.0,0,4,5,True,500,60,3,3,5359,0.0,10,False,False,Comics & Graphic Novels
2,466.0,79.0,9,1,5,True,159,48,3,0,357,5513.0,3,True,False,Productivity
5,271.0,0.0,7,0,5,True,402,54,4,2,0,1783.0,7,True,False,Retro Games
151,0.0,8.0,8,6,6,True,318,59,3,2,0,88186.0,23,False,False,Sales
1,23.0,3.0,7,5,6,True,87,60,3,1,199,3952.0,6,True,False,Android
12,163.0,42.0,7,5,5,True,436,53,3,1,10,0.0,7,True,False,Chrome Extensions
10,150.0,0.0,7,5,5,True,420,42,3,2,176,0.0,3,False,False,Open Source
10,91.0,0.0,1,1,5,False,58,60,3,3,195,2106.0,7,False,False,Hiring
9,245.0,0.0,16,3,6,True,260,48,3,1,407,0.0,8,False,False,Mac
1,80.0,0.0,7,1,5,True,411,55,3,1,0,0.0,8,False,False,Marketing
5,0.0,5.0,6,6,5,True,303,56,3,1,79,0.0,8,True,False,Human Resources
1,60.0,1.0,17,3,4,True,461,17,3,1,316,631.0,11,False,False,Artificial Intelligence
1,82.0,0.0,8,0,2,True,246,47,3,1,0,1207.0,10,False,False,Productivity
148,135.0,15.0,7,0,6,True,253,60,3,1,126,0.0,8,False,False,Mac
1,22.0,0.0,6,0,5,True,500,46,3,1,48,0.0,6,False,False,Productivity
2,0.0,36.0,6,3,5,True,475,38,3,1,357,2811.0,4,False,False,Robots
22,0.0,0.0,17,6,5,False,360,35,2,1,0,9463.0,4,False,False,Customer Communication
22,173.0,11.0,11,0,5,True,326,33,2,3,215,3022.0,0,False,False,Health & Fitness
1,0.0,4.0,16,4,5,True,48,60,3,7,197,0.0,10,True,False,Productivity
5,92.0,25.0,15,0,6,True,207,44,3,5,739,90069.0,8,False,False,User Experience
44,0.0,23.0,6,4,6,True,241,58,3,3,242,0.0,18,False,False,Productivity
24,178.0,8.0,7,3,2,False,500,38,3,1,73,1961.0,5,False,False,Web App
1,0.0,0.0,7,0,5,True,409,41,3,1,195,47359.0,6,False,False,API
1,0.0,16.0,14,3,5,True,209,58,3,2,0,0.0,5,False,False,Android
14,50.0,0.0,7,3,6,True,237,53,3,1,0,0.0,7,True,False,API
1,85.0,8.0,19,3,5,True,229,41,3,5,162,1214.0,6,False,False,Browser Extensions
14,81.0,38.0,7,1,5,True,165,53,2,1,0,2921.0,6,False,False,Mac
1,184.0,147.0,7,5,8,True,281,52,3,6,128,4217.0,11,True,False,Chrome Extensions
1,474.0,8.0,7,0,5,True,446,60,8,1,0,4814.0,0,True,False,Open Source
8,8.0,55.0,8,0,6,True,254,60,3,1,291,158.0,5,False,False,Productivity
6,37.0,0.0,23,2,5,True,452,57,3,11,92,657.0,3,False,False,Chrome Extensions
4,98.0,35.0,7,2,5,True,366,48,2,1,34,0.0,10,True,False,Artificial Intelligence
6,2420.0,4.0,18,1,1,True,500,60,2,4,648,2270.0,8,False,False,Sales
5,0.0,28.0,7,2,5,False,500,59,4,1,486,4751.0,9,True,False,Customer Communication
1,26.0,0.0,7,3,5,False,447,60,5,1,293,0.0,5,False,False,Robots
15,51.0,9.0,8,3,6,False,397,60,1,0,0,712.0,6,True,False,Open Source
6,34.0,0.0,7,4,5,True,500,51,3,1,241,1177.0,7,True,False,API
1,0.0,60.0,16,3,5,False,499,60,3,1,13,0.0,7,True,False,API
3,159.0,9.0,8,0,5,True,366,55,4,7,256,66652.0,4,True,False,Chrome Extensions
51,128.0,20.0,7,5,3,True,128,59,4,1,169,0.0,2,True,False,Web App
1,88.0,55.0,7,1,5,True,500,52,3,1,0,1351.0,6,False,False,Productivity
1,1.0,0.0,7,6,5,True,497,59,2,2,128,0.0,10,False,False,Hiring
1,0.0,0.0,7,4,5,False,390,60,3,9,400,0.0,11,True,False,Web App
19,59.0,2.0,7,0,5,True,500,38,4,7,122,3579.0,5,False,False,Marketing
1,114.0,13.0,7,0,5,True,423,56,4,1,36,116783.0,0,False,False,Developer Tools
4,11.0,0.0,6,2,1,True,216,52,3,1,161,0.0,6,True,False,iOS
9,148.0,14.0,6,2,6,True,489,57,4,5,365,599.0,6,False,False,Developer Tools
7,114.0,0.0,7,1,5,False,389,57,2,1,41,2839.0,8,True,False,Android
6,694.0,0.0,19,0,6,False,500,60,3,1,378,989.0,1,False,False,Chrome Extensions
169,225.0,79.0,7,3,6,False,289,60,3,8,0,81588.0,4,False,False,Productivity
13,38.0,28.0,10,6,5,False,311,55,1,0,33,6024.0,4,False,False,Writing
6,29.0,0.0,18,2,1,False,218,57,3,1,86,1201.0,4,False,False,iOS
1,41.0,301.0,6,5,6,True,434,35,3,1,0,0.0,4,False,False,Design Tools
27,984.0,44.0,7,1,3,True,491,40,4,1,680,5752.0,3,True,False,Marketing
15,31.0,3.0,7,5,5,False,456,60,2,2,330,31935.0,5,True,False,Time Tracking
7,0.0,0.0,7,4,5,True,295,51,3,1,7,857.0,4,False,False,Marketing
13,22.0,0.0,7,0,6,False,500,35,2,2,350,0.0,7,False,False,Sales
10,0.0,0.0,17,6,6,False,257,46,3,1,0,0.0,7,False,False,Health & Fitness
222,123.0,9.0,8,2,5,True,297,58,3,2,0,13993.0,10,False,False,Chrome Extensions
1,210.0,7.0,14,3,6,True,433,45,3,1,624,0.0,7,True,False,Developer Tools
1,90.0,120.0,7,0,6,True,359,49,2,1,5115,10291.0,7,True,False,Fintech
5,70.0,20.0,23,3,6,True,500,59,3,5,213,0.0,6,False,False,Developer Tools
15,141.0,5.0,7,2,5,True,174,55,3,2,0,0.0,1,False,False,Robots
10,0.0,3.0,13,5,6,True,414,60,3,1,186,27921.0,5,False,False,Productivity
2,0.0,15.0,7,4,6,True,386,51,1,1,0,6066.0,0,False,False,Health & Fitness
6,0.0,0.0,7,0,6,False,132,51,3,1,0,32027.0,5,False,False,Analytics
4,79.0,0.0,17,6,5,False,470,55,3,1,207,4692.0,8,False,False,Sales
3,111.0,12.0,7,3,6,True,225,60,3,1,129,4335.0,7,False,False,Developer Tools
17,18.0,74.0,6,1,5,False,500,49,2,8,31,3731.0,5,True,False,Task Management
1,388.0,10.0,19,3,6,False,500,55,3,3,103,2013.0,4,False,False,Analytics
1,105.0,0.0,7,5,5,True,386,47,1,5,0,101450.0,4,False,False,Email
13,18.0,0.0,16,3,5,True,500,27,3,2,574,3686.0,5,False,False,Email Marketing
2,140.0,13.0,7,4,5,True,460,57,3,13,183,3699.0,5,False,False,Task Management
10,133.0,97.0,6,3,6,True,442,55,3,0,257,2646.0,5,True,False,Web App
14,10.0,14.0,6,2,6,False,491,35,3,1,152,0.0,6,False,False,Streaming Services
1,106.0,5.0,7,3,5,False,467,31,3,1,733,3911.0,8,False,False,Health & Fitness
12,71.0,0.0,8,3,5,True,448,47,2,5,214,12010.0,7,False,False,eBook Reader
3,0.0,20.0,23,5,6,True,214,58,3,0,0,3660.0,8,True,False,Mac
6,56.0,8.0,13,4,7,True,145,37,2,1,0,2726.0,4,False,False,Robots
1,66.0,0.0,7,2,5,False,182,53,3,7,0,1148.0,4,False,False,Human Resources
13,289.0,12.0,7,0,5,True,376,57,3,2,371,0.0,8,True,False,Productivity
1,33.0,0.0,8,0,5,True,500,60,4,1,690,65.0,7,False,False,Chrome Extensions
35,62.0,84.0,7,3,6,True,500,60,4,1,242,0.0,8,False,False,Web App
15,51.0,4.0,8,6,6,True,180,60,8,7,0,0.0,5,False,False,Chrome Extensions
7,142.0,16.0,18,3,6,True,349,57,2,1,0,0.0,3,False,False,Growth Hacking
9,110.0,74.0,7,4,5,True,178,57,3,1,0,0.0,3,True,False,Messaging
28,37.0,0.0,6,3,5,True,500,52,3,6,0,4421.0,7,False,False,Productivity
20,110.0,3.0,6,4,5,False,456,58,4,1,120,3030.0,5,False,False,API
10,87.0,11.0,7,3,2,True,446,58,3,1,300,108484.0,11,False,False,Design Tools
1,51.0,0.0,19,4,5,True,89,48,4,4,0,0.0,7,True,False,Design Tools
18,116.0,0.0,6,4,5,False,135,60,4,2,0,3941.0,7,True,False,Android
17,202.0,0.0,7,4,5,True,89,45,4,1,197,0.0,4,False,False,Web App
11,35.0,6.0,7,3,6,False,376,56,1,2,0,756.0,6,False,False,Productivity
59,0.0,25.0,6,6,5,True,349,54,3,4,112,0.0,7,False,False,Open Source
5,1.0,14.0,22,2,5,True,460,41,4,10,499,4523.0,7,False,False,Open Source
12,167.0,0.0,21,6,5,True,468,52,1,1,669,2765.0,6,False,False,API
111,59.0,0.0,17,6,8,True,433,55,3,0,614,6465.0,9,True,False,iOS
19,315.0,0.0,7,1,5,True,385,50,2,1,33,0.0,6,False,False,Mac
19,0.0,6.0,7,1,6,True,321,53,2,4,297,18979.0,10,True,False,Artificial Intelligence
1,47.0,16.0,8,3,6,False,500,54,1,1,223,5727.0,7,False,False,Mac
24,64.0,1.0,7,2,3,True,230,60,3,0,0,90057.0,4,True,False,API
25,508.0,42.0,19,3,5,True,267,55,3,1,232,1180.0,7,False,False,Developer Tools
1,127.0,115.0,7,3,6,True,488,57,3,7,227,0.0,1,False,False,Developer Tools
1,10.0,2.0,13,5,6,True,380,60,1,1,509,0.0,4,False,False,Hardware
1,11.0,0.0,7,2,5,True,190,56,3,1,0,26423.0,4,False,False,Open Source
14,633.0,1.0,7,0,6,True,442,24,1,1,71,141658.0,6,False,False,Messaging
19,61.0,9.0,6,0,6,True,500,57,3,1,170,31557.0,10,True,False,Web App
1,76.0,342.0,13,6,6,True,481,57,1,1,403,133173.0,4,False,False,Email Marketing
7,77.0,0.0,7,4,5,True,500,43,3,1,363,2288.0,5,True,False,eBook Reader
3,0.0,14.0,7,3,5,True,292,43,3,1,161,2481.0,9,False,False,iOS
19,133.0,12.0,18,4,6,True,214,52,5,3,0,1459.0,20,False,False,Social Media
1,204.0,6.0,7,3,6,True,310,55,3,0,127,112167.0,6,False,False,Open Source
1,133.0,56.0,19,5,6,True,487,53,2,2,597,0.0,7,True,False,Email
3,265.0,10.0,16,0,5,False,307,57,4,1,0,857.0,3,False,False,Education
1,67.0,30.0,8,6,5,True,335,40,3,3,0,144.0,4,True,False,Productivity
1,71.0,0.0,7,4,6,True,279,44,1,1,0,3451.0,20,True,False,Health & Fitness
17,0.0,4.0,10,0,6,True,484,53,2,1,288,101012.0,5,False,False,Productivity
6,169.0,9.0,7,5,5,False,314,55,3,1,151,0.0,5,False,False,Analytics
1,55.0,51.0,6,1,5,False,489,55,3,1,127,0.0,7,False,False,Time Tracking
4,86.0,0.0,6,2,5,False,327,46,3,1,0,9248.0,0,False,False,Browser Extensions
4,0.0,0.0,7,4,5,False,86,50,3,0,0,0.0,9,True,False,Audio
2,60.0,0.0,7,4,5,True,219,53,3,0,373,5404.0,3,False,False,Productivity
5,0.0,6.0,6,3,5,True,430,54,3,1,0,0.0,9,False,False,Open Source
13,174.0,0.0,7,5,6,True,500,41,3,1,543,4690.0,7,False,False,API
1,40.0,11.0,7,0,6,True,500,24,3,1,792,0.0,7,False,False,Artificial Intelligence
1,37.0,21.0,15,4,5,True,393,17,2,9,350,3985.0,9,True,False,Productivity
11,67.0,11.0,8,3,5,True,500,40,4,1,336,2362.0,5,False,False,Web App
12,61.0,2.0,8,0,5,True,400,60,1,5,239,0.0,8,True,False,Email
1,247.0,2.0,7,2,6,True,155,48,3,1,595,53104.0,7,True,False,Hardware
8,61.0,2.0,7,4,5,False,356,56,2,3,0,125.0,4,False,False,SaaS
2,146.0,9.0,4,3,6,True,383,41,2,1,324,115313.0,8,False,False,Hiring
12,129.0,44.0,10,4,8,True,403,57,3,2,0,4702.0,9,False,False,Web App
1,112.0,29.0,12,6,5,True,486,54,1,6,809,0.0,6,True,False,Software Engineering
12,68.0,3.0,7,1,6,True,370,41,3,1,181,3447.0,8,True,False,iOS
4,56.0,253.0,12,1,5,True,450,39,2,1,267,1889.0,3,True,False,SaaS
13,139.0,61.0,7,2,5,True,170,45,3,1,0,1213.0,0,False,False,Fintech
56,53.0,46.0,16,5,6,True,455,58,4,1,0,829.0,2,True,False,Chrome Extensions
5,172.0,8.0,7,4,6,True,313,60,3,2,336,0.0,9,True,False,Email Marketing
1,197.0,29.0,20,5,4,True,79,55,2,2,0,28281.0,5,True,False,Health & Fitness
3,38.0,22.0,6,5,1,True,470,58,3,2,186,3012.0,10,True,False,Artificial Intelligence
21,27.0,0.0,11,5,6,False,48,50,4,1,0,3998.0,6,False,False,Browser Extensions
6,38.0,202.0,18,5,5,True,500,45,3,4,278,13.0,7,False,False,Design Tools
1,875.0,0.0,23,3,5,False,205,60,3,0,0,416.0,5,True,False,Design Tools
78,106.0,12.0,12,3,5,True,413,53,3,1,16,862.0,4,True,False,Web App
7,70.0,11.0,7,1,1,True,445,58,3,1,176,13993.0,13,True,False,Android
1,43.0,22.0,12,3,6,True,311,42,5,5,407,3743.0,6,False,False,Analytics
8,101.0,0.0,8,1,6,True,309,60,2,1,104,929.0,5,False,False,Productivity
1,0.0,32.0,7,4,6,True,459,59,3,3,719,449.0,6,False,False,Social Media
8,67.0,0.0,18,2,5,False,427,52,3,1,94,0.0,6,False,False,Productivity
7,0.0,0.0,6,3,5,True,377,52,3,1,0,103552.0,5,False,False,Productivity
9,39.0,77.0,6,1,1,False,411,57,1,1,0,684.0,5,True,False,Art
14,13.0,12.0,19,2,5,True,499,54,8,1,0,2436.0,3,True,False,Customer Communication
105,114.0,0.0,7,5,5,True,348,45,2,8,432,0.0,5,True,False,Marketing
7,162.0,0.0,6,5,6,True,414,60,1,3,0,3453.0,2,True,False,Android
14,0.0,2.0,7,3,7,False,500,56,4,3,39,420.0,7,False,False,SaaS
10,50.0,0.0,0,1,6,True,331,55,4,6,482,3002.0,11,False,False,Customer Success
5,478.0,47.0,7,5,5,True,203,17,1,2,44,212.0,9,True,False,Streaming Services
1,73.0,0.0,7,3,5,True,356,58,2,8,474,15.0,7,True,False,Open Source
5,781.0,14.0,18,3,5,True,415,38,3,1,0,306.0,3,True,False,Android
1,42.0,15.0,7,4,5,True,159,49,3,1,483,2749.0,4,True,False,Customer Success
3,65.0,115.0,15,6,5,True,247,54,5,1,477,0.0,12,False,False,Crypto
6,0.0,0.0,10,3,5,True,305,56,3,1,92,0.0,5,False,False,Design Tools
5,80.0,21.0,7,5,6,True,69,47,3,4,0,754.0,0,True,False,Messaging
20,0.0,3.0,7,5,5,False,459,59,3,1,517,0.0,7,False,False,Android
8,90.0,116.0,17,1,8,True,301,60,3,1,0,95156.0,9,True,False,Mac
2,0.0,1.0,6,3,6,False,229,60,4,1,62,0.0,6,False,False,Payments
7,109.0,51.0,6,5,6,True,315,56,3,1,0,36178.0,5,False,False,Developer Tools
1,24.0,0.0,7,6,6,True,278,50,3,6,394,0.0,4,False,False,Health & Fitness
3,5.0,29.0,7,2,5,True,276,56,3,7,0,1594.0,2,True,False,Productivity
10,92.0,0.0,23,0,5,True,500,59,2,8,378,0.0,9,False,False,Android
9,10.0,23.0,19,3,5,False,412,60,8,1,911,3757.0,2,True,False,3D Printer
22,936.0,25.0,7,4,5,True,361,60,3,2,3156,1083.0,4,False,False,Web App
1,192.0,43.0,6,6,6,True,189,57,3,1,0,0.0,8,False,False,Productivity
17,90.0,26.0,16,5,5,True,409,59,1,1,0,0.0,4,False,False,Marketing
32,74.0,7.0,19,3,6,True,299,59,3,1,0,0.0,5,True,False,Health & Fitness
4,79.0,34.0,7,3,5,False,476,37,2,0,122,0.0,3,True,False,Fintech
1,0.0,17.0,7,6,6,True,415,47,3,1,0,1520.0,4,False,False,Email Marketing
1,0.0,8.0,6,2,5,True,379,59,3,1,727,117591.0,9,False,False,Mac
16,69.0,0.0,6,2,5,True,461,51,1,1,62,3267.0,5,False,False,Productivity
3,0.0,17.0,7,0,6,True,229,53,3,1,38,46162.0,12,False,False,SaaS
1,11.0,2.0,7,5,6,False,260,57,1,1,387,2007.0,6,False,False,Android
7,0.0,0.0,16,1,6,True,369,56,3,1,0,2608.0,6,True,False,Web App
101,128.0,0.0,7,0,5,True,61,50,3,2,0,1070.0,8,True,False,Chrome Extensions
1,0.0,14.0,10,5,5,True,390,45,3,5,464,0.0,9,True,False,API
11,20.0,0.0,8,1,5,False,500,51,3,1,0,6185.0,4,False,False,Fintech
1,89.0,13.0,10,4,5,True,232,50,3,3,45,2700.0,7,False,False,Open Source
6,183.0,35.0,7,4,5,True,384,60,4,1,4351,79.0,10,False,False,Productivity
18,0.0,0.0,7,2,6,False,440,58,3,1,0,0.0,8,False,False,User Experience
6,0.0,36.0,8,6,6,True,466,48,3,1,217,0.0,7,False,False,iOS
1,121.0,3.0,16,0,5,True,370,59,3,5,315,159098.0,2,False,False,Mac
1,279.0,53.0,13,0,6,True,342,54,3,2,629,1033.0,9,False,False,Productivity
4,69.0,27.0,7,3,5,True,259,42,3,1,11,0.0,2,True,False,Design Tools
8,94.0,10.0,7,2,5,True,466,53,3,1,634,2442.0,7,False,False,Web App
1,0.0,4.0,3,6,5,True,425,41,1,4,13,3950.0,6,False,False,Marketing
7,98.0,41.0,5,4,5,True,464,51,4,3,327,3294.0,7,True,False,Design Tools
16,126.0,57.0,8,2,5,True,477,25,3,1,2355,3055.0,6,False,False,Developer Tools
17,438.0,4.0,7,2,6,True,373,55,3,1,0,0.0,11,False,False,Design Tools
3,45.0,17.0,23,1,1,True,259,57,3,1,0,0.0,9,True,False,Mac
1,36.0,5.0,7,3,10,True,241,59,2,2,0,210.0,8,False,False,Productivity
1,158.0,177.0,7,5,5,True,500,23,3,0,145,5622.0,0,False,False,iOS
8,0.0,13.0,7,4,5,True,447,50,3,0,540,2293.0,7,False,False,Web App
1,84.0,25.0,16,1,6,False,500,55,3,2,0,315.0,2,True,False,Marketing
16,130.0,10.0,23,3,6,True,378,25,3,1,0,756.0,6,False,False,Design Tools
1,0.0,133.0,6,3,5,True,500,56,1,2,1045,0.0,0,True,False,Streaming Services
1,8.0,8.0,7,1,9,False,402,45,3,3,0,2768.0,5,True,False,Chrome Extensions
24,165.0,9.0,8,4,5,True,170,60,4,1,246,141671.0,4,True,False,Mac
26,42.0,12.0,8,0,5,True,202,59,3,1,717,21466.0,6,False,False,iOS
4,197.0,0.0,7,1,5,True,245,50,3,1,275,77953.0,6,True,False,Web App
1,151.0,37.0,7,5,6,False,48,19,4,1,0,5984.0,0,False,False,Sales
37,52.0,0.0,7,1,5,True,500,60,3,1,253,512.0,3,True,False,Analytics
1,0.0,5.0,7,2,6,False,313,47,4,4,557,0.0,6,False,False,Marketing
5,55.0,10.0,7,3,6,True,499,55,3,1,183,0.0,6,False,False,Productivity
15,32.0,1.0,17,1,5,False,397,49,2,1,0,2173.0,3,False,False,Linux
5,10.0,0.0,0,2,6,False,477,41,3,1,0,0.0,2,False,False,Productivity
6,78.0,32.0,7,6,2,False,500,24,4,1,579,3253.0,5,True,False,SaaS
8,30.0,0.0,4,4,5,True,48,60,3,1,396,2415.0,6,False,False,Marketing
1,175.0,0.0,7,6,6,True,293,46,3,4,174,0.0,7,False,False,Chrome Extensions
4,37.0,8.0,6,3,5,True,127,47,4,2,124,4049.0,6,False,False,SaaS
4,34.0,13.0,7,1,6,False,70,60,3,2,277,0.0,12,True,False,Email
1,44.0,0.0,18,1,6,False,500,56,3,3,304,0.0,5,True,False,Analytics
88,97.0,72.0,18,2,6,True,155,55,1,0,0,21417.0,8,False,False,Social Media
22,512.0,18.0,7,6,6,True,471,60,2,1,0,126575.0,9,False,False,Mac
1,121.0,97.0,6,3,5,True,368,46,3,2,406,121.0,7,False,False,Email
7,59.0,48.0,7,3,6,False,341,45,4,1,222,5000.0,0,False,False,Open Source
11,13.0,6.0,6,1,5,False,500,60,2,1,228,3580.0,9,False,False,Web App
3,91.0,5.0,7,4,6,True,352,55,3,7,0,100434.0,4,True,False,Open Source
13,160.0,16.0,23,5,5,True,426,60,3,2,73,115538.0,9,True,False,Tech
14,0.0,17.0,7,3,5,True,424,39,3,1,168,0.0,2,False,False,Hardware
1,144.0,13.0,7,2,5,True,472,54,3,2,265,4429.0,6,True,False,Mac
5,81.0,78.0,6,4,6,True,95,58,8,1,424,773.0,5,False,False,Web App
9,15.0,0.0,6,4,6,False,500,60,4,5,0,0.0,1,False,False,Vibe coding
19,621.0,19.0,7,5,5,True,500,53,1,3,244,2170.0,6,False,False,Android
11,230.0,15.0,14,5,6,True,393,46,3,1,421,54873.0,7,False,False,Mac
1,1.0,23.0,7,6,5,False,485,51,3,1,0,6351.0,4,True,False,Software Engineering
5,0.0,10.0,23,5,5,False,439,59,3,2,77,0.0,6,False,False,Productivity
1,115.0,0.0,9,5,5,False,331,60,4,1,0,1879.0,9,True,False,Open Source
1,20.0,4.0,22,3,5,False,363,59,5,2,882,1420.0,8,True,False,Design Tools
24,83.0,0.0,6,1,6,True,304,60,2,4,122,84360.0,9,True,False,Mac
6,216.0,54.0,7,1,6,False,307,17,1,1,139,157012.0,6,True,False,Crypto
12,0.0,53.0,8,3,6,True,462,60,3,1,290,3496.0,7,False,False,Android
1,0.0,0.0,7,4,2,True,274,40,3,1,766,3198.0,9,True,False,Vibe coding
17,97.0,36.0,7,5,6,False,500,42,5,1,548,3717.0,5,False,False,Travel
1,115.0,6.0,17,2,6,True,191,30,3,2,0,3256.0,8,True,False,Productivity
7,81.0,0.0,16,0,6,True,403,59,1,1,18,49951.0,7,False,False,Fintech
3,9.0,17.0,8,0,6,True,143,52,2,0,0,5476.0,6,True,False,Android
3,0.0,0.0,19,1,5,False,197,58,2,1,0,736.0,4,True,False,Music
11,119.0,26.0,2,4,5,True,464,53,2,1,0,780.0,10,True,False,API
1,123.0,15.0,8,6,5,False,425,56,3,1,0,3284.0,7,True,False,Time Tracking
1,404.0,101.0,10,0,5,True,285,54,3,3,249,3113.0,9,True,False,Marketing
3,76.0,0.0,14,5,6,True,454,51,4,1,0,0.0,6,False,False,Productivity
5,95.0,21.0,22,3,5,True,315,45,3,1,0,0.0,8,False,False,Mac
19,0.0,22.0,6,3,5,True,458,52,3,1,44,0.0,3,False,False,Web App
1,65.0,0.0,23,3,5,False,343,36,2,4,333,3685.0,5,False,False,Emoji
7,29.0,19.0,14,3,6,True,362,50,3,1,0,39738.0,5,False,False,Slack
7,78.0,3.0,8,3,5,False,313,58,3,1,436,1185.0,5,False,False,SaaS
8,51.0,1.0,7,3,5,False,303,45,2,3,0,0.0,3,True,False,Marketing
4,22.0,0.0,15,6,5,True,216,35,3,1,207,0.0,6,False,False,Kids
2,82.0,5.0,7,1,5,False,500,60,3,1,349,2234.0,6,True,False,Tech
1,24.0,0.0,7,5,5,True,410,54,3,6,10,3292.0,21,False,False,Productivity
1,220.0,4.0,7,6,5,True,48,55,3,0,0,5897.0,27,True,False,Mac
4,298.0,27.0,13,0,5,True,329,45,3,1,2334,455.0,7,False,False,Productivity
202,0.0,0.0,7,0,5,True,280,60,1,1,53,0.0,7,False,False,Customer Success
2,99.0,7.0,12,3,5,True,450,60,3,1,672,0.0,11,False,False,Developer Tools
1,130.0,4.0,7,4,6,True,299,55,3,1,397,87.0,7,True,False,Crypto
2,129.0,49.0,6,3,5,True,500,53,3,1,193,0.0,4,False,False,Design Tools
3,52.0,14.0,7,6,5,True,355,44,3,1,145,0.0,8,True,False,Design Tools
1,0.0,0.0,7,2,1,True,440,35,3,0,454,1763.0,9,True,False,SaaS
6,49.0,167.0,7,6,8,True,416,36,1,1,0,3699.0,6,True,False,User Experience
1,87.0,30.0,6,2,5,True,500,53,3,4,0,4008.0,0,True,False,SaaS
1,443.0,20.0,23,3,5,True,425,35,3,1,100,5029.0,3,True,False,Developer Tools
4,27.0,24.0,7,5,6,True,395,54,3,1,0,0.0,8,True,False,Chrome Extensions
13,7.0,15.0,23,2,6,True,441,60,3,0,429,0.0,3,False,False,Social Media
1,117.0,2.0,22,4,6,True,449,51,3,1,184,0.0,5,False,False,Productivity
3,25.0,0.0,3,2,3,True,414,56,3,1,0,22526.0,5,True,False,Mac
22,44.0,0.0,6,5,5,True,178,58,1,1,23,50066.0,10,True,False,Payments
5,0.0,0.0,6,0,6,False,500,60,3,4,526,2118.0,5,False,False,Design Tools
1,78.0,102.0,18,2,5,True,236,56,3,3,0,10131.0,9,False,False,Writing
6,47.0,0.0,7,3,6,True,429,33,3,0,61,0.0,11,False,False,Robots
8,53.0,21.0,7,1,5,False,440,56,4,1,0,0.0,10,True,False,Mac
3,0.0,12.0,6,3,6,True,449,60,5,1,487,0.0,9,True,False,Design Tools
1,69.0,102.0,7,0,6,True,207,57,3,1,43,3730.0,5,False,False,Design Tools
1,271.0,90.0,16,6,6,False,458,52,3,3,0,0.0,5,False,False,SaaS
1,81.0,10.0,7,0,7,True,201,54,3,1,436,5115.0,7,False,False,Mac
1,82.0,10.0,3,2,6,True,354,57,3,1,147,28994.0,7,False,False,Productivity
7,26.0,0.0,4,0,5,True,391,46,3,1,268,0.0,8,True,False,Email
17,175.0,33.0,7,0,6,True,194,51,3,2,0,0.0,23,True,False,Productivity
13,51.0,40.0,7,2,5,True,493,46,3,3,185,2379.0,7,True,False,Design Tools
1,80.0,2.0,7,0,5,True,418,60,2,1,326,0.0,7,False,False,Design Tools
17,50.0,8.0,10,1,5,True,249,52,1,5,0,4427.0,5,False,False,Fintech
17,170.0,21.0,6,3,5,True,500,59,3,0,0,806.0,7,True,False,Android
1,0.0,8.0,11,2,5,True,455,55,3,1,0,2970.0,6,True,False,Productivity
4,0.0,4.0,7,5,6,True,106,59,3,0,0,0.0,7,True,False,Growth Hacking
10,1085.0,4.0,21,6,5,True,352,48,1,1,30,0.0,4,False,False,Sales
3,91.0,0.0,8,6,5,True,485,57,3,1,0,0.0,6,False,False,Chrome Extensions
160,121.0,0.0,18,1,5,True,213,59,3,7,1919,0.0,11,True,False,Vibe coding
1,865.0,4.0,7,3,5,True,182,55,3,5,38,4602.0,9,False,False,Vibe coding
13,512.0,0.0,7,0,6,True,275,60,2,7,9,0.0,9,False,False,Open Source
7,0.0,4.0,19,5,6,False,224,49,3,3,0,1332.0,2,False,False,Artificial Intelligence
8,105.0,0.0,8,6,5,False,127,59,3,1,0,6089.0,4,False,False,Android
14,62.0,7.0,13,1,6,True,310,60,4,1,0,0.0,6,True,False,Developer Tools
16,227.0,29.0,9,5,5,True,498,50,3,1,834,6571.0,6,False,False,Android
13,42.0,41.0,20,1,6,False,284,58,2,1,395,19473.0,7,True,False,Health & Fitness
5,11.0,6.0,6,1,5,True,239,17,1,1,42930,5252.0,11,False,False,Productivity
2,127.0,50.0,17,0,5,False,424,57,3,2,0,3669.0,7,True,False,Writing
1,85.0,0.0,7,6,5,True,473,52,3,5,0,2540.0,8,False,False,Retro Games
4,85.0,23.0,9,2,4,False,201,55,5,1,0,0.0,4,True,False,iOS
4,6.0,1.0,10,3,5,True,495,54,4,1,440,911.0,8,False,False,Productivity
1,172.0,31.0,14,3,11,True,496,60,1,1,258,2708.0,5,False,False,Chrome Extensions
32,41.0,0.0,7,5,5,True,151,37,4,1,133,37577.0,6,False,False,API
14,271.0,0.0,9,3,5,True,202,55,3,6,18,0.0,14,True,False,Emoji
110,146.0,18.0,23,4,6,True,301,55,3,3,56,2321.0,7,False,False,Productivity
5,53.0,11.0,7,5,2,True,353,36,3,1,0,0.0,7,True,False,Payments
8,90.0,28.0,17,2,6,True,497,50,3,5,637,3165.0,5,True,False,Productivity
1,124.0,46.0,13,6,6,True,291,60,2,3,370,36705.0,5,False,False,Mac
12,136.0,11.0,22,3,5,False,500,60,1,1,143,827.0,5,False,False,Android
16,0.0,13.0,9,4,6,True,210,58,3,3,0,3056.0,5,False,False,Growth Hacking
1,145.0,0.0,15,1,5,False,313,49,2,1,0,3595.0,8,True,False,Android
4,0.0,13.0,7,3,5,False,388,57,1,1,87,3308.0,4,True,False,Productivity
94,60.0,0.0,7,1,5,True,160,56,2,2,181,0.0,6,True,False,Mac
3,214.0,86.0,8,5,5,True,491,52,2,0,554,3383.0,6,True,False,Open Source
19,115.0,0.0,19,2,5,True,114,57,3,1,0,1838.0,3,True,False,Android
1,0.0,0.0,17,4,5,True,242,55,3,2,320,0.0,7,False,False,Mac
26,358.0,12.0,7,0,6,True,500,60,3,2,399,0.0,8,False,False,API
1,114.0,15.0,8,4,6,True,500,57,3,5,42,2136.0,10,False,False,Health & Fitness
18,22.0,10.0,7,6,6,True,489,58,3,3,653,2180.0,6,False,False,Advertising
1,169.0,29.0,6,3,5,True,186,54,3,3,199,3760.0,7,True,False,iOS
35,91.0,25.0,15,1,5,True,301,60,4,1,0,259.0,5,True,False,Open Source
11,134.0,0.0,18,1,5,True,500,60,3,4,1705,4880.0,7,True,False,Sales
1,85.0,0.0,12,1,6,True,497,59,2,3,73,5993.0,10,True,False,Growth Hacking
4,59.0,32.0,23,3,5,True,234,60,3,1,101,0.0,6,True,False,API
19,55.0,145.0,0,6,1,False,313,37,6,1,399,3275.0,6,True,False,Sales
1,195.0,24.0,8,3,6,True,242,48,3,1,412,1347.0,8,False,False,Analytics
1,0.0,0.0,8,1,6,True,240,60,3,0,1005,4682.0,5,False,False,No-Code
1,117.0,16.0,13,1,5,True,452,60,3,1,0,2245.0,5,False,False,iOS
9,0.0,0.0,7,5,10,False,423,44,1,7,4,140936.0,6,False,False,Retro Games
9,0.0,0.0,11,0,5,False,491,53,3,1,591,0.0,9,True,False,Music
8,210.0,84.0,16,1,5,True,482,60,8,1,0,3614.0,5,True,False,Developer Tools
24,234.0,1.0,23,1,5,True,370,44,3,2,1911,0.0,8,False,False,Productivity
1,0.0,22.0,7,4,6,False,500,56,3,1,392,35209.0,6,False,False,Notes
1,15.0,0.0,14,3,5,True,418,53,3,1,269,4218.0,4,False,False,Menu Bar Apps
20,213.0,0.0,23,1,5,True,379,59,3,3,374,0.0,8,False,False,Web App
1,33.0,6.0,15,6,5,False,198,38,1,1,0,3272.0,7,False,False,Art
1,162.0,29.0,7,3,5,True,300,42,4,1,434,5486.0,3,False,False,SaaS
1,175.0,0.0,7,4,6,True,246,54,3,1,316,96789.0,9,False,False,Comics & Graphic Novels
1,144.0,20.0,7,5,5,False,289,60,3,4,201,11834.0,7,True,False,Android
37,473.0,18.0,7,0,6,False,486,60,3,4,371,4777.0,8,False,False,Design Tools
3,38.0,37.0,7,3,6,False,392,54,1,1,306,2674.0,5,True,False,Music
1,47.0,3.0,23,4,8,True,436,56,3,1,2264,151959.0,4,False,False,Social Network
11,109.0,22.0,6,1,5,True,500,56,4,5,354,4850.0,10,True,False,Email
1,52.0,19.0,5,4,6,True,421,40,3,1,2373,1930.0,4,False,False,Mac
12,29.0,0.0,7,0,6,True,188,60,3,1,265,127852.0,7,False,False,Web App
12,0.0,21.0,6,2,5,True,489,60,6,2,48,79728.0,6,False,False,Mac
2,84.0,23.0,16,4,6,True,482,52,3,1,258,45344.0,7,False,False,Mac
3,105.0,18.0,6,3,5,True,186,55,3,2,2056,359.0,3,False,False,Mac
20,3.0,0.0,8,4,5,False,474,57,3,1,234,2651.0,3,False,False,Tech
1,45.0,0.0,6,3,6,True,267,60,3,3,651,0.0,9,False,False,Design Tools
222,52.0,86.0,6,3,6,True,421,44,3,1,296,0.0,1,True,False,Artificial Intelligence
11,53.0,0.0,7,1,5,True,256,59,3,0,0,1008.0,9,True,False,API
8,0.0,0.0,6,5,5,True,276,47,5,1,329,0.0,7,True,False,Dating
11,0.0,0.0,7,1,6,True,500,55,3,4,1822,0.0,3,False,False,Mac
5,355.0,0.0,6,4,5,True,296,34,4,1,502,0.0,4,False,False,Productivity
1,0.0,16.0,6,2,6,True,156,57,3,2,336,28639.0,6,False,False,Cars
1,0.0,67.0,6,0,12,True,438,55,3,5,397,2560.0,5,False,False,SaaS
1,0.0,3.0,7,5,5,False,432,52,3,3,231,32032.0,1,False,False,Productivity
12,78.0,52.0,18,1,5,True,442,32,4,5,158,107.0,4,False,False,Analytics
1,90.0,0.0,13,6,5,True,314,51,3,2,313,0.0,16,False,False,Robots
1,163.0,112.0,7,1,6,True,458,29,3,1,699,784.0,6,False,False,Email
1,12.0,24.0,6,5,1,False,478,44,3,1,0,1661.0,4,False,False,Design Tools
10,88.0,66.0,6,5,5,True,293,54,3,6,63,4664.0,6,False,False,Productivity
1,153.0,1.0,19,2,1,True,427,57,1,1,0,3029.0,3,False,False,Social Media
1,169.0,24.0,19,3,5,True,450,59,3,1,407,766.0,4,True,False,Mac
9,55.0,81.0,19,1,5,False,294,35,2,1,189,474.0,0,False,False,Social Media
6,148.0,15.0,1,3,6,True,220,56,2,1,126,0.0,8,True,False,Mac
4,0.0,6.0,7,5,5,False,231,56,3,1,0,2111.0,2,False,False,Social Network
1,177.0,7.0,7,6,5,True,201,45,3,8,358,0.0,8,False,False,Productivity
11,0.0,6.0,6,1,2,True,468,60,3,1,191,3582.0,6,False,False,Productivity
3,12.0,38.0,16,3,3,True,173,55,3,1,0,3661.0,8,True,False,Web App
1,193.0,10.0,7,2,6,True,453,28,3,0,591,0.0,7,True,False,Open Source
1,97.0,48.0,12,5,5,True,437,54,3,1,936,0.0,5,False,False,Slack
35,21.0,4.0,20,4,6,True,406,60,3,4,31,1140.0,7,False,False,Design Tools
1,196.0,19.0,7,4,5,True,500,52,3,0,663,0.0,9,True,False,Design Tools
5,78.0,0.0,7,3,5,True,500,55,3,1,0,3209.0,0,False,False,Developer Tools
6,1041.0,4.0,7,5,6,True,373,57,8,1,499,3207.0,9,True,False,Marketing
1,120.0,0.0,7,1,6,True,85,56,3,1,0,4891.0,8,True,False,Email
4,48.0,38.0,18,6,6,True,168,33,3,1,0,75876.0,6,False,False,Fintech
1,0.0,5.0,6,5,7,False,408,54,1,1,191,1240.0,1,False,False,Mac
24,84.0,16.0,7,6,5,False,500,48,3,0,258,0.0,5,True,False,Kids
2,19.0,0.0,6,0,5,True,500,60,3,1,686,3708.0,7,False,False,Productivity
18,61.0,19.0,6,3,5,False,337,42,3,3,64,9559.0,7,False,False,Mac
102,0.0,4.0,7,3,5,True,500,60,9,1,0,0.0,6,False,False,Email
10,227.0,8.0,5,0,5,True,500,39,3,3,194,909.0,3,True,False,Chrome Extensions
15,64.0,1.0,8,3,6,False,355,56,2,1,0,2432.0,6,True,False,Marketing
1,0.0,6.0,7,0,1,True,440,56,3,0,343,0.0,9,False,False,Marketing
1,29.0,0.0,7,3,5,True,500,48,3,0,801,1541.0,6,False,False,Mac
3,16.0,151.0,8,4,6,False,222,17,4,0,0,1184.0,7,False,False,Web App
18,24.0,23.0,12,3,5,True,443,44,3,0,0,5813.0,8,False,False,Robots
15,100.0,6.0,15,1,5,False,500,57,2,1,793,2350.0,6,True,False,API
12,47.0,0.0,6,5,5,False,457,35,4,1,485,0.0,9,False,False,iOS
1,1107.0,2.0,23,1,5,True,477,60,8,1,0,5778.0,5,False,False,Payments
2,0.0,0.0,7,4,6,True,450,49,3,3,531,1601.0,1,False,False,Marketing
4,175.0,15.0,7,6,5,False,500,55,3,1,403,1369.0,7,True,False,Social Media
12,4.0,16.0,7,3,5,False,289,50,3,1,0,57660.0,4,True,False,Mac
1,82.0,0.0,6,5,5,False,287,53,3,1,12,624.0,5,True,False,Artificial Intelligence
18,64.0,14.0,22,1,6,True,249,44,2,6,0,39.0,3,True,False,iOS
28,0.0,103.0,6,5,5,True,395,60,6,1,466,16180.0,9,False,False,Task Management
7,830.0,10.0,8,2,5,True,349,58,3,1,237,11326.0,6,True,False,Web App
1,6.0,0.0,8,4,5,False,458,56,2,0,0,1567.0,1,False,False,Weather
8,188.0,130.0,23,0,5,False,282,50,4,1,0,1604.0,7,False,False,Design Tools
1,93.0,7.0,7,6,6,False,412,58,3,1,1529,1601.0,12,True,False,Productivity
19,75.0,11.0,6,0,6,True,270,56,4,2,377,0.0,12,False,False,Open Source
1,96.0,0.0,22,5,6,True,56,24,3,1,0,4318.0,4,True,False,iOS
1,0.0,3.0,7,4,5,True,500,53,3,2,275,0.0,8,False,False,Productivity
3,79.0,0.0,22,4,5,True,425,41,3,6,0,2287.0,5,False,False,SaaS
18,36.0,2.0,21,4,6,False,372,56,3,1,3050,24791.0,9,False,False,iOS
11,128.0,0.0,6,5,6,True,76,50,3,3,116,729.0,3,False,False,Fintech
7,2280.0,24.0,15,4,6,True,411,57,3,1,329,0.0,6,False,False,Productivity
9,57.0,5.0,16,6,5,False,431,57,1,3,0,158815.0,6,False,False,iOS
1,0.0,0.0,7,3,5,True,500,57,3,1,518,0.0,6,False,False,Menu Bar Apps
1,225.0,18.0,12,4,5,True,403,42,4,1,0,0.0,10,True,False,Android
5,60.0,109.0,6,4,6,True,442,31,3,2,0,3478.0,2,True,False,Productivity
1,471.0,1.0,23,3,5,True,500,53,3,1,51,4285.0,9,False,False,Sales
1,0.0,43.0,15,0,5,True,230,31,3,1,248,0.0,6,True,False,Linux
9,80.0,0.0,16,1,5,True,420,60,2,1,0,3688.0,5,True,False,Design Tools
6,0.0,68.0,19,1,6,True,457,53,3,1,664,2761.0,3,False,False,Productivity
11,116.0,20.0,7,0,1,True,331,53,3,4,237,22648.0,10,False,False,Social Media
1,209.0,108.0,20,2,5,False,180,57,5,5,173,75497.0,7,True,False,iOS
1,0.0,12.0,8,1,5,True,243,60,4,1,327,2921.0,6,False,False,SaaS
1,96.0,48.0,7,4,5,True,353,58,3,1,487,0.0,6,False,False,Social Media
7,3.0,19.0,11,0,6,True,475,41,3,0,330,22.0,7,True,False,Productivity
30,395.0,54.0,16,5,5,False,432,58,6,1,408,1229.0,7,True,False,Developer Tools
1,12.0,14.0,6,1,5,True,295,60,3,3,0,23562.0,6,False,False,Couples
10,124.0,17.0,7,3,5,True,444,59,3,2,315,9808.0,11,True,False,API
13,26.0,0.0,7,4,5,True,500,58,2,4,0,0.0,3,False,False,Web App
9,0.0,0.0,7,0,6,True,500,56,3,5,0,17930.0,6,False,False,Marketing
3,59.0,132.0,16,2,2,True,453,37,3,0,0,5137.0,8,True,False,iOS
26,0.0,70.0,7,2,5,False,337,52,5,0,39,0.0,13,False,False,Task Management
10,0.0,0.0,7,5,5,True,327,60,4,1,55,509.0,4,False,False,Open Source
1,68.0,21.0,7,3,5,True,271,49,3,4,322,2509.0,6,True,False,Meetings
2,72.0,5.0,2,6,5,False,48,50,2,1,0,3494.0,7,False,False,Chrome Extensions
3,127.0,16.0,9,2,2,True,411,60,3,1,510,61535.0,7,True,False,Marketing
13,109.0,0.0,16,0,5,True,119,50,1,1,335,0.0,2,True,False,Home
5,35.0,2.0,10,6,5,True,409,60,1,6,377,29645.0,6,False,False,Browser Extensions
1,89.0,7.0,16,3,6,True,171,54,3,2,161,9013.0,4,False,False,Health & Fitness
4,30.0,100.0,6,2,5,True,263,60,3,1,0,994.0,4,True,False,Developer Tools
11,119.0,0.0,7,2,5,True,203,47,3,1,0,0.0,4,False,False,Fintech
3,51.0,5.0,6,4,5,True,447,17,4,0,297,2153.0,7,False,False,Developer Tools
1,78.0,14.0,7,5,6,True,491,56,3,1,681,890.0,9,True,False,Mac
1,472.0,138.0,23,3,5,True,271,57,8,1,46,3462.0,6,True,False,Chrome Extensions
1,22.0,105.0,7,2,5,False,274,56,3,2,98,2314.0,3,True,False,iOS
1,137.0,19.0,9,2,5,True,500,31,3,1,318,2874.0,8,True,False,Design Tools
13,0.0,18.0,11,0,5,False,215,47,4,6,88,0.0,5,False,False,API
6,0.0,13.0,6,3,5,True,203,56,4,0,0,247.0,5,False,False,Android
8,116.0,29.0,7,4,5,False,350,44,3,3,0,0.0,1,False,False,iOS
1,0.0,0.0,6,4,5,True,321,55,3,1,0,0.0,9,True,False,Open Source
7,0.0,12.0,5,3,6,False,480,59,1,0,50,856.0,9,False,False,Hardware
2,166.0,18.0,14,3,5,True,264,35,3,1,51,2791.0,9,True,False,Health & Fitness
12,415.0,7.0,13,4,8,True,290,54,5,5,437,0.0,6,False,False,Design Tools
6,336.0,23.0,7,4,6,True,500,58,3,4,1162,0.0,27,True,False,Design Tools
1,0.0,6.0,1,3,5,True,455,41,3,1,192,483.0,9,True,False,Design Tools
1,92.0,25.0,0,0,5,True,320,52,3,4,52,4402.0,4,True,False,Artificial Intelligence
2,0.0,3.0,0,3,5,True,482,58,1,4,0,1777.0,8,True,False,Email
49,0.0,0.0,19,0,5,False,313,55,4,2,0,808.0,1,False,False,Customer Communication
2,344.0,111.0,19,3,5,True,308,54,3,6,610,0.0,6,False,False,Productivity
46,0.0,21.0,6,1,1,True,273,42,3,0,326,0.0,11,True,False,Vibe coding
6,87.0,0.0,13,2,5,False,431,45,3,3,0,0.0,3,False,False,Hiring
1,110.0,1.0,23,2,5,True,277,60,8,0,379,4659.0,5,False,False,Sales
10,10.0,11.0,18,5,5,True,405,57,3,1,0,0.0,7,False,False,Android
1,362.0,24.0,17,6,5,False,500,49,1,2,246,3071.0,2,False,False,Analytics
36,50.0,5.0,3,1,6,True,308,46,3,5,74,0.0,6,True,False,Artificial Intelligence
6,25.0,0.0,7,6,5,True,383,58,3,1,196,0.0,0,False,False,Productivity
11,0.0,11.0,0,1,7,True,472,60,3,1,638,26767.0,7,True,False,Productivity
2,51.0,16.0,16,3,6,True,200,53,3,3,510,66346.0,2,True,False,Productivity
28,0.0,0.0,8,5,6,False,321,49,1,2,0,3345.0,5,False,False,Tech
3,81.0,0.0,7,6,5,False,425,56,3,1,0,0.0,2,True,False,Mac
1,37.0,16.0,15,3,8,True,393,46,3,0,0,168648.0,5,False,False,Mac
9,195.0,27.0,7,4,1,False,427,42,1,5,460,2356.0,7,True,False,Privacy
18,6.0,98.0,6,0,6,False,411,57,2,1,0,1669.0,7,False,False,Robots
1,58.0,47.0,6,4,5,True,412,42,3,4,295,3248.0,10,False,False,Health & Fitness
1,0.0,12.0,7,3,6,True,300,24,3,0,26,0.0,5,False,False,Developer Tools
1,4.0,10.0,10,1,6,True,421,57,3,0,468,3458.0,3,True,False,Mac
9,0.0,4.0,7,5,5,True,500,52,3,1,0,118692.0,7,False,False,Kids
1,84.0,17.0,8,5,6,True,452,52,3,4,0,0.0,5,False,False,Design Tools
7,150.0,39.0,7,0,5,True,269,54,3,1,68,14595.0,8,False,False,API
8,409.0,127.0,7,5,5,True,424,52,2,2,0,6687.0,4,False,False,Artificial Intelligence
13,0.0,3.0,21,3,5,False,487,60,3,12,0,0.0,5,True,False,Design Tools
14,91.0,24.0,6,0,5,True,462,42,3,3,591,69775.0,4,False,False,Design Tools
3,156.0,50.0,6,5,5,True,500,58,3,1,0,873.0,6,False,False,Developer Tools
122,239.0,101.0,7,1,6,True,488,41,3,7,0,4052.0,8,True,False,Writing
7,51.0,8.0,10,5,5,False,344,26,2,1,0,970.0,3,False,False,Messaging
1,13.0,148.0,7,3,5,True,189,55,3,1,0,2478.0,11,True,False,Mac
8,131.0,6.0,7,3,8,True,284,60,3,2,159,3051.0,8,True,False,iOS
1,74.0,7.0,10,0,7,True,95,51,3,3,30,230.0,4,True,False,Design Tools
6,9.0,16.0,11,3,5,True,263,59,3,1,406,116549.0,9,True,False,Mac
5,373.0,0.0,7,0,5,True,115,59,3,4,435,23128.0,8,False,False,Android
7,0.0,89.0,7,1,5,True,414,53,3,2,0,0.0,4,False,False,Health & Fitness
1,79.0,7.0,7,3,5,True,459,49,3,6,558,1705.0,27,False,False,Productivity
1,657.0,20.0,6,4,6,True,276,33,3,1,0,5256.0,0,False,False,Android
1,617.0,10.0,7,3,6,True,259,59,3,1,664,3252.0,27,False,False,Developer Tools
3,63.0,24.0,11,3,5,True,144,60,3,0,166,69.0,3,False,False,Developer Tools
1,18.0,0.0,23,3,2,True,426,60,3,1,0,2269.0,7,True,False,WordPress
6,170.0,13.0,23,0,6,True,102,20,3,1,290,48595.0,11,True,False,Marketing
21,77.0,0.0,6,5,6,True,142,44,1,1,475,2984.0,7,False,False,Software Engineering
1,6.0,0.0,7,4,5,False,499,56,4,1,220,0.0,1,True,False,SaaS
22,181.0,22.0,13,5,6,True,60,50,2,0,0,4361.0,3,False,False,Mac
1,122.0,7.0,7,0,6,True,280,60,3,3,1120,858.0,4,False,False,Artificial Intelligence
12,97.0,21.0,23,4,5,True,500,54,3,3,241,0.0,7,False,False,Marketing
101,110.0,9.0,6,3,8,True,500,60,4,0,599,846.0,10,False,False,Productivity
6,184.0,25.0,14,0,6,True,500,60,3,2,59,976.0,5,False,False,Chrome Extensions
27,28.0,2.0,17,6,5,False,496,52,1,1,177,17.0,12,True,False,Writing
2,48.0,8.0,7,0,5,False,460,35,2,1,193,14259.0,6,False,False,iOS
22,47.0,0.0,7,0,6,True,299,52,3,5,339,2063.0,10,False,False,Developer Tools
9,0.0,23.0,6,2,6,True,500,54,3,1,535,33706.0,4,True,False,API
5,15.0,11.0,2,3,6,True,153,51,2,1,150,82097.0,4,False,False,Productivity
22,112.0,5.0,7,1,5,True,128,60,3,0,0,0.0,8,False,False,Android
19,153.0,38.0,6,1,5,True,309,23,1,1,0,0.0,5,True,False,Hiring
10,64.0,12.0,7,6,5,True,363,37,3,2,0,4301.0,6,False,False,Software Engineering
16,113.0,45.0,7,3,4,True,500,57,3,4,0,2210.0,6,False,False,iOS
80,147.0,108.0,7,0,5,False,404,48,3,3,324,0.0,5,False,False,Productivity
10,0.0,15.0,7,3,6,False,500,49,3,3,113,106665.0,6,False,False,Productivity
21,164.0,101.0,6,2,5,True,245,50,3,1,544,0.0,5,False,False,iOS
2,47.0,7.0,7,3,6,True,154,23,3,1,35,0.0,7,True,False,Productivity
1,0.0,10.0,16,0,5,False,357,59,3,0,0,1045.0,0,False,False,Analytics
8,160.0,8.0,7,2,7,True,500,60,1,1,608,0.0,5,True,False,Android
10,0.0,48.0,7,6,1,True,398,35,3,1,0,0.0,8,False,False,Social Media
158,0.0,21.0,7,4,5,True,303,34,3,5,0,2211.0,5,False,False,Productivity
7,110.0,0.0,16,1,6,True,500,60,3,3,0,6308.0,9,True,False,Time Tracking
36,154.0,4.0,0,1,6,False,473,60,3,0,18,7104.0,7,False,False,Time Tracking
1,112.0,120.0,7,3,5,True,484,41,3,2,361,165349.0,5,False,False,Chrome Extensions
7,41.0,19.0,13,0,5,False,363,60,8,1,0,1046.0,8,False,False,Design Tools
10,136.0,2.0,23,1,5,True,428,60,3,1,114,879.0,9,False,False,Productivity
17,51.0,0.0,6,3,5,True,236,46,3,1,261,0.0,11,False,False,Menu Bar Apps
25,44.0,6.0,6,6,6,True,267,59,3,3,0,19098.0,5,False,False,Developer Tools
1,110.0,32.0,7,5,5,True,225,55,3,4,92,506.0,6,False,False,Social Media
1,43.0,0.0,11,5,6,True,470,59,3,1,425,3157.0,5,True,False,Venture Capital
6,43.0,2.0,7,4,5,True,324,55,2,5,425,0.0,10,True,False,Sales
1,16.0,31.0,9,0,6,True,227,55,3,1,0,321.0,1,True,False,iOS
1,169.0,46.0,19,0,6,True,423,55,2,3,0,88495.0,6,False,False,iOS
8,83.0,8.0,7,5,5,True,405,51,3,1,281,26795.0,8,False,False,iOS
14,34.0,0.0,17,1,5,True,485,60,2,2,0,0.0,3,False,False,Music
15,83.0,4.0,6,5,7,True,152,60,3,0,0,3055.0,7,True,False,Mac
16,80.0,17.0,7,3,6,True,470,46,3,1,247,2297.0,7,True,False,Mac
1,61.0,108.0,21,4,6,True,500,52,4,1,467,3841.0,5,True,False,Web App
3,151.0,0.0,7,5,5,True,198,55,3,1,101,31871.0,7,False,False,Open Source
16,86.0,98.0,6,5,5,True,167,52,3,2,409,2023.0,9,True,False,Chrome Extensions
1,109.0,0.0,17,2,6,True,393,28,3,1,507,0.0,12,False,False,Marketing
7,0.0,19.0,8,4,5,True,213,56,3,1,94,1652.0,3,True,False,User Experience
3,201.0,36.0,1,2,6,True,48,60,3,5,477,147.0,3,True,False,Analytics
1,30.0,126.0,6,3,5,True,360,60,9,3,259,15906.0,5,False,False,Productivity
6,214.0,16.0,9,4,6,True,267,52,3,4,0,0.0,27,True,False,Design Tools
1,110.0,12.0,2,6,5,True,237,53,3,9,434,5134.0,6,False,False,Productivity
15,124.0,21.0,7,3,5,True,278,53,3,1,0,1918.0,3,False,False,Health & Fitness
11,13.0,0.0,7,0,6,True,500,56,3,1,461,9642.0,8,True,False,Mac
15,66.0,0.0,23,1,5,False,500,40,3,1,0,0.0,6,False,False,Design Tools
27,116.0,76.0,7,3,5,True,353,47,3,1,418,4517.0,3,False,False,API
2,0.0,19.0,7,4,6,True,500,54,3,1,493,1935.0,12,False,False,Productivity
8,633.0,12.0,23,4,5,True,360,52,3,1,44290,113474.0,3,True,False,Mac
21,166.0,18.0,13,1,5,True,260,52,3,2,184,87043.0,8,False,False,Health & Fitness
3,538.0,1.0,7,1,5,False,378,52,4,1,337,0.0,8,False,False,Social Network
14,37.0,0.0,14,3,6,True,500,59,3,1,364,3868.0,9,False,False,Productivity
1,28.0,0.0,8,3,4,True,115,41,3,1,724,665.0,10,False,False,Chrome Extensions
1,123.0,23.0,2,3,5,False,484,60,3,1,0,0.0,5,True,False,Couples
1,50.0,80.0,7,6,1,True,270,50,3,6,0,208.0,0,False,False,iOS
12,132.0,7.0,10,5,5,False,61,48,3,0,322,2782.0,7,False,False,Productivity
1,173.0,1.0,5,3,5,True,407,56,3,6,0,5525.0,2,True,False,iOS
66,137.0,15.0,12,0,3,True,401,48,3,4,271,0.0,12,False,False,iOS
1,93.0,50.0,7,0,5,True,492,60,3,1,241,1973.0,5,False,False,Marketing
7,184.0,6.0,7,4,5,True,205,50,1,1,239,691.0,1,False,False,Productivity
4,39.0,0.0,3,6,6,True,500,40,2,6,40,0.0,6,True,False,Productivity
12,26.0,0.0,17,0,6,True,490,60,4,1,271,26942.0,10,True,False,API
19,228.0,52.0,7,0,3,True,245,60,1,2,1959,512.0,9,False,False,Streaming Services
1,78.0,116.0,6,6,6,True,500,50,3,5,0,939.0,3,False,False,Sales
14,434.0,26.0,13,3,5,False,451,51,3,5,522,0.0,7,True,False,Emoji
1,166.0,29.0,18,6,6,True,208,55,3,1,0,272.0,7,True,False,Chrome Extensions
1,47.0,79.0,13,0,6,True,244,51,3,1,214,116203.0,3,False,False,Productivity
6,84.0,1.0,14,0,6,True,406,60,8,1,116,0.0,13,False,False,Marketing
10,0.0,14.0,0,0,5,True,429,54,3,3,261,0.0,7,False,False,Venture Capital
6,176.0,34.0,14,0,5,True,182,57,5,0,0,99872.0,5,False,False,Design Tools
106,0.0,94.0,2,3,6,True,485,49,3,1,255,0.0,5,False,False,Fashion
1,90.0,0.0,8,2,7,False,500,60,2,1,385,2508.0,8,False,False,iOS
5,55.0,11.0,7,5,5,True,413,60,3,1,83,541.0,6,True,False,Android
7,21.0,26.0,18,4,6,False,454,60,2,1,471,108144.0,10,True,False,iOS
7,458.0,7.0,21,2,9,False,258,60,3,4,0,541.0,2,False,False,Android
1,52.0,14.0,7,3,5,False,407,53,3,1,0,630.0,4,True,False,Growth Hacking
10,106.0,15.0,7,3,5,True,153,34,4,1,435,5431.0,8,False,False,Artificial Intelligence
1,31.0,168.0,6,2,6,False,229,50,2,0,0,259.0,7,False,False,Hiring
12,39.0,8.0,6,3,5,True,476,57,3,2,422,0.0,4,True,False,Mac
1,0.0,62.0,7,4,6,True,294,56,3,6,585,0.0,17,False,False,Chrome Extensions
3,1060.0,5.0,6,3,7,True,408,17,3,5,368,26709.0,4,True,False,Artificial Intelligence
8,74.0,22.0,7,0,6,True,474,55,3,1,697,0.0,5,True,False,Open Source
4,194.0,120.0,0,3,6,True,439,46,2,1,548,1534.0,7,True,False,Startup Books
8,337.0,8.0,7,3,5,False,431,58,1,1,69,2319.0,7,False,False,API
5,0.0,2.0,6,4,5,True,353,60,3,1,0,3740.0,1,False,False,Mac
19,395.0,44.0,7,2,5,True,326,44,3,0,127,0.0,10,True,False,Productivity
1,4.0,4.0,22,6,6,True,500,56,1,5,519,141.0,10,True,False,API
10,0.0,21.0,5,0,5,True,500,60,3,6,328,4438.0,5,False,False,Chrome Extensions
1,51.0,42.0,8,1,6,True,237,48,3,1,445,44327.0,0,False,False,API
1,133.0,7.0,7,6,6,True,262,25,3,2,177,10062.0,27,True,False,Health & Fitness
19,32.0,35.0,22,0,6,True,442,56,3,0,367,1375.0,7,False,False,Tech
1,80.0,28.0,6,4,5,True,184,58,4,1,0,0.0,5,False,False,Web App
1,39.0,0.0,7,5,6,False,500,57,3,6,303,0.0,4,False,False,Mac
3,339.0,37.0,6,6,5,True,432,42,3,0,634,0.0,9,True,False,Android
10,260.0,12.0,7,3,6,True,430,56,3,2,9,2325.0,4,False,False,iOS
8,69.0,0.0,10,3,5,True,378,59,9,1,135,0.0,4,False,False,Dating
6,67.0,16.0,9,4,6,True,368,60,4,2,3259,0.0,5,False,False,Hiring
1,41.0,85.0,6,4,6,True,340,50,3,1,64,0.0,6,False,False,Design Tools
13,188.0,9.0,23,0,6,True,488,60,3,1,89,10139.0,8,True,False,Web App
23,236.0,56.0,7,3,5,True,500,57,3,4,620,308.0,7,False,False,Productivity
1,0.0,0.0,16,4,5,False,500,60,3,2,9,3053.0,5,True,False,Sales
8,126.0,43.0,20,5,5,True,412,53,3,2,619,2900.0,8,False,False,Mac
128,66.0,19.0,11,4,5,True,287,47,3,1,317,0.0,9,True,False,Mac
9,194.0,10.0,23,5,7,True,257,45,3,1,594,0.0,10,False,False,API
11,0.0,44.0,17,1,6,False,477,54,2,1,0,132.0,8,True,False,Mac
1,33.0,18.0,9,6,5,True,500,42,3,0,257,4614.0,4,False,False,Developer Tools
5,232.0,31.0,17,5,3,False,327,59,3,1,378,12757.0,7,False,False,Productivity
9,57.0,6.0,7,3,5,False,436,51,2,5,252,3938.0,12,False,False,Artificial Intelligence
5,70.0,0.0,8,0,5,True,476,57,3,2,490,642.0,7,False,False,API
18,0.0,0.0,6,3,6,True,459,39,4,5,4,0.0,6,False,False,Design Tools
26,16.0,0.0,7,4,5,False,206,60,4,2,458,0.0,8,False,False,Productivity
8,49.0,8.0,7,1,5,True,236,60,2,1,0,4350.0,3,False,False,Mac
6,0.0,0.0,8,1,5,True,483,52,3,3,242,1689.0,6,False,False,Open Source
1,37.0,0.0,7,5,6,False,270,60,3,2,113,1200.0,6,True,False,Android
6,151.0,32.0,7,1,5,True,384,36,3,1,160,58027.0,8,True,False,Android
9,518.0,3.0,7,3,5,True,159,33,3,2,64,0.0,27,True,False,Mac
1,194.0,0.0,8,3,5,True,169,55,3,3,0,104042.0,11,True,False,Hiring
2,178.0,23.0,13,2,5,False,457,46,3,5,293,4676.0,0,True,False,Android
18,173.0,45.0,6,3,6,True,401,58,3,1,0,766.0,7,True,False,Mac
1,2.0,35.0,7,5,6,False,466,51,3,5,291,3295.0,12,False,False,Mac
33,0.0,57.0,21,1,5,True,101,60,4,1,0,143114.0,2,False,False,Productivity
12,91.0,27.0,15,3,6,True,141,47,3,4,280,0.0,26,False,False,Marketing
5,0.0,2.0,7,5,5,True,464,56,3,3,171,3464.0,8,False,False,Productivity
13,151.0,0.0,18,3,5,True,205,38,1,10,186,24086.0,4,False,False,Couples
11,78.0,14.0,7,3,5,False,408,56,3,2,463,3948.0,12,True,False,iOS
1,85.0,3.0,13,0,6,True,207,56,3,4,224,0.0,7,False,False,Productivity
1,49.0,2.0,11,1,7,False,454,58,3,2,67,79709.0,7,True,False,Mac
1,37.0,89.0,22,0,5,True,382,57,3,5,2127,21091.0,3,True,False,Productivity
2,0.0,0.0,7,3,5,False,426,38,3,1,0,0.0,4,False,False,Web App
6,133.0,20.0,23,1,6,False,238,60,2,1,0,35100.0,4,False,False,Custom Keyboards
9,76.0,68.0,8,2,5,True,471,60,3,1,0,0.0,4,True,False,Travel
17,0.0,16.0,13,2,6,True,397,60,3,1,23,0.0,0,False,False,Artificial Intelligence
1,103.0,18.0,7,4,5,True,500,52,3,0,1760,4214.0,4,False,False,Productivity
17,124.0,20.0,21,2,5,True,280,38,4,1,486,70104.0,3,True,False,Productivity
11,0.0,271.0,12,1,6,True,369,47,9,4,328,6584.0,9,True,False,Android
1,79.0,47.0,6,3,5,True,241,28,3,3,0,2804.0,17,True,False,Tech
6,206.0,36.0,0,6,5,False,424,47,3,2,0,4994.0,8,True,False,Developer Tools
10,93.0,3.0,7,3,5,True,342,57,1,7,0,0.0,7,False,False,Email
1,0.0,9.0,11,3,5,False,93,49,4,5,265,2862.0,4,False,False,Design Tools
1,170.0,0.0,21,5,6,True,312,60,3,0,147,4944.0,7,False,False,Productivity
6,70.0,13.0,6,4,5,True,343,45,3,4,158,237.0,10,True,False,Mac
1,70.0,7.0,23,3,5,True,500,53,3,8,438,118211.0,8,False,False,Open Source
3,40.0,58.0,7,3,6,True,492,40,2,1,0,0.0,7,True,False,Retro Games
12,83.0,17.0,6,1,5,True,369,57,4,4,109,0.0,6,False,False,API
1,0.0,0.0,12,3,1,True,500,43,3,1,115,31912.0,6,False,False,Hiring
1,386.0,103.0,7,4,5,True,155,59,3,2,0,117984.0,6,True,False,Design Tools
7,0.0,0.0,7,3,5,True,447,38,3,1,121,400.0,3,False,False,Social Media
12,0.0,8.0,14,0,5,True,471,56,3,1,387,484.0,8,False,False,Productivity
3,71.0,2.0,10,0,5,True,201,38,2,10,279,0.0,5,False,False,Developer Tools
9,0.0,19.0,5,2,10,True,98,46,3,4,192,24811.0,11,False,False,Open Source
1,799.0,43.0,7,5,5,False,453,54,3,0,2463,4838.0,9,False,False,Chrome Extensions
11,18.0,0.0,7,6,5,False,390,50,1,1,52,3580.0,6,True,False,iOS
18,89.0,87.0,6,5,5,True,500,46,3,7,572,15251.0,6,False,False,Mac
1,131.0,15.0,14,2,5,False,345,60,3,5,396,100253.0,4,True,False,Tech
13,65.0,0.0,7,1,5,True,486,51,3,0,192,107.0,9,False,False,Browser Extensions
12,130.0,0.0,7,1,5,True,500,56,3,1,0,1614.0,12,True,False,API
2,12.0,0.0,7,1,5,True,496,51,2,8,197,4334.0,5,True,False,Music
7,0.0,12.0,16,4,5,True,400,52,3,1,0,38855.0,5,True,False,Open Source
1,143.0,7.0,8,4,1,True,191,52,3,8,363,0.0,14,True,False,Open Source
7,0.0,0.0,7,5,5,True,228,54,3,0,79,3296.0,6,True,False,Android
3,45.0,25.0,23,1,6,True,420,60,4,3,0,0.0,8,True,False,Artificial Intelligence
1,90.0,7.0,7,0,4,True,419,54,2,4,253,10176.0,9,False,False,API
1,2.0,21.0,23,4,5,True,210,53,3,1,319,726.0,10,False,False,Productivity
1,122.0,68.0,21,4,6,True,432,30,2,1,0,0.0,6,False,False,Productivity
13,103.0,14.0,8,4,6,True,230,58,3,1,550,0.0,6,False,False,Productivity
27,63.0,41.0,7,6,8,False,280,60,3,1,568,2497.0,2,False,False,Music
1,32.0,0.0,7,2,5,True,457,60,3,3,164,1601.0,6,False,False,Analytics
1,151.0,0.0,7,5,5,True,448,39,3,2,0,3421.0,7,True,False,Social Network
1,0.0,24.0,23,4,6,False,500,42,1,3,34,107394.0,8,False,False,Vibe coding
6,7.0,4.0,7,4,7,False,340,59,3,0,191,120857.0,3,True,False,Artificial Intelligence
6,78.0,6.0,17,1,5,True,407,60,3,1,246,1106.0,5,False,False,Design Tools
1,150.0,10.0,1,0,6,True,382,59,3,4,142,3837.0,2,True,False,Web App
32,189.0,17.0,7,3,6,True,246,39,3,1,137,3713.0,10,False,False,Comics & Graphic Novels
1,2661.0,20.0,17,0,6,True,470,50,3,1,329,140930.0,10,False,False,iOS
4,310.0,0.0,18,4,5,True,445,57,3,1,0,16645.0,7,False,False,Design Tools
19,23.0,8.0,6,6,1,True,149,60,1,3,298,0.0,13,True,False,Web App
13,264.0,47.0,7,0,5,True,439,54,3,0,231,0.0,9,True,False,Analytics
1,389.0,0.0,20,0,5,True,480,49,4,3,539,1937.0,9,False,False,Productivity
23,0.0,49.0,7,4,6,True,382,58,1,2,286,0.0,5,False,False,Social Media
1,86.0,69.0,16,5,5,True,500,55,4,1,0,1377.0,6,False,False,Web App
1,45.0,176.0,0,1,6,True,500,25,3,1,328,1950.0,7,True,False,Productivity
15,847.0,22.0,20,3,5,True,500,49,3,1,279,1459.0,7,True,False,Analytics
39,40.0,33.0,7,3,6,False,219,40,2,1,2260,0.0,27,False,False,Open Source
1,147.0,8.0,2,6,5,True,500,55,3,2,413,709.0,7,False,False,Chrome Extensions
1,151.0,5.0,23,3,5,True,262,39,3,1,134,4372.0,7,True,False,Health & Fitness
1,729.0,76.0,10,3,5,True,500,59,3,3,854,0.0,7,True,False,API
1,114.0,0.0,7,2,5,False,419,40,4,3,406,1320.0,8,False,False,Design Tools
6,55.0,12.0,7,0,5,True,331,60,3,1,1210,0.0,2,False,False,Education
1,541.0,83.0,19,5,5,True,383,31,3,1,814,3794.0,7,True,False,Meetings
1,209.0,0.0,22,0,5,False,315,60,2,7,0,0.0,7,True,False,SaaS
3,243.0,23.0,5,3,5,True,377,60,3,6,621,0.0,7,True,False,Mac
10,1015.0,16.0,7,0,5,True,183,56,3,1,0,0.0,8,True,False,Marketing
9,110.0,8.0,7,3,11,True,113,60,3,3,0,0.0,8,True,False,Mac
9,0.0,6.0,6,0,1,True,255,17,1,0,377,2753.0,7,False,False,Customer Success
1,60.0,7.0,7,5,5,True,376,44,3,1,973,4824.0,4,False,False,Design Tools
3,54.0,0.0,8,4,5,False,500,60,2,6,0,0.0,5,False,False,Open Source
10,3.0,27.0,11,6,1,True,500,17,2,1,387,100574.0,1,True,False,Android
35,0.0,0.0,7,1,5,True,464,58,4,1,149,0.0,7,False,False,3D Printer
14,97.0,0.0,7,3,5,True,500,60,3,1,368,0.0,6,False,False,Android
1,2661.0,35.0,8,2,5,True,164,60,3,5,0,255.0,3,True,False,Productivity
1,225.0,30.0,23,4,6,False,500,60,3,1,211,0.0,7,False,False,Open Source
15,183.0,133.0,18,1,6,True,487,32,3,2,0,0.0,5,True,False,iOS
17,203.0,0.0,6,1,5,True,272,45,4,1,399,541.0,5,False,False,Productivity
3,70.0,41.0,7,2,1,True,469,57,3,1,396,5011.0,7,False,False,Analytics
4,10.0,0.0,7,2,5,True,217,60,3,1,179,0.0,8,True,False,Artificial Intelligence
15,34.0,0.0,6,4,5,False,448,60,3,2,0,0.0,13,False,False,Open Source
25,103.0,26.0,6,2,6,True,148,57,3,1,0,3963.0,7,False,False,Social Media
1,0.0,18.0,14,6,5,True,265,57,4,1,0,3673.0,8,True,False,Marketing
1,130.0,39.0,8,2,6,True,408,49,3,1,126,153643.0,0,True,False,Mac
5,217.0,0.0,7,4,5,True,493,36,3,3,780,0.0,7,True,False,Android
21,65.0,1.0,6,1,5,True,226,41,3,0,0,0.0,6,True,False,Open Source
13,136.0,67.0,7,4,5,False,500,32,1,3,627,3027.0,7,True,False,Web App
1,341.0,32.0,7,6,5,True,286,49,3,1,490,11784.0,10,False,False,Task Management
26,28.0,100.0,5,1,5,False,205,53,3,2,417,0.0,6,False,False,Productivity
1,86.0,53.0,9,0,5,True,393,60,3,2,678,0.0,6,False,False,Productivity
1,112.0,7.0,7,3,6,True,448,47,3,1,0,74704.0,11,False,False,SaaS
5,22.0,0.0,7,6,5,True,440,60,1,2,73,0.0,9,True,False,SaaS
17,2497.0,25.0,21,3,6,True,500,60,2,3,572,1094.0,12,True,False,Messaging
9,48.0,0.0,7,1,6,True,463,55,3,12,115,33090.0,8,False,False,Software Engineering
8,0.0,98.0,9,4,9,True,471,57,3,1,0,17478.0,6,True,False,API
4,172.0,29.0,7,3,5,True,223,51,3,1,315,2877.0,6,False,False,Hiring
46,192.0,2.0,7,6,5,True,255,41,3,1,0,34489.0,4,False,False,Artificial Intelligence
1,23.0,14.0,0,2,5,True,415,46,4,1,0,0.0,3,False,False,API
1,59.0,28.0,7,6,5,True,134,55,2,2,0,2332.0,7,False,False,Health & Fitness
1,153.0,0.0,6,3,5,True,332,40,3,2,160,3540.0,8,True,False,Slack
3,118.0,4.0,23,3,5,True,363,48,5,4,369,0.0,10,True,False,Tech
3,117.0,25.0,6,1,6,True,500,23,1,1,581,2346.0,7,False,False,Mac
15,176.0,20.0,6,4,5,True,500,42,1,1,663,91771.0,6,False,False,Analytics
1,1624.0,1.0,13,6,5,True,472,56,8,1,372,546.0,5,True,False,iOS
16,46.0,0.0,16,3,5,False,500,55,3,1,0,171.0,1,False,False,Streaming Services
1,82.0,0.0,17,6,6,True,480,58,3,0,0,2554.0,4,True,False,Design Tools
18,31.0,57.0,6,5,5,True,359,57,3,1,583,2976.0,6,False,False,Health & Fitness
3,0.0,25.0,6,3,6,True,500,24,3,4,0,0.0,6,False,False,Artificial Intelligence
3,45.0,117.0,7,5,6,True,243,57,1,1,0,4594.0,0,True,False,Social Network
12,143.0,6.0,6,2,6,True,338,58,3,2,0,2149.0,3,False,False,Open Source
17,0.0,1.0,11,1,5,True,156,50,3,4,1251,120372.0,6,False,False,Design Tools
1,41.0,0.0,7,0,6,True,478,60,4,6,8,13909.0,5,True,False,Marketing
11,72.0,82.0,0,0,5,True,500,58,3,1,3345,2324.0,4,False,False,Chrome Extensions
1,84.0,51.0,22,3,6,True,356,35,3,1,0,2184.0,4,False,False,Developer Tools
2,0.0,0.0,7,2,5,True,379,32,3,4,0,0.0,27,False,False,Emoji
3,35.0,7.0,7,2,5,True,48,53,3,1,49,0.0,6,True,False,API
3,105.0,0.0,20,6,5,True,48,49,3,1,0,2488.0,4,True,False,iOS
51,21.0,36.0,7,0,6,False,315,50,3,1,3937,1217.0,10,False,False,Fintech
11,54.0,0.0,7,4,5,True,284,55,4,1,0,60972.0,7,False,False,Marketing
10,57.0,11.0,6,1,6,True,418,56,2,5,379,83737.0,9,True,False,Hardware
5,0.0,26.0,7,3,5,True,359,46,3,1,89,30.0,7,False,False,iOS
6,126.0,11.0,6,4,5,True,384,39,3,2,439,0.0,7,True,False,Writing
1,459.0,27.0,21,1,5,True,407,49,3,5,746,4446.0,7,True,False,Android
29,25.0,0.0,0,5,6,False,369,52,3,7,0,2002.0,2,False,False,Writing
23,1116.0,0.0,7,5,5,True,452,53,1,6,531,2208.0,7,True,False,Linux
34,52.0,0.0,13,3,5,True,477,59,1,1,470,3506.0,6,False,False,Dating
1,228.0,37.0,7,6,6,True,500,53,3,1,4315,0.0,10,False,False,Email
12,184.0,87.0,18,2,6,True,475,55,3,2,43,0.0,7,False,False,Kids
8,291.0,35.0,7,3,5,True,380,55,3,1,72,58394.0,4,True,False,Open Source
1,226.0,1.0,13,5,6,False,322,54,2,1,58,2838.0,6,True,False,Health & Fitness
1,0.0,118.0,7,4,6,False,495,37,3,1,166,19757.0,8,False,False,Developer Tools
1,0.0,4.0,7,5,6,False,369,53,3,1,0,0.0,3,False,False,Chrome Extensions
3,0.0,11.0,6,0,1,True,500,47,3,1,587,0.0,6,False,False,Marketing
1,0.0,9.0,6,6,5,True,229,55,3,1,216,0.0,5,False,False,Productivity
6,696.0,34.0,17,6,5,False,375,49,2,2,106,3383.0,20,False,False,Marketing
7,99.0,130.0,18,2,6,True,244,44,2,1,3,4183.0,6,True,False,Mac
1,24.0,126.0,17,5,5,False,179,54,2,1,231,2387.0,6,True,False,Health & Fitness
16,108.0,0.0,8,1,5,True,238,45,2,3,55,0.0,5,False,False,Android
76,185.0,23.0,6,2,6,True,450,41,3,2,331,29248.0,7,True,False,Analytics
9,0.0,51.0,19,4,5,False,497,51,2,0,197,0.0,4,False,False,Streaming Services
24,109.0,121.0,8,3,6,True,232,60,5,1,1110,1651.0,12,False,False,Human Resources
6,117.0,61.0,8,5,5,True,266,60,3,1,305,0.0,5,False,False,Sales
1,107.0,46.0,7,5,6,True,500,60,3,1,594,0.0,5,False,False,Artificial Intelligence
7,230.0,12.0,6,4,5,False,336,50,3,3,0,0.0,8,False,False,Weather
1,0.0,8.0,8,5,5,True,393,60,3,8,46,4412.0,0,False,False,iOS
17,46.0,23.0,7,6,5,False,141,26,1,1,0,1505.0,7,False,False,Comics & Graphic Novels
21,125.0,20.0,7,6,5,True,377,52,1,2,30,3270.0,11,False,False,Software Engineering
1,39.0,11.0,18,3,5,False,118,55,8,1,0,4766.0,8,True,False,Robots
1,0.0,0.0,7,0,5,True,500,54,3,2,168,0.0,9,False,False,Design Tools
11,116.0,0.0,6,3,5,True,213,56,3,1,519,0.0,8,True,False,Mac
1,269.0,0.0,7,4,3,True,500,56,3,1,235,4019.0,7,True,False,Artificial Intelligence
1,151.0,50.0,5,0,5,True,325,36,3,1,263,159808.0,8,False,False,Mac
14,166.0,15.0,13,5,5,True,497,42,1,6,0,0.0,8,True,False,API
3,281.0,7.0,6,1,5,True,500,58,3,4,2294,2354.0,5,True,False,Email
1,3.0,11.0,14,6,6,False,267,60,3,1,0,0.0,6,True,False,Analytics
1,101.0,25.0,16,5,5,True,259,58,3,7,192,126993.0,7,False,False,Android
13,23.0,0.0,7,1,5,True,500,60,2,3,0,4611.0,5,True,False,Productivity
1,41.0,73.0,8,0,6,True,500,28,3,5,3,0.0,1,False,False,Productivity
1,33.0,5.0,18,4,6,True,500,59,3,1,534,0.0,4,False,False,Fintech
84,96.0,11.0,17,6,6,True,478,48,1,1,0,0.0,13,False,False,Cars
3,74.0,0.0,13,1,5,True,194,60,2,1,0,4801.0,3,False,False,Android
1,0.0,11.0,14,0,5,False,470,50,3,3,171,0.0,10,False,False,Social Media
10,98.0,0.0,17,3,5,True,253,56,3,3,404,0.0,11,False,False,Productivity
1,0.0,7.0,7,0,5,True,162,60,3,1,2997,0.0,9,False,False,Health & Fitness
1,63.0,8.0,5,5,6,True,129,60,8,2,0,0.0,6,False,False,Notes
39,100.0,0.0,10,5,6,False,291,60,3,3,1362,0.0,6,False,False,Browser Extensions
1,0.0,12.0,9,2,1,True,500,60,1,1,0,0.0,12,True,False,API
14,0.0,92.0,17,1,5,False,500,57,2,0,0,1598.0,1,False,False,Artificial Intelligence
1,54.0,21.0,13,1,5,False,459,54,3,1,529,0.0,3,True,False,iOS
6,13.0,135.0,19,3,5,True,57,49,3,0,43,2371.0,7,False,False,Productivity
11,14.0,82.0,18,5,5,False,265,60,2,1,136,4332.0,5,False,False,Fintech
2,116.0,0.0,17,3,6,True,192,45,3,1,3505,4024.0,9,False,False,API
9,82.0,101.0,6,0,6,True,500,41,3,2,0,0.0,9,False,False,Slack
21,212.0,27.0,6,1,5,True,153,47,3,3,466,3912.0,8,False,False,Sales
16,57.0,50.0,20,3,5,True,449,52,3,1,0,112908.0,5,False,False,Emoji
17,24.0,170.0,6,5,6,True,492,52,3,0,288,0.0,7,False,False,Open Source
40,18.0,0.0,7,4,5,True,411,42,3,1,382,1877.0,6,True,False,Kids
1,135.0,139.0,7,1,6,False,309,57,2,1,24,95508.0,3,True,False,iOS
16,91.0,0.0,7,5,6,True,482,57,8,1,251,6021.0,9,True,False,Audio
9,38.0,0.0,15,3,5,True,152,57,2,1,0,993.0,6,False,False,Productivity
39,44.0,0.0,6,1,6,True,226,57,3,6,0,2006.0,6,True,False,API
17,31.0,0.0,18,1,6,False,391,37,3,1,0,0.0,6,True,False,Design Tools
19,0.0,5.0,6,3,5,True,444,59,3,1,0,847.0,4,False,False,Design Tools
7,132.0,11.0,4,3,6,True,387,60,4,14,137,19240.0,6,False,False,Advertising
1,80.0,13.0,19,1,5,True,260,60,4,1,257,383.0,11,True,False,Open Source
88,180.0,19.0,7,5,6,True,490,50,1,3,632,2181.0,5,True,False,Artificial Intelligence
1,14.0,17.0,19,3,2,False,372,37,3,1,628,3544.0,10,False,False,Weather
5,0.0,0.0,6,5,5,True,311,44,4,3,712,2747.0,6,True,False,Tech
16,375.0,24.0,17,3,5,True,453,35,3,3,377,2119.0,2,True,False,SaaS
2,104.0,2.0,23,5,5,True,101,55,3,0,0,3568.0,24,False,False,Productivity
18,0.0,0.0,14,5,5,True,266,25,1,0,0,0.0,7,False,False,Software Engineering
11,72.0,4.0,7,6,5,True,440,58,3,0,354,774.0,6,False,False,Android
1,0.0,0.0,16,4,6,True,385,46,3,3,0,0.0,5,True,False,Productivity
9,118.0,2.0,7,4,5,True,54,53,3,1,0,303.0,7,False,False,Productivity
5,11.0,0.0,8,6,5,True,317,60,3,1,0,4655.0,7,True,False,Art
10,233.0,9.0,14,2,1,False,410,52,1,1,38,0.0,2,True,False,Crypto
1,60.0,139.0,6,3,5,True,492,57,3,1,164,0.0,5,False,False,Slack
6,27.0,7.0,7,1,5,True,250,58,4,1,126,631.0,5,False,False,Health & Fitness
1,0.0,0.0,19,6,6,False,429,53,6,1,0,3901.0,20,False,False,Health & Fitness
5,114.0,0.0,8,5,6,True,48,49,3,2,0,0.0,8,True,False,Chrome Extensions
1,0.0,0.0,15,2,6,True,230,58,4,3,495,0.0,3,False,False,Chrome Extensions
4,24.0,1.0,6,1,2,False,373,38,2,2,38,35176.0,6,False,False,Prototyping
1,113.0,0.0,2,3,5,True,499,60,3,2,0,2442.0,9,True,False,Hiring
10,73.0,85.0,16,5,9,True,479,37,1,1,289,0.0,9,True,False,API
8,27.0,20.0,19,5,6,False,246,48,1,1,148,0.0,7,False,False,Notes
1,136.0,6.0,7,1,6,True,424,47,3,1,103,101329.0,6,True,False,Browser Extensions
3,102.0,0.0,16,1,1,True,393,59,3,8,99,21516.0,5,False,False,Productivity
1,8.0,17.0,7,4,5,True,418,37,2,1,0,17731.0,5,True,False,Weather
1,5.0,0.0,7,2,7,False,495,45,2,1,165,41.0,7,False,False,Design Tools
1,0.0,10.0,7,4,5,False,267,60,3,1,0,2459.0,3,False,False,No-Code
7,61.0,23.0,4,4,5,True,500,60,3,4,866,4080.0,7,False,False,SaaS
11,0.0,26.0,7,0,6,False,76,60,3,1,0,4509.0,13,True,False,Artificial Intelligence
6,166.0,24.0,3,6,5,True,430,50,1,1,0,21.0,7,False,False,Software Engineering
17,0.0,0.0,7,5,6,False,412,60,2,1,469,199.0,9,True,False,Productivity
13,2.0,0.0,7,3,5,False,447,38,4,1,601,31508.0,17,False,False,SaaS
1,54.0,17.0,6,1,5,True,352,60,3,4,1644,0.0,6,True,False,Kids
5,155.0,41.0,7,6,5,True,414,49,4,1,953,0.0,5,False,False,Productivity
13,0.0,10.0,0,0,6,False,388,42,3,3,166,2021.0,8,False,False,Web App
1,85.0,32.0,6,4,6,True,442,60,3,4,455,0.0,6,True,False,Productivity
12,96.0,20.0,7,2,5,True,418,60,3,1,0,1611.0,2,False,False,Marketing
1,68.0,97.0,18,5,5,True,410,17,3,2,508,0.0,9,False,False,Design Tools
18,173.0,57.0,7,1,6,True,500,52,3,6,27,2117.0,4,True,False,Art
1,70.0,32.0,7,5,6,True,408,42,3,1,0,96250.0,12,True,False,3D Printer
13,319.0,1.0,11,6,5,True,453,60,3,3,0,70.0,2,True,False,Education
20,0.0,18.0,14,4,5,False,374,53,3,0,0,0.0,6,False,False,Health & Fitness
1,46.0,33.0,7,3,6,True,58,50,3,1,2779,2430.0,8,False,False,Health & Fitness
9,140.0,5.0,7,1,5,True,477,60,1,1,0,2270.0,8,False,False,Art
23,64.0,1.0,7,2,5,True,169,17,1,1,118,30307.0,5,False,False,Crypto
1,0.0,158.0,7,4,6,True,500,56,3,6,3890,0.0,8,False,False,Mac
6,0.0,3.0,6,6,5,False,411,50,2,2,0,1982.0,0,False,False,Art
9,15.0,0.0,18,4,6,True,237,52,3,1,493,0.0,8,False,False,Productivity
3,59.0,3.0,13,6,6,True,48,52,3,0,217,3467.0,3,False,False,Analytics
10,199.0,19.0,16,2,6,True,465,58,3,0,0,2630.0,7,True,False,Comics & Graphic Novels
4,13.0,13.0,7,2,6,True,489,60,2,2,0,0.0,5,False,False,Developer Tools
16,69.0,15.0,10,2,5,True,330,33,1,1,121,166711.0,6,False,False,Browser Extensions
1,666.0,10.0,7,0,10,True,468,52,3,1,7,964.0,7,False,False,Mac
1,150.0,17.0,11,6,6,True,285,54,3,1,0,4958.0,3,False,False,Menu Bar Apps
1,49.0,0.0,5,3,5,False,448,54,1,1,0,2298.0,5,True,False,Android
3,130.0,24.0,8,3,5,True,159,54,3,1,675,0.0,9,True,False,Artificial Intelligence
8,55.0,84.0,7,4,6,True,407,58,3,1,114,0.0,4,False,False,Productivity
3,0.0,15.0,6,3,5,False,291,57,3,2,207,3150.0,3,False,False,Tech
23,92.0,51.0,7,1,5,True,254,41,2,1,0,5088.0,3,False,False,Hardware
2,22.0,32.0,14,0,5,True,264,56,3,4,496,0.0,5,False,False,Productivity
1,20.0,125.0,8,4,6,True,303,57,3,1,622,356.0,7,False,False,Health & Fitness
20,99.0,10.0,7,6,6,True,362,45,1,1,496,3132.0,9,False,False,Writing
18,260.0,0.0,3,5,6,False,48,55,3,3,0,0.0,6,False,False,API
13,377.0,17.0,7,5,5,True,328,60,3,6,0,5939.0,7,True,False,Email
4,247.0,28.0,7,1,1,True,82,58,1,1,53,33439.0,3,False,False,Email
1,225.0,10.0,23,6,6,False,385,46,3,2,0,4223.0,2,True,False,Email
4,68.0,12.0,7,5,5,True,186,48,3,1,71,1035.0,6,False,False,Productivity
1,100.0,8.0,6,1,6,False,110,51,5,4,26,0.0,4,False,False,Couples
19,125.0,37.0,8,2,6,True,422,58,3,4,180,0.0,5,True,False,Advertising
16,36.0,9.0,7,4,6,False,302,27,3,1,0,63707.0,4,False,False,iOS
11,207.0,0.0,9,6,6,False,495,57,3,1,226,1559.0,3,False,False,Android
11,29.0,0.0,16,5,8,True,423,55,3,1,91,396.0,7,True,False,Productivity
1,0.0,0.0,6,4,5,True,195,35,3,5,203,4969.0,8,True,False,iOS
10,0.0,0.0,8,0,5,False,484,54,2,1,0,16091.0,6,False,False,Cars
23,54.0,130.0,7,2,6,True,244,46,3,3,0,0.0,4,True,False,Sales
15,209.0,0.0,10,6,5,True,447,45,4,1,0,2514.0,9,True,False,API
3,127.0,23.0,17,4,6,True,242,60,2,1,0,76045.0,13,True,False,iOS
1,15.0,12.0,7,1,5,False,297,48,2,1,549,0.0,6,True,False,Messaging
114,16.0,16.0,7,4,5,True,190,60,3,1,261,13524.0,6,True,False,Fintech
10,113.0,12.0,8,1,5,False,500,58,3,4,0,0.0,1,False,False,Developer Tools
1,0.0,19.0,2,3,6,True,460,20,3,1,236,3270.0,8,False,False,iOS
8,79.0,0.0,7,1,6,True,342,57,3,1,0,6656.0,1,False,False,Android
5,182.0,56.0,6,0,5,True,468,53,3,1,3808,574.0,5,False,False,Marketing
5,79.0,0.0,6,4,4,True,457,40,1,1,270,440.0,5,False,False,Notes
1,71.0,12.0,12,3,2,True,251,55,3,0,365,0.0,7,True,False,Productivity
10,157.0,74.0,7,6,5,True,261,38,3,1,98,5524.0,6,True,False,Productivity
12,426.0,113.0,7,6,5,True,457,50,4,1,289,121698.0,5,False,False,Mac
114,21.0,25.0,11,4,6,True,433,60,3,4,0,126230.0,4,True,False,Productivity
6,6.0,42.0,13,0,5,True,500,52,3,1,33,0.0,6,False,False,Analytics
101,0.0,100.0,13,6,6,False,455,48,1,1,0,2468.0,4,False,False,Software Engineering
1,46.0,7.0,6,1,6,True,88,47,2,0,0,4337.0,1,False,False,Productivity
13,114.0,0.0,7,5,5,True,500,52,4,0,195,0.0,8,True,False,Android
1,13.0,27.0,7,4,5,True,500,55,3,0,0,60434.0,8,False,False,Mac
4,85.0,5.0,7,0,6,True,472,40,8,1,0,3956.0,3,False,False,Weather
7,4.0,60.0,15,6,5,True,96,43,4,3,19,108570.0,6,False,False,Open Source
9,48.0,1.0,7,2,6,False,500,56,4,6,0,0.0,4,False,False,Payments
9,61.0,9.0,11,0,3,True,426,57,3,1,151,0.0,11,True,False,Developer Tools
14,0.0,9.0,6,2,5,True,500,50,3,1,245,2292.0,1,False,False,Productivity
1,128.0,34.0,11,0,6,True,257,47,3,3,354,2750.0,9,False,False,Mac
1,0.0,12.0,8,1,2,True,290,47,5,1,0,2461.0,2,False,False,Developer Tools
1,29.0,100.0,17,4,1,True,440,34,3,0,186,0.0,14,True,False,SaaS
14,68.0,72.0,8,3,6,False,197,60,3,2,126,5324.0,3,False,False,Fintech
12,90.0,0.0,7,0,5,True,450,53,3,1,0,21633.0,7,False,False,Productivity
1,0.0,4.0,8,0,5,True,103,44,3,2,439,580.0,4,False,False,Productivity
1,56.0,13.0,8,6,6,True,373,17,2,1,0,36212.0,8,False,False,Mac
1,73.0,8.0,23,0,6,True,441,42,3,1,720,2902.0,7,True,False,Productivity
15,90.0,0.0,7,4,6,True,408,57,3,1,74,4552.0,4,True,False,SaaS
13,69.0,0.0,7,0,5,True,480,42,3,1,0,103707.0,17,False,False,Productivity
4,127.0,35.0,20,3,6,True,313,45,3,2,431,0.0,6,True,False,Mac
23,19.0,0.0,19,2,5,False,396,47,3,5,234,1825.0,6,False,False,Streaming Services
9,22.0,17.0,6,0,5,True,500,60,3,5,0,0.0,6,False,False,Productivity
20,828.0,0.0,13,5,5,True,262,58,1,1,0,0.0,6,True,False,Marketing
15,323.0,0.0,7,4,6,False,48,60,3,0,0,304.0,6,False,False,Open Source
6,128.0,15.0,19,6,6,True,490,60,8,1,0,1274.0,5,True,False,Couples
4,100.0,4.0,6,3,6,False,398,53,4,1,0,1454.0,6,False,False,Open Source
7,65.0,98.0,6,1,5,True,259,60,3,0,0,0.0,6,True,False,Android
14,0.0,27.0,6,5,5,True,108,47,4,1,484,243.0,9,True,False,API
1,55.0,79.0,19,3,5,True,220,42,3,1,830,61119.0,22,False,False,Open Source
1,86.0,8.0,2,1,5,True,455,41,3,1,122,1968.0,3,True,False,Couples
1,102.0,0.0,7,5,5,True,465,58,3,1,487,0.0,7,False,False,Sales
9,26.0,0.0,7,4,5,True,375,60,1,4,0,0.0,11,True,False,Email
6,272.0,10.0,6,4,6,False,473,60,2,1,147,155357.0,6,True,False,Hiring
21,69.0,15.0,6,4,6,True,500,39,3,3,11,3358.0,4,True,False,iOS
1,0.0,0.0,6,5,5,False,425,49,4,1,1542,1519.0,5,False,False,Customer Success
1,67.0,0.0,13,1,6,True,445,55,4,1,302,27864.0,6,False,False,Marketing
31,123.0,0.0,10,2,4,True,500,59,4,1,0,3307.0,7,True,False,Web App
8,0.0,0.0,7,3,5,False,196,40,2,2,224,3554.0,9,False,False,Android
9,39.0,6.0,20,5,6,True,238,57,4,1,0,0.0,7,True,False,Marketing
1,104.0,36.0,7,6,5,False,286,29,3,6,419,2276.0,9,True,False,Developer Tools
8,0.0,0.0,0,5,5,True,421,48,3,2,0,860.0,7,False,False,Marketing
18,140.0,14.0,7,2,6,True,363,53,3,2,137,1598.0,5,False,False,API
19,143.0,23.0,1,3,5,True,497,51,1,1,0,681.0,6,False,False,Sales
1,55.0,94.0,7,3,6,True,432,50,2,1,442,329.0,4,True,False,Sales
1,0.0,13.0,7,3,6,True,355,59,3,0,425,63730.0,8,True,False,Web App
1,309.0,145.0,8,1,10,False,258,53,2,1,318,0.0,6,True,False,Chrome Extensions
1,117.0,3.0,7,6,5,True,500,53,8,1,496,4223.0,9,False,False,Productivity
1,73.0,16.0,18,4,6,True,146,60,5,2,292,0.0,9,False,False,Software Engineering
9,154.0,6.0,17,0,5,True,368,60,1,2,243,0.0,9,False,False,Productivity
14,185.0,18.0,11,0,5,True,500,60,3,1,0,0.0,1,False,False,Productivity
18,0.0,0.0,12,3,5,False,225,44,3,1,165,9943.0,10,False,False,iOS
134,532.0,4.0,5,3,5,True,304,35,3,0,517,6198.0,8,False,False,Design Tools
12,160.0,54.0,7,0,5,True,415,60,3,2,248,213.0,10,False,False,Design Tools
7,103.0,2.0,6,4,5,True,249,60,3,0,530,0.0,12,False,False,Design Tools
12,0.0,12.0,7,1,5,True,421,54,3,1,536,0.0,8,True,False,Marketing
1,16.0,0.0,6,4,5,True,500,50,3,0,396,24371.0,4,True,False,Social Media
8,162.0,77.0,7,3,5,True,457,60,3,1,555,4469.0,6,True,False,Fintech
2,407.0,123.0,7,1,9,True,500,48,3,2,98,581.0,7,False,False,Browser Extensions
4,353.0,52.0,5,5,5,True,58,33,3,1,484,1366.0,9,False,False,Productivity
16,68.0,14.0,6,4,6,True,135,41,2,1,136,0.0,8,False,False,Web App
12,167.0,4.0,5,4,6,False,256,56,4,1,105,0.0,5,False,False,Developer Tools
10,223.0,8.0,20,3,6,True,500,60,3,1,539,3712.0,7,True,False,Writing
14,0.0,4.0,7,0,5,True,411,45,1,1,61,0.0,3,True,False,Travel
7,69.0,0.0,15,6,5,False,467,19,3,1,0,3354.0,7,False,False,Software Engineering
13,76.0,14.0,10,1,5,False,218,53,2,0,0,0.0,3,False,False,Open Source
1,219.0,46.0,21,3,5,True,408,54,3,4,4152,94299.0,11,False,False,Android
33,10.0,9.0,19,0,5,True,298,49,3,1,228,53032.0,8,False,False,Email
15,105.0,0.0,4,5,1,True,208,51,1,1,0,563.0,2,True,False,Time Tracking
9,180.0,32.0,7,6,8,False,500,37,1,2,0,3368.0,3,True,False,Mac
2,1994.0,8.0,12,5,5,True,83,32,3,1,0,4761.0,11,False,False,Developer Tools
12,0.0,0.0,6,3,6,False,422,46,3,2,0,949.0,6,False,False,Productivity
12,29.0,0.0,7,4,6,True,500,50,3,1,401,116975.0,21,False,False,Android
1,71.0,0.0,7,3,5,True,500,60,4,1,3091,30993.0,5,False,False,Email
12,99.0,4.0,6,1,6,True,256,51,4,1,0,0.0,8,False,False,API
6,174.0,19.0,7,0,6,True,459,47,3,5,49,5071.0,0,False,False,iOS
3,276.0,0.0,8,1,1,True,378,48,3,1,0,3014.0,0,False,False,Marketing
14,153.0,1.0,23,1,5,True,482,42,3,0,88,3666.0,9,True,False,Software Engineering
1,0.0,36.0,7,3,5,True,500,60,3,1,581,79224.0,7,True,False,Productivity
76,120.0,33.0,13,0,7,True,118,58,3,4,0,376.0,6,False,False,Developer Tools
13,648.0,34.0,18,1,5,False,487,54,1,1,0,3665.0,0,False,False,Kids
5,215.0,35.0,23,2,5,False,423,53,3,1,4,45795.0,5,False,False,User Experience
12,67.0,18.0,7,5,5,True,420,57,5,1,271,0.0,8,False,False,Music
3,0.0,4.0,18,6,5,True,228,47,3,2,0,76827.0,7,False,False,Analytics
1,0.0,136.0,6,0,6,True,356,56,3,3,0,1658.0,4,True,False,Linux
1,315.0,4.0,17,3,2,True,266,51,3,1,142,3698.0,5,True,False,Mac
11,35.0,9.0,7,3,5,True,241,54,3,1,0,1945.0,6,True,False,Mac
3,85.0,6.0,7,6,5,False,283,51,1,4,121,1237.0,8,True,False,Mac
8,16.0,0.0,23,0,5,True,351,17,3,4,515,0.0,4,False,False,Productivity
4,162.0,14.0,18,3,6,False,413,52,1,2,0,1509.0,5,False,False,Artificial Intelligence
12,25.0,6.0,6,5,6,True,421,57,3,5,0,2784.0,0,False,False,Productivity
54,73.0,34.0,7,0,5,True,211,39,3,0,0,23600.0,6,False,False,iOS
1,0.0,0.0,6,5,5,False,229,55,6,3,391,3294.0,6,False,False,Payments
46,162.0,0.0,6,4,5,True,371,60,2,4,87,0.0,6,False,False,Analytics
15,0.0,93.0,6,4,5,True,354,44,3,1,0,0.0,3,True,False,Sales
5,63.0,16.0,7,5,10,True,450,40,3,3,211,1902.0,7,True,False,Privacy
18,97.0,20.0,4,3,5,True,410,55,3,1,122,2187.0,6,True,False,Growth Hacking
13,323.0,0.0,7,0,4,True,221,60,3,4,517,0.0,3,False,False,Vibe coding
21,36.0,10.0,6,3,5,False,500,59,2,1,0,140617.0,4,False,False,Productivity
175,330.0,6.0,15,0,6,True,428,60,3,1,0,123410.0,5,False,False,Marketing
2,119.0,0.0,23,6,9,True,165,55,3,8,565,3066.0,8,False,False,Productivity
40,38.0,0.0,18,0,6,False,474,40,3,6,174,0.0,5,False,False,Productivity
4,0.0,24.0,6,2,6,True,348,57,4,1,2773,903.0,9,True,False,WordPress
1,95.0,38.0,10,4,5,True,283,53,3,2,224,7952.0,8,True,False,Chrome Extensions
1,406.0,12.0,7,0,6,False,249,54,3,8,88,1324.0,9,False,False,Fashion
16,190.0,0.0,7,4,6,True,351,41,3,4,380,0.0,4,True,False,Design Tools
1,179.0,10.0,23,3,1,True,468,57,3,1,135,167678.0,8,True,False,Mac
33,29.0,70.0,16,1,6,True,500,58,3,4,249,0.0,5,False,False,Slack
4,0.0,0.0,6,3,5,False,498,50,4,2,283,98205.0,8,False,False,SaaS
7,104.0,7.0,6,1,6,True,239,47,3,1,0,2351.0,3,False,False,Productivity
18,545.0,16.0,7,2,6,True,445,60,4,0,0,0.0,5,True,False,Health & Fitness
1,0.0,11.0,22,0,5,False,291,41,2,3,0,1641.0,6,False,False,Health & Fitness
18,175.0,0.0,14,2,5,True,361,58,3,2,81,0.0,10,True,False,Sales
5,3.0,0.0,16,0,6,False,117,40,3,5,0,3340.0,6,False,False,Developer Tools
11,132.0,7.0,7,2,5,True,471,56,3,1,0,0.0,3,False,False,Productivity
15,149.0,0.0,23,4,5,True,486,55,2,2,0,0.0,4,True,False,Android
13,49.0,0.0,8,3,5,False,495,49,3,1,0,0.0,6,False,False,Sales
29,221.0,3.0,6,1,5,True,169,58,3,3,29,267.0,8,True,False,Artificial Intelligence
6,245.0,6.0,7,3,6,True,360,38,3,1,382,3524.0,9,True,False,Health & Fitness
52,0.0,1.0,6,3,6,False,120,39,4,1,0,0.0,8,False,False,Design Tools
15,46.0,24.0,7,5,5,True,294,58,1,0,0,0.0,6,True,False,Developer Tools
1,116.0,20.0,14,1,5,True,135,58,3,0,339,750.0,3,True,False,Productivity
24,0.0,24.0,6,3,3,True,128,51,3,1,232,2870.0,6,False,False,Design Tools
16,41.0,0.0,7,5,5,False,119,48,1,3,0,12074.0,4,False,False,Productivity
4,172.0,44.0,14,0,5,True,318,51,1,2,808,0.0,7,False,False,User Experience
1,170.0,11.0,20,2,5,True,303,42,3,1,220,56723.0,5,True,False,iOS
14,70.0,7.0,14,3,6,True,107,60,3,1,451,52363.0,11,True,False,Productivity
1,0.0,138.0,12,3,5,True,374,50,4,1,0,0.0,12,False,False,API
96,46.0,16.0,7,3,5,True,500,60,2,1,251,90450.0,8,False,False,Vibe coding
1,43.0,18.0,6,5,6,False,67,45,3,1,302,0.0,7,False,False,Tech
8,92.0,0.0,6,3,6,True,153,52,3,2,0,3080.0,3,False,False,Emoji
14,155.0,22.0,4,4,6,True,319,56,3,1,274,3009.0,9,True,False,Customer Success
5,0.0,11.0,12,2,5,True,462,53,3,1,390,0.0,9,True,False,Android
11,155.0,0.0,7,6,6,True,427,60,3,1,66,2659.0,7,False,False,Custom Keyboards
6,198.0,186.0,23,3,1,True,364,51,3,1,1786,17972.0,7,True,False,No-Code
7,53.0,30.0,6,5,6,True,272,53,4,2,0,1316.0,6,False,False,Web App
18,142.0,0.0,14,5,6,False,484,56,1,1,0,1757.0,2,True,False,Productivity
222,0.0,120.0,7,1,5,False,488,56,1,4,488,130340.0,10,True,False,API
4,67.0,59.0,7,1,8,True,391,60,3,1,520,23387.0,25,True,False,Open Source
14,5.0,0.0,6,4,5,False,500,40,1,1,226,0.0,5,False,False,API
1,49.0,90.0,23,0,6,True,488,60,3,2,405,0.0,6,False,False,Startup Books
18,0.0,29.0,7,4,6,False,476,52,2,1,271,94.0,8,True,False,Mac
3,0.0,90.0,9,5,2,True,48,47,3,1,0,1883.0,6,True,False,Developer Tools
1,51.0,51.0,8,5,6,True,378,53,3,3,390,16151.0,12,False,False,Productivity
21,31.0,182.0,6,2,5,True,460,50,8,1,24,3484.0,8,False,False,Marketing
8,57.0,0.0,7,2,6,False,360,55,4,2,0,16667.0,9,False,False,Android
1,0.0,10.0,8,1,6,True,483,59,4,1,42,0.0,4,False,False,Web App
6,415.0,0.0,19,6,6,True,146,56,1,19,0,0.0,5,False,False,Email
10,18.0,22.0,13,3,6,True,415,35,3,1,222,0.0,6,True,False,Analytics
1,54.0,3.0,7,4,5,True,117,53,3,0,0,2867.0,24,True,False,Startup Books
1,39.0,0.0,6,2,6,True,297,55,3,3,268,3114.0,2,True,False,Menu Bar Apps
10,165.0,7.0,23,5,6,True,273,31,3,0,0,15766.0,7,True,False,Marketing
1,38.0,0.0,18,2,2,True,468,60,3,1,0,4955.0,3,True,False,Cars
1,28.0,16.0,7,1,5,True,280,41,3,3,18,33325.0,6,True,False,API
193,263.0,44.0,11,6,6,True,439,60,1,1,0,4839.0,6,True,False,Chrome Extensions
1,0.0,108.0,6,4,5,True,468,48,3,1,429,0.0,8,False,False,Mac
4,63.0,21.0,7,3,6,True,463,58,3,1,782,1355.0,7,True,False,Health & Fitness
4,126.0,4.0,7,4,5,False,288,60,3,1,319,0.0,11,False,False,Open Source
9,3.0,0.0,7,6,5,True,390,49,3,1,318,1222.0,5,False,False,Marketing
9,106.0,0.0,0,4,6,True,322,54,2,1,690,5212.0,9,False,False,iOS
1,191.0,33.0,7,4,5,True,334,55,3,2,319,0.0,7,True,False,Developer Tools
16,1317.0,10.0,7,4,5,True,446,52,3,1,0,2171.0,10,True,False,Sales
16,141.0,0.0,21,2,5,True,171,54,3,6,0,0.0,6,True,False,Productivity
10,203.0,21.0,7,3,6,True,500,39,3,1,251,5166.0,4,False,False,Open Source
1,69.0,24.0,7,0,6,True,397,54,3,3,335,0.0,8,True,False,Task Management
13,108.0,4.0,1,0,5,True,500,49,3,1,405,5116.0,1,False,False,Vibe coding
1,120.0,3.0,6,4,6,True,500,39,3,1,218,0.0,8,True,False,Open Source
6,0.0,0.0,6,3,5,True,151,52,3,1,0,118.0,3,False,False,Developer Tools
15,79.0,39.0,6,3,5,True,500,51,2,1,0,0.0,2,True,False,Android
15,147.0,0.0,7,6,6,False,495,60,3,1,0,1232.0,2,False,False,Design Tools
24,600.0,14.0,7,4,6,True,326,60,3,0,706,2456.0,6,False,False,Productivity
10,66.0,18.0,6,6,5,True,139,55,3,4,31,56300.0,24,False,False,Mac
6,492.0,55.0,20,6,8,True,405,30,2,4,86,0.0,10,True,False,Android
13,55.0,0.0,21,6,5,True,462,23,3,1,0,1251.0,9,False,False,Android
5,0.0,78.0,7,6,5,False,414,48,3,1,0,0.0,4,False,False,Fintech
1,158.0,7.0,4,6,5,True,335,59,3,1,562,0.0,6,False,False,eBook Reader
7,0.0,5.0,12,5,6,False,433,54,2,4,258,19130.0,8,False,False,Design Tools
1,88.0,22.0,7,1,8,True,298,46,3,0,0,3334.0,4,True,False,Android
1,226.0,157.0,7,3,1,True,484,54,3,1,249,3339.0,7,False,False,Health & Fitness
4,230.0,28.0,8,6,5,False,173,50,3,2,0,6368.0,5,False,False,iOS
24,72.0,97.0,9,5,5,True,266,54,3,1,571,3075.0,9,False,False,Health & Fitness
10,321.0,0.0,23,4,5,True,488,56,3,5,771,1408.0,10,True,False,Writing
1,201.0,26.0,8,3,6,True,372,54,3,1,1023,26778.0,5,False,False,Chrome Extensions
7,485.0,42.0,6,5,6,False,500,39,3,3,327,2948.0,7,True,False,Kids
3,145.0,49.0,17,5,6,False,445,48,8,2,0,0.0,6,False,False,Open Source
9,158.0,138.0,1,3,5,True,385,51,3,0,317,5792.0,9,True,False,Android
5,166.0,23.0,7,5,5,True,500,55,3,4,317,365.0,8,False,False,Productivity
18,43.0,26.0,7,2,5,True,488,17,3,0,0,2581.0,2,False,False,Travel
25,108.0,4.0,6,2,6,True,461,55,3,1,4201,35.0,9,False,False,Email Marketing
1,88.0,18.0,6,3,5,True,500,54,3,1,191,379.0,5,True,False,Developer Tools
9,139.0,60.0,10,5,6,True,500,58,5,0,174,0.0,5,False,False,Chrome Extensions
1,2.0,3.0,13,0,5,True,180,59,5,1,0,0.0,5,True,False,Education
111,388.0,8.0,7,1,5,False,48,55,4,2,0,2578.0,8,False,False,Productivity
4,62.0,6.0,6,6,5,True,500,60,1,1,0,782.0,4,False,False,Writing
12,286.0,38.0,7,2,6,False,289,51,4,1,264,0.0,7,False,False,Productivity
1,0.0,118.0,7,2,6,True,474,54,2,1,252,106737.0,8,False,False,Open Source
4,8.0,26.0,7,3,6,False,237,40,1,0,1839,1115.0,5,False,False,Art
31,46.0,13.0,7,5,6,True,484,46,1,1,324,140736.0,1,False,False,Music
1,1.0,36.0,12,3,5,True,500,36,4,1,374,3594.0,9,True,False,Developer Tools
1,0.0,0.0,23,5,1,False,500,53,3,1,373,2135.0,2,False,False,Productivity
3,115.0,7.0,6,6,5,True,393,58,3,0,0,1856.0,10,True,False,Productivity
7,89.0,0.0,7,6,5,False,500,34,3,0,195,24650.0,6,True,False,Weather
13,113.0,40.0,7,3,5,False,500,59,3,1,260,0.0,6,True,False,Email Marketing
11,55.0,12.0,12,2,5,True,497,58,4,1,214,83610.0,6,False,False,Productivity
12,51.0,0.0,10,5,5,True,439,53,2,1,0,0.0,4,False,False,Fintech
17,192.0,92.0,6,5,5,True,231,28,3,2,0,6916.0,6,False,False,Productivity
19,51.0,16.0,7,0,5,True,438,54,2,2,0,0.0,4,False,False,Productivity
7,120.0,0.0,16,3,1,True,440,58,3,1,145,24830.0,7,True,False,SaaS
1,6.0,0.0,7,3,6,True,477,42,3,2,0,3763.0,1,False,False,Open Source
11,119.0,0.0,7,2,1,False,306,58,2,2,114,1096.0,2,False,False,Developer Tools
2,119.0,28.0,10,3,5,True,412,49,3,1,355,803.0,10,True,False,Hiring
7,133.0,0.0,13,5,6,True,103,51,2,4,0,736.0,5,False,False,Software Engineering
9,109.0,0.0,7,3,5,False,449,60,2,1,0,0.0,8,False,False,Sales
3,234.0,11.0,17,2,5,True,336,49,2,2,372,0.0,2,False,False,Productivity
3,3.0,0.0,21,4,6,False,430,47,3,5,370,0.0,6,False,False,Kids
1,91.0,34.0,7,5,6,False,457,54,3,5,448,2758.0,2,True,False,Fintech
1,57.0,13.0,7,4,6,True,361,59,4,1,55,0.0,9,False,False,API
4,3.0,5.0,7,3,5,True,500,46,1,1,508,3440.0,7,False,False,Privacy
15,29.0,4.0,6,6,5,True,432,52,2,1,0,17285.0,5,False,False,Mac
9,0.0,13.0,13,0,6,True,347,60,4,1,443,0.0,23,True,False,SaaS
1,169.0,177.0,18,3,1,True,500,46,3,5,533,788.0,4,False,False,Health & Fitness
9,127.0,23.0,18,3,5,False,138,46,1,2,0,0.0,9,False,False,Marketing
1,16.0,0.0,14,6,6,True,402,44,3,3,63,5141.0,8,False,False,Productivity
8,119.0,0.0,3,2,5,True,346,41,1,4,0,1123.0,3,False,False,Chrome Extensions
1,202.0,283.0,16,0,6,True,264,58,3,2,70,3053.0,9,True,False,Productivity
9,22.0,6.0,7,3,5,True,475,35,3,1,268,0.0,5,False,False,Productivity
3,187.0,0.0,7,1,5,True,246,37,3,5,544,1383.0,6,True,False,Hiring
1,0.0,45.0,9,5,6,True,500,59,4,6,562,948.0,7,True,False,Customer Success
7,102.0,23.0,11,6,5,True,184,51,3,1,0,2524.0,4,True,False,iOS
15,101.0,3.0,7,5,9,False,500,57,4,2,131,86536.0,7,False,False,Mac
1,1003.0,34.0,21,0,5,True,110,46,3,1,0,2492.0,3,True,False,Productivity
5,154.0,9.0,15,5,6,False,489,52,2,1,4099,1902.0,4,False,False,Productivity
5,63.0,54.0,7,3,6,True,493,60,3,2,1347,1375.0,5,False,False,API
1,227.0,13.0,6,4,6,True,465,35,3,2,269,0.0,6,True,False,Crypto
34,111.0,8.0,7,0,6,True,66,55,3,1,0,85331.0,5,False,False,Android
2,124.0,0.0,23,2,6,False,188,60,3,0,355,0.0,6,True,False,Productivity
2,0.0,6.0,15,4,6,True,300,17,3,1,1503,8878.0,3,False,False,SaaS
1,52.0,26.0,7,4,6,True,196,43,3,9,570,0.0,5,True,False,Analytics
8,0.0,0.0,10,5,5,False,500,57,3,1,246,616.0,2,False,False,Developer Tools
1,0.0,17.0,6,0,6,True,316,53,3,5,326,2478.0,1,True,False,Developer Tools
18,164.0,0.0,6,4,6,False,284,55,3,1,46,0.0,7,False,False,Productivity
10,113.0,0.0,19,3,6,True,500,37,3,1,719,0.0,5,False,False,Productivity
1,155.0,122.0,13,1,6,False,215,33,4,1,324,6375.0,7,False,False,Customer Communication
4,14.0,22.0,7,2,5,True,257,60,3,1,114,1460.0,2,False,False,Social Media
10,20.0,6.0,7,2,6,True,249,54,2,1,0,0.0,8,False,False,Productivity
5,212.0,10.0,9,0,6,True,443,43,3,1,0,0.0,6,False,False,Tech
14,32.0,61.0,7,5,5,True,401,55,3,1,0,0.0,4,True,False,Crypto
10,0.0,38.0,9,0,6,True,410,60,3,0,218,0.0,4,False,False,Linux
1,138.0,0.0,7,5,5,True,343,40,2,1,565,4408.0,5,False,False,Tech
6,65.0,163.0,7,3,6,True,250,60,3,0,711,0.0,12,False,False,Marketing
7,114.0,11.0,7,5,5,True,396,47,3,0,0,0.0,9,False,False,Sales
1,464.0,152.0,7,3,5,True,231,58,4,4,425,0.0,8,False,False,Mac
3,43.0,19.0,8,5,5,True,500,60,1,0,489,2661.0,9,True,False,Writing
2,90.0,9.0,6,3,5,False,67,50,1,1,0,1600.0,6,False,False,Productivity
4,54.0,4.0,21,4,6,True,500,50,3,1,515,1937.0,3,True,False,Mac
8,0.0,23.0,6,3,6,True,500,60,4,1,142,1290.0,5,False,False,Productivity
222,0.0,1.0,13,0,6,True,435,53,3,0,256,3036.0,7,False,False,Productivity
11,24.0,13.0,12,0,5,True,190,57,3,0,142,1129.0,8,True,False,Open Source
7,8.0,3.0,1,5,1,True,443,59,3,1,0,0.0,1,True,False,Android
17,100.0,0.0,11,5,5,False,330,60,2,1,249,2074.0,4,False,False,Comics & Graphic Novels
5,142.0,8.0,8,1,6,True,461,45,4,1,316,862.0,5,True,False,Fintech
1,345.0,137.0,7,4,6,True,443,56,3,3,166,151384.0,8,True,False,Slack
8,202.0,5.0,7,3,5,False,69,52,2,3,31,2606.0,5,False,False,Marketing
22,49.0,88.0,9,1,6,True,272,41,3,1,0,0.0,0,False,False,Marketing
15,117.0,50.0,11,5,2,True,500,45,3,2,0,0.0,4,True,False,API
1,220.0,19.0,7,2,6,True,400,59,3,4,683,130177.0,9,False,False,Chrome Extensions
1,353.0,10.0,15,6,5,True,344,45,1,6,0,0.0,9,False,False,Tech
8,6.0,11.0,13,3,6,False,252,48,2,1,0,1478.0,8,True,False,Customer Communication
11,45.0,4.0,6,2,5,True,401,56,4,1,391,2900.0,3,False,False,Meetings
222,75.0,19.0,6,3,5,True,462,60,4,1,0,0.0,5,True,False,Artificial Intelligence
1,0.0,3.0,11,3,6,True,500,51,4,1,195,0.0,7,False,False,API
2,32.0,0.0,18,5,6,True,463,48,2,1,0,1531.0,0,False,False,Productivity
1,167.0,140.0,19,6,5,True,263,49,3,4,262,157756.0,7,False,False,Health & Fitness
7,32.0,22.0,6,5,6,True,390,60,3,1,35,591.0,9,False,False,Developer Tools
1,133.0,106.0,18,0,6,True,450,38,3,2,1109,0.0,8,False,False,Productivity
12,334.0,0.0,17,0,6,True,385,52,3,1,154,0.0,3,False,False,Productivity
199,0.0,17.0,7,3,7,False,500,51,3,1,0,456.0,5,False,False,Email
1,380.0,32.0,7,6,5,True,443,55,3,1,13,0.0,4,True,False,Developer Tools
14,4.0,9.0,16,3,5,True,458,57,3,1,0,64486.0,0,True,False,Design Tools
1,0.0,0.0,17,3,5,True,472,55,3,1,276,103.0,8,True,False,Streaming Services
13,156.0,0.0,7,5,6,True,347,58,3,1,0,2160.0,27,True,False,Art
1,55.0,29.0,22,0,5,True,388,50,2,1,0,4542.0,4,False,False,Mac
1,0.0,49.0,15,3,6,False,484,53,2,1,0,125869.0,3,True,False,Marketing
1,151.0,14.0,7,6,6,True,374,60,4,1,430,47726.0,7,False,False,Productivity
10,188.0,11.0,21,5,5,True,336,35,1,5,0,120133.0,7,True,False,Couples
11,0.0,0.0,14,2,5,True,394,56,5,2,71,2912.0,7,False,False,3D Printer
1,167.0,73.0,1,4,5,True,455,52,1,3,676,20998.0,11,False,False,Web App
1,0.0,0.0,22,3,5,False,500,53,1,0,636,1775.0,12,False,False,Education
11,100.0,32.0,7,4,5,True,500,31,3,2,795,5290.0,12,False,False,Open Source
37,67.0,0.0,7,0,8,True,287,60,3,1,105,0.0,7,False,False,Software Engineering
1,73.0,6.0,23,3,5,True,160,52,3,4,229,570.0,11,True,False,Email
11,219.0,37.0,23,3,6,False,124,59,3,0,285,0.0,6,False,False,Artificial Intelligence
2,0.0,0.0,7,1,6,True,191,54,3,4,366,145462.0,8,False,False,Productivity
21,0.0,56.0,6,4,6,True,251,41,3,2,307,0.0,5,False,False,Productivity
5,0.0,21.0,6,6,1,False,478,41,3,1,0,0.0,3,False,False,Health & Fitness
8,66.0,0.0,8,0,5,True,250,57,3,5,266,729.0,11,False,False,Time Tracking
3,107.0,33.0,18,3,5,True,452,45,3,1,370,459.0,7,True,False,Crypto
1,43.0,9.0,16,0,6,True,354,60,3,4,0,0.0,1,False,False,Developer Tools
6,43.0,7.0,0,3,6,True,500,60,4,5,531,4011.0,5,False,False,SaaS
9,69.0,105.0,0,1,6,True,103,52,3,1,123,13251.0,7,True,False,Audio
8,94.0,120.0,7,0,5,True,472,45,3,4,361,0.0,7,True,False,iOS
18,16.0,0.0,12,5,6,False,185,60,4,2,445,4531.0,1,True,False,Customer Communication
8,0.0,0.0,7,2,6,False,161,60,3,2,65,0.0,6,True,False,Email
188,76.0,39.0,6,5,6,True,344,55,3,3,348,14081.0,10,True,False,SaaS
1,0.0,9.0,8,4,5,True,398,44,3,1,0,11383.0,4,False,False,Hardware
1,155.0,13.0,7,0,5,True,452,49,2,5,138,0.0,7,False,False,Open Source
1,34.0,11.0,7,3,6,True,496,60,3,1,0,1553.0,6,True,False,Developer Tools
22,18.0,9.0,7,0,3,False,153,50,4,5,525,1594.0,12,True,False,SaaS
111,0.0,5.0,21,5,5,True,142,56,9,3,132,0.0,12,True,False,Privacy
10,48.0,9.0,22,5,5,False,139,33,3,1,305,2618.0,10,False,False,Productivity
1,42.0,30.0,21,3,5,True,473,60,3,1,47,0.0,9,True,False,Mac
1,3.0,27.0,7,1,6,True,253,52,5,1,685,4171.0,7,True,False,Mac
1,0.0,0.0,17,2,6,True,500,39,8,4,486,2364.0,5,False,False,Education
18,168.0,24.0,7,3,5,True,390,41,4,1,297,4240.0,2,False,False,Productivity
14,151.0,0.0,23,6,6,False,465,53,3,0,0,936.0,6,True,False,Hiring
1,7.0,0.0,7,6,6,True,157,56,3,1,0,0.0,9,False,False,Developer Tools
3,0.0,13.0,6,3,6,True,463,38,3,2,495,1250.0,4,True,False,Art
1,74.0,61.0,6,5,6,True,348,52,4,1,480,5394.0,4,True,False,Web App
1,0.0,7.0,8,6,5,True,500,51,3,1,0,5452.0,9,True,False,Health & Fitness
12,620.0,0.0,7,5,5,False,270,58,3,1,310,0.0,6,False,False,Sales
11,18.0,0.0,1,5,5,True,399,49,4,2,267,0.0,8,False,False,Hardware
1,102.0,72.0,0,5,5,True,307,59,3,4,143,1175.0,3,True,False,Web App
19,119.0,110.0,7,6,1,True,322,55,3,2,180,48017.0,7,False,False,Developer Tools
3,89.0,10.0,18,1,6,True,482,51,3,5,3747,2432.0,5,True,False,Mac
6,128.0,5.0,7,3,6,True,361,53,3,2,235,0.0,8,False,False,Home
8,41.0,1.0,21,0,5,True,500,56,3,2,2606,305.0,8,False,False,Open Source
8,0.0,0.0,6,0,5,False,408,33,4,1,0,71158.0,6,True,False,Chrome Extensions
1,6.0,9.0,6,0,5,True,198,60,1,3,0,3389.0,3,False,False,Developer Tools
17,440.0,50.0,22,2,5,True,500,57,4,4,308,1385.0,8,True,False,Mac
1,481.0,125.0,7,0,5,True,420,55,1,2,0,2033.0,4,False,False,Travel
8,0.0,9.0,7,0,5,True,500,25,1,5,3725,292.0,6,False,False,Home
1,0.0,0.0,8,5,6,False,132,60,2,0,0,3394.0,3,False,False,Analytics
3,162.0,0.0,7,5,5,True,500,38,4,1,0,1879.0,6,True,False,Tech
20,13.0,80.0,16,1,5,True,295,44,1,0,0,3142.0,6,True,False,Sales
1,1068.0,28.0,7,6,6,True,241,40,3,3,335,119426.0,7,False,False,Startup Books
9,14.0,0.0,7,4,5,True,451,58,3,2,0,0.0,0,False,False,Productivity
24,0.0,0.0,21,1,5,True,343,28,2,1,0,13053.0,3,False,False,Comics & Graphic Novels
222,2661.0,156.0,6,1,5,True,378,54,4,2,24,2450.0,7,True,False,Mac
5,106.0,6.0,8,4,5,True,410,49,3,5,0,3618.0,8,False,False,Customer Success
1,4.0,2.0,10,4,5,False,296,59,1,3,0,0.0,1,False,False,Design Tools
1,0.0,71.0,6,1,5,True,462,57,3,3,336,0.0,13,True,False,Mac
1,10.0,34.0,23,5,5,True,500,48,3,1,0,0.0,8,False,False,Android
10,41.0,0.0,7,5,6,True,388,60,4,3,23,32300.0,11,False,False,Web App
8,29.0,0.0,13,5,5,False,91,59,1,1,0,2311.0,3,False,False,Customer Success
35,12.0,17.0,6,5,6,False,500,56,2,1,322,981.0,6,False,False,Messaging
2,752.0,1.0,15,5,5,False,500,56,8,8,179,0.0,4,False,False,Email
6,62.0,52.0,7,2,8,True,295,60,3,1,3440,1662.0,7,False,False,Design Tools
7,115.0,39.0,7,3,5,True,500,60,3,1,335,1332.0,10,True,False,Design Tools
1,0.0,43.0,0,4,5,True,394,55,1,1,239,2691.0,9,True,False,User Experience
14,29.0,0.0,6,4,5,True,467,49,3,1,639,0.0,14,False,False,Software Engineering
1,0.0,1.0,7,6,5,True,315,53,3,1,694,0.0,6,False,False,Email Marketing
9,0.0,23.0,7,3,6,False,177,49,2,1,246,147598.0,4,False,False,Browser Extensions
11,184.0,9.0,23,5,5,True,278,48,2,2,301,2049.0,8,True,False,Social Media
6,46.0,17.0,17,4,5,True,174,53,3,2,541,3379.0,8,False,False,SaaS
2,906.0,4.0,20,4,5,True,489,50,2,2,822,6165.0,12,False,False,Productivity
1,0.0,11.0,7,4,6,True,347,43,4,1,0,1513.0,5,False,False,Tech
1,57.0,22.0,8,3,5,False,470,60,2,1,312,1914.0,4,False,False,Android
20,78.0,11.0,9,1,5,True,490,52,3,1,0,32613.0,11,True,False,Design Tools
17,12.0,13.0,7,3,3,True,329,60,3,1,0,4020.0,23,False,False,Analytics
1,123.0,0.0,19,0,5,False,458,59,1,1,0,4574.0,6,False,False,Productivity
7,270.0,0.0,7,3,2,True,500,46,5,6,834,13.0,5,False,False,Health & Fitness
1,0.0,0.0,7,4,5,True,397,56,3,2,548,616.0,8,False,False,SaaS
118,103.0,24.0,8,1,2,True,144,43,3,1,346,2893.0,8,True,False,Productivity
13,12.0,0.0,17,5,8,True,251,55,3,1,490,4553.0,8,False,False,Analytics
11,128.0,4.0,7,6,5,True,394,39,1,1,289,3471.0,8,False,False,API
18,63.0,0.0,6,1,5,True,299,40,4,1,20,2777.0,0,False,False,Chrome Extensions
1,35.0,32.0,7,6,4,False,210,46,3,2,414,1997.0,5,False,False,API
19,0.0,14.0,6,1,5,False,339,57,1,2,184,23714.0,6,True,False,Productivity
1,0.0,2.0,18,1,6,True,81,49,9,0,0,0.0,4,False,False,Growth Hacking
1,0.0,4.0,7,4,5,True,386,51,4,24,187,0.0,10,False,False,Developer Tools
19,150.0,0.0,7,5,5,False,255,55,3,0,475,3642.0,10,False,False,Design Tools
7,92.0,52.0,13,6,6,True,188,55,3,4,0,2038.0,3,False,False,Developer Tools
8,122.0,11.0,15,5,5,True,436,59,3,2,308,60953.0,7,True,False,Couples
14,99.0,0.0,17,5,5,False,371,35,3,2,159,98823.0,8,False,False,Kids
1,52.0,86.0,7,3,6,True,434,50,3,4,0,0.0,2,False,False,Productivity
8,93.0,47.0,7,0,5,True,325,60,3,0,34,0.0,6,False,False,Web App
6,136.0,6.0,11,2,6,True,500,60,3,2,62,0.0,3,False,False,Productivity
1,0.0,0.0,7,6,5,False,405,53,2,1,0,0.0,0,False,False,Health & Fitness
11,140.0,11.0,21,0,5,True,500,55,3,2,590,0.0,8,False,False,Marketing
118,6.0,0.0,7,3,5,False,425,57,2,4,181,15087.0,7,False,False,Software Engineering
14,1264.0,24.0,7,3,5,False,289,33,3,1,0,4352.0,7,True,False,Travel
5,145.0,7.0,7,3,4,False,250,60,3,1,483,0.0,10,False,False,API
1,0.0,0.0,23,1,5,False,499,56,2,1,247,1985.0,9,True,False,Crypto
35,45.0,1.0,7,3,6,False,163,54,3,3,294,1033.0,9,False,False,User Experience
7,1.0,19.0,9,6,5,True,365,37,1,2,120,4471.0,6,False,False,Startup Books
15,144.0,128.0,21,4,6,True,407,52,1,0,0,2508.0,8,True,False,Sales
77,63.0,11.0,6,2,5,True,138,38,3,1,389,1447.0,9,True,False,Dating
1,110.0,3.0,18,0,5,True,48,35,3,3,222,3771.0,5,False,False,Productivity
1,162.0,0.0,6,3,5,True,500,52,3,2,50,0.0,0,False,False,Analytics
1,78.0,4.0,7,3,5,True,184,55,4,4,622,17966.0,2,False,False,Productivity
16,152.0,131.0,9,6,5,True,404,58,5,0,420,0.0,11,False,False,Writing
1,23.0,0.0,10,3,5,False,500,55,1,0,0,146947.0,4,False,False,Analytics
1,23.0,50.0,15,2,6,True,252,31,3,1,197,9020.0,6,True,False,Chrome Extensions
9,120.0,3.0,6,4,2,True,311,59,2,3,569,4786.0,8,True,False,Email
5,2661.0,1.0,7,6,5,True,468,57,3,1,0,15063.0,3,False,False,Productivity
14,83.0,0.0,6,3,5,True,321,52,2,2,148,141131.0,8,False,False,Chrome Extensions
1,118.0,11.0,11,2,6,False,452,37,5,2,277,955.0,3,False,False,Developer Tools
1,328.0,116.0,7,3,5,True,339,52,3,1,477,104.0,6,True,False,Design Tools
1,206.0,0.0,7,3,5,True,171,60,3,1,355,21932.0,7,False,False,Design Tools
9,219.0,7.0,23,5,5,True,168,57,8,1,0,3418.0,5,True,False,Web App
1,25.0,0.0,20,5,6,False,500,34,3,3,69,4058.0,4,False,False,iOS
4,0.0,0.0,14,1,5,True,260,40,2,2,0,628.0,4,False,False,Productivity
8,29.0,1.0,7,3,5,True,227,60,3,1,260,0.0,9,True,False,Education
1,9.0,27.0,6,3,4,True,345,60,3,0,161,600.0,9,True,False,Developer Tools
10,122.0,0.0,7,3,9,True,377,56,3,1,0,24618.0,9,True,False,iOS
19,69.0,19.0,0,6,5,True,318,58,3,1,0,3194.0,8,True,False,Hiring
5,22.0,13.0,7,3,5,True,433,44,2,1,0,1143.0,5,True,False,Art
4,66.0,17.0,20,5,5,True,148,55,3,3,0,2359.0,7,True,False,Social Media
12,140.0,11.0,21,3,5,True,292,58,3,3,0,2520.0,7,True,False,Email
1,102.0,20.0,15,3,6,True,448,57,3,5,349,0.0,12,True,False,API
2,11.0,0.0,7,1,6,False,125,60,2,5,0,0.0,4,True,False,Android
3,0.0,1.0,7,6,5,True,500,55,3,1,432,3328.0,3,False,False,Messaging
5,94.0,8.0,13,1,5,True,149,51,3,1,0,0.0,8,True,False,Mac
1,148.0,14.0,7,4,5,True,334,38,1,0,58,2333.0,4,True,False,Fintech
6,73.0,1.0,7,1,5,True,477,60,5,1,0,2645.0,2,False,False,iOS
22,2661.0,0.0,7,2,5,True,246,56,3,2,98,263.0,6,False,False,Web App
4,82.0,0.0,23,0,6,True,192,60,3,1,245,0.0,12,False,False,Developer Tools
1,197.0,0.0,17,1,8,True,280,60,2,2,0,2164.0,8,True,False,Productivity
19,79.0,33.0,7,4,5,False,500,52,4,1,315,55433.0,15,False,False,Email
1,122.0,0.0,7,3,5,True,500,52,4,0,236,70506.0,6,False,False,SaaS
38,33.0,0.0,15,6,5,True,120,32,2,1,406,1575.0,0,False,False,Productivity
2,0.0,0.0,18,5,1,True,443,22,2,1,33,0.0,26,True,False,Mac
17,70.0,28.0,6,3,5,False,480,58,2,1,0,2284.0,5,False,False,Health & Fitness
8,94.0,0.0,7,3,5,True,187,50,3,1,217,7061.0,3,True,False,User Experience
4,52.0,25.0,7,2,6,True,420,60,3,5,66,522.0,5,True,False,Productivity
14,37.0,68.0,6,1,5,True,166,60,3,2,0,812.0,9,True,False,Productivity
8,0.0,16.0,7,1,5,True,443,56,3,1,0,0.0,11,False,False,Productivity
17,74.0,29.0,13,1,6,True,466,52,3,2,24,2624.0,4,False,False,Productivity
1,65.0,1.0,7,5,3,True,308,55,4,3,0,3394.0,12,True,False,SaaS
1,53.0,75.0,0,3,5,False,500,34,2,1,0,5225.0,4,True,False,SaaS
32,168.0,197.0,6,5,5,True,108,39,1,0,2761,1235.0,8,False,False,Mac
1,0.0,4.0,12,2,5,True,444,58,1,5,404,3636.0,6,False,False,SaaS
6,0.0,54.0,7,2,6,True,83,60,3,1,302,283.0,6,True,False,Chrome Extensions
5,70.0,35.0,23,0,5,True,463,22,3,5,375,314.0,8,False,False,Productivity
1,207.0,31.0,7,5,2,True,160,45,4,1,265,5748.0,5,False,False,Analytics
6,54.0,36.0,14,5,5,True,253,47,3,1,502,0.0,4,True,False,Android
17,51.0,0.0,10,5,6,True,454,59,3,6,6,5198.0,6,False,False,Health & Fitness
9,80.0,74.0,9,1,5,True,343,51,3,1,229,3968.0,5,False,False,iOS
19,64.0,10.0,17,4,2,True,136,56,3,1,208,0.0,8,False,False,Chrome Extensions
11,432.0,14.0,18,6,6,True,278,60,8,1,127,2791.0,3,False,False,Fashion
4,0.0,33.0,7,6,5,True,48,56,3,0,0,117683.0,7,True,False,API
1,0.0,11.0,6,5,5,False,317,17,5,1,534,5540.0,5,False,False,Travel
8,418.0,0.0,14,2,6,True,365,52,3,1,4,0.0,5,False,False,Browser Extensions
1,184.0,51.0,6,3,5,True,179,48,2,2,58,2339.0,3,False,False,iOS
5,93.0,0.0,6,3,6,True,500,51,4,1,0,1463.0,6,True,False,Marketing
4,88.0,22.0,22,6,5,True,147,58,3,1,0,2399.0,7,False,False,Marketing
1,46.0,41.0,13,3,6,True,233,53,3,1,769,85777.0,8,False,False,Developer Tools
17,421.0,0.0,6,2,5,True,435,60,1,4,442,156204.0,8,True,False,Tech
16,93.0,0.0,10,5,7,False,270,46,1,5,0,1415.0,6,False,False,Art
1,293.0,33.0,6,0,7,False,500,53,3,5,0,1073.0,3,False,False,Writing
22,22.0,0.0,7,2,6,False,407,59,2,1,246,0.0,8,True,False,Fintech
19,136.0,20.0,19,0,5,True,299,60,3,0,0,0.0,7,False,False,Productivity
1,108.0,0.0,21,2,5,True,428,52,3,1,0,0.0,5,True,False,Productivity
1,65.0,128.0,18,5,5,True,452,60,1,5,0,0.0,5,True,False,Open Source
25,174.0,14.0,7,1,1,False,500,60,3,1,42,77657.0,6,True,False,Art
1,117.0,5.0,7,1,5,True,437,57,3,3,0,0.0,5,True,False,Hiring
3,2.0,5.0,7,5,5,True,162,55,3,7,68,3494.0,6,False,False,Mac
1,75.0,32.0,19,5,5,True,229,55,3,1,0,272.0,4,False,False,Email
1,181.0,16.0,17,0,5,True,253,47,3,1,0,2174.0,0,True,False,Marketing
33,38.0,113.0,1,0,5,True,423,53,3,7,450,101987.0,9,False,False,Productivity
21,88.0,19.0,22,1,5,True,500,51,2,2,0,0.0,6,True,False,Fintech
4,155.0,102.0,7,1,5,True,286,59,3,2,264,12383.0,7,True,False,Productivity
26,85.0,0.0,7,0,5,True,344,39,1,5,304,612.0,8,False,False,Meetings
13,39.0,27.0,7,6,5,True,476,31,3,0,243,0.0,12,False,False,Productivity
1,0.0,0.0,10,1,5,False,364,50,3,6,76,399.0,6,False,False,Audio
1,0.0,29.0,8,2,6,True,462,56,2,1,0,0.0,6,True,False,Analytics
1,114.0,0.0,7,1,5,True,48,55,3,5,0,0.0,9,True,False,Design Tools
18,16.0,0.0,8,1,6,True,175,54,5,1,481,152.0,7,False,False,Browser Extensions
10,414.0,111.0,16,2,5,True,472,55,1,1,21,6360.0,7,True,False,Productivity
12,119.0,1.0,7,2,5,True,82,55,3,2,640,1060.0,2,True,False,SaaS
1,161.0,93.0,7,5,6,True,231,41,3,1,0,2871.0,2,False,False,API
15,0.0,10.0,14,0,5,False,293,51,3,1,0,2875.0,5,False,False,SaaS
169,205.0,10.0,6,3,5,True,500,52,2,1,512,0.0,4,False,False,Android
1,75.0,60.0,13,1,6,True,387,54,5,1,0,5571.0,0,True,False,Analytics
10,218.0,18.0,8,4,6,True,408,60,3,8,201,0.0,9,True,False,Developer Tools
25,0.0,0.0,23,1,6,True,190,60,4,1,0,0.0,6,False,False,Productivity
8,0.0,53.0,6,3,9,True,243,60,3,1,0,497.0,18,True,False,SaaS
1,80.0,40.0,2,4,6,True,364,59,1,5,489,2993.0,7,False,False,Social Media
1,20.0,5.0,15,5,5,True,115,44,6,4,143,3967.0,8,False,False,Task Management
60,42.0,117.0,6,0,6,True,148,60,3,1,0,57104.0,10,True,False,Mac
18,402.0,0.0,7,3,5,True,500,56,3,2,72,1916.0,7,False,False,Productivity
1,158.0,21.0,8,4,5,True,469,58,3,1,444,3290.0,6,False,False,Analytics
12,91.0,36.0,7,2,4,False,76,53,1,1,203,4338.0,7,True,False,Emoji
17,80.0,11.0,16,5,6,True,466,56,4,1,0,0.0,5,False,False,Web App
19,0.0,0.0,6,3,5,True,434,56,1,2,476,5501.0,9,False,False,Analytics
1,24.0,0.0,20,6,5,False,500,57,5,1,68,0.0,0,False,False,Kids
5,59.0,32.0,7,6,6,False,500,57,3,1,0,1470.0,8,False,False,Emoji
1,112.0,25.0,7,5,6,True,393,57,3,2,0,2091.0,10,True,False,Productivity
1,177.0,15.0,8,4,6,True,395,40,4,2,589,5471.0,7,False,False,Productivity
2,44.0,6.0,22,5,5,True,253,58,3,9,550,102913.0,23,True,False,Developer Tools
6,64.0,6.0,1,4,4,True,500,56,4,5,245,17616.0,9,True,False,Mac
15,74.0,0.0,11,1,5,False,363,60,4,4,111,2216.0,6,False,False,Open Source
7,0.0,0.0,7,3,2,True,318,60,3,1,8,644.0,8,True,False,Education
23,12.0,1.0,8,0,5,True,195,41,3,0,206,31668.0,9,True,False,Productivity
175,125.0,21.0,6,5,5,True,223,44,3,3,269,3140.0,5,True,False,Browser Extensions
5,0.0,38.0,6,5,6,False,154,57,3,1,0,170171.0,4,False,False,Productivity
13,205.0,0.0,22,3,5,True,500,52,3,1,443,0.0,7,True,False,Marketing
10,68.0,76.0,8,1,6,True,500,59,2,1,164,0.0,10,True,False,Developer Tools
1,528.0,40.0,19,4,5,True,299,52,3,1,231,120718.0,4,True,False,Mac
24,104.0,10.0,5,5,7,True,476,41,3,1,0,0.0,8,True,False,Open Source
16,174.0,79.0,11,3,5,True,353,46,2,1,23,22109.0,4,False,False,Crypto
1,50.0,4.0,11,6,5,True,349,52,3,1,0,4762.0,1,False,False,Chrome Extensions
15,188.0,24.0,14,6,6,True,381,60,3,1,216,1733.0,9,True,False,Weather
6,390.0,30.0,5,0,6,True,135,31,1,1,0,147461.0,5,False,False,Productivity
13,120.0,8.0,6,5,5,True,257,60,3,3,198,0.0,4,False,False,Time Tracking
2,68.0,24.0,7,4,6,False,500,54,3,3,0,0.0,6,True,False,Tech
181,180.0,0.0,7,4,5,False,459,33,1,1,145,0.0,11,True,False,Software Engineering
18,0.0,12.0,5,3,6,True,335,42,2,1,0,1106.0,3,True,False,Cars
1,15.0,49.0,0,4,1,True,477,49,1,3,638,0.0,5,False,False,Streaming Services
2,0.0,39.0,11,6,6,True,500,50,3,1,439,6261.0,7,True,False,Developer Tools
12,103.0,14.0,6,4,6,True,310,60,4,1,97,575.0,4,False,False,Productivity
3,0.0,0.0,7,0,9,True,463,60,3,1,497,0.0,10,True,False,Productivity
1,171.0,169.0,17,5,6,True,434,60,6,1,203,4238.0,10,False,False,Cars
7,51.0,29.0,7,5,6,True,474,52,3,3,96,0.0,9,False,False,Audio
1,262.0,34.0,0,6,5,True,500,54,3,1,624,5589.0,14,False,False,Productivity
3,0.0,0.0,7,1,5,False,281,60,2,1,0,12490.0,7,False,False,API
22,86.0,51.0,6,0,5,True,202,60,3,1,0,4528.0,14,True,False,Chrome Extensions
5,133.0,17.0,7,1,5,True,500,50,3,0,432,2099.0,10,True,False,Mac
1,49.0,0.0,7,0,5,True,462,54,8,1,248,3985.0,0,False,False,Tech
7,78.0,79.0,21,1,6,True,500,59,3,4,1040,165424.0,5,False,False,Health & Fitness
18,196.0,0.0,15,3,6,True,500,56,3,13,29,2001.0,3,False,False,Chrome Extensions
9,0.0,19.0,6,5,5,False,426,50,2,1,0,4891.0,2,False,False,Writing
180,98.0,0.0,7,3,5,True,479,54,3,4,0,112224.0,7,True,False,Privacy
6,0.0,1.0,6,4,6,True,495,45,4,1,503,4079.0,5,True,False,Chrome Extensions
1,151.0,14.0,7,4,2,True,286,40,3,2,449,1904.0,8,True,False,Android
1,30.0,11.0,6,0,5,True,90,56,3,3,322,0.0,8,False,False,Mac
72,233.0,47.0,7,0,5,True,358,48,3,1,303,5998.0,5,False,False,Health & Fitness
2,358.0,0.0,7,2,5,True,265,60,4,4,419,53674.0,8,False,False,Productivity
1,66.0,5.0,23,3,5,True,410,56,3,1,0,4431.0,8,True,False,Browser Extensions
11,105.0,0.0,7,0,6,True,402,60,3,1,257,2155.0,4,False,False,Mac
31,0.0,0.0,5,2,5,True,177,43,3,1,315,1170.0,3,True,False,Fintech
7,50.0,6.0,7,1,5,True,185,50,3,1,274,0.0,8,True,False,Analytics
10,0.0,0.0,7,6,5,False,500,56,4,5,392,3667.0,4,False,False,Design Tools
1,63.0,18.0,7,5,5,True,407,55,3,1,2869,3100.0,6,False,False,Design Tools
19,28.0,0.0,13,5,6,True,320,54,6,1,0,103455.0,5,False,False,Analytics
6,181.0,7.0,17,3,5,True,120,58,3,1,430,2779.0,8,False,False,Artificial Intelligence
11,0.0,0.0,6,6,5,True,433,47,3,1,0,0.0,1,False,False,Robots
2,0.0,0.0,18,0,5,True,126,52,3,8,46,0.0,6,False,False,Fintech
1,24.0,63.0,7,2,1,True,472,50,3,1,41545,0.0,8,False,False,Retro Games
35,72.0,18.0,22,5,5,False,320,46,1,1,609,15425.0,6,True,False,Open Source
6,145.0,12.0,23,2,5,True,432,58,3,4,0,31109.0,3,False,False,iOS
10,103.0,13.0,23,6,5,True,375,19,3,1,64,4974.0,5,False,False,Mac
7,574.0,88.0,6,5,6,True,314,51,3,5,1847,2855.0,5,False,False,Design Tools
1,43.0,0.0,7,1,5,True,380,53,3,1,0,0.0,6,True,False,Open Source
5,0.0,0.0,13,4,6,True,500,57,3,1,684,0.0,5,False,False,Productivity
9,121.0,11.0,23,2,6,True,175,53,3,0,478,0.0,6,False,False,Vibe coding
5,153.0,83.0,14,3,5,True,69,58,3,1,0,2582.0,4,False,False,Fintech
1,64.0,20.0,12,1,5,True,215,35,4,0,293,0.0,11,False,False,Web App
30,93.0,4.0,23,3,5,True,500,54,4,3,164,0.0,6,True,False,Mac
222,0.0,2.0,0,3,5,True,274,60,4,1,441,0.0,7,True,False,Mac
1,14.0,9.0,6,6,5,True,420,35,3,1,0,0.0,6,False,False,Health & Fitness
16,184.0,3.0,7,1,5,True,195,59,3,1,244,1755.0,3,False,False,Design Tools
17,229.0,7.0,22,5,5,True,270,54,1,1,353,0.0,10,True,False,Email
11,108.0,9.0,7,1,5,True,442,56,3,0,0,107865.0,3,False,False,Productivity
1,34.0,0.0,14,3,3,True,48,60,3,2,0,8047.0,6,True,False,Comics & Graphic Novels
1,391.0,126.0,7,3,5,True,477,57,3,1,0,0.0,5,False,False,Productivity
8,0.0,5.0,7,4,5,False,440,49,5,4,508,3713.0,4,False,False,Crypto
4,0.0,130.0,15,2,5,True,500,46,3,5,318,0.0,7,True,False,Fintech
7,253.0,22.0,6,4,6,True,500,29,3,1,625,333.0,5,False,False,Crypto
2,0.0,0.0,5,0,5,True,262,57,4,0,483,0.0,7,False,False,Customer Success
1,0.0,2.0,7,4,5,True,152,52,3,8,156,80675.0,1,False,False,Developer Tools
1,2661.0,0.0,20,5,6,True,176,55,3,2,139,4195.0,8,True,False,Productivity
12,93.0,0.0,5,1,5,True,500,52,2,0,746,5607.0,6,False,False,Productivity
15,30.0,29.0,7,6,6,True,359,52,3,1,0,1176.0,5,True,False,Productivity
1,202.0,21.0,23,3,5,True,143,53,3,1,4231,128061.0,5,False,False,Developer Tools
18,103.0,0.0,7,3,2,True,421,53,3,1,1002,0.0,11,True,False,Artificial Intelligence
9,49.0,0.0,7,1,6,False,267,47,1,1,407,0.0,6,False,False,Customer Communication
17,30.0,0.0,8,2,5,True,364,49,3,1,69,0.0,4,False,False,Open Source
14,0.0,9.0,15,6,6,True,444,33,2,0,197,1763.0,2,True,False,Customer Success
1,34.0,13.0,8,6,5,True,472,48,1,1,0,3479.0,8,False,False,User Experience
11,0.0,6.0,7,4,5,False,187,28,3,4,315,0.0,3,False,False,Time Tracking
1,40.0,69.0,7,5,2,True,81,60,3,1,387,151.0,8,True,False,Sales
5,52.0,0.0,7,3,6,True,438,42,4,3,1909,663.0,6,True,False,API
13,22.0,0.0,10,1,6,False,275,56,2,1,3,20934.0,4,True,False,Productivity
1,1.0,25.0,11,3,5,True,500,38,3,1,379,3368.0,5,True,False,Developer Tools
1,0.0,54.0,6,4,6,False,500,42,3,1,503,20852.0,7,False,False,Android
9,84.0,245.0,20,4,6,False,500,60,3,4,0,8615.0,9,False,False,Social Media
1,7.0,35.0,7,3,6,True,295,38,3,1,248,0.0,8,False,False,API
2,738.0,76.0,7,3,5,True,445,54,3,1,0,0.0,5,True,False,Mac
7,590.0,342.0,14,2,5,True,274,32,3,1,15903,6251.0,5,True,False,API
1,76.0,15.0,11,2,3,True,407,59,5,4,0,0.0,3,True,False,Virtual Reality
15,27.0,5.0,10,2,5,True,251,60,3,0,2403,566.0,6,False,False,API
28,681.0,30.0,6,3,6,True,439,58,3,1,0,2815.0,3,False,False,Marketing
11,66.0,78.0,8,2,5,True,250,40,3,5,404,83371.0,7,False,False,Startup Books
8,0.0,10.0,13,3,7,False,246,42,3,2,0,124613.0,6,False,False,Productivity
1,38.0,0.0,12,4,5,True,206,50,3,1,575,1349.0,9,True,False,Notes
9,63.0,0.0,6,5,5,True,456,60,2,1,5,1156.0,1,False,False,Productivity
8,182.0,0.0,8,3,5,False,141,60,3,1,220,0.0,9,False,False,Customer Communication
7,213.0,39.0,7,0,6,True,429,60,2,1,234,2985.0,8,False,False,Mac
10,0.0,0.0,13,1,5,False,458,55,1,1,473,28366.0,7,True,False,Tech
1,108.0,0.0,18,6,6,True,330,35,3,1,231,0.0,7,True,False,SaaS
1,90.0,3.0,7,6,6,True,427,42,3,1,0,2932.0,3,False,False,Vibe coding
72,187.0,10.0,22,0,12,True,385,46,3,4,28,3721.0,5,False,False,Open Source
2,153.0,11.0,7,1,6,False,500,57,3,2,508,1450.0,5,False,False,API
10,0.0,40.0,8,5,6,True,344,49,3,2,2387,1513.0,0,False,False,Web App
1,104.0,45.0,6,2,5,True,235,57,3,4,0,1768.0,6,False,False,Design Tools
1,195.0,11.0,8,4,5,True,453,45,3,2,556,4854.0,8,True,False,Health & Fitness
1,75.0,2.0,15,3,7,True,202,46,3,1,1285,102549.0,5,False,False,Android
14,533.0,61.0,12,5,5,True,445,38,3,3,448,879.0,6,False,False,Productivity
2,0.0,43.0,6,0,6,True,500,51,3,3,331,4531.0,6,False,False,Marketing
18,22.0,3.0,7,4,5,False,466,57,2,4,276,3692.0,4,False,False,Notes
6,276.0,3.0,8,0,6,False,213,42,2,1,15,5198.0,1,False,False,Analytics
1,0.0,5.0,23,3,5,True,402,45,3,1,0,0.0,6,False,False,Productivity
3,159.0,0.0,20,0,5,True,443,17,3,1,472,0.0,8,False,False,API
7,92.0,20.0,7,1,5,True,415,37,3,1,478,1768.0,9,False,False,Mac
1,14.0,107.0,23,5,6,True,500,54,3,2,45,36275.0,12,True,False,Education
7,25.0,27.0,7,0,5,True,397,43,1,1,0,0.0,6,False,False,API
14,0.0,16.0,5,4,5,False,443,53,3,2,406,46146.0,8,False,False,Mac
6,0.0,0.0,7,2,5,False,500,60,3,2,282,0.0,6,False,False,Fashion
1,0.0,6.0,6,3,6,True,56,48,3,2,0,3510.0,7,False,False,Health & Fitness
3,79.0,9.0,18,5,6,True,425,50,1,1,0,0.0,4,True,False,Software Engineering
4,0.0,2.0,7,1,5,False,500,55,3,4,225,0.0,5,False,False,Analytics
15,15.0,27.0,23,4,5,True,433,59,3,2,304,0.0,8,True,False,Mac
1,58.0,83.0,20,3,6,True,203,23,3,1,166,2362.0,3,False,False,API
11,519.0,54.0,7,5,6,True,270,60,3,1,348,0.0,6,False,False,Productivity
1,172.0,8.0,7,4,6,True,456,60,3,1,505,3132.0,3,False,False,Design Tools
7,0.0,8.0,6,4,5,False,391,52,4,3,267,220.0,5,False,False,Developer Tools
1,65.0,16.0,7,1,5,True,221,57,8,2,0,4325.0,8,False,False,Productivity
33,69.0,13.0,6,2,5,True,109,56,4,1,0,2645.0,10,False,False,Mac
17,254.0,33.0,14,4,6,True,271,45,3,1,0,8765.0,4,False,False,Education
16,91.0,4.0,7,1,6,True,292,54,3,4,357,13737.0,8,True,False,Productivity
1,0.0,0.0,7,0,6,True,492,59,3,1,697,7146.0,6,False,False,Marketing
10,7.0,2.0,7,3,5,False,434,17,3,1,0,8160.0,9,False,False,Open Source
1,62.0,14.0,7,6,5,True,313,53,1,1,119,457.0,4,True,False,Email
16,226.0,150.0,7,0,5,True,500,58,4,3,603,0.0,9,True,False,Open Source
12,52.0,0.0,7,6,5,True,135,60,1,1,0,4426.0,6,False,False,Education
1,59.0,18.0,8,3,5,True,500,60,3,1,372,2568.0,5,True,False,Mac
7,71.0,27.0,1,2,6,True,169,46,3,1,98,0.0,5,True,False,API
1,53.0,23.0,7,3,6,True,111,48,2,5,230,20360.0,7,False,False,Android
15,0.0,116.0,8,1,5,False,500,51,4,0,0,2134.0,6,True,False,Design Tools
9,47.0,11.0,6,5,6,False,456,56,3,1,0,0.0,3,False,False,Hiring
3,164.0,7.0,6,0,5,True,384,54,3,2,0,1663.0,4,False,False,Productivity
10,240.0,33.0,7,0,5,True,500,57,3,1,116,3154.0,4,False,False,Productivity
2,437.0,0.0,7,1,5,True,461,42,4,1,327,0.0,6,False,False,Browser Extensions
15,0.0,17.0,8,3,5,True,252,55,3,2,0,149153.0,2,False,False,Couples
8,0.0,46.0,6,1,5,True,500,38,3,1,463,341.0,5,True,False,Artificial Intelligence
1,58.0,101.0,17,2,5,True,432,44,3,1,351,450.0,9,False,False,Mac
1,133.0,47.0,7,3,2,True,427,50,3,0,231,0.0,9,True,False,Productivity
4,16.0,18.0,5,4,5,False,458,60,3,1,152,2991.0,0,False,False,Payments
1,0.0,32.0,13,3,5,True,427,36,4,4,0,4207.0,4,False,False,Email
12,54.0,0.0,10,3,1,True,475,53,3,1,105,56488.0,7,False,False,WordPress
1,173.0,41.0,8,4,5,True,471,60,3,2,0,20208.0,6,False,False,Sales
16,112.0,18.0,7,1,5,True,444,52,2,4,0,811.0,11,True,False,Productivity
1,40.0,17.0,6,3,5,True,206,59,3,5,185,0.0,7,False,False,Open Source
7,56.0,0.0,13,1,6,True,101,60,3,2,0,3438.0,9,False,False,Productivity
1,48.0,14.0,7,3,5,True,421,60,3,1,708,3367.0,9,False,False,Productivity
13,52.0,0.0,6,0,6,False,458,60,4,2,0,4955.0,4,False,False,API
1,99.0,3.0,6,0,5,True,434,60,3,1,193,153741.0,9,False,False,Productivity
3,117.0,7.0,7,4,6,True,500,60,3,1,131,1954.0,9,True,False,Analytics
1,0.0,24.0,7,3,6,True,101,60,3,1,0,1160.0,1,True,False,Artificial Intelligence
1,284.0,15.0,23,0,5,False,500,59,3,7,75,48521.0,5,False,False,Productivity
9,128.0,19.0,23,6,6,True,343,50,1,1,0,2954.0,5,False,False,Education
1,382.0,56.0,8,3,5,True,500,53,3,1,0,2015.0,4,False,False,Linux
9,82.0,87.0,15,3,5,True,430,34,3,0,1305,0.0,11,True,False,Health & Fitness
22,53.0,0.0,7,5,5,True,500,60,3,5,263,1089.0,6,False,False,Mac
5,34.0,14.0,7,4,6,False,471,59,3,2,0,21234.0,3,True,False,Open Source
2,0.0,6.0,0,3,5,True,484,60,3,1,763,3067.0,7,False,False,Design Tools
1,175.0,16.0,22,6,6,True,289,52,3,4,228,1360.0,8,False,False,Developer Tools
207,6.0,0.0,7,5,6,False,348,34,1,1,256,0.0,7,False,False,iOS
16,188.0,101.0,10,0,5,True,193,58,3,1,0,2752.0,3,False,False,Mac
18,95.0,4.0,7,3,6,True,251,53,4,1,8,1099.0,6,False,False,iOS
2,112.0,8.0,8,4,5,True,351,45,2,2,49566,0.0,6,False,False,Productivity
10,137.0,10.0,11,5,5,False,423,60,5,1,0,0.0,4,True,False,Social Media
13,0.0,52.0,7,4,5,True,439,32,3,1,876,20695.0,9,True,False,Custom Keyboards
4,167.0,34.0,7,2,7,True,410,46,3,5,671,9599.0,8,True,False,Tech
5,146.0,10.0,13,0,6,True,357,46,3,0,128,3824.0,4,False,False,Home
9,10.0,108.0,8,3,5,True,371,53,3,1,293,0.0,7,True,False,Education
1,0.0,19.0,6,0,5,True,288,53,3,1,0,2886.0,0,False,False,Productivity
6,0.0,18.0,6,3,5,True,180,43,3,3,0,0.0,4,False,False,Design Tools
155,0.0,342.0,19,2,5,False,391,60,5,1,735,0.0,13,False,False,Task Management
7,173.0,0.0,7,5,5,False,242,60,3,1,349,0.0,14,False,False,Open Source
27,0.0,0.0,7,2,6,True,207,56,2,1,54,0.0,6,False,False,Productivity
4,22.0,0.0,13,5,6,True,111,58,2,1,0,578.0,5,False,False,Mac
1,137.0,65.0,7,5,5,True,48,23,4,3,160,311.0,4,True,False,Marketing
19,64.0,42.0,15,6,5,True,123,36,1,1,0,0.0,3,False,False,Email
31,124.0,31.0,7,0,6,True,342,60,3,5,97,2067.0,6,False,False,Open Source
11,46.0,66.0,12,3,3,True,415,60,3,1,267,97091.0,6,True,False,Health & Fitness
14,47.0,23.0,10,4,5,True,456,60,2,1,336,0.0,3,True,False,Mac
3,76.0,12.0,6,4,6,True,137,60,2,1,340,0.0,9,False,False,Sales
13,59.0,0.0,18,3,6,False,245,56,3,1,0,34677.0,3,False,False,Analytics
1,0.0,5.0,19,3,5,False,500,42,4,1,227,0.0,4,False,False,SaaS
2,299.0,8.0,1,6,5,True,291,48,3,4,541,2082.0,9,True,False,Design Tools
1,56.0,34.0,20,1,5,True,48,49,3,0,63,4716.0,5,False,False,No-Code
6,101.0,0.0,1,3,5,True,261,52,3,3,1012,25768.0,6,False,False,Android
30,106.0,0.0,6,2,5,True,381,30,1,1,589,2102.0,6,True,False,Tech
27,913.0,0.0,7,2,6,False,500,57,3,1,443,168108.0,3,True,False,Android
14,150.0,0.0,19,2,3,False,498,58,2,1,167,2959.0,10,True,False,SaaS
10,0.0,14.0,7,3,8,False,376,54,2,1,95,0.0,4,False,False,Browser Extensions
11,0.0,0.0,7,3,6,True,265,50,3,2,163,0.0,10,False,False,Design Tools
205,32.0,16.0,13,4,1,True,303,19,2,1,0,0.0,2,False,False,Analytics
14,131.0,28.0,11,2,5,True,440,58,5,1,112,10686.0,6,False,False,Software Engineering
1,91.0,8.0,11,4,5,True,379,37,3,0,8,3750.0,2,False,False,Software Engineering
7,76.0,12.0,7,3,6,True,500,58,3,4,0,0.0,9,True,False,Advertising
1,126.0,23.0,22,4,1,True,214,41,2,1,0,2767.0,8,True,False,Android
4,55.0,5.0,8,6,11,True,457,57,5,2,2,6194.0,2,False,False,Social Media
13,505.0,2.0,7,2,6,True,500,53,2,1,535,24171.0,11,True,False,Writing
2,0.0,0.0,11,6,5,False,431,49,3,1,0,205.0,5,False,False,Browser Extensions
4,92.0,0.0,7,3,5,True,350,38,4,0,0,29809.0,3,False,False,Chrome Extensions
2,198.0,110.0,17,3,5,True,430,59,3,3,304,0.0,5,False,False,Android
28,0.0,17.0,7,0,5,True,407,60,3,1,601,0.0,14,True,False,Marketing
1,132.0,0.0,15,2,5,False,429,51,3,5,585,868.0,3,True,False,Design Tools
7,162.0,0.0,7,1,6,True,400,50,2,2,0,4250.0,7,False,False,Time Tracking
1,20.0,10.0,7,4,5,True,273,52,3,1,27,2624.0,3,True,False,SaaS
1,0.0,0.0,7,4,6,True,261,58,4,1,113,5923.0,0,False,False,Productivity
4,136.0,4.0,15,3,5,False,132,22,3,1,133,0.0,5,True,False,Email
5,79.0,0.0,7,1,6,False,377,57,2,6,0,13152.0,9,False,False,Social Media
1,114.0,115.0,7,2,5,True,286,39,3,1,616,17366.0,4,True,False,Open Source
1,79.0,17.0,7,3,6,False,470,60,3,2,245,92777.0,10,True,False,Productivity
2,0.0,22.0,6,3,6,True,496,25,3,0,274,787.0,5,False,False,Social Network
1,125.0,22.0,1,0,6,True,345,32,3,2,418,1783.0,11,True,False,Emoji
11,44.0,0.0,8,0,7,True,377,54,3,1,884,0.0,11,True,False,Design Tools
12,13.0,0.0,7,5,6,True,342,40,3,1,326,916.0,8,True,False,Android
1,0.0,14.0,20,0,5,False,500,55,3,1,0,1286.0,4,False,False,Education
4,81.0,123.0,6,5,6,True,383,56,3,1,428,2669.0,4,False,False,Vibe coding
19,206.0,8.0,9,5,5,True,377,39,3,2,0,1200.0,2,False,False,Mac
7,85.0,36.0,8,5,6,False,460,48,4,0,631,2587.0,8,False,False,WordPress
35,0.0,4.0,11,0,5,False,294,54,3,1,41203,1832.0,2,True,False,Growth Hacking
8,0.0,26.0,6,3,6,True,264,60,3,1,833,0.0,8,False,False,API
1,111.0,0.0,7,5,5,True,384,60,3,1,0,0.0,6,True,False,Productivity
10,0.0,23.0,7,1,5,False,500,46,4,2,520,5852.0,6,False,False,SaaS
1,392.0,34.0,23,3,5,True,500,47,3,1,441,1847.0,5,True,False,Social Media
14,143.0,141.0,6,5,5,True,356,59,3,0,338,0.0,0,True,False,Cars
12,45.0,37.0,7,3,6,True,439,41,4,1,0,2322.0,6,False,False,SaaS
4,201.0,0.0,8,1,6,True,337,49,3,1,189,0.0,4,False,False,Mac
24,65.0,125.0,6,1,6,True,341,40,3,3,103,2845.0,7,False,False,Android
1,158.0,44.0,14,0,5,True,437,17,3,1,80,130956.0,6,False,False,Productivity
1,134.0,7.0,23,3,5,False,500,57,1,6,541,0.0,7,False,False,Streaming Services
4,231.0,31.0,5,2,9,True,118,57,3,2,0,1007.0,2,True,False,Productivity
3,151.0,27.0,19,0,6,True,486,60,3,0,5,97745.0,9,True,False,Marketing
18,36.0,84.0,1,2,5,True,500,54,3,1,278,30353.0,0,True,False,Tech
1,104.0,27.0,23,4,6,True,272,55,3,1,24,0.0,11,True,False,Education
7,99.0,75.0,13,2,6,True,465,54,3,1,81,0.0,6,False,False,Productivity
1,201.0,42.0,7,2,5,True,500,60,3,2,621,5563.0,9,False,False,Customer Communication
11,476.0,20.0,22,6,5,True,500,60,3,1,0,2359.0,7,True,False,Android
222,30.0,0.0,6,1,5,True,500,23,3,1,378,3265.0,7,True,False,Productivity
21,176.0,9.0,6,3,8,True,500,39,3,1,0,542.0,7,True,False,Artificial Intelligence
1,182.0,21.0,8,5,2,False,429,46,4,1,560,632.0,7,False,False,Hiring
6,120.0,58.0,7,3,6,True,395,60,3,5,454,0.0,9,False,False,Productivity
1,0.0,32.0,7,0,6,True,250,60,3,5,0,0.0,6,False,False,Mac
1,1.0,27.0,7,4,6,True,237,51,3,1,0,0.0,9,False,False,Productivity
1,14.0,99.0,7,2,6,True,92,23,3,3,0,2202.0,11,True,False,Streaming Services
11,104.0,0.0,19,4,6,False,468,56,3,4,105,2357.0,4,False,False,Health & Fitness
1,45.0,9.0,7,3,6,False,266,53,3,1,597,9224.0,14,False,False,Artificial Intelligence
4,199.0,0.0,12,5,6,True,116,57,4,1,46,651.0,7,True,False,Analytics
1,114.0,14.0,7,6,3,True,466,59,3,3,1623,0.0,7,False,False,Android
3,78.0,5.0,16,2,5,True,377,46,3,2,433,2798.0,12,False,False,Hiring
10,92.0,18.0,12,5,6,False,285,52,5,1,0,0.0,4,False,False,Privacy
11,371.0,23.0,0,1,5,False,140,46,2,1,376,37416.0,6,False,False,Productivity
17,173.0,0.0,7,3,5,True,141,55,3,2,124,3047.0,0,False,False,Productivity
9,86.0,37.0,7,4,6,True,334,54,4,2,965,160874.0,7,False,False,Streaming Services
1,0.0,6.0,6,6,5,False,500,51,1,1,436,209.0,5,False,False,Artificial Intelligence
12,79.0,13.0,7,3,5,True,141,53,3,3,9,2117.0,7,True,False,Artificial Intelligence
13,295.0,0.0,8,5,6,False,418,56,8,4,0,10429.0,7,False,False,Vibe coding
64,65.0,8.0,8,3,8,True,184,60,3,1,208,0.0,10,False,False,Email
27,110.0,21.0,7,4,2,True,412,53,3,2,0,2218.0,8,True,False,iOS
16,349.0,9.0,6,3,5,True,206,51,4,5,0,5372.0,3,False,False,Web App
1,137.0,5.0,7,3,5,True,108,35,2,1,241,27938.0,1,False,False,iOS
12,72.0,0.0,19,5,7,True,329,50,2,1,0,1849.0,6,True,False,eBook Reader
4,114.0,21.0,7,1,6,True,345,44,8,1,258,2838.0,9,False,False,Mac
5,155.0,0.0,7,5,5,True,222,52,2,1,0,0.0,8,False,False,Open Source
14,44.0,8.0,7,5,5,True,227,47,1,3,81,0.0,7,False,False,Browser Extensions
1,69.0,0.0,19,3,6,False,475,55,3,1,191,449.0,4,False,False,Design Tools
18,45.0,3.0,6,4,5,False,281,33,4,0,325,4082.0,10,False,False,Sales
8,229.0,30.0,23,3,6,True,461,55,3,1,374,2539.0,9,True,False,Venture Capital
172,56.0,27.0,22,1,1,True,192,55,3,1,0,0.0,8,False,False,API
1,214.0,5.0,14,4,6,True,431,55,3,2,0,1040.0,12,False,False,Open Source
4,173.0,10.0,10,6,6,True,500,52,3,1,0,6078.0,5,True,False,Tech
3,138.0,118.0,23,4,5,False,464,59,3,0,282,1735.0,6,True,False,Android
9,155.0,11.0,7,5,7,True,414,60,9,1,266,0.0,7,True,False,Artificial Intelligence
90,90.0,0.0,15,6,5,True,448,60,3,1,476,134908.0,6,False,False,iOS
1,89.0,2.0,15,3,5,True,372,50,4,3,611,27562.0,6,True,False,Retro Games
14,29.0,0.0,6,0,6,True,226,59,2,3,402,0.0,8,False,False,Browser Extensions
1,19.0,16.0,8,6,6,True,53,54,3,3,157,155131.0,7,True,False,Email
1,57.0,0.0,6,5,5,True,215,50,3,2,0,4172.0,4,True,False,Sales
1,94.0,0.0,6,3,5,False,378,58,3,4,397,0.0,7,True,False,Design Tools
4,35.0,1.0,7,0,6,True,487,27,3,2,344,0.0,9,False,False,Crypto
3,102.0,44.0,6,4,5,True,374,60,4,1,2258,670.0,12,False,False,Productivity
5,19.0,27.0,6,1,6,False,328,39,2,6,16,2389.0,4,False,False,Couples
9,187.0,0.0,3,1,6,False,150,60,3,1,0,1411.0,4,False,False,Android
11,172.0,15.0,16,1,5,False,437,55,3,7,248,1169.0,7,True,False,Android
7,0.0,0.0,7,2,5,False,429,54,2,0,0,5582.0,2,False,False,Sales
4,0.0,7.0,13,5,5,True,233,57,2,3,0,0.0,7,False,False,Mac
13,53.0,0.0,7,0,1,False,360,45,3,2,484,0.0,8,False,False,Privacy
13,58.0,12.0,11,3,6,True,323,46,3,1,77,1154.0,13,True,False,Social Media
1,103.0,145.0,23,2,9,True,48,58,3,1,179,270.0,8,False,False,Productivity
1,0.0,0.0,14,1,6,True,444,60,8,1,13,4129.0,3,False,False,Artificial Intelligence
15,0.0,11.0,7,2,6,True,500,57,3,1,400,4218.0,10,True,False,Meetings
3,0.0,73.0,10,0,5,True,156,47,2,2,39,269.0,7,True,False,Productivity
5,160.0,36.0,6,5,6,True,162,60,3,1,359,4571.0,7,False,False,Browser Extensions
1,143.0,56.0,7,2,6,True,275,60,3,3,207,0.0,7,False,False,Web App
1,255.0,161.0,12,1,6,True,391,41,3,1,403,136022.0,25,True,False,Artificial Intelligence
9,25.0,140.0,14,3,6,True,402,51,4,1,0,770.0,6,True,False,Marketing
12,205.0,0.0,17,0,5,True,370,59,3,5,0,0.0,2,True,False,Open Source
1,126.0,42.0,7,6,5,True,292,60,3,4,0,0.0,8,True,False,Mac
7,156.0,76.0,7,4,6,True,331,50,1,1,0,106861.0,5,True,False,Mac
1,22.0,0.0,7,5,6,False,223,58,3,2,0,0.0,4,False,False,Marketing
1,71.0,8.0,7,5,5,False,447,56,8,2,247,563.0,12,False,False,Human Resources
12,627.0,24.0,6,5,6,True,240,45,3,1,0,0.0,5,False,False,iOS
4,59.0,15.0,9,5,6,True,175,60,3,1,400,0.0,27,False,False,Analytics
1,155.0,40.0,7,3,5,True,500,40,3,5,539,66008.0,8,True,False,Customer Success
2,0.0,161.0,0,3,5,False,264,50,3,0,192,2023.0,9,False,False,Android
1,0.0,33.0,7,2,6,False,284,60,3,1,193,0.0,8,False,False,Developer Tools
17,47.0,15.0,7,2,6,True,493,60,3,1,338,2611.0,3,True,False,Email
3,20.0,3.0,0,5,1,False,500,49,4,1,631,6667.0,3,True,False,iOS
1,146.0,123.0,23,4,6,True,257,58,3,1,552,14552.0,6,False,False,Mac
6,29.0,34.0,14,3,5,True,408,60,3,0,360,1363.0,7,False,False,Analytics
1,76.0,0.0,21,4,2,True,500,46,1,4,323,5322.0,5,True,False,Productivity
1,16.0,0.0,6,6,5,False,218,43,1,1,0,3227.0,7,False,False,Email
8,4.0,0.0,7,1,5,False,336,60,1,4,142,340.0,11,True,False,Android
1,40.0,22.0,14,1,6,True,500,37,3,5,2411,1632.0,15,False,False,Web App
1,174.0,15.0,7,6,6,True,408,50,3,6,252,1793.0,7,True,False,Design Tools
4,63.0,22.0,7,5,5,True,469,41,3,1,0,379.0,2,False,False,Web App
1,13.0,0.0,6,5,6,False,113,48,5,1,263,479.0,11,True,False,Health & Fitness
183,72.0,136.0,9,2,5,False,187,50,5,0,288,944.0,7,False,False,Open Source
1,122.0,24.0,6,3,5,True,500,57,3,1,115,1192.0,7,True,False,Mac
20,31.0,0.0,7,0,9,False,258,51,3,4,0,1870.0,4,True,False,Artificial Intelligence
1,130.0,8.0,23,3,5,False,484,60,1,2,318,2580.0,7,True,False,Marketing
14,734.0,29.0,7,0,6,True,158,56,2,1,252,0.0,18,False,False,iOS
14,0.0,17.0,7,5,1,False,455,53,1,3,71,2379.0,6,False,False,Software Engineering
20,162.0,9.0,8,5,5,True,210,50,3,1,0,4760.0,3,False,False,Tech
3,487.0,21.0,6,5,6,True,448,47,3,0,276,6647.0,6,False,False,Artificial Intelligence
13,24.0,1.0,8,6,7,False,81,55,3,2,22,3135.0,3,False,False,Open Source
1,198.0,90.0,20,3,7,True,149,56,3,1,208,103794.0,6,True,False,Linux
1,45.0,0.0,7,5,3,False,500,54,1,1,0,4930.0,3,True,False,Social Network
1,216.0,14.0,7,4,5,True,331,42,1,1,358,3797.0,4,True,False,Menu Bar Apps
9,91.0,4.0,8,4,5,True,500,58,3,1,47,0.0,4,True,False,Home
9,140.0,25.0,9,5,5,True,359,33,4,1,0,116405.0,9,False,False,Chrome Extensions
1,0.0,63.0,6,3,6,False,486,56,3,5,221,6762.0,6,False,False,Customer Success
14,112.0,4.0,17,0,5,True,311,54,3,23,0,44839.0,5,True,False,Productivity
1,0.0,19.0,0,2,5,True,322,60,3,4,98,0.0,9,False,False,iOS
1,44.0,9.0,16,5,5,False,236,59,2,1,36,2129.0,16,False,False,Open Source
10,28.0,7.0,17,2,5,True,89,51,4,3,0,350.0,13,False,False,Web App
8,310.0,45.0,21,5,5,True,500,59,2,1,655,0.0,8,False,False,Mac
5,177.0,20.0,7,5,6,True,220,54,3,7,0,4792.0,3,False,False,Productivity
8,987.0,14.0,7,6,5,True,259,60,3,1,0,649.0,8,True,False,Social Media
1,934.0,0.0,15,5,5,True,479,47,1,1,0,5039.0,2,True,False,Hiring
13,429.0,89.0,7,4,6,True,234,51,2,5,380,3943.0,27,True,False,SaaS
1,27.0,25.0,11,6,5,True,463,48,1,1,218,4743.0,9,False,False,Software Engineering
12,0.0,0.0,7,0,6,False,235,52,3,1,47,119388.0,4,False,False,Design Tools
13,89.0,1.0,21,2,9,True,301,60,3,1,319,912.0,7,True,False,Art
17,55.0,36.0,21,6,5,True,262,57,3,6,0,2395.0,10,False,False,Productivity
37,44.0,61.0,8,6,6,True,381,59,4,1,389,0.0,4,True,False,Software Engineering
7,481.0,124.0,23,1,6,True,447,36,4,2,0,4441.0,7,True,False,Developer Tools
1,136.0,0.0,16,2,5,True,468,23,3,1,366,3959.0,8,False,False,Productivity
15,75.0,39.0,6,3,5,True,434,60,3,7,107,0.0,9,True,False,Android
37,33.0,0.0,7,0,5,False,231,46,3,0,107,3369.0,5,False,False,Marketing
7,120.0,0.0,16,2,6,True,154,55,3,1,649,82679.0,8,False,False,Developer Tools
23,72.0,15.0,7,4,6,True,455,45,2,3,0,650.0,5,True,False,Android
6,47.0,0.0,23,6,5,False,269,49,3,2,0,0.0,10,True,False,Messaging
1,223.0,27.0,7,3,5,True,396,53,3,1,0,0.0,7,False,False,Mac
11,38.0,53.0,6,4,5,True,239,58,3,1,0,110.0,4,True,False,Web App
10,180.0,0.0,7,0,6,True,500,53,3,2,112,9034.0,7,False,False,Web App
13,61.0,15.0,7,5,5,False,318,60,2,1,0,3518.0,0,True,False,Comics & Graphic Novels
2,75.0,102.0,16,3,6,True,302,40,3,2,407,0.0,9,False,False,Robots
8,143.0,85.0,7,0,6,True,500,60,3,1,894,930.0,4,False,False,Design Tools
1,65.0,0.0,7,6,8,True,500,60,5,5,297,1225.0,6,True,False,Writing
10,0.0,39.0,13,4,6,True,500,50,8,3,703,0.0,1,False,False,Social Media
3,100.0,62.0,3,3,5,True,484,50,2,3,448,156.0,6,True,False,Developer Tools
1,571.0,4.0,9,2,2,True,455,60,3,10,120,9607.0,4,True,False,Productivity
1,347.0,106.0,20,1,5,False,392,60,3,1,163,205.0,12,True,False,API
11,78.0,11.0,7,4,5,True,472,60,4,1,0,4911.0,8,True,False,Marketing
12,0.0,35.0,7,5,5,True,220,60,3,2,192,994.0,8,True,False,Productivity
5,26.0,32.0,7,0,5,True,500,60,4,3,389,3583.0,9,True,False,Kids
20,87.0,10.0,7,1,6,False,399,46,2,1,208,0.0,8,False,False,Productivity
3,459.0,14.0,7,6,6,False,240,49,3,1,0,3103.0,5,True,False,SaaS
3,418.0,31.0,6,5,6,True,407,59,1,0,676,5274.0,2,False,False,Tech
6,104.0,0.0,7,3,6,False,284,60,3,1,0,3852.0,6,False,False,Education
1,0.0,5.0,18,3,6,False,500,33,3,2,243,0.0,9,False,False,Analytics
6,9.0,21.0,0,3,6,True,432,34,3,1,0,3626.0,0,False,False,Web App
17,42.0,5.0,8,3,5,True,282,60,3,5,165,40.0,7,False,False,Health & Fitness
1,19.0,19.0,0,6,5,False,178,60,1,3,0,5036.0,7,False,False,Software Engineering
11,176.0,0.0,6,0,6,True,441,60,3,3,388,0.0,5,False,False,Design Tools
5,338.0,7.0,23,2,5,True,204,47,3,1,106,0.0,2,True,False,Meetings
7,260.0,0.0,6,2,5,True,417,52,3,1,521,4761.0,5,False,False,Productivity
1,0.0,35.0,10,0,7,True,417,54,3,1,0,133669.0,3,True,False,Mac
1,41.0,0.0,9,1,5,True,387,60,4,4,0,170171.0,4,True,False,Chrome Extensions
3,88.0,51.0,7,5,6,True,351,56,1,2,13,1323.0,5,True,False,API
1,0.0,28.0,6,1,6,True,249,51,3,1,0,3713.0,6,False,False,Open Source
10,109.0,0.0,9,0,5,False,500,50,4,7,25,748.0,1,False,False,Design Tools
19,220.0,40.0,7,3,5,True,478,48,4,2,58,3873.0,6,True,False,Social Media
18,144.0,29.0,14,4,5,True,409,56,3,8,150,1325.0,6,False,False,Productivity
3,0.0,4.0,15,1,5,True,228,46,3,3,0,368.0,7,True,False,Vibe coding
5,118.0,1.0,13,2,5,False,353,56,2,1,0,176.0,9,False,False,Productivity
25,63.0,5.0,10,0,5,True,254,60,4,3,261,30825.0,5,True,False,Developer Tools
5,52.0,27.0,10,4,5,True,406,34,3,7,0,578.0,6,False,False,Open Source
3,0.0,14.0,7,4,6,True,235,60,3,1,371,2967.0,9,True,False,Web App
9,163.0,0.0,0,3,5,True,368,46,3,1,26,210.0,5,False,False,Web App
12,173.0,21.0,17,2,5,True,320,51,3,2,0,2486.0,4,True,False,Design Tools
1,0.0,17.0,6,0,5,True,438,33,3,5,0,1035.0,4,False,False,Mac
2,34.0,14.0,6,3,5,False,450,48,3,5,0,0.0,12,False,False,SaaS
6,65.0,0.0,7,6,5,True,500,60,3,2,0,0.0,6,False,False,Web App
9,79.0,17.0,17,3,6,True,228,52,2,3,0,0.0,6,False,False,Analytics
3,0.0,0.0,19,6,5,False,255,36,1,4,0,2517.0,2,False,False,Startup Books
5,309.0,0.0,7,4,5,True,431,53,3,1,158,2646.0,5,False,False,Health & Fitness
4,126.0,21.0,7,3,2,True,237,57,3,1,242,6353.0,8,True,False,Mac
20,52.0,37.0,16,0,5,False,394,60,3,2,163,669.0,6,True,False,Artificial Intelligence
15,0.0,0.0,6,1,6,True,289,60,1,2,0,1270.0,7,True,False,Web App
3,0.0,0.0,20,3,6,False,234,50,3,1,1680,3748.0,5,False,False,Android
10,110.0,13.0,0,0,5,True,455,60,3,5,315,318.0,5,False,False,Open Source
17,0.0,31.0,6,5,6,False,423,60,3,0,0,0.0,2,False,False,Browser Extensions
8,125.0,22.0,7,3,6,False,180,60,4,1,56,107464.0,15,False,False,Customer Success
8,0.0,1.0,10,2,5,True,465,57,3,1,496,0.0,8,False,False,Fintech
1,351.0,104.0,18,0,6,True,256,55,3,1,0,5492.0,3,True,False,Developer Tools
1,70.0,0.0,3,0,5,True,435,50,3,2,0,1362.0,5,True,False,Home
2,49.0,75.0,20,3,6,True,500,44,3,14,349,2729.0,7,True,False,Tech
7,136.0,17.0,17,1,6,True,381,48,3,0,126,1893.0,6,True,False,Mac
1,139.0,0.0,23,0,5,True,397,60,3,0,573,0.0,10,True,False,Productivity
6,13.0,6.0,7,0,5,True,442,39,4,1,0,4221.0,6,False,False,Marketing
1,149.0,0.0,7,4,6,True,163,60,3,2,106,654.0,9,False,False,Productivity
1,0.0,14.0,6,1,5,True,241,48,1,1,0,1654.0,9,True,False,User Experience
17,29.0,0.0,23,1,6,False,500,57,3,1,0,0.0,2,False,False,Productivity
1,18.0,93.0,6,2,6,True,464,55,3,2,11,328.0,0,False,False,Robots
8,0.0,42.0,6,3,6,True,500,58,3,0,84,0.0,10,False,False,Fashion
17,219.0,0.0,23,6,6,False,496,60,3,4,64,0.0,2,False,False,SaaS
24,71.0,20.0,7,5,6,False,200,53,2,5,171,25491.0,7,True,False,Fashion
1,65.0,24.0,7,3,6,True,496,58,3,1,393,13974.0,9,False,False,Mac
16,100.0,0.0,12,0,5,True,500,60,4,1,154,0.0,6,True,False,Design Tools
16,8.0,15.0,7,2,6,True,455,54,2,1,0,0.0,2,False,False,Kids
1,29.0,17.0,23,3,5,True,500,42,3,1,267,0.0,6,False,False,Developer Tools
7,114.0,8.0,16,4,5,True,500,49,3,1,737,105130.0,11,False,False,API
1,52.0,104.0,7,4,5,True,490,59,3,1,741,0.0,9,False,False,Productivity
8,164.0,35.0,10,5,6,True,421,55,1,0,0,13272.0,6,False,False,Growth Hacking
20,0.0,4.0,23,5,7,False,307,49,2,1,707,0.0,8,False,False,Marketing
23,178.0,0.0,6,2,5,True,500,49,3,5,446,15314.0,0,False,False,Fintech
12,105.0,22.0,10,3,5,True,141,53,3,1,393,767.0,10,False,False,Advertising
7,13.0,64.0,13,5,6,True,500,42,3,1,0,4136.0,7,True,False,Hiring
23,193.0,13.0,23,1,6,True,132,45,3,1,114,4680.0,7,False,False,Mac
26,186.0,38.0,6,4,5,True,500,60,3,2,648,0.0,10,False,False,Developer Tools
1,99.0,2.0,21,5,5,True,394,56,1,4,0,29952.0,4,False,False,Open Source
11,99.0,17.0,18,0,6,True,336,36,1,1,260,3035.0,8,True,False,API
1,125.0,145.0,7,4,6,True,330,51,3,1,507,138283.0,6,True,False,Mac
1,63.0,0.0,7,3,5,False,337,47,3,1,0,164922.0,6,False,False,Design Tools
9,0.0,0.0,7,1,5,True,298,59,4,4,145,3725.0,4,False,False,Cars
4,189.0,0.0,7,1,1,True,194,43,2,1,0,2982.0,7,True,False,SaaS
3,75.0,3.0,18,1,6,True,326,57,3,1,430,0.0,9,False,False,Mac
13,16.0,96.0,6,2,6,False,102,50,3,1,0,0.0,4,True,False,Mac
1,0.0,6.0,20,3,1,False,448,60,3,1,70,8972.0,6,False,False,Social Media
1,0.0,10.0,7,0,5,True,406,28,3,2,729,10671.0,9,True,False,Developer Tools
4,0.0,40.0,7,3,6,True,291,49,3,2,620,398.0,10,False,False,Menu Bar Apps
10,0.0,34.0,6,1,5,False,304,43,3,1,568,3472.0,9,False,False,API
9,0.0,0.0,7,6,6,True,356,60,3,3,291,2023.0,7,False,False,SaaS
37,81.0,164.0,14,1,3,True,169,56,3,1,502,6330.0,4,False,False,Productivity
1,0.0,0.0,8,5,6,False,239,53,3,1,85,0.0,6,False,False,Streaming Services
8,30.0,10.0,7,5,6,True,479,51,4,3,0,41.0,6,False,False,Analytics
2,613.0,0.0,7,0,6,True,452,57,3,10,418,0.0,6,False,False,Mac
1,844.0,20.0,7,0,6,True,388,51,2,1,0,2030.0,6,False,False,Productivity
1,44.0,12.0,23,1,5,True,340,60,2,2,0,0.0,10,False,False,Marketing
1,165.0,0.0,18,5,1,False,389,42,3,1,366,3605.0,4,True,False,Messaging
14,359.0,37.0,15,5,6,False,263,52,2,1,0,3752.0,7,True,False,Venture Capital
17,2.0,145.0,7,6,6,True,500,58,3,2,477,1922.0,6,False,False,Marketing
1,0.0,0.0,14,2,6,False,421,43,3,1,0,1353.0,5,False,False,Open Source
14,237.0,45.0,7,5,2,False,500,60,3,2,0,3680.0,8,True,False,Task Management
39,0.0,17.0,7,6,5,False,365,37,1,0,0,0.0,3,False,False,Android
4,186.0,1.0,7,2,5,True,438,57,3,2,424,2155.0,8,False,False,Menu Bar Apps
1,57.0,37.0,7,5,5,True,294,42,3,1,1340,213.0,5,False,False,Chrome Extensions
6,81.0,0.0,15,3,5,True,251,57,2,1,0,5600.0,10,True,False,Artificial Intelligence
4,0.0,0.0,11,5,5,True,471,60,4,1,0,5566.0,11,False,False,SaaS
1,59.0,4.0,13,4,5,False,359,53,4,2,322,84.0,3,True,False,Home
13,108.0,0.0,6,0,5,False,215,60,3,1,0,1638.0,1,False,False,Social Media
25,22.0,0.0,21,5,5,False,283,60,4,1,0,0.0,2,False,False,Browser Extensions
3,10.0,51.0,4,2,5,False,467,50,3,7,0,3684.0,7,False,False,Email
118,0.0,31.0,7,2,5,True,330,56,3,6,394,0.0,9,False,False,Web App
1,55.0,25.0,7,0,5,True,410,52,3,1,117,2730.0,7,True,False,iOS
9,0.0,0.0,7,1,6,False,415,60,3,1,0,0.0,8,True,False,Productivity
3,73.0,22.0,7,1,5,False,460,51,4,1,0,2411.0,4,False,False,Marketing
1,164.0,6.0,21,5,6,True,67,50,3,4,12,3119.0,13,True,False,Developer Tools
1,0.0,22.0,0,1,6,True,500,52,2,1,0,3370.0,5,True,False,Time Tracking
17,2661.0,7.0,6,1,6,True,384,36,3,1,0,1909.0,4,True,False,iOS
7,12.0,17.0,14,5,5,True,245,34,2,0,163,0.0,2,False,False,Social Media
7,94.0,86.0,14,6,7,True,243,51,3,2,114,0.0,3,False,False,Developer Tools
13,0.0,9.0,7,2,6,True,474,55,3,1,0,0.0,9,False,False,Android
10,108.0,7.0,14,2,6,False,493,45,3,1,0,1304.0,7,True,False,Analytics
1,117.0,95.0,7,3,5,True,443,47,3,2,365,1748.0,3,False,False,Productivity
25,33.0,32.0,4,2,5,False,437,55,1,4,0,3028.0,5,False,False,Email
11,92.0,0.0,6,3,5,True,302,34,3,1,387,3889.0,10,False,False,iOS
1,108.0,13.0,23,3,6,True,500,60,3,7,843,38923.0,7,False,False,Design Tools
7,42.0,143.0,6,1,4,True,147,46,3,0,0,445.0,6,True,False,Mac
1,0.0,11.0,12,3,6,True,500,60,3,5,621,39929.0,5,False,False,Mac
1,184.0,11.0,7,5,6,True,500,59,3,3,525,4091.0,4,False,False,Chrome Extensions
13,0.0,3.0,13,5,6,True,250,52,1,8,29,0.0,9,False,False,Messaging
14,41.0,26.0,18,5,5,False,457,57,3,1,0,57419.0,9,True,False,Sales
1,389.0,75.0,8,2,5,True,146,60,3,1,315,25390.0,2,True,False,Mac
5,0.0,0.0,4,4,5,True,202,40,3,1,365,3369.0,10,False,False,Mac
10,67.0,13.0,7,5,5,True,400,37,3,4,359,3363.0,7,False,False,Customer Success
17,86.0,4.0,0,0,5,True,496,54,3,1,33683,45231.0,6,True,False,3D Printer
9,476.0,40.0,0,2,5,True,247,42,3,1,406,35610.0,1,False,False,Productivity
1,0.0,28.0,11,1,5,True,287,46,3,5,217,19853.0,5,True,False,Chrome Extensions
21,15.0,16.0,7,1,5,True,351,37,2,1,91,2055.0,7,True,False,Artificial Intelligence
5,221.0,0.0,7,0,5,True,105,53,3,1,0,0.0,5,True,False,Productivity
83,0.0,93.0,7,3,6,True,500,18,3,2,378,124013.0,6,False,False,Custom Keyboards
26,0.0,48.0,10,5,5,True,48,35,8,1,0,0.0,10,True,False,eBook Reader
5,30.0,19.0,17,1,5,True,353,56,3,0,0,369.0,5,False,False,Mac
5,189.0,4.0,7,1,5,True,357,55,3,1,43,0.0,9,True,False,Open Source
69,0.0,11.0,22,1,6,False,437,32,4,1,518,0.0,8,False,False,Android
1,0.0,34.0,23,1,6,True,500,19,3,2,0,0.0,6,True,False,Music
22,164.0,0.0,6,3,6,True,400,38,3,7,147,0.0,6,True,False,Design Tools
1,67.0,40.0,7,6,5,True,391,53,1,5,0,2936.0,6,False,False,Social Media
12,93.0,49.0,23,1,5,True,500,60,4,1,0,2792.0,6,False,False,Customer Communication
8,60.0,124.0,17,3,6,False,405,56,4,1,102,3417.0,8,True,False,Software Engineering
2,20.0,0.0,7,6,5,True,60,37,3,1,0,3751.0,7,True,False,Android
9,441.0,140.0,7,3,5,True,243,53,3,1,2378,0.0,14,False,False,Custom Keyboards
1,239.0,20.0,6,1,6,True,201,60,2,1,36,2132.0,5,False,False,Productivity
4,55.0,9.0,6,4,5,True,333,60,3,1,265,0.0,8,True,False,Productivity
1,45.0,0.0,7,3,8,True,428,56,3,3,0,0.0,4,False,False,iOS
5,1.0,0.0,7,2,6,False,388,45,3,2,656,0.0,10,False,False,Productivity
10,114.0,16.0,23,3,5,True,253,58,3,1,0,9805.0,9,True,False,Mac
1,6.0,0.0,18,4,5,False,500,55,3,4,1798,86806.0,4,True,False,Prototyping
11,34.0,33.0,7,5,5,True,349,56,2,2,237,26364.0,3,True,False,SaaS
8,0.0,35.0,6,0,5,False,63,59,2,4,0,170171.0,3,True,False,Productivity
17,37.0,0.0,7,3,5,True,159,48,2,1,0,2942.0,22,True,False,Mac
3,53.0,0.0,6,6,5,True,500,37,3,1,332,4880.0,2,False,False,Productivity
2,35.0,43.0,7,0,6,True,189,51,1,2,220,2022.0,7,True,False,Artificial Intelligence
19,324.0,18.0,7,6,6,True,260,36,1,1,663,1646.0,6,False,False,Retro Games
1,9.0,0.0,22,1,6,True,221,60,2,1,0,0.0,0,True,False,Open Source
8,520.0,10.0,7,3,5,True,389,40,3,5,44,15828.0,7,True,False,Developer Tools
4,138.0,124.0,23,0,5,True,229,54,3,1,111,1108.0,11,False,False,API
1,0.0,0.0,6,3,5,True,274,48,4,2,504,4140.0,12,False,False,Productivity
1,65.0,0.0,11,4,5,True,427,56,3,10,378,3674.0,8,True,False,Productivity
4,21.0,0.0,19,3,5,True,234,57,3,0,522,912.0,8,True,False,Mac
11,0.0,8.0,20,2,5,False,500,32,3,2,236,676.0,5,False,False,Weather
2,65.0,0.0,8,4,5,True,500,50,1,5,364,38897.0,7,True,False,API
1,55.0,8.0,23,4,9,True,490,58,3,1,337,158959.0,4,False,False,Productivity
1,125.0,51.0,15,3,6,True,461,57,3,2,160,596.0,4,False,False,API
1,123.0,0.0,7,1,4,True,397,60,4,1,0,4716.0,7,True,False,Sales
9,580.0,0.0,8,2,5,True,137,47,3,2,0,233.0,8,False,False,Productivity
1,115.0,0.0,8,3,6,True,275,45,3,1,266,2335.0,9,False,False,Design Tools
9,394.0,9.0,7,4,5,True,363,56,3,1,90,0.0,7,True,False,Android
12,0.0,0.0,6,3,5,True,446,58,3,1,69,0.0,4,False,False,Open Source
1,0.0,11.0,7,6,5,True,384,58,1,1,0,188.0,5,True,False,Home
1,147.0,45.0,1,4,8,True,495,21,3,1,343,12464.0,7,False,False,Productivity
12,7.0,20.0,14,3,5,True,402,50,3,5,444,23038.0,8,True,False,API
1,152.0,138.0,7,5,5,True,59,25,1,1,0,0.0,8,False,False,Hiring
2,34.0,18.0,7,5,5,True,323,45,3,1,256,4273.0,3,False,False,Health & Fitness
11,0.0,0.0,7,5,5,False,422,60,2,1,0,148575.0,2,False,False,Design Tools
1,69.0,1.0,23,3,3,True,443,54,3,1,0,0.0,2,True,False,Productivity
8,515.0,3.0,6,5,6,False,408,55,3,1,0,3056.0,7,False,False,Travel
7,180.0,123.0,7,2,6,True,499,50,3,1,0,0.0,6,True,False,Mac
9,0.0,0.0,7,3,6,False,78,44,4,0,182,1004.0,6,False,False,Venture Capital
5,44.0,5.0,6,3,6,True,483,45,3,1,2230,116.0,6,False,False,Productivity
4,0.0,21.0,1,1,2,True,418,45,3,5,601,0.0,3,True,False,Productivity
18,37.0,9.0,0,4,6,True,142,49,3,0,220,77919.0,6,False,False,Android
23,23.0,0.0,7,1,6,True,290,47,3,2,720,1677.0,12,False,False,Artificial Intelligence
34,66.0,12.0,7,4,1,True,500,27,3,1,637,171.0,10,True,False,Developer Tools
4,346.0,0.0,7,2,6,True,440,56,3,17,416,0.0,7,False,False,Productivity
16,57.0,1.0,7,4,5,True,286,21,2,3,375,2411.0,2,False,False,Web App
4,475.0,43.0,7,0,5,True,198,60,4,1,2412,149698.0,9,False,False,SaaS
13,147.0,28.0,7,1,5,True,324,46,2,1,67,0.0,26,False,False,Email
1,67.0,0.0,6,4,6,True,500,25,3,5,730,3520.0,3,False,False,Android
1,126.0,41.0,20,0,5,False,500,60,3,1,22,12754.0,5,False,False,iOS
6,12.0,80.0,7,4,5,True,490,59,1,1,0,0.0,3,True,False,Android
17,57.0,50.0,6,1,6,True,299,37,3,0,0,3731.0,5,False,False,Human Resources
10,77.0,22.0,7,6,5,True,354,56,3,1,406,0.0,4,False,False,Developer Tools
9,172.0,20.0,19,5,6,False,500,51,1,1,425,4926.0,8,False,False,Social Media
37,0.0,61.0,6,1,6,True,346,60,3,0,119,435.0,8,False,False,Productivity
1,57.0,14.0,7,3,5,True,215,60,1,2,173,2580.0,8,True,False,Artificial Intelligence
7,48.0,0.0,7,0,9,True,500,60,4,1,0,3787.0,4,False,False,Productivity
12,0.0,0.0,7,2,1,True,224,54,3,2,240,1803.0,6,True,False,Chrome Extensions
4,0.0,10.0,7,4,5,True,500,57,3,1,212,0.0,5,True,False,Productivity
4,129.0,21.0,13,3,5,True,414,59,3,1,137,120556.0,8,True,False,Android
19,851.0,4.0,12,5,7,False,500,60,1,1,66,1228.0,4,False,False,Tech
3,82.0,14.0,10,4,5,True,241,56,2,9,0,7588.0,2,True,False,Fashion
222,19.0,31.0,7,2,5,False,465,59,3,1,332,1748.0,8,False,False,Tech
6,0.0,0.0,12,3,5,True,236,55,5,2,0,14149.0,6,False,False,Retro Games
12,74.0,0.0,20,1,5,False,422,53,4,7,0,1296.0,4,False,False,API
1,161.0,1.0,0,3,4,True,59,52,3,1,0,0.0,6,False,False,Mac
4,78.0,28.0,11,1,6,True,469,43,1,1,0,0.0,8,True,False,Design Tools
11,169.0,89.0,8,6,5,True,419,46,1,1,244,110.0,6,False,False,Health & Fitness
1,164.0,105.0,6,2,6,False,470,51,5,1,669,92316.0,10,False,False,iOS
5,112.0,10.0,8,6,1,True,393,56,5,2,0,0.0,6,False,False,Startup Books
1,0.0,0.0,23,1,6,True,500,58,2,1,219,22959.0,6,True,False,Vibe coding
5,92.0,44.0,7,1,1,True,480,60,3,3,350,2264.0,4,True,False,Mac
10,0.0,0.0,14,1,6,True,452,50,2,2,89,23115.0,6,True,False,Mac
1,0.0,114.0,19,3,1,False,328,42,3,1,425,3329.0,5,False,False,Design Tools
1,65.0,23.0,18,0,6,True,471,50,3,1,551,28650.0,6,False,False,Marketing
1,0.0,0.0,6,0,6,True,500,60,3,1,4172,2249.0,8,True,False,Productivity
7,80.0,42.0,17,6,5,False,48,39,1,1,0,1913.0,3,False,False,API
3,1558.0,16.0,7,0,6,True,301,57,3,1,625,0.0,11,True,False,Artificial Intelligence
157,102.0,70.0,0,1,5,True,461,22,3,1,0,1545.0,7,False,False,Chrome Extensions
4,0.0,0.0,6,5,5,True,450,33,3,7,98,0.0,5,False,False,API
1,138.0,30.0,21,3,6,True,412,52,3,1,467,0.0,8,False,False,Design Tools
1,49.0,0.0,7,3,5,True,184,43,3,1,0,2321.0,5,False,False,iOS
1,43.0,13.0,9,3,3,False,131,43,1,1,246,2855.0,7,False,False,Artificial Intelligence
15,151.0,2.0,23,5,5,True,126,53,1,6,0,25924.0,3,True,False,Design Tools
1,52.0,11.0,7,4,5,True,468,57,3,1,0,0.0,8,True,False,Mac
4,0.0,0.0,7,1,6,False,483,57,3,5,0,329.0,6,True,False,Browser Extensions
6,131.0,16.0,7,5,6,True,492,50,3,1,338,17803.0,6,True,False,Social Network
1,57.0,13.0,13,6,5,True,500,33,3,5,3258,130.0,10,False,False,Social Media
19,53.0,0.0,13,6,5,True,467,46,3,1,5,0.0,5,False,False,Sales
56,0.0,28.0,7,0,2,False,461,60,3,1,0,25939.0,3,False,False,Mac
13,0.0,0.0,6,5,5,False,500,60,3,1,100,0.0,4,True,False,Productivity
9,102.0,6.0,7,4,5,True,364,31,3,3,301,0.0,8,False,False,Open Source
2,6.0,0.0,7,5,5,False,181,46,3,4,234,1791.0,8,False,False,SaaS
12,194.0,14.0,8,4,5,True,500,60,3,1,385,0.0,7,False,False,Design Tools
1,60.0,30.0,14,2,2,True,162,36,3,0,0,0.0,5,True,False,SaaS
3,786.0,0.0,20,4,6,True,475,56,3,10,180,163544.0,5,True,False,Writing
1,166.0,1.0,8,6,5,True,500,45,2,1,0,96451.0,3,True,False,Analytics
5,107.0,13.0,21,1,6,True,459,60,2,0,0,161313.0,6,True,False,Mac
3,112.0,8.0,21,3,6,True,322,58,4,1,275,4246.0,8,True,False,Productivity
1,0.0,34.0,5,3,6,True,345,32,3,1,393,111681.0,0,False,False,Mac
10,80.0,3.0,7,3,5,True,256,43,3,0,406,2380.0,6,False,False,Tech
222,310.0,0.0,6,4,5,True,500,59,3,7,0,134073.0,4,True,False,API
9,0.0,23.0,7,3,5,False,500,52,4,0,0,2980.0,7,True,False,Fintech
3,0.0,19.0,6,3,5,False,457,55,2,1,0,2836.0,9,True,False,Productivity
6,240.0,13.0,7,3,1,True,333,58,3,1,401,273.0,5,False,False,SaaS
11,0.0,39.0,0,2,5,False,500,25,1,1,0,2649.0,3,True,False,WordPress
9,60.0,22.0,13,4,5,False,440,40,2,1,617,3978.0,9,False,False,Mac
1,103.0,11.0,16,4,6,True,415,59,3,2,0,2777.0,6,False,False,Mac
13,55.0,17.0,4,1,5,True,481,51,4,1,70,2939.0,8,False,False,User Experience
3,86.0,19.0,7,6,6,False,500,42,2,1,218,94150.0,6,False,False,Artificial Intelligence
1,69.0,1.0,8,3,5,True,339,57,3,2,720,3993.0,12,True,False,Developer Tools
16,57.0,16.0,10,1,5,True,85,53,3,0,342,1299.0,11,False,False,Productivity
23,9.0,2.0,6,1,5,True,386,45,1,1,0,2066.0,12,True,False,Email
108,0.0,0.0,15,2,5,True,480,59,2,1,329,0.0,5,False,False,Time Tracking
1,38.0,9.0,7,3,5,True,500,53,4,1,428,1522.0,3,False,False,SaaS
17,0.0,28.0,0,1,6,True,292,40,3,1,362,0.0,5,False,False,Email
15,74.0,0.0,6,2,5,False,311,56,3,1,150,0.0,4,False,False,Chrome Extensions
5,167.0,17.0,7,1,6,False,183,51,3,2,146,2122.0,7,True,False,Mac
10,0.0,1.0,9,5,5,True,316,57,4,1,145,5156.0,7,True,False,Android
6,0.0,62.0,6,4,6,True,171,55,3,1,0,3298.0,7,False,False,Health & Fitness
21,48.0,19.0,6,3,5,False,93,59,3,1,78,2461.0,14,False,False,Crypto
1,116.0,11.0,15,3,5,True,500,56,3,1,3934,1258.0,4,False,False,Web App
6,79.0,85.0,15,1,1,True,439,56,2,1,0,0.0,3,False,False,Open Source
6,33.0,5.0,11,0,5,False,209,58,3,1,279,573.0,8,True,False,Email
2,0.0,0.0,16,3,6,False,389,52,3,1,0,832.0,1,False,False,iOS
9,79.0,11.0,12,2,5,True,339,17,3,1,90,646.0,16,True,False,Developer Tools
10,0.0,13.0,7,0,5,True,447,54,3,1,413,103856.0,9,False,False,Web App
14,0.0,0.0,7,4,6,True,396,40,3,1,0,0.0,5,True,False,Tech
11,56.0,0.0,7,1,6,True,163,46,3,1,0,0.0,6,False,False,Productivity
1,0.0,40.0,14,3,6,False,247,47,3,2,48,1808.0,11,True,False,Open Source
1,437.0,24.0,7,4,5,True,368,59,3,1,19545,3085.0,8,False,False,Productivity
9,122.0,0.0,19,1,5,True,143,59,3,1,332,0.0,12,False,False,Productivity
1,105.0,22.0,6,3,5,True,387,29,3,4,65,3029.0,11,True,False,Education
22,0.0,0.0,17,0,5,False,457,60,6,1,32,117717.0,7,False,False,Cars
12,160.0,0.0,16,0,6,True,494,55,2,1,252,6190.0,6,True,False,Health & Fitness
2,121.0,17.0,8,6,8,True,235,51,3,0,0,0.0,9,True,False,iOS
1,0.0,12.0,6,3,5,True,466,39,3,2,188,26036.0,6,True,False,iOS
13,3.0,0.0,9,1,5,True,364,57,2,1,0,952.0,5,False,False,Mac
14,13.0,108.0,2,3,5,True,446,54,3,1,141,0.0,3,True,False,Developer Tools
1,154.0,0.0,7,3,2,True,170,53,3,5,245,2849.0,7,True,False,Tech
1,201.0,0.0,8,0,5,True,486,60,3,3,0,0.0,5,True,False,User Experience
6,0.0,0.0,15,6,5,False,434,55,1,4,97,3490.0,4,True,False,Analytics
5,130.0,4.0,14,3,5,True,409,56,5,1,0,0.0,7,True,False,Developer Tools
11,181.0,0.0,7,3,6,False,278,34,2,0,577,4408.0,11,True,False,Open Source
15,147.0,3.0,7,4,5,True,492,60,3,2,1,44614.0,5,False,False,Productivity
79,20.0,6.0,7,6,5,True,347,48,3,3,350,0.0,8,True,False,API
25,469.0,163.0,9,4,6,True,500,17,3,1,0,147340.0,4,True,False,Chrome Extensions
1,68.0,11.0,6,1,5,True,474,56,4,1,258,96653.0,6,True,False,Productivity
20,174.0,6.0,13,0,5,True,180,49,4,2,194,12707.0,2,False,False,Productivity
1,40.0,0.0,7,3,6,True,431,56,8,5,1346,0.0,6,True,False,SaaS
4,305.0,53.0,7,5,6,True,319,58,4,1,138,0.0,5,True,False,Artificial Intelligence
11,75.0,0.0,7,3,6,False,48,49,3,1,0,2942.0,7,False,False,Android
7,11.0,1.0,1,5,5,True,438,59,3,0,0,2561.0,8,False,False,API
22,135.0,15.0,7,5,6,True,245,58,3,1,335,58502.0,6,False,False,Mac
3,146.0,11.0,7,5,6,True,122,51,3,2,0,35370.0,8,True,False,Notes
1,193.0,48.0,16,4,9,True,455,60,3,5,553,2734.0,8,False,False,Productivity
2,68.0,12.0,15,3,5,True,284,53,3,1,0,897.0,3,True,False,Mac
40,533.0,74.0,19,6,6,True,353,46,1,1,0,3492.0,8,False,False,Software Engineering
26,0.0,2.0,23,5,1,False,451,58,3,1,152,106391.0,0,True,False,Dating
1,0.0,18.0,7,2,5,True,149,60,3,1,0,98504.0,4,True,False,Mac
10,49.0,17.0,6,3,5,True,500,56,3,3,552,0.0,8,False,False,Design Tools
1,14.0,48.0,23,2,5,True,200,56,5,3,15,0.0,8,False,False,Productivity
1,32.0,6.0,14,3,5,True,500,58,3,1,390,0.0,8,True,False,Education
1,121.0,32.0,7,3,5,True,321,60,3,1,716,17348.0,8,False,False,Productivity
3,60.0,88.0,6,5,1,True,282,55,3,1,14,3445.0,5,False,False,User Experience
19,206.0,8.0,8,6,6,False,366,41,3,1,0,0.0,3,False,False,Email
9,80.0,8.0,6,2,5,True,500,60,4,4,486,0.0,6,False,False,SaaS
1,1074.0,81.0,8,1,5,True,201,27,8,1,258,997.0,7,True,False,iOS
10,122.0,39.0,21,0,5,True,446,51,3,1,706,95236.0,12,False,False,Productivity
1,90.0,27.0,9,3,5,True,452,52,1,3,3407,2444.0,8,True,False,Web App
2,59.0,37.0,10,0,6,True,409,48,3,8,515,2384.0,5,False,False,Developer Tools
2,397.0,7.0,7,4,5,True,416,56,3,4,7,0.0,8,False,False,Music
20,68.0,0.0,14,5,6,True,254,56,1,1,0,1837.0,7,True,False,Cars
82,0.0,45.0,13,2,5,True,500,48,3,1,221,4370.0,7,True,False,Android
69,0.0,5.0,7,2,5,True,240,41,2,1,0,64109.0,7,False,False,Mac
1,48.0,45.0,13,3,5,False,365,52,1,5,0,4528.0,2,True,False,Design Tools
15,65.0,32.0,13,4,5,True,497,44,3,1,1212,3681.0,0,True,False,Mac
15,302.0,5.0,7,4,5,True,500,58,3,0,625,15580.0,9,False,False,Web App
12,219.0,0.0,7,1,5,True,115,60,3,1,0,0.0,6,False,False,Productivity
1,335.0,34.0,20,0,5,True,490,55,3,4,1942,110003.0,6,False,False,Productivity
6,64.0,7.0,13,0,5,True,430,60,3,0,180,0.0,3,False,False,Marketing
7,91.0,2.0,7,3,6,True,500,60,3,2,143,0.0,7,False,False,Productivity
4,54.0,0.0,7,5,8,True,391,48,3,2,828,0.0,6,False,False,Design Tools
9,138.0,94.0,6,0,5,False,438,56,2,1,42,6516.0,3,False,False,Artificial Intelligence
87,466.0,0.0,16,2,6,False,168,60,2,1,0,1910.0,8,True,False,Mac
136,851.0,21.0,7,2,5,True,278,58,3,2,275,16659.0,10,False,False,Privacy
1,46.0,0.0,13,5,5,True,406,36,4,4,281,2377.0,12,True,False,Artificial Intelligence
1,41.0,10.0,7,5,7,True,449,57,4,2,72,994.0,5,False,False,API
2,0.0,0.0,7,1,5,True,312,41,3,1,528,0.0,7,False,False,Email
7,109.0,13.0,6,2,6,True,500,60,4,1,700,116581.0,6,False,False,API
3,80.0,0.0,14,2,6,True,408,20,3,4,0,0.0,9,False,False,Productivity
15,87.0,0.0,12,4,6,True,124,56,3,2,0,25420.0,9,True,False,Mac
1,136.0,38.0,18,5,6,True,472,52,3,2,0,780.0,5,True,False,Mac
1,157.0,18.0,14,5,6,False,156,60,4,1,277,1368.0,4,True,False,Productivity
8,228.0,10.0,8,6,5,False,500,54,2,5,293,193.0,5,False,False,Web App
2,0.0,20.0,6,4,6,True,465,50,3,1,406,26.0,9,False,False,Browser Extensions
8,80.0,25.0,7,5,5,False,410,47,5,4,33,1468.0,4,False,False,Analytics
5,35.0,4.0,7,1,5,True,273,51,3,1,263,0.0,8,True,False,API
4,220.0,0.0,7,0,5,True,373,48,2,1,0,1199.0,8,False,False,Open Source
1,80.0,4.0,18,2,5,True,162,37,3,1,251,0.0,3,False,False,Developer Tools
8,64.0,22.0,6,3,5,False,192,48,2,1,3530,1034.0,5,False,False,Productivity
5,25.0,2.0,17,1,5,False,438,46,2,1,0,991.0,7,True,False,Design Tools
12,189.0,7.0,23,3,5,True,451,59,3,1,0,2916.0,8,True,False,Mac
5,0.0,41.0,12,3,5,True,486,44,3,2,187,0.0,9,True,False,Productivity
2,0.0,0.0,7,3,5,False,220,58,3,1,0,0.0,12,False,False,Artificial Intelligence
1,0.0,19.0,8,3,5,True,352,56,3,1,396,0.0,10,False,False,Tech
1,110.0,7.0,13,4,5,True,356,60,3,2,3,170171.0,10,False,False,Mac
7,100.0,0.0,7,0,5,True,499,60,3,1,0,0.0,6,False,False,iOS
4,5.0,19.0,18,1,6,True,447,60,2,1,0,3464.0,6,True,False,Hiring
7,396.0,93.0,9,4,6,True,297,60,3,1,199,0.0,5,False,False,Growth Hacking
1,0.0,9.0,6,6,5,True,251,56,3,5,79,462.0,9,False,False,Productivity
16,205.0,16.0,7,5,6,True,297,58,3,1,217,0.0,7,True,False,Productivity
18,216.0,11.0,7,2,5,True,361,32,4,1,341,2078.0,4,True,False,Android
133,0.0,15.0,15,5,6,False,206,47,3,5,0,0.0,4,False,False,iOS
12,85.0,0.0,7,3,5,False,500,60,2,4,530,5303.0,3,True,False,Tech
15,0.0,22.0,7,4,6,False,292,59,3,1,232,2591.0,8,True,False,Social Media
6,29.0,0.0,17,4,5,True,462,53,4,1,504,2573.0,7,True,False,API
222,54.0,16.0,0,2,1,True,148,21,3,1,0,89234.0,7,True,False,Android
25,13.0,8.0,6,6,5,True,377,30,6,1,175,5340.0,6,False,False,Art
52,0.0,41.0,7,5,6,False,481,59,3,2,481,5199.0,9,False,False,Linux
5,0.0,16.0,6,3,5,True,484,56,5,3,352,0.0,4,False,False,Social Media
8,0.0,20.0,17,4,7,True,500,46,3,1,81,96.0,2,True,False,Productivity
1,104.0,6.0,6,1,6,True,286,53,3,1,0,1161.0,2,True,False,Mac
9,27.0,0.0,7,6,6,False,416,45,1,1,399,1380.0,8,False,False,Email
11,60.0,0.0,7,3,5,False,475,53,3,5,492,58628.0,5,False,False,Developer Tools
14,58.0,6.0,6,1,5,True,393,52,2,1,0,0.0,5,True,False,Software Engineering
1,1.0,7.0,6,4,5,True,500,57,4,1,734,5065.0,6,True,False,No-Code
1,146.0,5.0,6,4,6,True,257,60,3,1,92,136.0,5,False,False,Productivity
11,113.0,1.0,20,5,8,False,473,57,3,1,0,1167.0,6,True,False,Productivity
27,0.0,0.0,6,3,5,False,82,55,4,2,176,0.0,9,False,False,Productivity
3,28.0,161.0,7,4,5,True,473,54,1,1,618,1037.0,17,False,False,Writing
4,108.0,0.0,7,3,4,True,478,47,3,3,1198,0.0,8,True,False,Tech
22,72.0,9.0,6,0,5,True,500,26,3,1,376,0.0,11,False,False,Chrome Extensions
1,0.0,46.0,13,1,6,True,452,60,3,7,151,4900.0,8,False,False,API
1,229.0,43.0,8,0,5,True,119,28,3,1,4862,2988.0,8,False,False,Marketing
1,123.0,12.0,7,5,6,True,466,59,2,1,218,785.0,3,False,False,Mac
17,228.0,4.0,6,0,5,True,442,60,3,5,661,1191.0,7,False,False,Email
2,39.0,38.0,6,2,5,True,493,60,3,1,178,0.0,6,False,False,Android
2,181.0,41.0,21,2,6,True,75,52,3,1,262,3026.0,7,False,False,Chrome Extensions
11,76.0,5.0,17,6,5,False,500,55,4,1,322,0.0,5,False,False,Prototyping
20,0.0,26.0,17,3,5,False,224,52,3,1,0,3417.0,8,False,False,Android
1,0.0,2.0,13,6,5,False,447,56,3,7,5,0.0,6,True,False,iOS
1,53.0,8.0,7,2,6,False,436,60,4,0,0,3023.0,3,False,False,Android
3,123.0,50.0,7,3,5,True,216,60,3,2,37,0.0,5,False,False,Web App
1,83.0,12.0,7,3,5,True,487,58,3,5,95,1895.0,10,False,False,Developer Tools
2,131.0,12.0,7,0,2,False,462,48,3,1,509,0.0,10,False,False,Productivity
19,0.0,0.0,7,1,6,False,487,60,2,4,402,148.0,5,True,False,Robots
16,110.0,20.0,7,0,5,True,381,54,3,3,247,0.0,4,False,False,Marketing
1,44.0,5.0,7,4,5,True,328,60,3,10,76,0.0,8,True,False,Sales
1,15.0,34.0,21,0,5,True,500,49,3,1,259,0.0,6,True,False,Productivity
15,195.0,5.0,7,3,5,True,175,36,2,0,0,22535.0,9,True,False,Mac
1,0.0,13.0,14,4,5,True,270,38,1,1,0,114068.0,7,False,False,Education
37,103.0,0.0,6,5,6,False,153,55,2,1,420,4688.0,7,False,False,3D Printer
6,0.0,18.0,0,3,2,True,494,50,3,1,481,70949.0,9,True,False,Mac
1,86.0,0.0,7,2,5,True,358,60,3,1,100,3523.0,8,False,False,API
7,8.0,130.0,17,0,8,True,500,52,2,1,4575,0.0,5,True,False,Retro Games
15,41.0,48.0,22,3,5,True,291,53,5,1,49,159.0,12,True,False,Web App
14,467.0,4.0,7,3,1,True,442,57,3,2,188,2426.0,6,True,False,Productivity
4,54.0,0.0,7,5,5,False,326,43,3,6,346,380.0,5,False,False,User Experience
10,95.0,2.0,8,2,5,True,343,51,4,8,181,66565.0,11,True,False,Mac
2,106.0,10.0,14,3,1,True,500,40,4,1,195,5339.0,6,False,False,Advertising
1,101.0,5.0,6,1,6,True,345,55,3,1,1725,87407.0,7,False,False,Developer Tools
9,0.0,48.0,6,4,6,True,345,58,3,1,274,0.0,6,False,False,Productivity
1,0.0,0.0,10,0,9,False,344,60,8,1,0,0.0,6,False,False,Customer Success
1,28.0,27.0,7,1,6,True,383,52,3,1,460,596.0,1,False,False,Productivity
15,122.0,42.0,12,2,5,False,361,45,1,1,0,646.0,4,True,False,Productivity
22,52.0,22.0,15,4,5,True,500,51,2,1,31,2073.0,9,True,False,Marketing
1,0.0,40.0,7,4,5,True,395,52,3,2,395,0.0,5,True,False,Design Tools
1,468.0,0.0,7,3,6,True,292,55,3,16,428,532.0,8,True,False,Mac
11,365.0,0.0,7,4,6,False,336,59,4,1,190,1496.0,4,False,False,Design Tools
1,135.0,0.0,7,1,5,False,178,60,4,1,143,22.0,7,False,False,Design Tools
6,9.0,58.0,7,3,1,True,388,56,3,4,652,31253.0,9,False,False,Chrome Extensions
1,0.0,105.0,12,3,6,True,328,55,3,2,18,1780.0,6,False,False,Notes
10,180.0,15.0,7,5,6,True,417,56,3,2,121,63.0,27,True,False,API
12,145.0,7.0,6,5,6,False,387,53,4,2,474,4362.0,12,False,False,Social Media
2,47.0,27.0,3,3,5,True,500,55,3,1,346,0.0,20,False,False,Mac
1,0.0,0.0,6,4,6,True,500,23,3,1,729,2104.0,13,True,False,Analytics
2,78.0,17.0,12,0,5,True,344,59,3,5,0,3102.0,8,False,False,Web App
1,27.0,158.0,7,4,5,False,123,35,3,1,194,4279.0,9,False,False,Prototyping
5,196.0,35.0,7,3,6,True,298,56,3,9,555,4809.0,11,False,False,Artificial Intelligence
1,27.0,18.0,6,1,6,True,314,59,2,1,29,5046.0,6,False,False,Mac
1,67.0,33.0,7,0,5,True,212,56,3,4,0,0.0,5,True,False,Marketing
25,75.0,0.0,6,0,5,False,393,60,4,0,0,13736.0,5,False,False,API
1,0.0,125.0,7,0,5,True,101,43,3,1,663,16745.0,9,False,False,Mac
12,137.0,0.0,7,3,5,False,500,52,2,2,2430,138069.0,4,False,False,Dating
3,61.0,6.0,7,5,7,True,461,38,3,1,125,106574.0,1,True,False,Design Tools
1,80.0,12.0,19,4,6,True,423,57,4,2,120,4558.0,5,False,False,Web App
1,72.0,0.0,6,4,6,True,447,46,3,1,300,712.0,3,False,False,Chrome Extensions
17,0.0,8.0,10,5,5,True,396,58,4,1,0,1560.0,6,True,False,Software Engineering
1,380.0,77.0,9,4,6,False,500,47,3,4,617,0.0,5,False,False,Web App
7,91.0,12.0,10,5,5,True,215,42,3,1,302,3482.0,11,False,False,API
8,0.0,2.0,11,4,6,True,222,59,3,5,0,547.0,4,False,False,Productivity
36,119.0,39.0,12,1,5,True,179,49,2,0,139,804.0,9,False,False,Open Source
1,18.0,14.0,7,3,5,True,338,43,3,4,0,170171.0,8,False,False,Android
32,63.0,4.0,7,2,5,True,425,60,1,5,425,0.0,11,True,False,Design Tools
1,69.0,120.0,19,5,6,True,467,39,3,3,72,0.0,3,True,False,Developer Tools
1,81.0,24.0,23,0,5,True,494,56,3,1,0,2464.0,20,True,False,Health & Fitness
1,0.0,16.0,7,5,5,False,500,50,3,4,0,27529.0,8,True,False,Design Tools
12,137.0,91.0,12,3,5,False,500,51,4,1,0,2381.0,24,False,False,SaaS
7,748.0,31.0,12,1,6,True,94,48,3,1,55,199.0,7,True,False,Fintech
97,67.0,15.0,7,0,5,True,500,34,3,1,344,696.0,4,True,False,Web App
29,111.0,0.0,16,2,5,True,500,56,3,1,29,852.0,10,True,False,Mac
1,58.0,0.0,7,5,5,True,408,60,4,4,0,2608.0,3,False,False,Writing
1,44.0,0.0,6,0,5,True,492,53,3,1,392,0.0,4,False,False,SaaS
2,32.0,23.0,6,5,5,True,142,48,3,1,151,3883.0,5,True,False,Productivity
1,157.0,98.0,8,1,5,True,234,60,3,1,581,1395.0,13,False,False,Travel
1,45.0,28.0,17,6,5,False,355,57,3,1,0,5980.0,7,False,False,Health & Fitness
16,88.0,29.0,21,2,6,True,449,51,4,1,506,328.0,9,True,False,Productivity
12,0.0,0.0,14,1,6,True,227,40,4,5,32,72778.0,5,False,False,Design Tools
6,54.0,0.0,7,0,5,True,195,40,3,1,0,1090.0,12,False,False,Payments
15,117.0,255.0,6,2,5,False,275,56,2,1,0,1349.0,7,False,False,Kids
4,0.0,33.0,18,0,6,False,98,57,3,0,4,0.0,3,False,False,Productivity
1,75.0,0.0,7,1,5,True,457,51,3,1,151,124096.0,5,True,False,Web App
7,96.0,29.0,7,6,5,True,500,60,8,1,446,5623.0,10,True,False,Email
9,669.0,37.0,6,1,5,True,433,54,3,1,0,4733.0,6,False,False,Productivity
10,235.0,0.0,17,5,1,True,107,17,3,1,0,1728.0,0,False,False,Email
15,77.0,0.0,8,0,5,True,288,56,3,0,346,0.0,8,False,False,Marketing
14,59.0,0.0,16,5,5,False,500,60,4,2,105,1056.0,10,True,False,Browser Extensions
11,50.0,16.0,14,2,7,False,250,53,3,2,0,0.0,5,True,False,Web App
10,11.0,0.0,19,1,5,True,135,56,2,7,197,0.0,7,True,False,Mac
7,312.0,0.0,21,4,1,True,440,54,1,1,233,1009.0,5,True,False,Android
1,53.0,20.0,20,2,7,True,274,59,3,1,0,1263.0,5,True,False,Open Source
2,16.0,7.0,19,3,5,True,500,44,3,1,0,3650.0,4,True,False,Health & Fitness
6,199.0,0.0,6,0,5,True,345,42,3,1,470,211.0,6,False,False,Marketing
1,22.0,8.0,16,5,5,False,402,60,3,1,356,0.0,2,False,False,Art
1,109.0,11.0,8,1,6,True,494,55,4,1,0,2881.0,6,False,False,Writing
14,186.0,0.0,14,0,5,True,267,54,3,1,369,3431.0,11,False,False,Android
4,88.0,5.0,8,3,5,True,500,60,3,1,0,0.0,4,False,False,Developer Tools
16,262.0,24.0,15,4,5,True,262,56,3,1,360,20204.0,5,False,False,Social Media
1,110.0,62.0,6,1,6,True,307,60,3,2,427,26505.0,7,False,False,Productivity
2,401.0,10.0,11,1,5,True,444,60,2,2,38,3790.0,9,False,False,Mac
1,120.0,12.0,7,3,5,True,414,56,3,3,56,250.0,12,False,False,Mac
7,85.0,13.0,19,1,5,False,107,50,3,1,0,2870.0,7,False,False,Productivity
1,153.0,11.0,17,5,5,True,419,59,3,1,439,10734.0,4,False,False,Productivity
13,182.0,0.0,8,3,5,False,410,59,4,1,0,2670.0,7,True,False,iOS
20,134.0,8.0,9,4,5,True,233,60,1,2,0,5358.0,2,True,False,Software Engineering
2,267.0,13.0,20,0,5,True,452,39,3,2,0,157343.0,5,False,False,Productivity
1,77.0,0.0,0,5,5,True,500,44,3,1,79,2129.0,4,False,False,SaaS
18,199.0,0.0,23,5,10,False,117,53,3,1,0,595.0,8,True,False,3D Printer
39,89.0,0.0,22,6,5,True,78,48,3,0,3,2274.0,3,False,False,Growth Hacking
9,197.0,95.0,7,0,6,True,299,52,3,1,330,2962.0,9,True,False,iOS
10,51.0,101.0,7,6,5,False,260,50,3,1,27,127548.0,5,True,False,Web App
2,243.0,13.0,7,1,6,True,160,51,4,1,0,4590.0,11,False,False,Marketing
2,113.0,39.0,8,5,6,True,376,55,3,1,0,2646.0,2,False,False,Tech
14,28.0,0.0,6,2,5,True,434,56,4,6,136,1315.0,7,True,False,Education
12,222.0,33.0,6,5,5,True,471,47,9,1,0,0.0,10,False,False,SaaS
8,359.0,33.0,20,4,6,True,444,46,3,6,166,3850.0,0,False,False,API
1,52.0,41.0,7,1,5,True,195,58,2,1,459,3334.0,7,True,False,Mac
9,80.0,0.0,7,1,5,True,215,52,2,1,260,95330.0,9,False,False,Open Source
7,67.0,21.0,7,0,5,True,406,54,3,1,22,0.0,9,True,False,Linux
1,0.0,18.0,7,4,6,False,500,55,2,1,16,74.0,5,True,False,Human Resources
8,53.0,43.0,23,5,5,True,266,44,3,3,492,2674.0,15,False,False,Sales
83,95.0,0.0,7,4,5,False,282,45,6,1,53,0.0,6,False,False,Android
3,133.0,25.0,19,5,1,True,383,59,3,3,55,2614.0,1,False,False,Sales
11,0.0,1.0,7,4,2,False,500,47,3,1,559,1347.0,9,False,False,Android
36,35.0,18.0,7,6,5,False,214,43,4,1,269,19179.0,27,False,False,Growth Hacking
2,13.0,0.0,18,5,1,False,421,56,4,0,237,2803.0,6,True,False,iOS
8,168.0,27.0,7,6,7,True,332,55,1,1,422,4849.0,10,False,False,Slack
1,112.0,27.0,15,1,6,True,396,56,3,1,0,1901.0,5,False,False,Productivity
8,90.0,106.0,20,3,6,True,370,45,3,1,632,136.0,11,True,False,Artificial Intelligence
1,328.0,0.0,6,1,6,True,162,57,3,4,460,0.0,5,False,False,Robots
1,0.0,4.0,7,1,5,True,456,60,3,1,0,0.0,5,False,False,Developer Tools
1,0.0,114.0,13,5,5,True,474,60,3,8,427,0.0,6,False,False,Developer Tools
9,5.0,2.0,1,2,6,True,441,54,3,3,0,1247.0,9,False,False,Web App
25,0.0,0.0,8,6,5,True,437,50,3,1,19,0.0,13,True,False,Dating
12,0.0,0.0,6,3,5,True,495,56,5,2,0,0.0,3,False,False,Marketing
18,63.0,19.0,5,0,6,True,287,53,3,2,152,0.0,5,False,False,Mac
1,165.0,24.0,12,4,6,True,393,40,3,1,330,4883.0,6,False,False,Analytics
26,77.0,0.0,7,6,6,True,467,45,3,1,301,5503.0,9,True,False,Software Engineering
8,0.0,13.0,0,1,5,True,270,60,4,3,571,0.0,7,False,False,Productivity
13,415.0,0.0,18,5,6,False,379,37,3,2,3434,3015.0,7,True,False,API
27,190.0,3.0,8,5,6,True,492,44,1,1,0,2137.0,7,True,False,Fintech
1,0.0,87.0,7,4,5,True,500,56,3,6,463,0.0,0,False,False,Developer Tools
1,565.0,27.0,7,6,5,True,391,54,3,0,0,827.0,9,True,False,Marketing
18,0.0,28.0,16,3,6,True,488,53,3,1,390,28772.0,6,True,False,Time Tracking
1,420.0,3.0,18,0,5,True,445,38,4,2,5496,135122.0,6,True,False,Marketing
1,86.0,11.0,7,0,6,True,109,60,3,1,512,0.0,8,False,False,Chrome Extensions
1,88.0,0.0,7,5,5,True,314,48,3,7,459,6415.0,8,False,False,Productivity
17,53.0,26.0,7,6,6,True,455,59,3,1,0,15557.0,11,False,False,Health & Fitness
10,41.0,113.0,6,2,5,True,302,60,3,1,435,3657.0,9,True,False,Productivity
13,5.0,0.0,15,4,5,True,396,55,4,1,184,155828.0,6,True,False,Artificial Intelligence
1,23.0,37.0,22,6,2,True,478,55,3,1,352,169916.0,3,True,False,Retro Games
9,0.0,15.0,18,4,5,False,500,60,3,2,211,213.0,6,False,False,Productivity
15,0.0,0.0,21,6,5,False,500,60,3,0,138,2474.0,20,True,False,Artificial Intelligence
9,45.0,7.0,6,3,6,True,493,51,2,1,327,2216.0,6,False,False,Android
1,67.0,20.0,6,3,5,True,458,53,3,3,612,41967.0,5,False,False,Design Tools
7,118.0,3.0,8,3,6,True,300,52,3,0,521,120630.0,11,False,False,API
1,0.0,3.0,4,5,5,True,500,58,3,1,0,130488.0,5,False,False,Cars
5,0.0,239.0,8,4,6,False,494,47,2,1,285,4546.0,7,False,False,Mac
16,167.0,1.0,15,3,5,False,320,58,3,1,297,1300.0,11,False,False,Open Source
1,77.0,7.0,11,6,5,True,500,51,3,9,441,0.0,6,False,False,Productivity
1,75.0,20.0,6,6,5,True,308,54,8,3,262,5259.0,6,True,False,Open Source
29,39.0,15.0,6,5,1,False,423,56,1,1,73,170171.0,12,False,False,API
31,410.0,0.0,7,1,5,False,411,51,1,1,0,0.0,7,True,False,Education
4,60.0,4.0,6,5,6,True,445,34,4,1,93,0.0,4,False,False,Web App
12,0.0,13.0,6,1,5,False,500,52,4,0,0,2564.0,3,False,False,Design Tools
1,340.0,7.0,6,6,9,False,155,27,1,4,0,1275.0,0,False,False,Fintech
4,55.0,37.0,10,3,5,True,460,50,3,0,612,25138.0,5,False,False,Productivity
5,0.0,101.0,7,4,5,False,331,47,3,1,330,3182.0,6,False,False,Productivity
7,26.0,9.0,6,6,5,True,377,56,8,4,0,5188.0,8,False,False,Marketing
22,127.0,0.0,18,5,6,True,278,60,3,1,0,0.0,3,True,False,Android
12,0.0,0.0,7,6,5,False,452,34,1,1,0,5145.0,8,False,False,Art
12,219.0,4.0,22,1,5,True,282,56,3,1,73,88957.0,4,False,False,Productivity
11,355.0,0.0,19,5,5,False,323,56,3,1,0,3069.0,7,False,False,Open Source
1,83.0,25.0,7,0,7,True,281,57,3,1,555,14664.0,13,False,False,Developer Tools
8,168.0,0.0,7,0,5,False,304,56,3,1,0,0.0,5,False,False,Writing
171,154.0,5.0,7,1,5,True,181,41,2,1,140,170171.0,6,True,False,Open Source
6,121.0,8.0,7,2,5,True,432,60,3,0,0,0.0,3,True,False,Menu Bar Apps
9,206.0,46.0,19,1,1,True,137,60,8,1,0,1058.0,8,True,False,Email
1,87.0,0.0,17,1,5,True,369,25,1,6,130,0.0,7,True,False,Sales
14,0.0,0.0,7,5,5,False,446,52,2,1,0,31893.0,6,False,False,Marketing
10,66.0,20.0,18,0,6,True,500,44,3,6,670,0.0,11,False,False,API
6,0.0,18.0,11,1,5,False,500,43,2,1,2,1510.0,8,False,False,Design Tools
22,204.0,2.0,7,1,6,False,151,44,4,1,0,2298.0,5,False,False,Artificial Intelligence
17,193.0,20.0,17,4,5,True,346,17,4,2,956,4570.0,7,False,False,Web App
4,37.0,7.0,7,5,6,False,256,46,3,1,338,860.0,6,False,False,Browser Extensions
16,0.0,5.0,6,5,6,False,136,55,2,1,0,0.0,5,False,False,Robots
1,71.0,0.0,7,5,6,True,293,43,3,1,537,73105.0,6,False,False,Open Source
1,151.0,6.0,7,6,9,True,353,53,3,1,0,3599.0,9,False,False,Slack
1,131.0,21.0,11,1,6,True,426,54,1,1,0,1670.0,7,False,False,Dating
4,147.0,11.0,7,5,5,True,253,36,3,1,120,0.0,6,False,False,Menu Bar Apps
1,123.0,166.0,7,6,6,True,500,35,3,1,23,5631.0,7,False,False,Software Engineering
1,74.0,23.0,7,4,5,True,484,34,3,1,450,0.0,27,True,False,Streaming Services
1,142.0,44.0,7,1,7,True,431,59,1,1,311,73588.0,7,True,False,Chrome Extensions
11,0.0,0.0,7,5,5,True,48,60,3,1,0,0.0,7,False,False,API
4,137.0,0.0,7,1,5,True,266,55,1,1,179,1670.0,6,True,False,Mac
6,49.0,0.0,7,6,5,True,435,41,8,1,59,3765.0,10,True,False,Menu Bar Apps
15,22.0,0.0,6,1,5,False,303,60,4,1,0,150390.0,5,False,False,Mac
7,120.0,0.0,11,5,5,False,399,44,4,1,0,3534.0,7,False,False,Tech
48,15.0,0.0,6,5,5,True,344,52,3,4,418,0.0,5,False,False,Productivity
8,51.0,8.0,23,4,6,True,462,52,3,3,451,0.0,9,False,False,Tech
4,31.0,11.0,0,3,6,True,478,56,3,1,0,1604.0,5,True,False,Web App
1,0.0,33.0,13,4,5,True,485,56,3,2,593,0.0,6,True,False,iOS
28,360.0,12.0,7,0,6,True,477,55,2,1,170,0.0,6,True,False,Productivity
2,67.0,42.0,21,2,5,False,126,59,3,1,0,0.0,6,False,False,Social Media
5,92.0,6.0,7,5,6,True,375,53,3,5,265,3866.0,5,False,False,API
4,9.0,8.0,17,6,6,True,429,60,3,1,0,1692.0,5,False,False,Email
20,0.0,2.0,18,1,6,True,183,52,3,2,45,0.0,2,True,False,Productivity
1,140.0,95.0,13,3,5,True,446,57,3,1,232,114486.0,3,True,False,Tech
2,183.0,29.0,6,6,6,True,374,60,3,0,17,154804.0,4,True,False,Customer Success
20,41.0,0.0,10,0,5,True,500,59,4,4,352,9704.0,2,False,False,Robots
4,66.0,0.0,7,0,3,True,356,58,3,2,548,0.0,1,False,False,Developer Tools
1,390.0,23.0,7,6,5,True,500,26,3,3,0,1127.0,5,True,False,iOS
1,22.0,7.0,6,5,6,True,105,50,2,4,190,2253.0,3,False,False,Home
16,110.0,16.0,23,5,5,False,58,17,3,1,284,1955.0,2,True,False,Custom Keyboards
10,10.0,0.0,7,4,5,True,500,56,3,1,132,0.0,7,False,False,Productivity
3,0.0,106.0,7,3,6,True,360,55,3,3,356,0.0,5,True,False,Design Tools
7,135.0,0.0,6,3,5,False,428,54,3,1,497,3133.0,0,False,False,Design Tools
8,44.0,155.0,6,1,5,False,307,55,2,1,207,0.0,0,False,False,Email
9,30.0,0.0,7,3,5,True,462,49,3,1,0,4993.0,6,False,False,Weather
2,0.0,4.0,7,6,5,True,500,53,1,1,230,4249.0,11,True,False,User Experience
13,80.0,0.0,7,2,6,True,103,56,3,1,667,4590.0,10,False,False,Developer Tools
10,500.0,8.0,7,4,2,True,274,47,2,1,1155,4371.0,4,False,False,Web App
13,0.0,0.0,15,3,5,False,500,57,3,1,43,88330.0,6,True,False,Fintech
11,0.0,12.0,6,5,11,True,290,60,3,1,0,21530.0,5,True,False,Android
16,112.0,0.0,18,1,6,True,233,54,3,0,0,97937.0,8,True,False,Productivity
4,188.0,3.0,21,2,5,True,139,55,3,1,1955,1655.0,9,False,False,Android
2,81.0,43.0,8,3,6,True,500,56,3,1,472,788.0,5,False,False,Cars
4,219.0,17.0,7,1,5,True,292,60,3,1,154,2581.0,6,True,False,iOS
1,0.0,9.0,7,0,6,True,390,56,2,4,174,2123.0,6,False,False,Open Source
1,120.0,0.0,23,4,5,True,361,44,3,1,0,1046.0,6,False,False,Productivity
10,8.0,0.0,6,3,5,True,386,55,3,3,111,1159.0,5,False,False,Productivity
5,31.0,9.0,6,0,5,True,498,40,3,1,62,1214.0,7,False,False,Productivity
1,0.0,0.0,7,6,5,True,194,58,3,1,346,25602.0,6,False,False,Developer Tools
1,153.0,12.0,3,0,5,True,340,53,3,1,234,1070.0,4,False,False,Productivity
17,1273.0,0.0,7,1,5,True,458,21,3,1,583,19700.0,12,True,False,User Experience
1,0.0,48.0,6,4,5,True,500,60,3,1,772,14916.0,7,False,False,Productivity
14,89.0,8.0,10,1,6,False,247,55,2,0,0,3047.0,3,False,False,Web App
1,149.0,13.0,12,4,5,True,500,54,3,10,524,220.0,11,False,False,Email
22,292.0,0.0,13,6,5,True,500,48,6,1,2824,0.0,0,True,False,Developer Tools
6,107.0,36.0,7,6,5,True,500,56,3,1,0,36812.0,11,False,False,Productivity
4,0.0,0.0,20,3,5,False,412,60,3,5,394,0.0,6,True,False,Web App
4,189.0,14.0,23,4,6,True,309,53,8,1,94,0.0,2,True,False,Messaging
1,97.0,0.0,16,6,5,True,454,57,3,1,0,5193.0,4,False,False,Health & Fitness
3,407.0,21.0,7,5,6,True,48,48,3,6,206,4684.0,8,False,False,Productivity
9,64.0,80.0,7,0,5,True,500,35,3,1,2617,1961.0,4,True,False,Productivity
10,24.0,0.0,7,4,5,True,388,29,3,1,318,0.0,6,False,False,API
4,108.0,19.0,6,4,6,True,356,50,3,3,0,644.0,4,False,False,API
1,219.0,22.0,13,5,6,True,211,60,3,3,356,4730.0,4,False,False,Analytics
5,53.0,10.0,19,4,5,True,380,60,1,2,2581,175.0,9,True,False,Productivity
10,102.0,5.0,6,6,6,False,489,60,4,4,0,2439.0,4,False,False,Email
9,36.0,23.0,7,6,6,True,409,38,1,0,0,3930.0,8,False,False,Health & Fitness
1,27.0,7.0,7,3,5,False,391,60,1,1,225,3661.0,4,True,False,Social Media
7,0.0,0.0,12,4,5,False,350,48,2,1,249,0.0,9,False,False,Productivity
1,44.0,116.0,8,5,1,True,322,60,3,1,34,1103.0,6,False,False,Tech
2,137.0,0.0,22,2,6,True,192,49,3,1,0,2114.0,4,False,False,API
1,0.0,0.0,10,4,2,False,197,58,4,1,0,0.0,7,True,False,Human Resources
13,80.0,0.0,15,4,5,True,359,27,3,1,256,2129.0,9,False,False,Productivity
1,0.0,5.0,23,3,5,True,207,56,3,1,342,0.0,8,True,False,Web App
1,67.0,1.0,0,0,5,True,490,50,3,5,615,37698.0,4,False,False,Developer Tools
16,89.0,1.0,6,0,5,True,159,60,3,1,0,0.0,0,False,False,Mac
11,125.0,19.0,19,6,6,True,218,36,3,3,21,1481.0,6,False,False,Open Source
161,136.0,24.0,2,1,5,False,426,49,9,1,0,1759.0,0,True,False,Weather
3,0.0,6.0,15,2,9,False,491,56,3,4,339,0.0,5,True,False,Social Network
8,111.0,22.0,7,5,5,True,338,53,3,0,524,447.0,9,False,False,Productivity
5,8.0,13.0,7,0,5,True,272,37,3,1,0,0.0,7,True,False,Venture Capital
1,125.0,7.0,20,4,5,False,205,43,4,1,0,2872.0,3,False,False,Productivity
1,108.0,0.0,6,0,5,False,402,49,4,1,0,3745.0,2,False,False,Artificial Intelligence
5,183.0,14.0,6,1,6,True,320,60,4,4,579,133264.0,5,True,False,Android
32,500.0,11.0,7,6,6,True,290,60,8,0,91,958.0,6,False,False,Health & Fitness
2,111.0,16.0,20,2,5,False,433,58,4,1,0,4558.0,6,False,False,Cars
5,17.0,0.0,6,0,5,True,297,32,3,1,99,0.0,7,False,False,Productivity
1,138.0,42.0,7,0,5,True,406,27,3,3,0,0.0,4,False,False,Productivity
1,0.0,7.0,16,5,6,True,306,55,3,4,88,2119.0,1,True,False,Fintech
10,21.0,148.0,7,2,5,True,466,52,3,2,501,2057.0,11,True,False,Customer Success
17,138.0,10.0,7,6,1,True,179,51,1,1,180,1203.0,7,True,False,Education
6,0.0,187.0,3,6,6,True,150,53,3,1,133,4500.0,3,False,False,Productivity
10,0.0,7.0,18,2,6,False,500,56,1,1,0,1896.0,5,False,False,iOS
1,60.0,15.0,7,3,6,False,122,35,1,2,379,1930.0,6,False,False,API
10,31.0,19.0,7,6,5,True,500,60,4,3,0,0.0,4,True,False,Web App
9,72.0,36.0,10,0,5,True,342,39,2,2,398,1057.0,17,False,False,Sales
9,0.0,59.0,12,5,6,True,233,51,3,1,260,2693.0,6,False,False,Productivity
1,7.0,30.0,7,6,5,True,486,60,3,1,20,0.0,0,True,False,Emoji
1,39.0,0.0,7,0,5,True,466,56,3,0,583,1957.0,6,True,False,Mac
7,442.0,53.0,8,1,5,True,268,57,3,2,175,132588.0,7,False,False,Productivity
1,0.0,23.0,17,3,5,True,393,55,3,1,218,334.0,9,False,False,Developer Tools
12,215.0,1.0,15,3,6,True,461,47,3,1,721,4052.0,1,True,False,Mac
12,52.0,5.0,7,5,5,True,337,50,1,0,0,3123.0,10,True,False,Marketing
2,24.0,40.0,7,3,5,True,500,56,4,0,0,0.0,8,False,False,Marketing
214,0.0,0.0,16,2,5,False,301,40,3,4,0,4114.0,3,False,False,Android
1,82.0,43.0,18,1,6,True,231,56,3,2,118,3958.0,7,True,False,Advertising
7,153.0,22.0,7,6,6,True,325,60,1,3,124,1516.0,4,False,False,Privacy
1,39.0,0.0,7,5,5,True,437,52,3,1,0,145.0,5,False,False,Mac
6,644.0,0.0,7,4,5,True,325,55,2,6,174,0.0,6,False,False,Open Source
11,84.0,167.0,6,4,5,True,259,54,3,2,0,0.0,6,False,False,Developer Tools
1,133.0,25.0,7,6,1,False,421,43,8,3,0,709.0,8,False,False,Comics & Graphic Novels
1,0.0,0.0,18,3,5,True,271,46,5,6,348,1208.0,9,False,False,Menu Bar Apps
8,0.0,119.0,6,3,6,True,223,43,3,5,264,0.0,7,False,False,Mac
1,143.0,12.0,14,0,6,True,228,53,5,1,263,258.0,9,True,False,Marketing
14,70.0,141.0,7,1,6,True,437,54,1,1,0,16536.0,7,False,False,Cars
1,41.0,10.0,16,3,6,True,498,59,3,4,634,0.0,6,False,False,iOS
2,18.0,21.0,12,3,5,True,409,44,3,1,366,3335.0,3,False,False,Growth Hacking
1,93.0,27.0,0,1,5,True,478,56,3,1,820,3085.0,9,True,False,Mac
13,90.0,16.0,23,2,5,True,182,47,3,2,330,0.0,7,True,False,Android
1,0.0,71.0,23,3,5,True,370,49,3,1,135,4082.0,8,True,False,Mac
5,107.0,37.0,8,0,6,False,500,57,3,1,781,2924.0,5,False,False,Emoji
7,41.0,21.0,6,4,5,False,491,58,2,0,469,4338.0,9,True,False,Design Tools
7,0.0,0.0,6,5,5,True,500,53,1,1,0,4978.0,4,False,False,Sales
3,105.0,178.0,7,3,1,True,275,54,3,3,399,3916.0,9,True,False,Mac
3,0.0,5.0,7,4,5,True,133,55,4,1,0,5184.0,0,False,False,Advertising
162,108.0,14.0,18,3,6,True,150,50,3,2,34,0.0,7,True,False,Developer Tools
6,240.0,28.0,7,1,5,True,228,39,3,1,109,0.0,9,False,False,Developer Tools
1,55.0,23.0,7,6,3,False,500,46,3,1,5,2097.0,5,False,False,Virtual Reality
1,0.0,0.0,7,0,5,True,363,38,1,1,129,1324.0,13,False,False,Marketing
39,89.0,21.0,20,5,5,True,500,52,3,1,340,18676.0,6,False,False,Productivity
4,16.0,8.0,10,1,6,True,448,60,3,4,0,2867.0,7,False,False,Open Source
6,183.0,0.0,7,3,6,True,491,40,3,8,472,63413.0,8,True,False,Mac
1,101.0,8.0,22,1,6,True,96,38,3,1,0,1208.0,8,False,False,Open Source
1,0.0,31.0,7,0,5,True,306,35,3,1,0,2378.0,4,False,False,iOS
1,2288.0,25.0,19,5,7,False,237,54,1,0,178,4942.0,7,False,False,Growth Hacking
1,0.0,0.0,23,4,5,True,177,53,4,1,656,2465.0,8,True,False,Mac
30,98.0,21.0,7,2,6,False,317,38,4,1,40,0.0,3,False,False,Design Tools
9,78.0,24.0,7,6,6,True,497,60,3,3,72,30349.0,8,False,False,API
13,49.0,0.0,6,0,6,True,499,41,3,2,0,118442.0,1,True,False,Mac
31,353.0,0.0,8,2,5,True,302,45,8,1,45,0.0,9,True,False,Android
11,202.0,0.0,7,0,6,False,500,37,3,1,472,59844.0,8,False,False,Open Source
7,133.0,10.0,23,3,6,True,398,60,3,1,93,3536.0,10,True,False,Open Source
31,0.0,81.0,21,3,5,False,477,33,3,1,340,0.0,4,False,False,API
14,314.0,14.0,7,0,5,True,361,60,3,0,2201,3544.0,6,False,False,Messaging
6,4.0,8.0,7,2,5,True,450,31,3,1,54,2675.0,9,False,False,Growth Hacking
13,18.0,0.0,8,4,5,True,450,48,5,1,503,12917.0,13,False,False,Developer Tools
18,83.0,6.0,20,0,5,False,430,40,3,4,239,502.0,5,False,False,Social Media
10,71.0,21.0,7,4,5,False,438,60,1,1,575,2330.0,5,False,False,Mac
3,0.0,0.0,13,0,6,True,454,56,1,1,0,3468.0,5,False,False,Retro Games
15,0.0,8.0,9,3,5,False,183,57,2,1,1901,117697.0,6,False,False,SaaS
13,304.0,45.0,15,1,5,True,479,60,3,1,645,7873.0,7,True,False,Tech
8,0.0,39.0,11,3,5,False,500,18,3,1,111,2819.0,3,False,False,Software Engineering
5,28.0,0.0,12,4,5,False,477,60,1,0,30,1499.0,8,False,False,Health & Fitness
32,0.0,0.0,0,4,5,True,244,35,1,1,478,0.0,9,False,False,Analytics
4,345.0,0.0,15,5,5,True,405,56,4,1,501,58532.0,4,False,False,Android
1,13.0,18.0,7,3,6,True,274,60,3,1,142,2126.0,7,False,False,Health & Fitness
1,157.0,0.0,13,3,5,False,389,60,1,1,0,1504.0,5,True,False,Developer Tools
8,0.0,0.0,6,5,5,False,475,60,2,1,429,2908.0,5,False,False,Startup Books
1,92.0,27.0,13,3,1,True,500,59,3,6,0,0.0,0,True,False,Custom Keyboards
2,0.0,0.0,0,3,6,False,414,59,2,3,2408,170171.0,5,False,False,Web App
4,0.0,6.0,7,3,6,True,500,58,3,0,0,0.0,5,False,False,Marketing
3,223.0,7.0,8,2,5,False,500,60,4,1,1,0.0,6,True,False,API
1,508.0,104.0,21,3,6,True,486,54,3,1,140,0.0,7,True,False,iOS
1,0.0,8.0,6,5,5,False,471,60,1,1,0,3538.0,4,True,False,Vibe coding
6,115.0,2.0,7,2,6,True,405,41,3,1,347,20644.0,9,True,False,Marketing
9,29.0,20.0,13,1,5,False,351,49,3,3,31,1842.0,3,True,False,Analytics
16,109.0,31.0,16,1,5,False,202,52,3,5,0,0.0,5,False,False,Health & Fitness
15,97.0,0.0,23,2,6,True,457,23,3,1,451,2280.0,3,False,False,Messaging
11,88.0,16.0,7,1,6,True,186,49,2,1,90,6182.0,6,True,False,SaaS
21,3.0,1.0,7,3,5,False,437,53,3,1,41,597.0,7,True,False,Design Tools
4,0.0,42.0,17,1,5,True,474,60,3,1,356,79.0,7,True,False,Sales
9,171.0,11.0,11,0,6,True,402,41,3,1,366,3111.0,4,False,False,iOS
4,68.0,1.0,23,5,8,True,488,43,1,3,717,3922.0,9,True,False,Kids
1,62.0,87.0,15,6,5,True,420,39,3,3,0,2749.0,6,False,False,Android
18,178.0,11.0,6,4,5,True,398,60,4,1,366,59637.0,9,True,False,Growth Hacking
13,172.0,0.0,7,3,5,True,281,42,3,4,0,788.0,6,True,False,Tech
10,93.0,39.0,6,2,5,True,287,43,3,1,316,0.0,1,True,False,Marketing
7,120.0,5.0,10,2,5,True,493,60,4,3,607,0.0,8,False,False,Browser Extensions
35,157.0,3.0,9,0,6,True,299,46,3,1,373,2270.0,7,False,False,Open Source
1,65.0,0.0,23,6,6,True,343,42,3,4,0,0.0,10,False,False,Vibe coding
1,124.0,0.0,5,3,5,True,277,60,3,1,231,3371.0,4,False,False,API
1,0.0,19.0,7,6,2,False,163,60,5,1,312,12271.0,7,True,False,Crypto
14,103.0,5.0,12,0,5,True,500,49,3,1,427,0.0,5,False,False,Comics & Graphic Novels
7,188.0,8.0,7,4,5,True,493,55,2,9,234,0.0,8,False,False,Analytics
16,120.0,8.0,7,3,5,True,392,54,3,4,0,3626.0,9,True,False,Web App
1,121.0,29.0,23,5,6,True,189,50,3,1,0,0.0,5,True,False,Design Tools
1,135.0,7.0,6,6,5,True,247,59,1,2,422,3431.0,4,False,False,Vibe coding
1,52.0,3.0,0,3,5,True,317,45,3,3,0,113899.0,0,False,False,Design Tools
1,236.0,1.0,14,4,5,True,160,53,3,3,0,4573.0,3,True,False,Tech
2,154.0,37.0,7,4,6,True,372,60,3,1,302,111605.0,6,True,False,Open Source
1,48.0,11.0,21,4,6,True,299,24,3,1,427,2662.0,3,True,False,Software Engineering
12,60.0,53.0,6,3,5,False,258,57,4,3,129,0.0,7,True,False,SaaS
1,0.0,0.0,7,3,5,True,452,50,3,2,0,2920.0,4,True,False,Developer Tools
18,0.0,41.0,9,2,6,True,438,46,2,1,0,134008.0,6,True,False,Chrome Extensions
3,0.0,84.0,1,0,5,True,296,56,3,1,243,0.0,4,False,False,Retro Games
4,103.0,18.0,7,4,5,True,346,28,3,0,66,2076.0,5,True,False,iOS
10,24.0,60.0,15,4,5,True,500,40,3,0,0,2734.0,12,True,False,Software Engineering
1,0.0,93.0,7,6,6,True,204,44,3,5,200,5499.0,11,False,False,Productivity
4,10.0,0.0,6,0,3,True,352,54,3,3,440,45331.0,7,True,False,Music
1,27.0,0.0,7,2,6,False,500,60,2,1,194,0.0,11,False,False,Sales
1,95.0,0.0,10,5,5,True,363,32,4,5,298,0.0,5,False,False,Vibe coding
12,118.0,0.0,6,1,5,True,137,38,3,0,37,658.0,7,True,False,Social Media
22,187.0,11.0,7,6,3,False,476,60,3,0,314,4692.0,6,False,False,Kids
4,0.0,0.0,18,1,5,True,385,60,3,1,0,1920.0,5,True,False,Email
3,101.0,34.0,17,2,5,False,442,21,4,2,1089,4918.0,3,False,False,Chrome Extensions
3,62.0,54.0,8,3,6,True,262,60,3,2,0,0.0,7,True,False,No-Code
8,72.0,10.0,0,2,5,True,412,53,3,3,39,0.0,1,False,False,Writing
9,18.0,0.0,8,5,5,False,500,48,3,1,0,435.0,0,False,False,Android
1,186.0,158.0,7,3,5,True,475,49,1,1,69,2456.0,6,True,False,API
1,153.0,23.0,8,4,6,True,395,34,4,1,195,5568.0,2,False,False,Productivity
1,152.0,7.0,7,3,6,True,457,49,3,2,0,457.0,6,False,False,Mac
17,0.0,13.0,7,3,6,False,430,56,1,2,280,2167.0,24,False,False,Crypto
1,22.0,0.0,18,6,1,True,120,55,3,6,0,0.0,6,False,False,Linux
10,0.0,153.0,6,5,6,True,411,54,3,1,0,31116.0,9,False,False,Marketing
15,0.0,0.0,6,0,5,True,497,31,3,2,184,0.0,5,True,False,Design Tools
1,95.0,22.0,4,2,6,True,190,58,8,1,0,4679.0,5,True,False,Android
1,70.0,29.0,12,0,5,True,330,17,3,0,205,2512.0,4,False,False,Marketing
1,84.0,136.0,7,6,6,True,430,50,3,5,196,1160.0,7,True,False,iOS
6,299.0,5.0,7,3,6,True,378,60,3,2,0,6142.0,5,False,False,Design Tools
3,0.0,0.0,19,5,6,True,435,56,3,3,557,425.0,7,False,False,Developer Tools
5,84.0,7.0,7,3,5,True,156,43,3,1,309,99806.0,2,False,False,iOS
22,158.0,3.0,0,2,5,True,244,59,3,0,238,9646.0,4,False,False,Hardware
1,78.0,0.0,7,2,5,True,294,59,3,1,474,0.0,9,True,False,Weather
25,24.0,1.0,6,0,6,True,500,55,4,6,0,2899.0,2,False,False,Chrome Extensions
1,0.0,34.0,20,1,6,True,487,38,2,1,99,0.0,6,True,False,Android
16,388.0,29.0,7,6,5,False,500,36,1,3,485,651.0,5,False,False,Streaming Services
4,24.0,0.0,7,3,4,True,165,60,3,1,208,2419.0,4,False,False,Hardware
7,14.0,11.0,8,2,1,True,494,43,3,2,515,145892.0,3,True,False,Productivity
7,1834.0,26.0,11,0,5,True,438,59,3,1,0,1129.0,4,False,False,Notes
1,58.0,0.0,15,1,5,True,181,60,3,1,0,709.0,4,False,False,iOS
6,0.0,7.0,6,4,6,False,440,55,3,1,32,13372.0,4,True,False,Mac
1,46.0,18.0,11,6,5,True,413,47,1,0,0,4255.0,0,True,False,iOS
1,82.0,0.0,22,4,5,True,366,42,3,4,193,0.0,8,True,False,Hiring
20,0.0,8.0,12,3,6,True,443,54,3,0,701,0.0,10,False,False,Design Tools
3,45.0,0.0,7,0,5,True,341,52,3,1,0,131734.0,0,False,False,Web App
9,324.0,1.0,12,3,6,True,374,55,3,4,133,0.0,4,False,False,Health & Fitness
45,726.0,39.0,8,6,6,True,188,46,3,0,0,2503.0,9,True,False,Mac
4,0.0,5.0,18,2,5,False,500,60,3,1,0,1762.0,3,True,False,API
9,60.0,0.0,6,3,6,True,249,21,3,5,599,0.0,8,False,False,iOS
1,95.0,6.0,14,3,6,False,310,44,4,1,307,32772.0,6,False,False,Productivity
1,0.0,3.0,23,0,5,True,285,53,4,1,0,0.0,6,True,False,Android
3,189.0,32.0,7,2,5,True,345,60,3,1,0,21217.0,6,False,False,Productivity
3,102.0,2.0,8,0,5,True,353,56,8,1,695,63.0,7,True,False,Art
1,172.0,17.0,6,2,5,True,484,55,4,3,26,33644.0,6,False,False,Email
16,77.0,40.0,9,5,6,False,386,57,3,1,0,0.0,5,True,False,iOS
5,86.0,28.0,15,3,6,True,339,58,4,6,434,1036.0,4,False,False,Growth Hacking
122,13.0,13.0,18,3,6,True,224,43,3,1,0,61782.0,7,False,False,Human Resources
1,58.0,0.0,7,4,2,False,378,57,3,1,130,4222.0,5,True,False,Web App
3,0.0,14.0,17,4,5,True,500,54,3,1,357,0.0,12,True,False,Productivity
1,0.0,109.0,20,1,5,False,412,58,3,1,0,0.0,9,True,False,User Experience
20,441.0,24.0,14,3,5,True,413,57,3,1,79,0.0,7,True,False,Chrome Extensions
1,0.0,34.0,9,1,5,True,296,52,3,1,117,4301.0,5,True,False,Mac
15,73.0,12.0,6,1,5,True,500,53,3,1,0,22327.0,7,False,False,Linux
8,96.0,25.0,6,1,5,True,500,51,3,1,310,3656.0,4,True,False,Mac
18,169.0,21.0,7,6,5,False,434,17,1,1,0,4213.0,7,True,False,Software Engineering
8,0.0,5.0,6,2,5,False,418,60,3,1,0,4587.0,0,False,False,Marketing
20,252.0,0.0,12,1,5,False,500,60,3,1,0,4057.0,0,True,False,Open Source
15,12.0,64.0,18,5,6,True,259,52,3,1,0,92221.0,10,True,False,Web App
10,16.0,40.0,7,6,5,True,414,43,3,1,0,96.0,1,False,False,Mac
1,0.0,0.0,18,4,6,False,401,58,9,1,13,0.0,4,True,False,iOS
12,406.0,13.0,7,4,6,True,418,38,4,0,596,4061.0,7,True,False,Analytics
1,199.0,142.0,6,1,2,True,148,26,3,3,55,3511.0,6,True,False,Email
1,0.0,0.0,7,3,5,False,500,60,3,1,309,2012.0,4,False,False,Health & Fitness
1,0.0,29.0,14,5,6,True,115,55,3,1,622,0.0,6,True,False,API
1,124.0,17.0,7,5,6,True,482,52,1,0,0,2470.0,8,True,False,Human Resources
3,671.0,59.0,9,4,6,True,500,60,3,3,338,1447.0,1,False,False,Marketing
2,190.0,11.0,17,0,6,True,380,60,3,1,0,0.0,6,False,False,Mac
1,0.0,100.0,12,1,6,True,463,44,3,1,425,0.0,1,False,False,Mac
3,17.0,7.0,23,3,5,False,500,59,1,2,162,2774.0,6,True,False,Web App
7,134.0,7.0,20,6,6,True,500,60,2,1,509,32670.0,7,False,False,Android
14,0.0,9.0,17,5,6,True,342,56,3,1,0,0.0,2,True,False,Chrome Extensions
1,4.0,22.0,23,6,5,True,343,60,8,5,388,2105.0,6,False,False,eBook Reader
7,28.0,12.0,10,4,5,True,500,58,4,1,393,29161.0,7,False,False,Android
15,409.0,5.0,7,4,5,True,90,57,3,1,76,3860.0,12,True,False,Design Tools
15,70.0,13.0,22,4,5,True,500,56,1,1,749,32138.0,6,False,False,Developer Tools
1,10.0,0.0,16,6,6,False,199,60,4,1,0,0.0,7,True,False,API
2,185.0,0.0,23,1,5,True,162,56,3,1,510,0.0,9,True,False,Mac
1,67.0,14.0,8,3,5,True,424,23,3,1,422,101357.0,6,False,False,API
16,160.0,23.0,7,2,5,True,190,60,1,0,0,139458.0,9,True,False,Email
7,40.0,0.0,8,5,1,True,70,30,3,1,133,0.0,10,True,False,Task Management
2,100.0,6.0,14,3,5,True,430,47,5,1,112,0.0,7,False,False,Software Engineering
1,83.0,32.0,6,0,6,True,500,60,1,1,383,4716.0,6,False,False,Email
1,0.0,11.0,18,1,5,True,496,56,3,1,52,3053.0,7,True,False,Design Tools
1,46.0,25.0,6,5,6,True,400,27,4,1,198,2011.0,4,False,False,Mac
5,23.0,40.0,16,1,6,True,383,59,3,0,226,0.0,8,False,False,Productivity
1,36.0,0.0,21,3,5,True,220,56,3,1,0,1307.0,6,False,False,Productivity
13,191.0,11.0,10,4,5,True,500,60,3,1,267,1364.0,8,True,False,Design Tools
4,626.0,14.0,7,4,5,True,397,55,3,1,1443,2975.0,7,False,False,Productivity
1,72.0,23.0,7,1,5,True,357,60,3,1,82,31163.0,7,True,False,Web App
6,71.0,11.0,14,4,5,False,355,42,3,1,0,303.0,6,False,False,Web App
1,84.0,5.0,10,1,8,True,500,53,3,2,558,1559.0,8,False,False,Notes
5,101.0,95.0,11,4,10,True,423,50,3,5,537,2016.0,7,False,False,Mac
102,0.0,38.0,6,5,5,True,134,39,3,1,0,0.0,7,False,False,Developer Tools
24,122.0,54.0,6,0,5,True,442,60,3,1,0,1784.0,10,False,False,iOS
7,68.0,0.0,6,3,5,True,466,51,3,1,638,0.0,13,False,False,Productivity
1,8.0,0.0,17,1,5,True,161,58,3,0,71,22385.0,5,False,False,Mac
5,68.0,18.0,7,4,5,True,500,37,3,1,0,123197.0,7,True,False,Mac
1,130.0,7.0,6,4,5,True,304,57,5,9,0,1674.0,5,True,False,Android
1,137.0,16.0,17,3,6,True,477,53,3,1,0,2358.0,2,False,False,Artificial Intelligence
16,87.0,0.0,23,5,5,True,500,45,4,1,6,1363.0,8,True,False,Sales
47,3.0,0.0,11,2,6,True,104,60,4,0,0,0.0,11,True,False,Open Source
9,18.0,88.0,17,4,6,True,182,53,1,1,11,0.0,7,False,False,SaaS
1,86.0,1.0,2,6,5,False,464,24,3,1,0,6524.0,3,False,False,Open Source
222,320.0,0.0,6,5,6,False,206,46,1,1,382,1633.0,0,False,False,Fintech
1,34.0,22.0,12,5,6,False,493,58,6,4,833,0.0,15,False,False,Robots
1,0.0,37.0,0,1,6,True,480,46,2,3,257,6701.0,3,True,False,Marketing
27,202.0,8.0,7,2,6,True,399,59,3,0,0,0.0,9,True,False,Hiring
4,143.0,83.0,6,1,6,True,168,27,2,1,0,37236.0,7,False,False,Sales
22,86.0,0.0,6,5,5,False,211,54,4,2,0,2101.0,10,False,False,Web App
10,116.0,41.0,7,1,5,True,500,60,3,2,3174,1167.0,3,False,False,Open Source
16,107.0,3.0,19,3,7,True,403,60,3,1,0,86022.0,6,True,False,Web App
1,48.0,24.0,6,6,6,True,493,52,3,1,0,6036.0,6,False,False,Mac
16,51.0,32.0,6,3,5,False,348,33,4,0,13,3671.0,4,True,False,Emoji
1,194.0,23.0,16,5,5,True,500,51,3,1,726,19278.0,8,False,False,iOS
3,6.0,2.0,7,0,5,True,446,57,3,1,523,94844.0,5,True,False,iOS
4,85.0,48.0,6,0,6,True,489,57,3,4,208,1211.0,6,False,False,Design Tools
1,0.0,104.0,6,3,6,True,286,58,3,0,466,0.0,7,True,False,Mac
37,56.0,0.0,10,5,5,True,407,40,4,1,0,98895.0,7,False,False,Weather
6,40.0,6.0,6,0,2,True,313,60,3,1,639,2637.0,6,False,False,Productivity
7,2661.0,38.0,7,3,5,True,316,60,3,9,575,538.0,6,False,False,Startup Books
36,14.0,16.0,6,0,5,True,266,50,1,1,191,0.0,2,False,False,Design Tools
86,37.0,4.0,19,4,5,False,400,60,4,1,0,118227.0,5,False,False,Mac
2,157.0,2.0,8,0,10,True,308,56,3,5,471,0.0,9,True,False,Chrome Extensions
14,115.0,0.0,7,2,5,True,404,60,3,1,356,0.0,0,True,False,iOS
3,103.0,20.0,7,3,6,True,342,52,3,6,186,0.0,7,False,False,Productivity
5,0.0,137.0,12,6,6,True,500,57,1,1,0,4992.0,4,False,False,Social Media
6,103.0,11.0,6,0,5,True,146,53,3,1,780,0.0,8,False,False,Productivity
9,111.0,14.0,13,2,3,True,425,58,1,2,438,1626.0,4,False,False,Growth Hacking
13,66.0,0.0,20,3,5,True,500,41,5,1,485,0.0,7,True,False,Menu Bar Apps
15,98.0,0.0,7,1,5,True,345,49,3,1,0,84295.0,5,False,False,Startup Books
6,0.0,19.0,6,5,4,False,241,52,2,1,0,0.0,5,False,False,Android
2,46.0,0.0,20,2,5,True,453,23,2,0,154,1038.0,4,False,False,Vibe coding
8,3.0,11.0,7,5,1,True,425,57,4,0,250,0.0,6,False,False,Tech
13,0.0,5.0,9,4,5,True,200,51,3,2,0,110.0,8,True,False,Mac
4,474.0,34.0,7,5,6,True,473,38,3,2,795,2469.0,8,True,False,SaaS
9,45.0,20.0,15,3,7,True,208,28,3,3,1811,4624.0,2,False,False,Writing
1,113.0,0.0,12,1,5,True,265,57,2,4,0,2500.0,8,True,False,Design Tools
3,87.0,117.0,4,2,6,True,290,58,4,1,198,111457.0,6,True,False,Browser Extensions
8,217.0,34.0,12,3,5,True,466,52,3,1,213,4575.0,1,False,False,Hiring
12,51.0,54.0,3,2,6,True,368,48,3,1,0,910.0,7,False,False,Design Tools
1,86.0,18.0,6,1,5,True,500,54,3,1,60,0.0,3,True,False,Notes
1,85.0,9.0,19,3,5,True,281,53,3,0,1028,3248.0,8,False,False,Mac
16,0.0,0.0,12,3,5,True,466,50,4,6,0,2321.0,7,False,False,Productivity
4,162.0,15.0,20,5,5,True,144,60,2,1,74,814.0,9,False,False,Marketing
1,35.0,120.0,6,2,5,False,407,57,4,2,148,18734.0,4,False,False,Health & Fitness
1,96.0,12.0,10,2,6,True,463,56,8,1,65,5738.0,6,True,False,Mac
1,15.0,9.0,7,5,6,False,500,50,2,1,133,0.0,8,False,False,Kids
2,0.0,35.0,11,6,9,True,461,48,3,0,11,138711.0,8,True,False,Artificial Intelligence
4,91.0,0.0,7,5,6,True,499,52,4,1,273,2304.0,8,False,False,Cars
13,258.0,26.0,8,5,6,True,424,41,1,1,0,1490.0,5,False,False,Hardware
8,100.0,2.0,18,0,5,True,101,60,3,1,200,0.0,8,True,False,Marketing
4,0.0,5.0,7,0,1,False,162,52,3,1,0,0.0,5,True,False,Artificial Intelligence
7,112.0,263.0,8,6,5,True,500,55,3,1,338,4631.0,4,False,False,Productivity
1,11.0,87.0,12,1,6,True,265,60,2,2,0,0.0,6,False,False,Open Source
10,0.0,0.0,7,1,5,False,354,51,1,1,0,75818.0,5,True,False,Email
7,415.0,18.0,7,0,5,True,326,52,1,1,288,10397.0,3,False,False,Artificial Intelligence
4,108.0,7.0,10,0,6,True,205,52,3,7,0,0.0,7,False,False,Chrome Extensions
136,65.0,12.0,7,6,5,True,436,40,3,4,187,2158.0,6,False,False,Prototyping
1,54.0,25.0,15,3,6,True,192,53,3,3,0,15781.0,7,True,False,Comics & Graphic Novels
13,197.0,18.0,6,2,1,True,295,57,3,1,189,2534.0,8,True,False,Sales
1,183.0,25.0,7,2,10,True,242,60,3,5,258,0.0,5,True,False,Open Source
1,50.0,0.0,7,5,5,False,157,56,3,6,245,0.0,7,True,False,Developer Tools
1,72.0,8.0,7,6,5,True,500,51,3,1,319,152.0,1,False,False,Mac
1,0.0,20.0,23,3,5,True,468,57,3,1,92,0.0,12,True,False,Email Marketing
11,168.0,8.0,7,2,6,False,480,30,2,1,160,2214.0,5,False,False,Productivity
8,80.0,36.0,6,6,5,True,454,56,1,1,336,0.0,12,True,False,Vibe coding
7,202.0,0.0,7,5,5,True,482,50,4,1,254,106903.0,4,False,False,Robots
10,60.0,41.0,2,4,6,True,500,60,3,4,473,2784.0,6,True,False,Marketing
17,40.0,31.0,11,5,5,False,431,50,1,2,0,365.0,7,False,False,Mac
1,420.0,0.0,8,2,5,True,222,50,3,1,3444,2211.0,8,False,False,Developer Tools
9,32.0,32.0,7,5,6,True,500,50,3,1,325,2327.0,4,False,False,Social Media
8,360.0,6.0,6,5,1,True,476,49,3,3,372,0.0,8,True,False,Mac
157,0.0,0.0,19,5,5,False,107,57,3,1,0,2977.0,4,True,False,Open Source
2,0.0,0.0,6,6,6,False,144,53,3,1,0,0.0,5,False,False,Music
2,7.0,14.0,16,5,5,True,500,58,3,1,434,3085.0,3,True,False,Human Resources
56,169.0,20.0,7,5,5,True,445,50,2,2,601,0.0,10,True,False,Payments
1,540.0,123.0,22,2,1,False,134,59,1,0,0,3669.0,5,True,False,Customer Communication
2,9.0,297.0,7,3,5,True,404,55,4,0,0,0.0,7,True,False,Emoji
9,233.0,3.0,8,2,6,True,405,41,3,3,0,0.0,5,False,False,Software Engineering
1,86.0,0.0,7,3,5,False,464,60,4,1,303,2085.0,9,False,False,Productivity
11,109.0,11.0,7,0,6,True,335,60,1,1,16,0.0,4,False,False,API
8,55.0,3.0,7,5,5,False,417,59,3,3,0,0.0,7,False,False,Fintech
1,72.0,2.0,23,6,5,False,452,60,8,3,81,0.0,10,True,False,Software Engineering
10,192.0,18.0,7,3,5,True,454,43,3,1,156,465.0,8,True,False,Tech
18,128.0,16.0,17,0,6,True,369,60,3,1,543,72684.0,8,False,False,Open Source
6,11.0,0.0,23,1,5,True,211,60,3,1,370,748.0,3,False,False,Vibe coding
22,106.0,0.0,7,6,3,True,374,56,4,1,85,1376.0,2,False,False,SaaS
15,203.0,0.0,23,6,5,True,305,41,2,1,0,0.0,7,True,False,Android
1,248.0,9.0,8,3,5,True,354,42,3,1,39,2448.0,9,True,False,Couples
6,0.0,24.0,13,2,5,True,244,58,3,3,0,1670.0,9,False,False,Chrome Extensions
16,85.0,3.0,6,3,6,True,154,54,3,2,501,1789.0,9,True,False,Artificial Intelligence
27,2.0,111.0,6,3,6,True,500,60,4,1,0,4734.0,9,False,False,Marketing
1,0.0,7.0,20,1,6,True,379,60,3,1,310,0.0,12,False,False,Productivity
1,96.0,51.0,7,6,5,True,439,60,3,1,163,0.0,8,True,False,Productivity
2,0.0,1.0,6,5,5,False,467,50,3,3,417,4107.0,5,False,False,Productivity
7,86.0,12.0,8,3,5,True,138,60,3,3,204,3587.0,13,True,False,Developer Tools
3,91.0,0.0,16,2,6,True,379,60,4,1,0,2337.0,0,False,False,Productivity
21,18.0,10.0,7,2,6,True,452,57,3,2,0,122378.0,3,True,False,iOS
7,0.0,8.0,6,1,6,False,60,59,1,2,0,1251.0,5,False,False,Productivity
21,150.0,0.0,7,4,6,True,500,60,1,1,386,5768.0,13,True,False,Android
5,104.0,21.0,7,1,5,False,453,53,3,1,0,3494.0,4,False,False,Open Source
3,7.0,16.0,7,2,5,True,127,59,3,0,556,65.0,13,False,False,Vibe coding
10,341.0,0.0,21,1,6,False,490,39,2,4,252,99655.0,0,False,False,Social Media
1,172.0,9.0,7,1,10,True,156,58,3,2,0,2366.0,5,False,False,iOS
9,46.0,172.0,7,3,6,True,500,43,5,1,123,4260.0,1,False,False,Analytics
52,426.0,9.0,15,1,6,True,211,54,2,2,0,0.0,5,False,False,Hardware
1,38.0,16.0,7,5,5,True,452,60,3,7,671,0.0,4,True,False,Marketing
9,354.0,116.0,11,3,6,True,295,55,3,1,0,83478.0,20,False,False,Crypto
13,169.0,134.0,6,3,6,True,419,54,3,0,376,4494.0,3,False,False,SaaS
10,141.0,0.0,13,1,1,True,61,55,3,1,0,88786.0,2,False,False,Email Marketing
17,57.0,75.0,1,5,5,True,119,52,3,1,0,0.0,11,True,False,Productivity
1,27.0,0.0,23,4,9,True,422,42,2,1,153,104568.0,5,True,False,Open Source
1,0.0,13.0,6,6,6,False,186,52,3,1,346,4315.0,8,True,False,Design Tools
1,601.0,49.0,7,0,5,False,445,49,1,1,401,0.0,3,False,False,API
9,41.0,0.0,7,6,5,True,242,60,3,4,0,4761.0,7,False,False,Streaming Services
1,101.0,120.0,14,3,6,True,227,36,3,1,55,0.0,8,True,False,Marketing
15,2661.0,0.0,23,3,5,True,190,51,3,2,197,0.0,27,False,False,Customer Communication
7,0.0,86.0,14,0,5,False,295,60,3,1,0,68636.0,7,False,False,Privacy
1,11.0,0.0,15,6,6,False,229,47,3,1,17,20682.0,3,True,False,Customer Communication
10,0.0,0.0,7,3,6,False,401,28,3,4,571,4744.0,5,True,False,Fintech
1,72.0,32.0,23,6,6,False,418,56,1,2,0,1970.0,8,False,False,Android
1,0.0,9.0,6,4,5,True,272,53,3,1,199,6089.0,3,False,False,Productivity
1,121.0,16.0,6,3,5,True,500,50,3,9,0,383.0,6,True,False,Developer Tools
16,69.0,0.0,7,1,6,True,500,58,3,1,0,1750.0,3,True,False,Chrome Extensions
17,217.0,50.0,7,5,5,False,483,39,1,4,142,2220.0,6,False,False,Productivity
3,95.0,118.0,7,2,5,True,469,56,3,1,0,104728.0,10,True,False,Mac
11,144.0,43.0,6,1,5,True,372,58,3,1,119,711.0,6,True,False,Android
7,9.0,9.0,7,4,5,True,475,52,3,1,827,3532.0,7,True,False,Education
4,164.0,0.0,13,2,6,True,342,55,3,1,492,92756.0,8,True,False,Android
13,12.0,31.0,7,3,3,True,406,48,3,1,0,0.0,3,True,False,Messaging
3,43.0,36.0,16,3,5,True,428,55,3,0,271,0.0,7,True,False,Music
14,449.0,5.0,21,3,5,True,232,54,3,1,83,0.0,5,False,False,Email
14,82.0,0.0,22,2,5,False,392,30,4,2,0,0.0,7,True,False,Education
1,0.0,9.0,8,4,5,True,273,58,3,1,539,0.0,7,False,False,Productivity
9,107.0,0.0,7,5,5,True,500,50,2,2,64,734.0,2,True,False,Retro Games
92,104.0,137.0,11,6,5,False,258,42,3,2,128,4962.0,7,False,False,API
11,96.0,0.0,23,1,5,True,402,59,3,1,0,3865.0,8,False,False,Android
1,0.0,93.0,0,6,6,True,500,60,3,3,644,0.0,10,True,False,iOS
20,0.0,0.0,7,0,5,False,478,48,1,1,60,0.0,0,True,False,Mac
9,0.0,132.0,17,4,6,True,296,44,4,1,426,73.0,2,True,False,API
12,138.0,0.0,6,6,5,True,466,60,3,4,0,6651.0,3,False,False,Developer Tools
1,123.0,2.0,8,5,6,True,461,52,2,1,225,0.0,6,False,False,Open Source
1,106.0,14.0,7,6,5,True,466,54,5,1,0,0.0,11,False,False,Linux
1,33.0,6.0,15,0,5,True,405,51,4,7,474,0.0,8,True,False,Home
6,0.0,0.0,6,3,6,False,500,60,4,5,503,0.0,0,False,False,SaaS
5,0.0,21.0,16,5,6,True,454,53,4,3,261,0.0,13,False,False,Mac
2,37.0,7.0,8,5,5,True,136,54,3,1,322,5365.0,8,True,False,Chrome Extensions
33,595.0,17.0,7,5,6,False,440,40,2,3,5,424.0,5,True,False,Analytics
10,140.0,14.0,18,2,6,True,332,60,1,2,507,0.0,8,True,False,API
9,65.0,8.0,8,2,5,True,500,51,3,5,405,0.0,8,False,False,Developer Tools
4,38.0,8.0,10,3,5,True,409,58,4,4,199,5867.0,6,True,False,Marketing
10,50.0,17.0,6,5,5,True,226,56,3,4,312,5993.0,7,False,False,Mac
1,9.0,11.0,23,3,1,True,306,55,3,5,464,1371.0,9,False,False,Productivity
1,0.0,3.0,7,3,6,True,265,56,3,1,196,0.0,6,True,False,Productivity
10,34.0,122.0,7,4,6,True,469,53,3,0,515,102310.0,8,False,False,Web App
18,67.0,0.0,6,3,5,True,102,53,3,4,0,2008.0,7,False,False,Artificial Intelligence
16,79.0,53.0,6,0,5,True,500,53,2,2,517,32450.0,9,True,False,Custom Keyboards
10,151.0,7.0,7,3,6,True,500,57,4,4,0,0.0,5,True,False,WordPress
2,26.0,0.0,15,0,6,True,260,55,2,1,28,0.0,7,False,False,Customer Success
1,0.0,4.0,7,4,6,True,329,53,3,3,2552,28989.0,5,False,False,Productivity
7,0.0,14.0,7,4,4,True,338,60,3,6,131,0.0,7,False,False,Open Source
5,131.0,13.0,23,3,5,False,424,21,2,1,561,140580.0,9,True,False,Design Tools
1,359.0,3.0,7,5,9,True,415,55,4,1,0,0.0,6,False,False,Web App
8,379.0,23.0,23,5,5,True,401,42,3,1,0,5058.0,7,True,False,Productivity
9,0.0,0.0,12,2,2,False,417,58,3,1,0,1539.0,5,False,False,Design Tools
1,10.0,8.0,21,3,5,True,260,56,3,1,225,1655.0,9,False,False,Marketing
40,0.0,0.0,6,2,5,True,480,44,4,3,0,0.0,12,False,False,Privacy
13,47.0,0.0,7,1,5,False,447,38,2,1,198,1152.0,5,False,False,Analytics
1,0.0,155.0,1,3,6,True,498,60,3,1,848,33721.0,14,False,False,Comics & Graphic Novels
31,29.0,154.0,17,6,6,True,340,60,3,1,20,0.0,8,False,False,Mac
6,97.0,0.0,7,2,5,True,351,60,1,4,253,0.0,8,True,False,Weather
1,67.0,13.0,22,2,6,True,426,59,3,1,0,4606.0,5,False,False,Education
10,76.0,9.0,6,3,6,True,500,60,3,1,218,6466.0,4,False,False,Design Tools
1,61.0,121.0,7,0,5,True,311,56,3,2,487,2971.0,5,False,False,Open Source
3,9.0,125.0,6,1,6,True,270,56,4,1,0,0.0,5,True,False,Productivity
8,86.0,83.0,7,0,6,True,500,60,3,2,0,53.0,5,False,False,Chrome Extensions
8,0.0,5.0,6,4,6,True,500,60,4,1,0,4245.0,3,True,False,Mac
4,195.0,4.0,18,2,5,True,167,54,3,7,0,458.0,0,False,False,Productivity
12,117.0,0.0,14,3,1,False,413,38,1,2,0,4823.0,7,True,False,iOS
1,99.0,123.0,4,4,5,True,500,55,3,1,0,5020.0,6,False,False,iOS
36,137.0,0.0,6,3,5,False,404,29,3,1,0,0.0,1,False,False,Writing
20,0.0,14.0,7,4,5,True,470,43,1,1,0,3222.0,4,True,False,Email
11,52.0,48.0,6,5,5,True,88,33,3,5,0,1280.0,4,False,False,Customer Communication
5,63.0,17.0,7,6,7,True,437,57,3,2,6,0.0,6,True,False,Software Engineering
3,107.0,0.0,13,5,6,True,302,45,4,6,0,1750.0,6,False,False,Open Source
8,166.0,8.0,22,5,6,False,500,42,2,1,349,674.0,7,True,False,Web App
32,330.0,2.0,6,2,5,False,406,43,1,1,291,5186.0,8,True,False,Email
16,29.0,21.0,7,3,9,True,359,53,3,3,0,1734.0,5,False,False,API
6,0.0,24.0,15,5,6,True,146,42,4,1,0,82096.0,1,True,False,Customer Success
1,461.0,21.0,19,1,6,True,390,52,3,5,0,2261.0,2,False,False,Developer Tools
8,0.0,1.0,22,5,6,False,420,43,1,3,404,3911.0,7,True,False,SaaS
15,37.0,36.0,7,5,6,True,500,47,3,2,137,0.0,5,True,False,Notes
1,25.0,30.0,14,0,6,False,500,58,1,2,0,3895.0,0,False,False,Android
1,67.0,20.0,11,3,5,True,464,24,3,1,0,2850.0,8,False,False,Productivity
3,0.0,1.0,14,0,5,True,452,24,3,1,0,0.0,7,False,False,Chrome Extensions
11,66.0,0.0,23,5,6,False,194,56,3,1,0,0.0,8,False,False,Mac
1,213.0,42.0,20,3,6,True,500,50,3,2,375,118743.0,6,False,False,Productivity
7,86.0,0.0,22,3,8,True,474,55,4,1,0,11518.0,3,False,False,Artificial Intelligence
15,68.0,0.0,6,6,5,False,453,55,1,1,0,5761.0,5,True,False,iOS
19,0.0,123.0,7,3,5,False,427,60,3,3,17,0.0,3,False,False,Startup Books
7,187.0,48.0,14,3,5,True,151,56,3,1,618,2590.0,7,False,False,Marketing
1,131.0,0.0,7,2,5,True,380,59,3,1,0,2238.0,5,False,False,Productivity
4,34.0,57.0,19,3,5,True,65,38,3,0,0,0.0,9,True,False,Productivity
5,107.0,16.0,10,0,5,True,247,58,3,1,134,0.0,0,True,False,Design Tools
15,0.0,8.0,6,4,6,True,500,56,3,1,638,2914.0,5,False,False,Tech
9,47.0,23.0,15,4,1,True,500,54,3,1,865,25129.0,8,True,False,Social Media
8,63.0,17.0,23,2,5,False,126,43,3,1,0,14759.0,4,True,False,Productivity
8,25.0,0.0,6,4,5,True,479,60,3,2,651,24292.0,8,False,False,Productivity
1,139.0,18.0,6,2,5,False,462,57,1,1,121,2799.0,4,True,False,Marketing
1,13.0,37.0,14,4,5,True,282,59,1,1,0,20783.0,7,False,False,Web App
5,396.0,3.0,8,6,5,True,238,50,3,1,0,3662.0,5,True,False,Health & Fitness
14,68.0,83.0,8,4,7,True,500,55,3,1,207,23850.0,8,True,False,Web App
7,2661.0,19.0,7,3,5,True,142,56,2,1,331,4028.0,19,False,False,Tech
10,42.0,97.0,21,3,5,True,250,58,3,0,329,15994.0,8,False,False,Mac
3,180.0,0.0,7,4,7,True,324,60,2,4,0,0.0,5,False,False,Android
1,39.0,41.0,7,3,6,False,500,46,3,2,393,0.0,8,True,False,Open Source
4,21.0,2.0,10,3,8,True,83,43,2,1,67,868.0,8,False,False,User Experience
1,1.0,31.0,7,1,5,True,477,60,2,0,513,6556.0,9,True,False,Mac
3,0.0,139.0,13,1,6,True,340,51,3,1,238,83308.0,6,False,False,Productivity
9,30.0,35.0,15,3,5,False,390,51,2,0,54,114973.0,8,True,False,Android
6,138.0,59.0,7,3,5,True,126,56,5,2,280,82011.0,5,False,False,Audio
5,122.0,0.0,7,3,5,False,383,42,3,5,429,575.0,7,False,False,Developer Tools
1,2661.0,19.0,7,3,5,True,211,59,3,1,189,341.0,9,True,False,Software Engineering
1,51.0,0.0,8,2,7,False,154,60,8,4,239,0.0,7,True,False,Mac
1,262.0,0.0,7,2,5,True,500,57,3,6,603,0.0,8,True,False,Email
4,234.0,2.0,8,5,5,True,398,34,3,1,0,23.0,6,False,False,Android
28,175.0,5.0,20,5,1,True,284,48,2,3,135,1444.0,6,True,False,Analytics
9,300.0,24.0,7,6,8,True,479,58,2,1,233,18964.0,6,False,False,Comics & Graphic Novels
19,0.0,1.0,7,1,5,False,500,60,3,1,101,0.0,3,True,False,Browser Extensions
4,10.0,0.0,18,0,5,False,437,56,3,5,254,0.0,2,True,False,Open Source
6,78.0,128.0,12,3,5,True,493,60,3,1,0,96181.0,5,True,False,Productivity
1,96.0,44.0,9,3,6,True,377,56,4,0,605,517.0,4,False,False,Robots
16,0.0,0.0,7,3,9,True,492,35,5,1,409,13036.0,11,False,False,Email Marketing
2,29.0,186.0,9,0,6,True,318,56,3,1,0,2292.0,5,False,False,Health & Fitness
2,74.0,15.0,18,3,5,True,429,42,3,1,630,5175.0,6,False,False,Fintech
5,46.0,0.0,13,3,6,True,437,40,3,5,0,2799.0,5,True,False,Health & Fitness
1,41.0,23.0,11,4,1,True,266,55,3,4,439,1660.0,5,True,False,Productivity
3,0.0,19.0,4,3,5,True,478,57,3,1,0,1074.0,5,True,False,Music
2,187.0,118.0,17,3,6,True,244,52,3,1,346,0.0,7,False,False,API
4,42.0,9.0,7,0,5,True,363,50,3,1,519,0.0,7,False,False,Open Source
1,0.0,0.0,8,4,3,False,143,56,3,2,365,115021.0,1,True,False,Open Source
2,140.0,153.0,7,3,6,True,443,49,3,1,481,0.0,9,True,False,Artificial Intelligence
28,53.0,77.0,0,5,5,True,48,51,3,1,134,946.0,8,False,False,Task Management
19,153.0,13.0,7,0,5,True,492,58,3,1,55,0.0,4,False,False,Productivity
11,7.0,0.0,7,0,5,True,361,52,3,1,315,0.0,12,True,False,Developer Tools
1,107.0,21.0,7,6,6,True,313,49,9,2,452,3139.0,27,True,False,Chrome Extensions
11,0.0,5.0,14,2,5,True,485,55,2,1,0,4619.0,1,False,False,Productivity
14,48.0,0.0,0,5,5,True,200,60,4,4,1682,87174.0,12,False,False,Email
13,79.0,82.0,8,5,5,True,217,59,1,1,470,3524.0,7,True,False,Artificial Intelligence
12,108.0,0.0,22,2,5,False,144,42,1,1,0,4410.0,7,False,False,Travel
111,109.0,11.0,0,4,5,False,486,57,1,4,115,833.0,4,False,False,Fashion
2,662.0,40.0,7,3,5,True,453,60,5,1,0,0.0,4,True,False,Meetings
6,0.0,62.0,7,3,6,False,492,55,3,1,0,2521.0,6,True,False,Mac
13,122.0,62.0,6,5,5,True,500,58,3,0,53,149359.0,8,True,False,Fintech
5,79.0,28.0,6,1,9,True,466,51,2,1,244,0.0,3,True,False,Design Tools
6,57.0,0.0,16,3,5,True,471,50,3,1,0,145730.0,7,True,False,iOS
7,58.0,14.0,17,5,5,True,488,52,3,6,541,1587.0,3,False,False,Open Source
32,2661.0,39.0,7,6,5,True,416,42,3,1,0,5274.0,4,True,False,Advertising
12,17.0,0.0,7,1,5,True,475,60,3,3,198,4613.0,6,False,False,Email
1,74.0,15.0,23,4,5,True,126,42,3,1,620,39376.0,7,True,False,Startup Books
4,101.0,13.0,6,2,5,True,430,55,3,1,378,1872.0,5,False,False,Mac
13,125.0,6.0,7,5,6,True,500,33,2,1,312,0.0,11,True,False,Mac
1,18.0,39.0,23,1,7,True,268,21,3,1,0,3887.0,6,False,False,Productivity
1,0.0,6.0,6,3,6,True,497,57,2,1,370,583.0,5,True,False,Mac
8,200.0,131.0,20,0,6,True,500,49,1,1,74,94786.0,3,True,False,Mac
16,54.0,8.0,7,1,5,True,294,60,3,1,0,1574.0,13,False,False,Productivity
13,110.0,1.0,7,0,5,True,352,39,3,1,326,0.0,9,True,False,Design Tools
25,92.0,21.0,4,6,5,True,499,58,3,4,0,15841.0,5,False,False,API
16,0.0,6.0,18,1,6,False,327,59,9,1,34,1066.0,7,False,False,Kids
26,127.0,0.0,22,1,5,True,372,60,2,1,0,112425.0,7,False,False,Virtual Reality
10,74.0,55.0,8,1,12,True,132,60,3,1,0,2672.0,7,True,False,Mac
1,0.0,128.0,17,0,5,True,500,45,3,1,447,19076.0,6,False,False,Privacy
2,50.0,0.0,7,3,5,True,438,56,2,0,452,2572.0,6,False,False,Health & Fitness
18,62.0,0.0,7,6,6,False,482,57,5,6,0,1452.0,7,False,False,Messaging
25,410.0,10.0,6,2,5,True,448,53,3,1,1173,0.0,13,False,False,Web App
14,115.0,44.0,17,5,6,True,500,26,3,1,319,4152.0,5,True,False,Mac
14,130.0,0.0,7,6,5,True,500,58,4,1,447,1636.0,5,False,False,Productivity
13,423.0,0.0,7,6,5,True,422,50,4,2,0,1793.0,9,False,False,SaaS
12,262.0,3.0,16,4,5,True,146,58,3,0,116,4749.0,9,False,False,Productivity
1,0.0,60.0,7,5,6,True,500,51,3,1,555,0.0,7,True,False,Marketing
5,1349.0,0.0,22,4,5,True,248,59,3,3,294,735.0,8,True,False,Sales
1,93.0,0.0,21,5,6,False,129,55,1,3,40,755.0,3,False,False,Productivity
16,116.0,0.0,16,5,6,True,200,45,3,5,0,6374.0,3,False,False,Productivity
14,0.0,7.0,10,2,5,True,192,56,3,1,64,126047.0,2,True,False,Android
3,115.0,31.0,15,1,5,True,482,51,1,1,164,3230.0,8,True,False,Software Engineering
16,3.0,6.0,6,3,6,True,434,54,3,1,164,2533.0,0,False,False,Robots
26,46.0,47.0,7,4,6,True,496,47,3,0,600,83190.0,10,True,False,Tech
12,0.0,52.0,7,5,5,False,233,60,2,1,68,369.0,7,True,False,eBook Reader
5,0.0,19.0,11,3,6,True,401,54,3,0,0,0.0,3,False,False,Health & Fitness
14,144.0,25.0,6,2,5,True,363,55,2,1,50,1766.0,6,False,False,Web App
26,0.0,0.0,12,6,5,False,215,43,3,1,0,4696.0,3,False,False,Meetings
1,0.0,10.0,19,5,6,False,133,49,3,0,416,137.0,8,True,False,Writing
20,53.0,0.0,7,3,6,False,272,50,3,8,461,5174.0,9,False,False,Venture Capital
1,0.0,24.0,6,4,5,True,322,57,3,1,560,5015.0,5,False,False,Tech
1,22.0,8.0,9,0,5,True,190,46,3,1,170,5433.0,8,False,False,User Experience
1,113.0,30.0,23,3,1,True,422,54,4,0,529,0.0,1,True,False,Streaming Services
1,48.0,0.0,16,6,6,True,373,57,3,6,0,0.0,7,False,False,Software Engineering
20,103.0,0.0,7,5,5,True,191,48,3,1,19,0.0,8,True,False,Mac
1,0.0,58.0,6,1,6,True,468,58,3,5,126,55105.0,7,True,False,Mac
17,230.0,48.0,22,4,5,True,230,60,2,5,2519,0.0,8,False,False,Fashion
1,68.0,0.0,7,6,5,True,72,54,3,2,520,28951.0,8,True,False,Fintech
12,44.0,5.0,6,1,6,True,337,57,4,1,428,90735.0,8,False,False,Design Tools
1,61.0,11.0,14,3,6,True,48,56,3,0,135,87314.0,4,False,False,Fintech
7,36.0,23.0,6,0,5,True,328,50,3,0,241,24260.0,9,True,False,API
4,16.0,49.0,7,4,6,True,472,52,4,3,383,0.0,9,False,False,Hardware
1,0.0,145.0,6,0,6,True,112,51,3,0,212,4968.0,6,False,False,Productivity
3,114.0,0.0,6,2,6,False,196,51,3,1,501,2206.0,7,False,False,Payments
4,32.0,0.0,10,0,6,True,386,49,3,1,206,0.0,4,True,False,Chrome Extensions
21,104.0,5.0,8,2,2,True,500,43,1,1,319,3808.0,8,False,False,Vibe coding
13,0.0,8.0,15,0,5,True,500,56,2,3,296,161468.0,8,True,False,Sales
1,0.0,11.0,18,3,6,True,454,33,4,1,0,3155.0,5,False,False,SaaS
3,69.0,89.0,23,3,5,True,217,57,2,1,56,81418.0,13,True,False,Developer Tools
1,0.0,65.0,23,5,6,False,350,59,3,2,0,528.0,5,False,False,SaaS
2,0.0,26.0,14,4,4,True,465,53,3,2,528,750.0,5,True,False,Mac
17,182.0,44.0,6,0,5,True,111,40,3,1,416,4025.0,8,True,False,Software Engineering
3,35.0,44.0,21,6,5,True,463,39,3,1,412,4273.0,6,False,False,Software Engineering
44,0.0,0.0,7,4,6,True,292,58,4,2,398,1466.0,8,True,False,Productivity
4,0.0,4.0,6,4,5,True,454,60,4,2,345,872.0,5,True,False,Kids
1,54.0,13.0,7,3,5,True,257,51,3,1,137,2450.0,5,False,False,Vibe coding
1,437.0,0.0,8,1,6,True,138,59,2,4,3816,6784.0,6,False,False,Mac
4,0.0,12.0,7,4,6,True,381,50,3,1,0,21598.0,6,True,False,Advertising
11,872.0,25.0,16,6,5,True,273,29,3,1,0,135530.0,5,True,False,Analytics
1,0.0,30.0,7,0,6,True,390,25,3,1,253,0.0,8,False,False,Productivity
1,35.0,0.0,20,3,5,False,488,46,3,1,401,0.0,8,True,False,SaaS
2,59.0,0.0,7,3,5,False,495,60,3,3,0,0.0,3,True,False,API
17,159.0,1.0,6,1,6,True,443,57,3,1,588,5894.0,6,False,False,iOS
222,186.0,107.0,0,0,6,True,486,55,3,1,645,2273.0,6,True,False,Analytics
17,108.0,0.0,5,1,6,False,359,41,3,1,0,0.0,7,True,False,Productivity
1,188.0,29.0,7,5,5,True,459,52,3,1,193,3608.0,7,False,False,Developer Tools
33,0.0,47.0,6,4,5,True,258,49,3,2,408,89843.0,5,False,False,Mac
3,0.0,195.0,7,4,6,True,500,56,3,4,567,0.0,4,True,False,Mac
1,268.0,41.0,6,0,5,True,497,45,3,1,351,162449.0,0,True,False,Chrome Extensions
2,164.0,21.0,7,0,6,True,471,60,2,1,272,114102.0,10,False,False,Slack
9,71.0,12.0,6,4,6,True,135,52,3,1,662,111138.0,3,False,False,Productivity
6,252.0,1.0,7,6,5,True,161,56,3,1,476,0.0,6,False,False,Meetings
8,71.0,43.0,7,0,5,True,428,43,3,1,0,4564.0,4,False,False,Tech
1,53.0,90.0,15,3,5,True,215,59,3,1,0,5572.0,6,True,False,Health & Fitness
3,126.0,1.0,7,0,5,True,430,55,4,1,242,5145.0,7,False,False,SaaS
4,175.0,0.0,7,3,6,True,149,42,3,5,378,4678.0,6,False,False,eBook Reader
8,0.0,8.0,10,3,5,False,284,60,3,2,84,0.0,9,False,False,Home
1,0.0,0.0,6,0,5,True,186,59,3,0,87,21321.0,4,False,False,Marketing
17,48.0,0.0,6,1,5,True,217,39,5,4,12,2301.0,9,True,False,Retro Games
8,999.0,99.0,7,6,5,False,460,36,1,1,11,6462.0,3,False,False,Payments
91,135.0,0.0,3,4,6,True,500,56,3,6,142,62963.0,4,False,False,Productivity
1,0.0,0.0,13,6,5,False,413,48,3,1,185,3855.0,5,False,False,Browser Extensions
1,0.0,137.0,7,1,6,True,391,53,3,3,0,0.0,5,True,False,Audio
2,0.0,3.0,20,4,5,False,425,54,4,1,558,2200.0,5,False,False,Productivity
1,53.0,21.0,7,3,1,True,428,48,3,1,0,0.0,8,True,False,Design Tools
3,0.0,37.0,7,6,5,True,435,60,6,2,1805,4596.0,8,False,False,Fashion
1,86.0,13.0,7,6,6,True,423,47,3,2,27,3553.0,5,False,False,Productivity
215,117.0,3.0,2,2,5,False,198,48,3,3,158,2573.0,8,True,False,Open Source
4,0.0,10.0,7,2,5,True,369,37,2,1,0,0.0,5,True,False,Email Marketing
8,0.0,17.0,19,1,5,False,253,37,3,4,0,608.0,8,True,False,eBook Reader
4,51.0,58.0,7,4,5,True,444,45,3,5,0,5220.0,4,True,False,Music
14,58.0,0.0,7,3,6,True,445,48,1,1,359,59620.0,3,False,False,API
18,184.0,83.0,7,4,5,False,462,43,2,1,522,4682.0,9,False,False,Open Source
14,3.0,0.0,12,4,6,True,437,53,3,0,7,0.0,0,True,False,Android
9,318.0,0.0,7,5,5,True,284,52,2,3,375,3106.0,7,True,False,Marketing
9,123.0,0.0,22,2,6,True,398,60,3,1,0,0.0,5,True,False,Web App
9,227.0,0.0,16,2,6,True,222,60,3,4,351,110485.0,9,False,False,Vibe coding
5,139.0,2.0,7,3,5,True,387,50,3,2,0,778.0,5,False,False,Health & Fitness
1,39.0,27.0,7,3,5,True,405,39,3,3,0,2367.0,9,False,False,Sales
1,0.0,21.0,23,6,5,False,500,60,3,2,345,0.0,7,False,False,Prototyping
19,60.0,105.0,23,2,6,True,185,23,3,0,0,163.0,6,False,False,Browser Extensions
1,138.0,24.0,8,2,7,True,149,60,2,1,0,118634.0,7,True,False,Sales
1,111.0,35.0,20,5,6,True,231,50,3,1,0,1454.0,11,False,False,Health & Fitness
2,73.0,10.0,8,2,5,True,317,51,2,1,0,3515.0,2,False,False,Menu Bar Apps
1,124.0,10.0,10,3,5,False,276,53,1,5,409,2367.0,4,False,False,Audio
10,81.0,0.0,7,4,5,True,332,57,3,1,344,1038.0,4,False,False,Developer Tools
10,0.0,14.0,6,5,6,True,336,52,4,1,632,556.0,6,True,False,Tech
5,0.0,18.0,19,4,5,True,350,52,3,5,174,2634.0,5,False,False,Browser Extensions
1,188.0,4.0,1,4,5,False,500,60,3,1,0,0.0,4,False,False,Messaging
27,15.0,0.0,11,1,5,False,500,39,4,1,40,0.0,5,False,False,Hiring
24,0.0,0.0,5,3,5,False,500,52,3,1,0,0.0,2,False,False,SaaS
1,174.0,0.0,7,0,6,True,465,47,3,5,158,1998.0,0,False,False,Artificial Intelligence
1,90.0,4.0,7,6,9,True,251,38,3,1,407,0.0,6,True,False,Artificial Intelligence
1,122.0,21.0,2,5,5,True,373,57,1,0,144,0.0,10,False,False,Email
10,54.0,11.0,6,3,5,True,500,50,3,5,365,2012.0,4,False,False,Mac
6,0.0,0.0,7,2,6,True,493,45,3,0,279,72536.0,11,True,False,Mac
3,77.0,6.0,20,5,6,True,48,28,3,5,0,4266.0,4,False,False,SaaS
15,30.0,0.0,6,0,5,False,273,55,3,1,0,3615.0,8,True,False,Software Engineering
12,52.0,33.0,17,2,6,False,477,54,4,1,0,1468.0,8,False,False,Web App
1,25.0,37.0,7,4,6,True,434,53,3,2,287,0.0,20,True,False,API
1,86.0,6.0,6,2,7,True,397,53,3,5,0,0.0,8,True,False,Web App
7,60.0,6.0,7,1,5,True,411,60,3,4,0,0.0,2,True,False,Developer Tools
1,278.0,33.0,6,4,6,True,486,60,3,1,568,0.0,3,True,False,Education
2,51.0,19.0,7,0,8,True,329,43,4,1,0,3536.0,4,True,False,Mac
10,0.0,36.0,6,4,5,True,494,37,3,1,20,0.0,7,False,False,Web App
1,128.0,46.0,10,0,5,True,466,60,3,4,423,0.0,7,True,False,Chrome Extensions
10,95.0,5.0,7,4,5,False,500,56,2,1,0,0.0,2,False,False,Hiring
9,247.0,9.0,7,2,6,True,500,42,3,5,298,0.0,4,False,False,Hardware
1,12.0,0.0,15,4,6,True,241,55,3,5,676,347.0,27,True,False,Developer Tools
1,66.0,50.0,23,1,5,True,435,60,3,1,402,5712.0,6,False,False,Productivity
1,178.0,26.0,8,3,6,True,460,49,3,1,217,22593.0,3,False,False,Developer Tools
12,78.0,6.0,7,3,5,True,500,55,3,1,578,0.0,9,False,False,Productivity
1,30.0,40.0,9,3,5,True,370,59,3,1,350,1643.0,6,False,False,Design Tools
2,30.0,13.0,7,5,6,True,324,58,3,4,600,0.0,9,False,False,Hiring
1,0.0,85.0,7,1,6,True,395,40,2,0,81,1047.0,8,False,False,Fintech
1,158.0,113.0,0,4,1,True,482,54,3,0,428,3431.0,4,True,False,Artificial Intelligence
1,51.0,27.0,6,5,6,True,322,46,3,3,103,32236.0,9,False,False,Mac
1,158.0,9.0,7,6,5,True,432,34,3,1,0,6313.0,7,False,False,Software Engineering
3,211.0,26.0,7,5,6,True,425,53,3,12,218,100782.0,10,True,False,eBook Reader
1,52.0,10.0,20,0,6,True,393,60,3,1,0,0.0,8,True,False,Artificial Intelligence
1,242.0,5.0,23,5,1,True,401,48,3,4,377,4082.0,9,True,False,Open Source
16,70.0,0.0,22,5,6,False,438,58,3,3,79,0.0,8,True,False,Developer Tools
1,27.0,4.0,7,3,5,False,301,57,3,1,0,1643.0,6,True,False,Hiring
1,256.0,0.0,7,5,4,True,147,59,3,1,353,1188.0,6,False,False,Email
1,15.0,64.0,15,5,5,False,487,46,9,1,314,71549.0,7,True,False,Retro Games
6,114.0,0.0,14,3,5,False,456,51,3,1,532,0.0,9,False,False,Robots
8,25.0,11.0,19,6,6,True,268,58,3,2,45,3663.0,8,False,False,Artificial Intelligence
1,0.0,5.0,6,2,8,False,229,58,3,3,325,2625.0,5,False,False,Productivity
10,93.0,22.0,7,3,6,True,308,52,3,1,0,4620.0,8,True,False,Android
1,96.0,0.0,6,5,6,True,423,58,4,1,298,94492.0,8,True,False,Marketing
221,57.0,56.0,18,3,6,False,298,45,4,5,311,819.0,6,False,False,Productivity
14,16.0,1.0,3,5,5,False,500,54,1,0,118,3270.0,6,False,False,Developer Tools
9,123.0,0.0,18,1,6,False,330,60,3,1,0,81890.0,10,True,False,Health & Fitness
1,108.0,0.0,17,6,5,True,421,17,1,7,64,6882.0,9,False,False,Software Engineering
1,0.0,0.0,6,5,5,True,133,35,3,1,555,620.0,12,False,False,Web App
1,0.0,38.0,7,0,3,True,500,53,4,1,0,2518.0,2,False,False,Marketing
3,76.0,1.0,7,0,6,True,270,42,2,3,0,4962.0,5,False,False,Tech
1,208.0,12.0,7,5,6,True,441,53,5,1,81,0.0,7,False,False,Design Tools
2,684.0,15.0,0,4,5,True,298,51,4,1,688,1846.0,11,False,False,Productivity
1,42.0,40.0,18,5,5,True,313,48,3,1,298,0.0,4,True,False,Developer Tools
1,88.0,46.0,6,3,5,True,365,59,3,2,323,3083.0,9,True,False,Mac
6,0.0,7.0,6,6,5,False,500,53,4,1,169,37911.0,7,True,False,Sales
6,0.0,13.0,7,3,5,True,468,60,3,4,398,0.0,10,True,False,Open Source
11,26.0,27.0,4,4,6,True,500,40,3,1,0,501.0,9,True,False,Chrome Extensions
1,156.0,132.0,7,3,6,True,215,55,3,1,188,145808.0,8,False,False,Mac
5,104.0,0.0,23,3,5,True,418,41,1,2,252,3590.0,25,False,False,Payments
10,19.0,16.0,9,6,6,False,162,21,3,1,0,0.0,7,False,False,Android
1,276.0,12.0,7,1,5,True,462,39,8,2,327,10970.0,6,True,False,Slack
16,126.0,8.0,12,3,1,True,61,41,1,1,0,1195.0,5,False,False,Linux
9,112.0,0.0,7,1,6,True,421,44,1,1,0,3598.0,6,False,False,SaaS
8,80.0,0.0,0,0,6,True,213,58,3,1,799,3503.0,10,False,False,API
11,0.0,3.0,6,1,5,True,303,48,3,1,440,0.0,7,True,False,Productivity
7,151.0,2.0,6,1,5,False,232,53,3,1,305,3531.0,7,False,False,Mac
1,0.0,17.0,7,2,6,True,500,46,3,1,615,2992.0,9,False,False,Productivity
5,560.0,7.0,23,5,6,True,500,40,3,1,327,5408.0,6,False,False,Social Media
2,47.0,143.0,7,0,5,True,500,59,3,7,21,1827.0,7,False,False,Couples
1,95.0,73.0,7,6,1,True,112,52,3,1,0,5511.0,7,True,False,Software Engineering
28,2661.0,91.0,6,2,6,True,458,60,3,2,0,0.0,7,True,False,Android
1,78.0,311.0,7,6,2,True,96,60,4,1,250,0.0,10,True,False,Web App
7,298.0,8.0,7,0,5,False,148,60,2,4,0,1913.0,4,True,False,Mac
1,90.0,48.0,7,0,5,True,500,60,3,0,240,2717.0,10,True,False,Productivity
16,146.0,39.0,8,4,6,False,251,57,3,1,0,1769.0,6,True,False,Design Tools
2,7.0,39.0,0,4,4,False,500,50,9,2,14,0.0,2,False,False,Fintech
1,176.0,21.0,7,3,5,True,435,55,3,2,230,3684.0,8,True,False,API
6,406.0,21.0,22,1,5,True,500,53,1,1,0,30583.0,14,True,False,Developer Tools
9,202.0,75.0,17,3,5,False,451,55,4,7,7,3037.0,9,False,False,Android
1,75.0,111.0,7,6,5,True,500,53,1,3,0,22371.0,6,True,False,SaaS
12,191.0,0.0,7,0,5,True,106,57,3,1,0,0.0,6,False,False,Music
12,284.0,0.0,3,3,5,True,276,59,3,2,0,2954.0,6,False,False,Developer Tools
13,80.0,0.0,16,5,6,False,333,54,3,1,288,4320.0,5,False,False,Crypto
80,0.0,22.0,6,4,6,False,269,57,3,4,0,1583.0,7,False,False,Design Tools
3,148.0,83.0,7,6,5,True,221,37,3,1,410,151172.0,7,False,False,Design Tools
1,176.0,6.0,6,3,6,True,483,32,4,5,96,5932.0,5,False,False,Tech
1,77.0,13.0,19,0,5,False,461,43,3,1,153,414.0,5,False,False,Design Tools
1,147.0,0.0,7,4,6,True,479,60,3,0,0,3248.0,12,False,False,Design Tools
1,236.0,36.0,7,6,6,True,476,60,3,4,849,48367.0,9,False,False,Chrome Extensions
25,135.0,6.0,7,3,6,False,477,60,3,1,0,0.0,1,False,False,Productivity
11,0.0,84.0,13,3,1,False,182,46,6,5,519,0.0,8,True,False,Cars
1,130.0,1.0,7,1,6,False,237,60,2,1,67,12600.0,5,False,False,Art
9,489.0,0.0,18,1,6,False,246,60,4,1,272,6024.0,6,True,False,SaaS
16,14.0,0.0,7,4,5,False,500,35,2,0,0,136581.0,0,False,False,Email Marketing
1,47.0,7.0,23,6,3,False,392,42,3,1,440,3684.0,6,True,False,Android
8,75.0,8.0,13,0,5,True,473,35,3,0,440,0.0,9,False,False,Design Tools
17,125.0,0.0,11,6,5,False,124,48,3,3,204,0.0,11,False,False,Vibe coding
194,98.0,0.0,18,2,5,True,319,56,3,1,404,6712.0,4,True,False,Sales
15,53.0,42.0,7,0,1,False,206,60,2,1,0,0.0,3,False,False,Virtual Reality
5,347.0,43.0,7,5,2,False,500,59,4,2,118,120529.0,9,True,False,Android
