votesCount,commentsCount,launch_hour,weekday,month,year,is_featured,description_length,tagline_length,topic_count,maker_count,maker_total_followers,hunter_followers_count,media_count,has_video,self_launched,primary_topic,hunter_prev_launches,hunter_prev_avg_votes,maker_prev_launches,maker_prev_avg_votes,is_synthetic
721.0,97.0,7,0,7,2026,True,69,36,3,1,1916.0,5108.0,4,True,False,Other,0,172.4,29,0.5,True
122.0,33.0,7,4,6,2026,False,461,50,3,2,179809.0,10.0,5,False,False,Other,1,0.0,0,0.2,True
347.0,77.0,7,6,6,2026,True,52,52,3,3,39.0,1467.0,8,False,True,Other,0,0.0,0,0.0,False
131.0,5.0,7,3,5,2023,True,66,35,5,1,43578.0,10.0,6,False,False,Design Tools,0,0.0,215,0.0,True
12.0,13.0,14,5,5,2023,False,148,32,3,1,5.0,1743.0,1,False,True,Other,0,0.0,0,1.2,True
6.0,5.0,17,3,5,2023,False,190,59,3,3,3038.0,57.0,3,False,False,Other,0,0.0,0,0.0,True
2.0,0.0,4,4,5,2023,False,232,21,1,1,351.0,239.0,1,False,True,Other,0,0.0,0,0.0,False
147.0,41.0,7,0,7,2026,True,68,41,3,1,223121.0,3046.0,6,True,False,Other,0,0.0,0,161.7,True
167.0,17.0,7,0,7,2026,True,60,60,3,3,2712.0,10015.0,4,False,False,Design Tools,0,0.0,1617,0.0,True
15.0,3.0,0,1,3,2023,False,175,57,2,1,171.0,127.0,2,False,True,Artificial Intelligence,0,0.0,0,0.0,False
599.0,39.0,7,6,6,2026,True,269,56,3,1,2717.0,4618.0,9,True,False,Productivity,0,115.9,12,2.9,True
411.0,24.0,7,6,9,2026,False,62,47,3,2,3094.0,31039.0,6,True,False,Productivity,0,196.2,0,462.0,True
92.0,95.0,7,3,5,2026,True,267,59,1,1,5.0,1312.0,6,True,False,Android,0,0.0,644,0.0,True
97.0,56.0,7,6,7,2026,True,40,39,3,3,1331.0,548.0,8,False,False,Social Media,0,0.0,5,1.0,True
138.0,7.0,22,0,5,2023,False,196,21,2,1,168052.0,855.0,2,False,True,Fintech,0,0.0,0,1.7,True
11.0,6.0,8,4,5,2023,False,236,43,2,1,5.0,2772.0,3,False,True,Design Tools,0,0.0,279,2.4,True
3.0,1.0,7,4,5,2023,False,241,56,2,1,1184.0,1018.0,2,False,True,Other,0,0.0,0,0.0,False
1.0,3.0,7,0,7,2023,True,31,37,3,1,945.0,1997.0,2,False,False,Productivity,0,0.0,7,3.7,True
158.0,11.0,7,0,7,2026,True,169,38,3,2,5.0,1185.0,4,False,False,Productivity,0,0.0,0,0.2,True
124.0,158.0,7,5,7,2023,True,31,50,3,1,160824.0,4874.0,3,False,False,Marketing,0,53.3,0,0.0,True
26.0,5.0,23,6,7,2023,False,250,32,1,1,5.0,5549.0,4,False,True,Design Tools,0,0.0,2153,1.8,True
519.0,7.0,7,4,5,2023,True,250,26,3,1,258.0,2103.0,6,False,False,Marketing,0,0.0,0,1.6,True
214.0,127.0,7,6,7,2026,True,50,49,3,1,5.0,2203.0,8,True,False,Other,0,0.0,9,2.4,True
1.0,0.0,11,1,3,2023,False,271,33,2,0,5.0,64.0,1,False,True,Education,0,0.0,9,3.5,True
10.0,0.0,7,0,7,2023,True,250,32,1,20,5.0,1754.0,6,False,False,Analytics,0,0.0,1,0.0,True
393.0,2.0,7,0,7,2023,False,59,58,3,4,53.0,1680.0,6,False,False,Productivity,0,0.0,0,2.3,True
28.0,33.0,7,6,7,2026,False,58,58,3,1,791.0,726.0,8,True,False,Other,0,0.0,0,0.0,False
187.0,9.0,7,2,7,2026,True,50,25,3,3,5.0,12194.0,6,True,False,Other,0,0.0,10,55.9,True
1.0,1.0,5,5,5,2023,True,166,29,3,1,5.0,1990.0,3,False,True,Productivity,0,0.0,11,3.0,True
163.0,0.0,12,0,7,2023,False,33,38,3,1,5.0,1976.0,4,False,True,Fintech,0,0.0,0,0.1,True
4.0,0.0,6,0,3,2023,False,220,26,2,1,113.0,1881.0,2,True,False,Other,0,0.0,0,0.0,False
185.0,7.0,7,6,7,2023,True,46,59,3,3,5.0,806.0,6,False,False,Other,0,2.2,0,5.8,True
11.0,0.0,7,3,5,2026,False,234,32,3,1,2940.0,2527.0,4,True,False,Android,0,0.7,0,0.0,True
169.0,15.0,7,4,5,2026,True,85,52,3,1,2997.0,336.0,4,False,False,Artificial Intelligence,0,0.4,0,153.7,True
92.0,0.0,5,0,5,2023,True,246,37,3,1,5.0,856.0,4,False,False,Other,0,0.0,21,1.0,True
186.0,72.0,7,0,9,2026,True,166,57,3,3,59677.0,851.0,4,True,False,Chrome Extensions,0,0.0,3,247.1,True
124.0,0.0,21,5,7,2024,True,57,35,3,1,57980.0,3809.0,3,False,False,Design Tools,0,0.0,8,1.7,True
1.0,1.0,5,5,1,2023,False,271,17,2,1,177.0,729.0,1,False,True,Health & Fitness,0,0.0,0,0.0,False
32.0,67.0,12,3,7,2023,True,422,50,3,2,5.0,2426.0,6,False,False,Mac,0,0.0,2,221.0,True
11.0,12.0,7,4,7,2023,False,39,57,3,1,5.0,5277.0,8,False,True,Other,0,0.0,21,0.4,True
111.0,7.0,7,1,6,2026,True,45,45,3,1,3312.0,5519.0,9,False,False,Marketing,0,64.0,6,0.0,True
366.0,40.0,8,4,6,2022,True,103,29,3,1,168.0,2478.0,1,False,False,Other,0,0.0,0,0.0,False
27.0,0.0,7,4,7,2024,False,149,57,3,1,141184.0,1735.0,3,True,True,Health & Fitness,0,0.0,17,4.3,True
416.0,29.0,0,6,6,2026,True,172,32,3,1,385.0,28.0,5,True,False,Design Tools,0,0.0,0,0.0,False
246.0,359.0,7,0,7,2026,True,24,60,3,2,5.0,5668.0,6,False,False,Marketing,0,0.0,0,169.9,True
304.0,8.0,18,5,9,2022,True,86,59,3,1,259.0,870.0,7,True,False,Other,0,0.0,0,0.0,False
17.0,0.0,21,4,3,2023,False,167,58,3,3,1308.0,336.0,3,True,False,Artificial Intelligence,0,0.6,2,3.0,True
431.0,101.0,0,0,5,2023,False,55,40,3,1,5.0,8711.0,6,True,False,Design Tools,0,0.9,6,2.9,True
651.0,64.0,7,1,6,2026,True,38,38,3,2,102.0,909.0,7,True,False,Other,0,0.0,0,0.0,False
160.0,42.0,7,0,5,2026,False,74,58,3,1,20498.0,988.0,8,True,False,Other,0,0.0,3,207.0,True
1.0,1.0,7,3,3,2023,True,210,56,3,1,5.0,458.0,4,False,True,Other,0,0.0,0,1.2,True
7.0,3.0,7,3,7,2023,False,278,36,4,1,5.0,4295.0,1,False,True,Other,0,0.0,0,0.0,True
212.0,0.0,7,4,1,2023,True,392,50,2,1,5.0,1475.0,7,False,False,Other,0,0.0,0,218.5,True
20.0,0.0,15,0,3,2023,False,271,27,1,1,5.0,1690.0,2,True,True,Productivity,0,0.0,0,0.0,True
117.0,68.0,7,4,6,2026,True,72,14,3,1,748.0,3027.0,6,True,False,Other,0,0.0,0,188.7,True
23.0,0.0,8,3,1,2023,False,372,59,1,1,26075.0,2136.0,4,True,True,Android,0,0.0,0,0.0,True
129.0,264.0,7,1,7,2026,True,64,26,3,1,5.0,8473.0,4,False,False,Other,21,0.0,3544,1.8,True
277.0,99.0,7,3,5,2026,True,57,44,3,2,1823.0,912.0,9,False,False,API,0,0.0,7,0.0,True
105.0,3.0,7,4,7,2023,False,290,45,1,3,85581.0,1326.0,5,False,False,Other,0,0.0,0,226.8,True
1.0,2.0,8,4,3,2023,False,189,25,3,1,2013.0,324.0,3,False,False,Other,0,0.0,7,4.1,True
124.0,13.0,0,3,5,2026,True,297,58,3,1,3425.0,8594.0,4,True,False,Developer Tools,7,262.85714285714283,7,262.85714285714283,False
109.0,0.0,15,0,5,2023,False,65,60,3,1,1434.0,1295.0,4,False,False,Web App,0,0.0,1,0.0,True
93.0,3.0,7,1,7,2023,True,254,40,3,1,5.0,4878.0,6,False,False,Open Source,0,0.0,0,0.0,True
106.0,11.0,10,3,1,2023,True,236,49,2,1,340.0,2113.0,5,False,True,Other,0,0.0,0,0.0,False
6.0,5.0,0,5,5,2026,False,393,49,3,1,415.0,1547.0,6,True,False,Mac,0,0.0,0,0.0,False
75.0,47.0,7,4,7,2025,False,44,57,3,2,2171.0,8696.0,3,True,False,Other,2,0.0,0,399.2,True
16.0,3.0,14,3,1,2023,True,240,48,3,0,5.0,730.0,3,False,True,Marketing,0,0.0,19,0.0,True
106.0,4.0,7,5,7,2023,True,76,59,3,3,426.0,1558.0,6,True,False,Design Tools,0,0.0,9,2.0,True
139.0,0.0,7,3,5,2023,False,145,43,2,1,5946.0,198.0,6,False,False,Analytics,0,0.0,9,3.6,True
1.0,5.0,13,5,3,2023,False,237,43,3,1,2263.0,4490.0,4,False,True,Other,0,0.0,15,0.0,True
11.0,2.0,16,3,7,2023,False,258,53,2,1,5.0,4250.0,8,False,True,Android,0,0.0,1,183.8,True
3.0,1.0,13,6,5,2023,False,139,41,2,1,876.0,3836.0,1,False,True,Other,0,0.0,0,0.0,False
314.0,123.0,7,1,5,2023,True,29,47,3,2,3587.0,911.0,6,False,False,Chrome Extensions,34,0.0,26,0.0,True
154.0,0.0,7,2,10,2023,True,248,48,3,2,5.0,3255.0,5,True,True,Web App,0,0.1,0,0.1,True
120.0,79.0,7,4,1,2026,True,76,52,3,2,5.0,14866.0,6,False,False,Productivity,0,0.0,0,0.0,True
65.0,128.0,7,3,5,2023,True,301,55,3,3,172.0,759.0,6,False,False,Web App,0,0.0,0,0.0,True
2.0,1.0,20,3,7,2023,False,150,35,3,1,164.0,5843.0,3,False,True,Hiring,1,65.0,0,0.0,False
526.0,61.0,7,3,7,2023,True,40,28,2,1,5.0,2744.0,6,True,False,Hiring,0,0.2,542,5.4,True
10.0,2.0,7,1,7,2023,True,38,44,3,2,110006.0,1524.0,17,False,False,Design Tools,0,0.0,1124,0.0,True
499.0,69.0,7,3,7,2026,True,35,35,3,2,402.0,4961.0,4,False,False,API,0,0.0,0,0.0,False
17.0,0.0,7,3,7,2023,False,252,60,3,1,609.0,600.0,3,False,True,Productivity,0,0.0,208,0.0,True
3.0,1.0,14,3,7,2023,False,134,54,3,1,828.0,289.0,2,True,True,Open Source,0,0.0,0,0.0,False
11.0,0.0,6,1,7,2023,False,254,31,3,1,3570.0,333.0,2,False,True,Design Tools,0,0.0,0,227.4,True
150.0,27.0,7,5,7,2025,True,50,50,3,1,5.0,3819.0,6,True,False,Other,0,0.0,16,0.0,True
282.0,85.0,7,4,6,2026,True,64,39,3,3,2550.0,1165.0,6,True,False,Other,1,223.6,35,403.8,True
849.0,22.0,7,4,5,2026,True,71,26,3,1,3194.0,13467.0,9,True,False,Productivity,0,0.0,20,3.0,True
1.0,73.0,7,3,6,2026,True,56,33,3,1,233908.0,931.0,4,True,False,Design Tools,0,60.7,0,0.6,True
1.0,0.0,13,4,7,2023,False,235,30,1,1,187.0,84.0,8,False,True,iOS,0,0.9,0,0.0,True
824.0,2.0,7,4,5,2023,False,253,31,2,1,4531.0,1887.0,3,False,True,Productivity,0,0.9,0,0.0,True
10.0,2.0,7,0,5,2023,False,255,45,2,1,658.0,483.0,1,False,True,Other,0,0.0,0,0.0,True
150.0,36.0,7,4,7,2026,True,47,42,3,2,3762.0,634.0,9,False,False,SaaS,0,0.0,0,0.0,True
12.0,0.0,8,4,7,2025,True,270,41,1,1,5.0,2576.0,6,False,False,Other,0,0.0,0,0.0,True
133.0,19.0,7,3,5,2026,True,54,59,3,1,2703.0,531.0,3,True,False,Productivity,0,2.4,8,174.0,True
4.0,1.0,11,4,7,2023,False,228,23,3,2,101124.0,2186.0,2,True,False,Artificial Intelligence,0,0.0,661,202.29198184568835,False
199.0,16.0,12,1,6,2026,True,243,54,3,1,3402.0,484.0,5,True,False,Productivity,0,0.0,0,7.4,True
303.0,108.0,7,2,5,2026,True,73,45,3,1,5.0,1157.0,6,True,False,Productivity,0,0.0,0,438.4,True
84.0,0.0,23,4,5,2023,False,243,41,3,1,5.0,2481.0,2,False,False,Design Tools,0,0.0,1,0.0,True
20.0,0.0,15,6,7,2023,False,266,35,3,12,5.0,1051.0,4,False,True,Other,0,0.0,313,1.3,True
104.0,0.0,14,4,7,2023,True,254,26,2,2,3523.0,953.0,1,True,True,Mac,0,0.5,9,0.0,True
97.0,2.0,7,0,5,2023,True,261,56,1,1,5.0,622.0,3,False,True,Productivity,0,0.0,0,3.2,True
138.0,21.0,8,6,5,2023,True,162,23,2,1,1425.0,3631.0,2,False,True,Other,1,159.0,1,159.0,False
111.0,8.0,8,6,7,2023,True,173,37,3,1,5.0,2043.0,2,False,False,Android,0,0.0,7,0.0,True
4.0,0.0,22,3,5,2023,False,166,20,1,0,3544.0,405.0,4,True,True,Marketing,0,0.2,0,5.1,True
186.0,0.0,7,3,6,2026,False,500,60,3,1,1980.0,2059.0,9,True,False,Education,9,150.3,0,207.4,True
188.0,22.0,7,0,7,2026,False,46,56,3,1,1071.0,1751.0,4,True,False,Productivity,0,0.0,0,43.1,True
274.0,19.0,7,5,6,2026,False,71,60,3,2,259085.0,3288.0,6,True,False,API,0,0.0,22,202.8,True
206.0,39.0,7,0,7,2026,True,46,46,3,1,2246.0,4793.0,7,True,True,API,1,205.0,1,205.0,False
260.0,128.0,0,0,7,2023,True,215,29,3,1,45565.0,2687.0,10,False,False,Other,0,0.2,0,218.3,True
385.0,0.0,0,0,5,2026,True,70,42,3,1,241267.0,14819.0,6,True,False,API,1,86.2,26,461.2,True
233.0,49.0,7,5,7,2023,False,222,57,3,1,4297.0,599.0,7,False,False,Design Tools,2,0.6,1404,4.8,True
25.0,0.0,7,4,5,2023,True,242,54,3,1,16862.0,3856.0,4,True,True,API,0,0.0,12,1.5,True
93.0,8.0,7,0,7,2026,True,40,38,3,1,1021.0,2849.0,4,False,False,Other,0,0.0,0,0.0,True
189.0,48.0,7,1,7,2023,True,61,58,3,1,4088.0,2895.0,4,False,False,Other,0,0.0,7,0.0,True
25.0,10.0,14,0,12,2025,False,473,52,3,1,747.0,2487.0,6,True,False,Analytics,0,0.0,0,0.0,False
120.0,0.0,7,1,7,2026,True,31,57,3,1,5.0,4728.0,6,True,False,Productivity,9,2.1,5,2.3,True
12.0,0.0,7,0,5,2023,False,242,56,3,1,5.0,3548.0,2,False,True,Android,0,0.0,7,141.9,True
94.0,4.0,7,0,7,2023,False,242,58,3,1,1905.0,2083.0,3,False,False,Android,0,0.0,0,0.0,True
146.0,282.0,8,6,5,2023,True,252,41,4,2,66735.0,1266.0,18,True,False,Design Tools,0,0.0,434,185.03917050691248,False
529.0,0.0,7,1,7,2023,False,57,43,3,0,5.0,6777.0,3,True,False,Android,0,0.0,0,1.9,True
19.0,1.0,23,3,5,2023,False,261,56,2,1,5.0,1740.0,1,False,True,Other,0,0.0,1,2.3,True
288.0,103.0,7,2,5,2026,True,385,29,3,1,234559.0,1180.0,8,False,False,Other,0,237.3,16,2.7,True
145.0,15.0,7,5,5,2026,True,230,37,3,1,1452.0,4605.0,5,False,False,iOS,0,0.0,504,0.2,True
141.0,5.0,7,4,3,2026,True,58,56,3,3,1396.0,13237.0,7,True,False,Productivity,0,0.0,2,2.6,True
84.0,0.0,7,5,7,2023,True,48,36,2,1,5.0,2032.0,6,False,True,Other,0,0.0,0,0.0,True
102.0,3.0,7,4,5,2023,True,213,50,1,7,2136.0,11053.0,3,True,False,Developer Tools,0,0.5,0,0.0,True
153.0,10.0,1,0,6,2026,True,60,60,3,3,5.0,11496.0,8,False,False,Other,0,7.7,213,187.3,True
135.0,44.0,7,6,7,2026,True,68,17,3,1,4576.0,917.0,8,True,False,Other,3,0.0,2,0.0,True
19.0,1.0,7,0,5,2023,False,257,26,3,3,2425.0,2046.0,4,True,False,API,0,0.0,0,0.0,True
146.0,16.0,16,6,5,2026,False,65,38,3,3,5.0,3685.0,6,False,False,Open Source,0,0.0,0,0.0,True
564.0,19.0,0,6,5,2026,True,268,56,3,1,3342.0,8916.0,9,True,False,Design Tools,4,325.0,4,325.0,False
13.0,6.0,5,5,3,2023,False,61,42,3,1,5.0,2109.0,6,True,False,Marketing,0,0.0,341,2.3,True
12.0,2.0,16,3,7,2023,False,265,35,2,1,107.0,2594.0,1,False,True,Chrome Extensions,0,0.0,8,0.0,True
118.0,79.0,7,1,3,2023,True,235,49,3,1,180.0,1426.0,4,False,True,Productivity,0,0.0,0,0.0,False
1.0,3.0,10,1,5,2023,False,262,38,3,0,2441.0,3008.0,0,False,True,Other,0,0.0,4,235.5,True
235.0,54.0,0,2,7,2026,True,58,50,3,3,1801.0,127.0,7,True,False,Other,0,0.0,19,333.3,True
82.0,46.0,7,0,7,2023,True,17,44,3,3,5.0,2194.0,4,True,False,Design Tools,0,0.0,4,0.0,True
99.0,5.0,8,3,1,2023,True,216,47,2,3,24018.0,1110.0,4,False,False,Productivity,0,0.0,142,321.9154929577465,False
131.0,99.0,7,1,7,2026,True,50,60,3,3,630.0,4143.0,4,True,False,Productivity,0,0.0,6,407.6,True
506.0,130.0,0,6,6,2026,True,498,40,3,1,4368.0,15168.0,7,True,False,Email,13,264.9230769230769,13,264.9230769230769,False
157.0,175.0,1,4,7,2023,True,57,33,3,1,5.0,13997.0,5,True,False,Productivity,0,0.0,0,185.1,True
6.0,0.0,13,3,1,2023,False,230,59,3,2,14283.0,1163.0,6,False,False,Design Tools,0,0.0,74,313.1216216216216,False
153.0,198.0,7,0,5,2026,True,60,29,3,2,5.0,4268.0,6,False,False,Developer Tools,1,0.0,3,0.0,True
237.0,19.0,7,6,10,2026,False,40,52,3,3,428.0,8731.0,8,True,False,Developer Tools,0,305.8,5,254.7,True
142.0,5.0,9,3,4,2022,True,485,53,3,1,374.0,4461.0,4,True,False,Other,0,0.0,0,0.0,False
106.0,75.0,7,0,6,2026,True,487,46,3,1,5.0,9253.0,7,False,False,Productivity,0,0.0,1698,319.7,True
19.0,0.0,7,5,3,2023,True,252,40,3,1,162314.0,3378.0,2,True,True,Fintech,0,0.0,39,0.0,True
106.0,2.0,17,0,7,2023,True,264,36,5,1,5.0,1186.0,3,False,True,API,0,0.0,0,0.4,True
76.0,6.0,15,4,7,2023,True,251,35,4,1,23.0,657.0,3,False,True,Productivity,0,0.0,0,0.0,False
172.0,27.0,0,0,6,2026,True,338,46,3,1,1745.0,4996.0,5,True,False,Marketing,1,195.0,1,195.0,False
82.0,0.0,17,4,3,2023,True,224,58,1,1,30341.0,1371.0,1,False,False,Developer Tools,0,0.0,9,3.6,True
237.0,0.0,7,0,5,2026,True,161,59,3,6,355.0,8108.0,12,True,False,Other,0,0.0,849,2.1,True
168.0,35.0,11,1,7,2023,True,295,40,3,1,906.0,1095.0,3,False,False,Fintech,0,1.1,0,0.0,True
176.0,5.0,0,6,7,2026,False,486,35,3,1,4216.0,13765.0,6,True,False,Android,0,0.0,27,199.0,True
133.0,0.0,16,3,5,2023,False,241,47,2,1,2672.0,1014.0,8,False,False,Artificial Intelligence,0,0.0,746,0.0,True
13.0,74.0,7,4,7,2023,False,166,55,3,1,3661.0,1930.0,4,False,True,Email,0,0.8,0,0.0,True
53.0,8.0,7,3,7,2026,True,273,30,5,4,245133.0,4057.0,4,False,False,Mac,2,0.0,4,384.6,True
146.0,60.0,7,6,5,2026,True,49,28,3,2,5.0,1003.0,9,True,False,Developer Tools,0,0.0,0,0.0,True
484.0,18.0,7,3,4,2022,False,121,19,3,1,241.0,280.0,1,False,False,Productivity,0,0.0,0,0.0,False
181.0,1.0,7,3,7,2026,True,57,60,3,1,5.0,783.0,5,False,False,Productivity,0,0.0,1,1.8,True
208.0,50.0,0,0,5,2026,True,33,58,3,2,5.0,1090.0,9,True,False,Other,0,299.5,11,0.0,True
721.0,117.0,7,3,4,2022,True,255,51,3,1,840.0,71.0,5,False,False,Other,0,0.0,0,0.0,False
102.0,4.0,7,3,5,2026,False,418,40,3,1,2098.0,1269.0,7,True,True,Other,0,0.0,412,203.0,True
715.0,27.0,1,4,6,2026,True,81,50,3,3,2149.0,24259.0,6,True,False,Productivity,2,0.6,4,1.4,True
3.0,1.0,21,5,5,2023,False,259,43,3,1,1842.0,3146.0,1,False,True,Artificial Intelligence,0,0.0,0,0.0,False
1373.0,61.0,7,4,7,2026,False,45,57,3,1,1450.0,5601.0,5,True,False,Productivity,0,248.7,10,323.3,True
2.0,0.0,10,3,1,2023,False,229,45,1,1,369.0,792.0,1,False,True,SaaS,0,0.0,0,0.0,False
75.0,0.0,7,5,7,2026,True,52,36,3,1,5.0,1740.0,6,True,False,Artificial Intelligence,0,0.0,22,2.3,True
1.0,0.0,15,3,7,2023,True,268,59,3,1,5535.0,1410.0,7,False,True,Other,0,0.0,0,4.1,True
101.0,0.0,12,4,7,2024,True,375,42,3,1,5.0,4679.0,3,False,False,Open Source,0,3.8,10,4.3,True
92.0,0.0,7,5,3,2023,False,243,57,2,1,75610.0,252.0,3,True,False,Analytics,0,0.0,0,0.0,True
93.0,11.0,7,4,7,2023,True,223,53,1,1,149.0,1338.0,9,True,True,Productivity,0,0.0,0,0.0,False
1.0,1.0,23,3,3,2023,False,238,35,2,1,5.0,818.0,3,True,True,Other,0,0.0,3,0.0,True
13.0,2.0,8,4,3,2023,True,281,30,3,3,5103.0,590.0,3,False,True,Marketing,0,0.0,337,2.7,True
129.0,0.0,7,3,5,2023,False,262,43,3,1,5.0,867.0,3,False,True,Design Tools,0,0.0,11,217.6,True
77.0,24.0,7,0,3,2023,True,253,33,3,2,30832.0,737.0,6,False,False,Other,0,0.0,192,223.15625,False
2.0,0.0,22,5,1,2023,False,168,58,3,1,267.0,1942.0,7,False,True,Other,0,0.0,0,0.0,False
149.0,4.0,7,5,1,2023,False,58,29,1,1,4239.0,1804.0,6,False,True,Web App,0,0.0,8,0.0,True
3.0,2.0,15,1,3,2023,False,231,27,3,1,3036.0,4727.0,1,False,True,Developer Tools,0,0.0,0,1.3,True
11.0,2.0,7,4,5,2023,False,279,34,3,0,815.0,2397.0,4,False,True,Mac,0,0.0,16,3.3,True
87.0,0.0,7,5,7,2023,True,233,30,3,1,5.0,4282.0,7,True,True,Analytics,0,0.0,0,0.0,True
133.0,40.0,7,3,5,2023,True,66,38,2,1,5.0,693.0,5,True,False,Other,0,0.0,0,2.3,True
99.0,59.0,1,2,6,2026,True,60,23,3,2,6894.0,7432.0,6,True,False,Other,2,335.3,2444,1.6,True
150.0,27.0,7,3,7,2026,True,55,51,3,3,112.0,725.0,7,True,False,API,0,0.0,0,6.4,True
70.0,22.0,7,6,5,2026,True,73,53,2,1,452.0,676.0,6,False,False,Marketing,0,0.0,0,2.1,True
13.0,0.0,7,3,4,2023,False,215,42,2,1,96626.0,718.0,4,True,True,Other,0,0.0,0,0.8,True
26.0,0.0,13,5,3,2023,True,263,51,3,1,44178.0,2695.0,4,False,True,Other,0,0.0,0,0.0,True
6.0,1.0,10,4,5,2023,False,229,58,3,1,119.0,352.0,3,False,True,Productivity,0,0.0,0,0.0,False
11.0,1.0,7,3,5,2023,False,251,60,1,7,4776.0,1307.0,1,False,True,Mac,0,0.0,0,0.0,True
124.0,0.0,16,4,3,2023,False,188,38,1,3,682.0,732.0,6,False,True,Productivity,0,0.0,21,0.0,True
4.0,1.0,10,5,5,2023,False,245,60,3,1,97.0,796.0,3,False,True,Productivity,0,0.0,0,0.0,False
190.0,0.0,7,4,5,2026,True,186,54,3,1,1661.0,3690.0,8,True,False,Productivity,0,0.0,0,0.0,True
129.0,42.0,7,0,1,2023,False,271,48,3,0,1014.0,1946.0,4,True,True,Productivity,0,0.0,0,0.0,True
139.0,0.0,7,3,7,2023,False,209,38,2,1,5.0,5398.0,10,True,False,Fintech,0,0.0,14,0.0,True
386.0,4.0,1,2,5,2026,True,53,37,3,1,1364.0,343.0,6,True,False,Other,0,0.0,0,0.0,True
23.0,0.0,1,0,7,2023,True,247,59,2,3,2453.0,634.0,15,False,False,Android,0,0.0,18,0.0,True
106.0,16.0,7,2,7,2026,True,58,55,3,1,94304.0,557.0,6,False,False,Social Media,0,1.4,28,1.5,True
357.0,77.0,11,1,5,2026,True,292,57,3,1,379.0,2396.0,8,True,False,Productivity,0,0.0,0,0.0,False
127.0,61.0,7,4,6,2026,False,52,56,3,3,69848.0,736.0,4,True,False,Open Source,0,0.0,27,1.9,True
66.0,6.0,19,3,7,2023,True,259,22,3,0,20.0,3930.0,5,True,False,Design Tools,5,14.8,0,0.0,False
108.0,5.0,8,5,1,2023,False,218,30,4,7,5.0,2429.0,3,False,True,Other,0,0.0,1308,213.0,True
9.0,1.0,9,3,3,2023,True,249,34,2,1,2864.0,745.0,3,False,True,Other,0,0.0,0,4.7,True
195.0,24.0,0,5,5,2026,False,64,25,3,3,507.0,1479.0,4,True,False,Artificial Intelligence,0,2.5,0,0.0,True
7.0,1.0,8,5,1,2023,False,232,52,3,1,424.0,153.0,2,False,True,Other,0,0.0,0,0.0,False
1.0,0.0,14,5,3,2023,False,192,31,1,1,5.0,2841.0,5,False,True,Other,0,0.0,3,0.1,True
103.0,13.0,7,4,5,2023,True,214,57,3,1,5.0,3717.0,6,True,False,Other,0,0.0,0,0.0,True
375.0,117.0,7,1,3,2023,True,247,52,3,2,42980.0,495.0,7,True,False,Productivity,0,0.0,272,208.91176470588235,False
1.0,0.0,14,4,3,2023,False,187,35,1,0,5.0,807.0,3,False,True,Other,0,0.0,274,2.7,True
2.0,0.0,7,1,3,2023,False,245,15,1,0,136.0,6546.0,1,False,False,Education,0,0.0,0,0.0,False
11.0,0.0,7,5,7,2023,False,259,58,2,1,5.0,2592.0,5,True,True,Writing,0,0.0,314,1.0,True
67.0,6.0,1,0,3,2023,True,244,48,3,1,16.0,123.0,4,False,True,Other,0,0.0,0,0.0,False
241.0,17.0,0,4,5,2024,True,43,34,3,1,3949.0,4430.0,6,True,False,Other,0,0.0,18,0.6,True
192.0,0.0,7,3,5,2023,False,135,29,4,1,5.0,612.0,7,False,True,Marketing,0,0.0,15,4.5,True
14.0,45.0,7,4,7,2023,False,59,31,1,1,320.0,794.0,4,False,True,Developer Tools,0,0.0,1306,2.4,True
5.0,0.0,15,4,7,2023,True,254,49,4,1,5.0,1924.0,6,False,False,Chrome Extensions,0,1.8,0,0.0,True
106.0,0.0,11,4,5,2023,True,259,45,1,8,5.0,6153.0,6,False,True,Other,0,0.0,10,0.0,True
1.0,0.0,7,3,3,2023,False,118,40,4,4,5.0,865.0,1,True,True,Other,0,0.0,4,1.8,True
140.0,68.0,7,3,7,2025,True,53,58,3,1,5.0,3004.0,6,True,False,Developer Tools,0,0.1,0,2.0,True
166.0,34.0,7,2,6,2026,True,54,48,3,1,996.0,2592.0,6,False,False,Other,0,0.0,26,0.0,True
175.0,22.0,0,2,7,2026,True,500,59,3,1,5.0,11104.0,8,True,False,Other,0,222.1,9,261.2,True
176.0,76.0,7,4,7,2026,True,52,43,3,1,824.0,1136.0,6,False,False,Other,0,0.0,0,0.0,True
7.0,0.0,12,4,3,2023,False,255,58,3,1,5.0,1377.0,2,False,True,Productivity,0,1.2,0,4.8,True
183.0,48.0,7,0,5,2026,True,39,48,3,1,43690.0,2886.0,7,False,False,Hiring,0,0.0,25,290.0,True
52.0,0.0,7,3,5,2023,False,196,52,1,1,5.0,1437.0,5,True,False,Other,0,0.0,0,1.1,True
119.0,5.0,0,0,5,2026,True,296,53,3,1,2055.0,50.0,14,True,False,Other,0,0.0,0,0.0,False
71.0,1.0,7,1,7,2023,False,251,58,3,1,977.0,4488.0,4,False,False,iOS,0,0.3,0,0.0,True
127.0,12.0,7,3,6,2026,True,65,40,3,1,3576.0,28782.0,7,True,False,Productivity,0,0.0,14,4.7,True
1.0,1.0,7,3,3,2023,False,263,15,1,1,84493.0,10.0,1,False,True,Productivity,0,0.0,11,0.0,True
128.0,0.0,7,6,1,2023,False,268,42,2,1,4877.0,537.0,2,False,True,Health & Fitness,0,0.0,0,0.0,True
141.0,0.0,7,5,5,2023,False,218,38,3,1,5.0,806.0,3,False,True,Marketing,0,0.0,0,0.0,True
6.0,1.0,7,5,5,2023,False,224,40,4,1,990.0,6572.0,3,True,True,Other,0,0.1,2683,1.6,True
6.0,10.0,15,3,7,2023,False,259,34,3,2,92359.0,273.0,3,True,False,Productivity,0,0.0,604,203.78476821192052,False
7.0,4.0,14,0,3,2023,False,258,60,1,1,90.0,521.0,3,True,True,Fintech,0,0.0,0,0.0,False
24.0,0.0,7,4,5,2026,False,186,50,2,1,2349.0,410.0,4,False,True,Other,0,0.0,0,0.0,True
129.0,108.0,7,4,7,2025,True,66,15,3,1,91609.0,5080.0,9,False,False,Productivity,0,0.0,104,0.0,True
48.0,2.0,15,4,5,2023,False,229,12,3,1,133098.0,1654.0,5,False,False,Developer Tools,0,0.0,0,175.3,True
338.0,13.0,7,6,6,2026,True,39,52,3,1,328194.0,639.0,8,True,False,Other,3,398.2,0,209.2,True
9.0,1.0,6,1,3,2025,False,494,56,3,1,917.0,380.0,4,False,False,Other,0,0.0,0,0.0,False
7.0,2.0,7,4,7,2023,False,240,48,3,1,1255.0,684.0,1,False,True,Design Tools,0,0.1,391,4.8,True
18.0,1.0,7,0,7,2023,True,254,34,1,3,5.0,733.0,3,False,True,Mac,0,0.0,0,1.4,True
167.0,10.0,1,4,7,2023,False,288,56,3,1,2165.0,3504.0,7,False,False,Design Tools,0,0.0,13,179.6,True
154.0,11.0,7,5,5,2026,True,75,56,3,1,86378.0,1183.0,5,False,False,Other,0,0.0,0,0.0,True
1.0,0.0,7,1,7,2023,True,425,59,3,2,3826.0,1311.0,8,False,False,Android,0,0.0,18,221.4,True
82.0,8.0,8,3,1,2023,True,205,55,3,1,445.0,2983.0,3,False,True,Productivity,0,0.0,0,0.0,False
15.0,10.0,7,4,7,2026,True,74,42,3,1,5.0,471.0,7,False,False,Design Tools,0,0.0,0,0.1,True
103.0,8.0,0,2,6,2026,False,479,59,3,1,9648.0,25404.0,5,True,False,Other,45,319.35555555555555,45,319.35555555555555,False
20.0,5.0,0,6,6,2026,False,313,55,3,1,10756.0,29937.0,5,True,False,Other,54,308.25925925925924,54,308.25925925925924,False
239.0,3.0,7,3,7,2023,False,249,45,3,1,665.0,2762.0,7,True,False,Marketing,0,2.2,14,1.6,True
140.0,1.0,7,5,5,2023,True,249,58,3,3,5.0,1430.0,1,False,True,Marketing,0,0.0,0,221.1,True
232.0,1.0,17,5,7,2023,False,156,38,3,1,5.0,2189.0,5,False,False,Open Source,0,0.0,3,0.9,True
120.0,21.0,7,6,5,2023,False,51,30,2,1,5.0,1134.0,6,True,False,Design Tools,0,0.0,17,0.6,True
139.0,71.0,9,3,5,2023,False,44,45,3,1,558.0,2159.0,3,False,False,Other,0,0.0,0,2.8,True
95.0,4.0,8,3,1,2023,True,156,54,3,1,215.0,2146.0,3,False,True,Other,0,0.0,0,0.0,False
262.0,49.0,7,6,6,2026,False,40,44,3,2,4317.0,748.0,6,True,False,Other,1,189.5,4,376.3,True
161.0,0.0,7,4,5,2023,False,201,41,3,1,5.0,3749.0,4,False,False,Health & Fitness,0,0.0,878,0.6,True
519.0,1.0,7,0,5,2023,False,184,39,3,1,5.0,1703.0,6,False,False,Other,0,0.0,0,4.4,True
9.0,36.0,7,0,5,2023,False,253,39,2,2,531.0,258.0,6,True,False,Open Source,0,2.8,22,0.0,True
707.0,3.0,7,3,5,2023,True,58,37,3,3,5.0,1657.0,6,False,True,Education,0,0.0,0,0.0,True
22.0,2.0,7,4,1,2023,True,271,52,3,1,605.0,10.0,6,False,False,Other,0,0.0,0,0.0,True
4.0,2.0,7,4,5,2023,False,236,42,3,1,19385.0,595.0,3,False,True,Open Source,0,0.0,0,0.0,True
429.0,26.0,7,0,7,2026,True,64,56,3,8,198558.0,6648.0,5,True,False,Other,1,0.0,10,213.7,True
153.0,3.0,7,4,5,2023,False,246,38,3,1,5.0,4430.0,11,False,False,Other,0,0.0,12,0.9,True
196.0,118.0,1,3,5,2026,False,286,35,3,1,5.0,33237.0,6,True,False,Other,0,0.0,0,70.4,True
20.0,0.0,7,3,3,2023,False,263,35,1,1,205293.0,4421.0,3,False,True,Other,0,0.0,9,0.0,True
14.0,0.0,7,1,7,2023,False,243,39,2,1,5.0,1803.0,3,False,True,Productivity,0,0.0,4065,0.0,True
281.0,47.0,12,0,5,2026,True,412,54,3,1,2261.0,6701.0,5,True,False,API,2,214.5,2,214.5,False
21.0,4.0,7,3,7,2025,False,231,50,3,0,2629.0,616.0,8,False,True,Artificial Intelligence,0,0.0,2,0.5,True
145.0,0.0,7,4,3,2023,True,270,32,3,1,1418.0,2612.0,4,True,True,Artificial Intelligence,0,0.0,1,0.9,True
68.0,2.0,7,4,7,2023,True,249,58,3,3,2935.0,5233.0,4,False,False,Social Media,0,0.0,0,3.5,True
138.0,48.0,7,1,7,2023,False,219,59,3,2,134.0,12877.0,5,True,False,Open Source,0,0.0,11,217.5,True
109.0,13.0,13,2,6,2026,True,333,50,3,1,285.0,2275.0,5,False,False,Productivity,0,0.0,0,0.0,False
332.0,59.0,7,0,5,2026,True,59,60,3,2,5.0,17291.0,8,True,False,Other,0,0.0,3111,416.9,True
134.0,0.0,7,0,7,2026,True,31,33,1,5,228.0,987.0,6,True,True,Productivity,0,0.0,2196,184.9,True
226.0,7.0,7,2,11,2026,True,26,24,3,1,5.0,1385.0,6,False,False,Other,0,0.0,573,453.7,True
285.0,3.0,7,1,7,2026,True,44,31,3,3,5.0,1791.0,8,False,False,Other,0,0.0,0,2.3,True
11.0,2.0,11,6,5,2023,False,215,49,3,1,291.0,27.0,3,False,True,Writing,0,0.0,0,0.0,False
1.0,0.0,21,4,3,2023,False,237,21,1,1,5.0,4496.0,1,False,True,Marketing,0,0.1,3443,5.3,True
13.0,0.0,10,4,3,2023,False,238,30,1,1,960.0,2108.0,2,False,True,Analytics,0,0.0,0,0.0,True
283.0,22.0,0,5,6,2026,False,192,19,3,1,197.0,165.0,4,False,False,Productivity,0,0.0,0,0.0,False
53.0,56.0,8,1,5,2023,True,207,30,3,1,4175.0,2235.0,6,False,False,Productivity,0,0.0,17,0.0,True
1.0,0.0,9,1,7,2023,False,267,36,4,0,5.0,2809.0,3,False,True,Marketing,0,0.0,0,3.3,True
158.0,0.0,7,2,5,2023,True,235,30,3,1,5.0,839.0,6,False,False,Productivity,0,0.0,0,0.0,True
158.0,114.0,8,3,1,2023,True,210,38,3,3,23159.0,3273.0,11,True,False,Design Tools,0,0.0,134,328.2089552238806,False
40.0,0.0,11,3,1,2023,True,242,42,3,2,2948.0,96.0,3,False,True,Android,0,0.3,12,0.0,True
93.0,0.0,7,3,5,2023,False,231,36,4,1,5.0,2494.0,3,False,True,Education,0,0.0,11,2.3,True
109.0,0.0,8,3,7,2023,False,275,34,4,0,137271.0,21882.0,3,True,True,Hiring,0,0.0,0,0.0,True
19.0,0.0,7,4,7,2023,False,245,59,3,1,18548.0,1626.0,3,False,False,Developer Tools,0,0.0,0,192.7,True
186.0,0.0,7,4,7,2026,True,39,56,3,1,136.0,1417.0,4,True,False,Other,0,0.0,16,207.1,True
770.0,133.0,7,1,7,2023,False,58,55,3,1,5.0,2463.0,5,True,False,Productivity,0,0.0,18,1.9,True
18.0,0.0,10,3,5,2024,False,209,49,3,3,5.0,235.0,1,False,True,Design Tools,0,0.0,20,0.6,True
115.0,2.0,7,1,5,2023,False,41,26,3,2,2873.0,4674.0,8,False,True,Other,0,0.0,18,0.0,True
96.0,265.0,7,2,7,2023,True,58,40,3,2,125.0,1948.0,4,True,False,Hiring,8,0.0,15,204.2,True
77.0,0.0,19,4,1,2023,False,256,21,2,1,5.0,2054.0,3,False,True,Productivity,0,0.0,10,205.1,True
3.0,0.0,7,4,3,2023,True,244,55,3,3,1417.0,1678.0,1,False,True,Other,0,0.0,0,2.8,True
16.0,1.0,9,4,5,2023,False,254,41,3,1,1615.0,3435.0,4,False,True,Productivity,0,1.0,1095,0.0,True
175.0,19.0,7,4,7,2023,False,275,27,3,1,5.0,1787.0,4,True,False,Fintech,0,0.0,0,3.0,True
188.0,3.0,7,4,3,2023,False,193,59,3,0,419482.0,1180.0,6,False,False,SaaS,0,0.0,0,1.4,True
89.0,26.0,7,0,7,2026,False,250,26,3,1,5.0,1209.0,7,True,False,Other,0,0.0,0,0.0,True
311.0,106.0,7,0,6,2026,True,39,60,3,3,5.0,5252.0,5,False,False,Other,0,1.4,2281,0.0,True
164.0,27.0,12,4,6,2026,True,168,41,3,1,126.0,1387.0,2,True,False,Social Media,0,0.0,0,0.0,False
1.0,3.0,7,4,5,2023,False,39,37,3,1,1481.0,2788.0,3,True,False,Web App,0,0.0,0,0.4,True
1.0,0.0,21,6,3,2023,False,244,15,4,1,76643.0,3340.0,2,False,True,Design Tools,0,0.0,0,0.2,True
16.0,11.0,0,5,6,2026,False,496,57,3,1,354.0,1320.0,9,False,False,Productivity,0,0.0,0,0.0,False
693.0,130.0,7,4,6,2026,True,56,54,3,1,621.0,86.0,8,True,False,Social Media,0,0.0,0,0.3,True
109.0,90.0,4,6,6,2026,True,49,53,3,3,15.0,13675.0,4,True,False,API,0,0.0,0,0.0,True
2.0,1.0,11,3,1,2023,False,71,27,2,0,152.0,390.0,3,False,False,Other,0,0.0,0,0.0,False
135.0,39.0,7,6,7,2026,True,66,54,3,1,956.0,10.0,8,True,False,Productivity,0,0.2,0,0.0,True
2.0,1.0,7,1,5,2023,True,304,41,3,3,62799.0,638.0,6,True,False,SaaS,0,0.0,205,4.7,True
105.0,8.0,7,1,7,2026,True,45,60,3,1,1330.0,342.0,6,True,False,Other,11,0.0,0,238.0,True
118.0,3.0,14,1,3,2024,True,196,56,3,1,110.0,4290.0,4,True,False,Other,0,0.0,0,0.0,False
158.0,1.0,7,4,5,2023,False,255,29,3,1,5.0,1854.0,3,True,False,Productivity,0,0.0,4,0.0,True
150.0,49.0,7,2,5,2026,False,66,41,3,1,5.0,1310.0,9,True,False,API,0,0.0,0,0.0,True
119.0,37.0,7,3,7,2026,True,500,56,3,1,5.0,2906.0,4,True,False,Design Tools,0,0.0,2,6.6,True
9.0,0.0,7,3,5,2023,True,212,58,4,0,5.0,2959.0,6,False,True,Design Tools,0,0.0,0,210.4,True
141.0,0.0,7,3,7,2023,True,226,25,3,1,1210.0,2326.0,4,False,True,Design Tools,0,0.0,3335,0.0,True
67.0,2.0,11,4,5,2023,True,255,56,4,3,122781.0,994.0,7,False,False,Android,0,0.0,808,195.0371287128713,False
243.0,144.0,7,6,7,2026,True,43,58,3,2,5.0,3065.0,9,True,False,Productivity,1,0.5,2324,378.1,True
11.0,0.0,5,1,7,2023,False,283,25,3,1,900.0,1112.0,4,False,True,Education,0,0.0,0,3.4,True
157.0,35.0,7,5,7,2023,True,57,19,3,1,5.0,717.0,5,True,False,Productivity,0,0.0,22,210.0,True
118.0,102.0,7,3,5,2026,True,251,51,3,1,5.0,2742.0,6,True,False,Productivity,0,0.0,833,291.1,True
154.0,0.0,7,1,7,2023,True,500,40,3,1,5.0,1333.0,6,False,False,Developer Tools,0,0.0,3,0.0,True
1.0,0.0,17,4,7,2023,False,188,33,3,1,2643.0,85.0,6,False,False,Other,0,0.0,10,4.0,True
113.0,192.0,7,4,7,2024,True,47,46,3,3,688.0,3482.0,5,True,False,Design Tools,0,0.0,24,1.1,True
11.0,3.0,7,1,7,2023,True,45,21,3,1,5.0,2049.0,4,False,False,Health & Fitness,0,0.0,884,0.4,True
135.0,14.0,7,3,6,2026,True,64,27,3,0,5.0,519.0,5,False,False,Developer Tools,0,0.0,0,0.0,True
476.0,8.0,7,2,6,2026,True,259,50,3,1,4031.0,30060.0,8,True,False,Productivity,0,0.0,29,0.0,True
12.0,0.0,20,3,3,2023,False,234,34,2,1,2306.0,412.0,1,True,True,Design Tools,0,0.0,0,175.5,True
177.0,7.0,7,0,7,2023,True,57,53,3,1,5.0,10190.0,5,True,False,Other,0,0.0,10,0.4,True
178.0,32.0,7,0,7,2026,True,38,56,3,1,5.0,10398.0,6,True,False,Other,0,0.6,19,0.0,True
13.0,6.0,7,6,7,2023,True,64,55,3,0,3807.0,6701.0,4,False,False,Design Tools,0,0.0,16,0.0,True
642.0,23.0,7,4,7,2026,False,50,49,3,1,5.0,1391.0,6,False,False,iOS,0,0.0,0,0.0,True
179.0,29.0,7,2,6,2026,True,26,26,3,1,1029.0,55.0,7,False,False,Developer Tools,0,0.0,0,0.0,False
15.0,0.0,21,5,7,2023,False,234,54,2,1,1114.0,714.0,3,False,True,Marketing,0,1.0,0,0.0,True
103.0,7.0,7,0,6,2026,False,50,50,3,3,18.0,1626.0,4,False,False,Other,0,0.0,0,0.0,False
45.0,20.0,7,3,7,2026,False,60,60,3,3,481.0,1593.0,8,False,False,Other,0,0.0,0,0.0,False
3.0,0.0,7,3,3,2023,True,171,41,3,1,147576.0,2678.0,2,False,True,Fintech,0,2.6,461,0.6,True
365.0,9.0,4,6,7,2026,True,36,59,1,1,4498.0,670.0,6,False,False,Productivity,0,0.0,23,3.8,True
149.0,2.0,7,2,5,2023,True,74,58,5,3,5.0,1819.0,8,False,False,Artificial Intelligence,0,108.7,17,200.1,True
91.0,0.0,8,3,5,2023,False,275,30,2,1,92786.0,5304.0,1,False,True,Other,0,0.0,3,0.4,True
359.0,18.0,7,6,7,2024,False,34,45,3,3,4892.0,1234.0,8,False,False,iOS,0,236.7,21,199.5,True
3.0,40.0,13,1,7,2023,True,255,39,3,1,334646.0,1061.0,3,False,True,Other,0,0.0,3587,0.0,True
104.0,2.0,15,4,7,2023,False,325,51,1,1,72888.0,2067.0,5,True,False,Chrome Extensions,0,2.1,2,0.0,True
9.0,0.0,17,2,1,2023,False,263,55,3,1,1002.0,1698.0,2,False,True,Developer Tools,0,0.0,0,0.0,True
7.0,2.0,3,0,3,2023,False,263,30,3,1,5.0,3277.0,3,False,True,Productivity,0,0.0,3,0.0,True
115.0,48.0,7,1,7,2026,False,74,37,3,1,1487.0,1327.0,4,True,False,Productivity,0,0.0,0,220.4,True
461.0,65.0,7,5,7,2026,False,83,59,3,1,2555.0,4493.0,4,False,False,Other,0,0.0,0,223.3,True
211.0,14.0,7,6,6,2026,True,44,44,3,1,250.0,105.0,8,True,False,Productivity,0,0.0,0,0.0,False
247.0,33.0,7,3,7,2026,True,60,59,3,2,5.0,14846.0,4,True,False,Developer Tools,0,0.0,2232,2.0,True
8.0,0.0,8,3,5,2023,False,277,60,3,1,5.0,501.0,3,False,True,Education,0,0.0,0,0.8,True
126.0,33.0,7,0,5,2023,False,286,57,3,1,284.0,2925.0,6,True,False,Design Tools,0,0.0,2075,0.2,True
13.0,0.0,9,3,7,2023,True,239,60,2,1,5.0,3085.0,3,False,True,Other,0,0.0,26,0.9,True
74.0,0.0,11,4,5,2023,False,239,47,3,1,5.0,2017.0,9,True,False,Design Tools,0,0.0,27,0.0,True
5.0,0.0,12,6,3,2023,True,205,30,3,1,5.0,2980.0,3,True,True,Design Tools,0,0.4,13,0.0,True
4.0,0.0,10,0,3,2023,False,165,35,3,0,502.0,2083.0,4,True,False,Health & Fitness,0,0.0,0,0.0,False
156.0,38.0,7,3,7,2026,True,40,40,3,2,439.0,64.0,7,False,True,Other,0,0.0,0,0.0,False
12.0,3.0,7,3,7,2023,True,242,42,3,1,63.0,6130.0,3,False,True,Design Tools,0,0.0,0,0.2,True
101.0,2.0,7,2,5,2023,False,416,43,3,7,5.0,725.0,5,False,False,Design Tools,0,0.0,0,3.7,True
24.0,0.0,7,4,5,2023,False,234,58,3,1,5.0,81.0,3,False,True,Other,0,0.8,0,0.0,True
152.0,1.0,7,3,7,2023,True,240,45,2,1,5.0,1820.0,1,True,True,Artificial Intelligence,0,0.0,6,0.0,True
122.0,8.0,19,5,7,2023,True,250,48,2,1,80410.0,384.0,9,False,False,Education,0,0.0,0,6.2,True
106.0,19.0,18,5,7,2023,True,136,33,3,3,5.0,1069.0,1,False,False,Marketing,0,0.0,0,0.0,True
16.0,0.0,10,3,1,2023,False,248,32,4,0,5.0,2058.0,3,False,True,Other,0,0.0,5,1.4,True
15.0,0.0,7,1,5,2023,False,234,40,3,1,5.0,3609.0,3,False,True,Other,0,0.0,6,1.6,True
873.0,71.0,7,2,5,2026,False,77,31,3,3,2154.0,2114.0,5,True,False,Mac,0,0.0,716,0.0,True
25.0,0.0,7,3,3,2023,False,268,21,1,1,20033.0,3658.0,5,False,False,Other,0,0.0,0,0.0,True
91.0,31.0,7,3,5,2026,False,238,58,3,1,1088.0,659.0,6,True,False,Other,0,0.0,0,0.0,True
399.0,33.0,7,4,7,2025,True,51,59,3,1,818.0,8981.0,6,False,False,Design Tools,0,0.0,556,187.0,True
11.0,0.0,4,5,5,2023,False,179,45,3,0,1700.0,4764.0,3,False,True,Design Tools,0,0.0,162,4.9,True
137.0,6.0,7,6,7,2026,True,44,44,3,3,2339.0,2743.0,6,True,False,Design Tools,0,0.0,14,201.7,True
6.0,0.0,10,3,5,2023,False,239,37,1,1,2134.0,2585.0,3,False,True,Productivity,0,0.0,0,3.3,True
156.0,29.0,7,3,7,2026,True,44,44,3,2,90.0,452.0,7,False,False,Other,0,0.0,0,0.0,False
110.0,1.0,7,5,7,2023,False,264,37,3,1,45935.0,1119.0,1,False,False,API,0,0.0,0,0.0,True
21.0,0.0,7,4,6,2023,True,263,49,1,1,853.0,651.0,3,False,False,Productivity,0,0.0,0,0.0,True
94.0,1.0,18,1,5,2023,True,261,53,3,1,32352.0,10.0,4,False,True,Hiring,0,0.0,0,0.0,True
197.0,28.0,15,2,11,2025,True,198,48,3,1,72.0,4674.0,5,True,False,Other,0,0.0,0,0.0,False
100.0,4.0,7,4,7,2024,False,170,24,3,1,5.0,1239.0,6,True,False,API,0,0.0,0,0.0,True
25.0,0.0,9,6,5,2026,True,239,27,4,1,5.0,2855.0,6,True,False,Productivity,0,0.0,0,0.0,True
15.0,0.0,17,4,1,2023,True,271,44,3,1,5.0,3924.0,2,False,True,Other,0,0.0,2,2.8,True
95.0,12.0,7,5,3,2023,True,239,58,3,1,5.0,1415.0,4,True,False,Marketing,0,0.0,16,0.1,True
3.0,1.0,12,6,5,2023,False,121,16,3,1,155.0,3085.0,1,False,True,Productivity,0,0.0,0,0.0,False
122.0,1.0,0,4,6,2026,False,331,42,3,1,345.0,151.0,12,True,False,Android,0,0.0,0,0.0,False
22.0,2.0,6,6,7,2023,False,226,28,4,1,41.0,2616.0,9,False,True,Other,0,1.1,9,0.0,True
95.0,6.0,7,4,7,2023,False,261,30,5,1,4634.0,2221.0,6,False,True,Other,0,0.0,0,0.0,True
365.0,37.0,7,2,7,2026,True,42,54,3,1,291.0,24008.0,9,True,False,Other,0,0.3,20,31.7,True
70.0,2.0,7,4,5,2024,False,80,60,5,3,5.0,1017.0,4,False,False,Artificial Intelligence,0,1.7,0,0.0,True
141.0,8.0,0,1,5,2026,True,465,47,3,1,4109.0,10537.0,16,True,False,Other,5,416.8,5,416.8,False
1.0,2.0,14,5,5,2023,False,58,50,3,1,5796.0,378.0,6,False,True,Productivity,0,0.0,1018,0.0,True
2.0,0.0,7,6,5,2023,False,252,13,2,1,1352.0,999.0,3,False,True,Education,0,0.0,0,0.0,True
8.0,2.0,10,0,7,2023,True,216,41,3,1,62.0,3459.0,3,False,False,Productivity,0,0.0,0,0.4,True
1.0,1.0,8,3,3,2023,True,215,45,2,4,5.0,1103.0,3,False,True,Other,0,0.0,0,0.8,True
107.0,1.0,7,4,5,2023,True,390,39,2,1,5.0,1573.0,5,False,False,Open Source,0,0.4,0,0.0,True
13.0,0.0,15,4,5,2023,False,233,54,2,1,5.0,3548.0,1,False,False,Other,0,0.2,13,0.8,True
226.0,186.0,7,3,6,2026,True,73,40,3,1,5.0,23910.0,8,True,False,Other,3,0.0,0,0.0,True
1.0,2.0,15,3,1,2023,False,202,39,3,1,5.0,2334.0,8,True,True,Other,0,0.0,19,0.0,True
164.0,1.0,7,6,7,2026,True,41,37,3,1,3287.0,3510.0,8,True,False,Productivity,0,0.0,0,290.0,True
106.0,0.0,7,5,5,2023,True,169,49,3,1,423.0,2290.0,3,False,True,Productivity,0,0.6,6,2.9,True
150.0,0.0,7,1,5,2023,True,243,48,3,1,1479.0,10.0,5,False,False,Productivity,0,0.0,1657,0.0,True
82.0,0.0,9,5,3,2025,False,230,57,3,1,369.0,729.0,6,False,False,Artificial Intelligence,0,0.0,0,0.0,True
137.0,13.0,7,4,7,2026,True,53,53,3,1,10.0,1925.0,6,False,True,Other,0,0.0,0,0.0,False
236.0,15.0,7,4,6,2026,True,58,58,3,3,215.0,1401.0,6,False,False,Developer Tools,0,0.0,0,0.0,False
209.0,9.0,16,2,10,2019,False,105,56,3,1,63.0,301.0,4,True,False,Developer Tools,0,0.0,0,0.0,False
176.0,224.0,7,3,7,2023,False,500,37,3,1,5.0,476.0,6,True,False,Design Tools,0,1.3,10,0.0,True
41.0,0.0,7,3,3,2023,True,152,60,1,5,5.0,1909.0,6,True,True,Productivity,0,0.0,7,3.2,True
219.0,15.0,7,4,5,2026,False,56,40,3,1,360.0,2074.0,6,True,False,SaaS,0,0.0,0,204.4,True
191.0,42.0,7,6,6,2026,True,66,56,3,1,1279.0,13431.0,8,True,False,Other,0,0.0,6,174.4,True
353.0,9.0,6,1,7,2026,False,260,28,3,3,142355.0,108.0,4,True,False,Other,0,0.0,13,5.1,True
7.0,2.0,22,4,7,2023,False,193,51,3,1,258.0,4343.0,1,False,True,Other,0,0.0,0,0.0,False
80.0,0.0,7,4,6,2026,True,56,48,3,1,1702.0,3947.0,6,True,False,Productivity,47,0.0,3,328.3,True
9.0,11.0,0,4,7,2026,True,49,60,3,1,145.0,2624.0,4,True,False,API,0,0.0,94,1.7,True
15.0,3.0,15,3,7,2023,False,249,37,1,0,5.0,2586.0,2,False,True,Design Tools,0,0.0,0,0.0,True
543.0,51.0,7,0,3,2023,True,259,44,4,1,322.0,4725.0,5,False,False,Design Tools,3,167.0,0,0.0,False
1.0,0.0,8,3,7,2023,False,245,23,2,0,5.0,3379.0,2,False,True,Design Tools,0,0.0,0,3.2,True
119.0,0.0,7,0,7,2026,False,347,57,1,3,103.0,330.0,7,True,False,Other,0,0.0,0,0.0,True
8.0,2.0,15,1,7,2023,True,269,25,1,0,146877.0,795.0,5,True,True,Productivity,0,0.0,0,0.0,True
1.0,0.0,18,4,3,2023,True,245,42,2,1,5.0,2985.0,3,False,True,Other,0,0.0,0,4.7,True
103.0,0.0,7,3,7,2023,True,218,57,3,1,1406.0,2353.0,6,False,False,Other,0,0.0,2030,4.1,True
1.0,0.0,8,0,3,2023,True,260,40,3,9,5.0,1687.0,2,False,True,Education,0,0.2,0,3.3,True
5.0,1.0,8,5,1,2023,False,263,58,3,1,382.0,1636.0,7,False,True,Education,1,7.0,1,7.0,False
505.0,103.0,7,3,5,2026,True,81,44,3,1,1318.0,1098.0,6,True,False,Email,0,0.0,0,206.9,True
8.0,5.0,7,3,1,2023,True,246,32,3,1,1504.0,4526.0,4,False,True,Design Tools,0,0.0,0,1.0,True
116.0,15.0,0,0,8,2023,True,500,53,3,2,5.0,3705.0,4,True,False,Fintech,0,0.2,26,205.1,True
2.0,0.0,7,3,7,2023,True,219,58,2,3,3079.0,1858.0,3,False,True,Android,0,2.1,14,1.5,True
15.0,3.0,0,5,6,2026,False,497,41,3,1,304.0,717.0,5,False,False,Marketing,0,0.0,0,0.0,False
105.0,24.0,7,5,5,2026,True,50,59,3,1,5.0,1207.0,5,False,False,Marketing,0,0.0,1622,0.0,True
128.0,0.0,7,3,7,2023,False,196,44,1,1,5335.0,1794.0,4,True,True,Android,0,1.1,32,0.0,True
245.0,21.0,1,6,6,2026,True,62,43,3,1,2669.0,843.0,6,True,False,Design Tools,0,0.0,5,1.6,True
26.0,0.0,7,6,5,2023,False,239,57,2,1,273324.0,1199.0,8,True,True,Artificial Intelligence,0,0.3,8,0.9,True
2.0,0.0,7,6,5,2023,False,231,50,3,1,37.0,741.0,1,True,True,Other,0,0.0,2713,0.0,True
63.0,4.0,7,1,3,2023,True,247,60,3,1,26.0,1797.0,4,False,True,Writing,0,0.0,0,0.0,False
311.0,39.0,10,2,5,2026,True,161,35,3,1,5.0,1634.0,6,False,False,Open Source,0,0.0,0,1.1,True
105.0,43.0,3,4,3,2026,True,60,36,3,2,1755.0,1531.0,5,True,False,Other,0,0.0,14,0.0,True
30.0,0.0,7,5,7,2023,False,246,50,3,2,415.0,3309.0,4,False,True,Education,0,0.0,468,0.0,True
68.0,79.0,7,3,5,2026,True,277,40,3,2,283.0,1801.0,9,False,False,SaaS,1,0.0,0,221.9,True
9.0,0.0,7,0,3,2023,False,90,52,1,1,8.0,3536.0,1,False,True,Developer Tools,0,0.0,0,0.0,False
147.0,16.0,7,5,7,2026,False,300,49,3,1,1404.0,9857.0,7,True,False,Mac,0,0.3,8,1.1,True
154.0,0.0,18,5,5,2023,False,184,46,2,1,4576.0,4470.0,4,True,False,Other,0,0.0,541,0.0,True
81.0,1.0,7,5,1,2023,False,246,51,3,1,59.0,338.0,2,False,True,Marketing,0,0.0,0,1.3,True
182.0,25.0,7,2,6,2026,True,65,46,3,3,5.0,26095.0,6,True,False,Other,0,0.0,4,189.2,True
17.0,0.0,7,1,7,2023,False,246,58,3,1,2445.0,3035.0,4,True,True,Developer Tools,0,0.0,1309,0.0,True
182.0,29.0,7,4,7,2023,True,212,51,3,6,476116.0,7831.0,4,False,False,Web App,1,223.0,3160,206.1344936708861,False
8.0,0.0,15,3,7,2023,False,271,42,3,1,3480.0,319.0,3,False,True,Social Media,0,0.0,0,0.0,True
141.0,3.0,7,4,7,2023,True,236,34,3,2,2830.0,509.0,7,False,True,Hiring,0,0.0,5,184.9,True
2.0,0.0,4,3,7,2023,True,244,40,1,1,317.0,1647.0,3,True,True,Other,0,0.0,6,0.0,True
9.0,100.0,18,5,5,2023,False,262,36,3,1,818.0,337.0,2,False,True,Other,0,0.0,378,0.0,True
46.0,17.0,7,4,6,2026,False,41,41,3,3,84.0,1047.0,6,False,False,Other,0,0.0,0,0.0,False
3.0,0.0,7,5,5,2023,False,60,26,1,1,91.0,1115.0,1,False,True,Other,0,0.0,0,0.0,False
37.0,3.0,16,6,3,2023,False,396,55,3,1,5.0,1423.0,8,False,False,Other,0,0.0,13,0.0,True
16.0,0.0,7,3,7,2023,True,246,40,3,1,5.0,1911.0,3,False,True,Other,0,0.0,15,0.5,True
15.0,35.0,20,6,8,2023,True,69,56,3,1,159.0,2815.0,6,True,True,Developer Tools,0,0.0,0,0.0,True
4.0,1.0,20,5,5,2023,False,258,29,2,1,77.0,1111.0,1,False,True,Writing,0,0.0,0,0.0,False
2.0,1.0,7,1,7,2023,True,238,33,3,1,5.0,1025.0,3,False,False,Other,0,0.0,0,2.6,True
2.0,0.0,1,4,5,2023,False,195,45,1,1,199.0,3518.0,2,False,True,Marketing,0,0.0,0,0.0,False
14.0,0.0,9,0,3,2023,False,258,46,1,0,2079.0,2650.0,4,False,True,Android,0,0.0,0,1.2,True
21.0,3.0,7,3,8,2025,False,167,27,3,1,63618.0,2488.0,3,False,True,Fintech,0,2.1,314,0.4,True
441.0,21.0,7,4,7,2026,False,76,30,3,1,1599.0,481.0,4,True,False,API,0,0.0,6,187.4,True
119.0,8.0,0,2,6,2026,True,95,45,3,1,164.0,2748.0,4,False,False,Design Tools,0,0.0,0,0.0,False
117.0,23.0,9,3,1,2023,True,236,60,3,2,13572.0,1518.0,4,False,False,Social Media,0,0.0,73,315.8082191780822,False
19.0,18.0,19,3,5,2023,False,273,42,3,1,5592.0,469.0,9,False,False,Design Tools,0,0.5,22,0.0,True
427.0,0.0,7,6,7,2026,True,439,39,3,1,2747.0,516.0,7,True,False,Productivity,0,349.0,0,6.6,True
2.0,2.0,22,5,1,2023,False,133,38,2,1,24.0,1522.0,1,False,True,Other,0,0.0,0,0.0,False
168.0,53.0,8,3,1,2023,True,260,58,4,7,42862.0,6973.0,8,True,False,Design Tools,1,218.0,264,400.04545454545456,False
299.0,90.0,7,2,7,2026,True,63,59,3,1,71.0,1855.0,9,True,False,Productivity,0,0.0,8,334.1,True
1.0,1.0,7,4,7,2023,False,52,54,3,1,4448.0,1402.0,8,False,False,API,0,0.0,10,1.9,True
109.0,28.0,0,4,5,2026,True,497,49,3,1,190.0,480.0,8,True,False,Developer Tools,0,0.0,0,0.0,False
127.0,1.0,7,4,7,2026,False,342,45,3,1,80171.0,1769.0,6,True,True,Chrome Extensions,0,0.0,9,0.0,True
20.0,16.0,7,4,7,2023,False,271,60,2,1,5.0,4909.0,3,False,True,Android,0,0.0,2531,247.4,True
119.0,0.0,18,1,7,2026,True,365,49,3,1,2245.0,442.0,4,True,False,Developer Tools,0,0.0,13,194.3,True
8.0,1.0,16,0,5,2023,False,247,44,3,1,5.0,2785.0,2,True,True,Other,0,0.0,1,0.0,True
199.0,15.0,7,2,7,2026,False,56,56,3,2,3286.0,8588.0,4,False,False,API,1,381.0,1,381.0,False
74.0,4.0,1,4,5,2024,True,187,55,1,1,43699.0,878.0,3,True,True,Analytics,0,0.0,18,4.1,True
101.0,16.0,7,1,3,2023,True,221,56,4,1,54.0,1482.0,3,False,True,Productivity,0,0.0,0,0.0,False
10.0,60.0,7,2,7,2023,True,257,52,3,1,54722.0,3725.0,4,False,True,Other,0,0.0,8,2.1,True
80.0,3.0,7,0,3,2023,True,216,55,3,1,146.0,1512.0,4,False,True,Productivity,0,0.0,0,0.0,False
201.0,193.0,7,0,7,2026,True,27,29,3,1,1147.0,957.0,7,True,False,Other,0,0.0,4,0.0,True
15.0,0.0,12,0,7,2023,False,254,27,4,1,2455.0,1046.0,3,False,True,Health & Fitness,0,0.0,492,203.0,True
117.0,8.0,0,3,6,2026,True,298,41,3,1,1265.0,3162.0,4,True,False,Productivity,0,0.0,0,0.0,False
132.0,0.0,10,4,7,2026,False,201,36,3,1,420481.0,1021.0,9,True,False,Web App,0,0.0,0,0.0,True
138.0,106.0,1,5,7,2023,True,50,60,3,1,1584.0,4076.0,14,True,False,Email,0,0.0,9,0.0,True
92.0,0.0,5,3,3,2026,True,276,59,1,0,41481.0,3249.0,3,False,False,Analytics,0,1.4,0,1.9,True
31.0,6.0,7,4,7,2026,False,246,36,2,1,5.0,3033.0,6,False,False,Productivity,0,0.0,7,0.0,True
10.0,0.0,7,3,7,2023,False,258,33,2,2,370.0,1182.0,3,False,True,Other,0,0.0,0,1.3,True
74.0,0.0,7,5,7,2023,False,72,50,2,1,5.0,1011.0,4,True,False,Android,0,0.0,18,0.0,True
242.0,8.0,16,2,10,2019,True,262,60,3,1,186.0,1369.0,6,True,False,Android,0,0.0,0,0.0,False
178.0,101.0,7,2,7,2026,True,29,46,3,3,31777.0,896.0,6,False,False,Productivity,0,0.0,0,0.0,True
242.0,34.0,1,1,7,2026,True,500,38,3,1,21655.0,34775.0,9,True,False,Productivity,12,0.0,0,0.0,True
116.0,10.0,7,3,7,2023,True,222,43,5,1,92.0,56.0,6,False,True,Design Tools,0,0.0,0,0.0,False
26.0,0.0,11,0,5,2023,True,263,60,3,3,1137.0,2205.0,3,False,True,Marketing,0,0.0,11,2.2,True
190.0,28.0,7,5,7,2026,False,276,60,3,1,640.0,2301.0,8,True,False,Artificial Intelligence,0,0.0,9,0.0,True
2.0,1.0,11,4,5,2023,False,254,59,3,1,41.0,1445.0,9,False,True,Other,0,0.0,0,0.0,False
2.0,2.0,13,5,1,2023,False,195,58,3,1,995.0,46.0,5,False,True,Other,0,0.0,0,0.0,False
126.0,33.0,7,2,7,2026,False,55,55,2,2,316.0,33.0,7,True,False,Other,0,0.0,0,0.0,False
472.0,149.0,7,5,5,2023,True,258,45,3,1,531.0,310.0,2,False,True,Other,0,0.0,0,0.0,False
103.0,30.0,7,2,5,2026,False,206,42,3,1,35.0,3560.0,6,True,False,Productivity,0,0.2,9,0.0,True
1.0,5.0,6,3,7,2023,False,208,60,3,1,198891.0,1018.0,1,True,True,Other,0,0.0,0,1.9,True
122.0,3.0,7,1,7,2025,True,37,47,3,1,3221.0,10489.0,8,True,False,Design Tools,0,0.0,26,289.7,True
143.0,29.0,7,1,6,2026,False,54,54,3,2,292.0,641.0,8,False,True,Other,0,0.0,0,0.0,False
153.0,0.0,7,0,7,2023,True,298,16,3,1,1577.0,1511.0,9,False,False,Design Tools,0,0.0,5,3.7,True
23.0,1.0,4,5,7,2023,False,249,46,2,1,1126.0,2887.0,2,False,True,iOS,0,0.0,0,0.0,True
78.0,27.0,7,3,5,2026,True,60,38,3,7,3139.0,3617.0,8,True,False,Productivity,0,0.0,23,0.0,True
19.0,2.0,15,4,7,2026,True,268,60,3,1,4050.0,1935.0,21,False,False,Other,0,0.0,2318,0.7,True
144.0,194.0,7,6,7,2026,True,58,53,3,1,2923.0,3223.0,8,True,False,Other,1,0.0,13,0.5,True
139.0,25.0,16,4,5,2025,False,273,57,3,1,5.0,629.0,5,True,False,Fintech,0,0.0,0,0.0,True
78.0,0.0,7,4,7,2023,True,178,60,3,1,5.0,1851.0,4,False,False,Productivity,0,0.9,4,2.4,True
125.0,3.0,7,6,9,2023,False,231,18,5,1,5.0,164.0,3,False,False,Design Tools,0,0.0,0,0.0,True
263.0,15.0,7,4,7,2023,False,283,40,3,2,3199.0,8654.0,8,True,False,Design Tools,0,0.0,31,2.8,True
172.0,16.0,17,1,2,2025,True,289,34,3,1,8.0,2130.0,7,False,False,Mac,0,0.0,0,0.0,False
3.0,2.0,4,1,3,2023,False,127,5,1,1,78.0,2252.0,3,False,True,Marketing,0,0.0,0,0.0,False
67.0,1.0,7,4,7,2023,False,249,59,3,1,2411.0,490.0,3,False,True,Mac,0,0.0,9,0.0,True
169.0,1.0,7,2,7,2026,True,247,48,3,3,1088.0,14297.0,4,True,False,Productivity,0,0.0,0,192.1,True
2.0,1.0,18,3,1,2023,False,288,37,3,1,383.0,586.0,4,False,True,Other,0,0.0,0,0.0,False
61.0,12.0,7,3,7,2026,False,42,42,3,2,403.0,3382.0,7,False,False,Other,0,0.0,0,0.0,False
242.0,169.0,7,2,4,2026,True,59,58,3,3,5.0,1952.0,6,False,False,Productivity,0,0.0,0,0.0,True
272.0,44.0,0,0,5,2026,True,278,60,1,1,77.0,82.0,6,False,False,Android,0,0.0,0,0.0,True
142.0,0.0,7,4,3,2023,False,37,39,3,1,5.0,2904.0,6,False,False,Productivity,0,0.0,0,0.8,True
1.0,0.0,4,4,1,2023,False,185,33,2,0,5.0,359.0,3,False,True,Productivity,0,0.0,0,0.0,True
3.0,0.0,7,1,3,2023,False,329,57,3,1,407.0,597.0,3,False,True,Productivity,0,1.7,4,0.0,True
105.0,11.0,7,5,6,2023,True,236,48,3,5,5.0,2849.0,3,False,False,Developer Tools,0,0.0,0,2.7,True
97.0,36.0,7,2,7,2026,True,24,30,3,5,5.0,1085.0,8,False,False,Other,0,0.0,13,0.6,True
171.0,20.0,7,1,5,2023,True,347,46,3,1,1572.0,834.0,5,False,False,Productivity,0,0.0,24,0.6,True
470.0,62.0,7,4,7,2026,True,34,57,3,4,5.0,854.0,4,True,False,Artificial Intelligence,1,0.0,13,0.0,True
1.0,0.0,22,4,7,2023,True,210,57,2,1,1005.0,6740.0,3,False,True,Other,0,0.0,22,4.5,True
125.0,61.0,7,4,5,2023,True,223,42,3,3,1011.0,2418.0,8,False,False,Productivity,0,0.0,0,0.0,True
733.0,35.0,7,2,6,2026,True,265,43,3,3,356306.0,1223.0,5,True,False,Design Tools,0,154.1,0,0.0,True
129.0,3.0,9,1,3,2023,True,206,60,2,12,592270.0,8542.0,4,False,False,Productivity,0,0.0,3938,192.95810055865925,False
18.0,5.0,9,3,7,2023,False,239,33,2,1,54.0,1627.0,2,False,True,Other,0,0.0,0,0.0,True
157.0,381.0,7,4,3,2026,True,298,41,3,3,5.0,1546.0,6,False,False,Health & Fitness,0,0.0,5,317.9,True
10.0,3.0,7,3,5,2023,True,46,28,3,2,5.0,859.0,4,False,False,Productivity,0,0.0,20,203.1,True
215.0,7.0,7,3,7,2026,True,231,56,3,1,5.0,10.0,5,True,False,Design Tools,0,0.0,0,0.0,True
1.0,0.0,7,5,1,2023,False,243,23,1,1,743.0,604.0,3,False,True,Android,0,0.0,0,1.2,True
72.0,1.0,7,0,3,2023,True,245,48,2,2,21131.0,660.0,5,True,True,Android,0,0.0,128,224.515625,False
4.0,1.0,7,3,3,2023,False,294,60,2,1,1855.0,1717.0,1,False,True,Artificial Intelligence,0,2.2,19,5.6,True
149.0,4.0,7,4,5,2026,True,56,55,3,1,5.0,393.0,8,True,False,Android,1,0.0,0,0.2,True
22.0,4.0,7,0,7,2023,False,254,60,2,1,5.0,542.0,2,False,True,Other,0,0.0,14,206.6,True
12.0,1.0,7,6,6,2026,False,20,20,3,1,178.0,124.0,7,True,True,Other,0,0.0,0,0.0,False
2.0,3.0,7,0,7,2023,False,210,35,1,1,1962.0,2046.0,2,False,True,Design Tools,22,0.0,0,2.2,True
15.0,1.0,22,0,7,2023,False,107,59,3,0,5.0,1259.0,1,False,True,Marketing,0,0.0,13,0.5,True
379.0,2.0,4,6,3,2023,False,272,27,3,1,109003.0,855.0,4,False,False,Android,0,0.0,31,192.5,True
101.0,46.0,7,0,7,2023,True,58,58,2,2,1586.0,234.0,5,True,False,Writing,0,0.8,7,4.0,True
5.0,0.0,7,4,5,2023,False,219,49,2,1,17.0,224.0,2,False,True,Chrome Extensions,0,0.0,0,0.0,False
8.0,9.0,19,4,5,2023,False,239,29,3,1,1306.0,1705.0,5,True,True,Social Media,0,0.0,0,0.0,False
8.0,3.0,7,3,7,2023,True,256,20,3,3,611.0,1328.0,3,False,True,Productivity,0,0.0,0,2.4,True
171.0,9.0,7,4,7,2023,False,53,45,1,1,61.0,1215.0,6,True,False,Chrome Extensions,0,0.0,5,0.8,True
487.0,23.0,7,6,7,2026,True,38,21,3,1,3794.0,5000.0,7,True,False,Other,0,0.0,12,0.0,True
58.0,5.0,7,0,7,2026,True,63,27,3,1,2290.0,4839.0,7,True,True,Health & Fitness,0,0.0,91,0.0,True
127.0,3.0,7,5,7,2023,True,243,44,2,1,5.0,5185.0,3,False,True,Health & Fitness,0,0.0,19,0.6,True
80.0,20.0,7,3,7,2023,True,54,56,3,1,5.0,1052.0,5,True,False,Chrome Extensions,0,0.0,426,0.0,True
93.0,18.0,7,4,5,2023,True,224,17,3,1,5.0,952.0,6,False,False,Hiring,0,0.0,0,1.2,True
162.0,17.0,7,4,7,2023,False,258,40,5,1,205244.0,1894.0,4,True,False,Design Tools,0,0.0,96,3.5,True
578.0,153.0,7,6,6,2026,True,63,44,3,3,5.0,31696.0,5,True,False,Productivity,11,152.0,30,381.4,True
117.0,1.0,5,4,5,2024,False,65,23,3,2,1208.0,827.0,2,False,False,Developer Tools,0,0.0,0,198.0,True
330.0,77.0,7,3,7,2026,True,42,42,3,2,25.0,133.0,8,True,True,Productivity,0,0.0,0,0.0,False
65.0,0.0,13,4,7,2023,True,269,26,4,1,55099.0,789.0,1,False,True,Other,0,0.0,1391,2.4,True
104.0,44.0,9,3,5,2023,False,165,39,2,1,3827.0,2681.0,4,True,False,Developer Tools,0,0.0,545,0.0,True
10.0,1.0,19,4,3,2023,False,255,48,4,0,717.0,931.0,2,False,True,Android,0,0.0,4,3.4,True
116.0,0.0,7,4,5,2023,True,49,60,3,3,5.0,1126.0,4,True,False,Mac,0,0.6,6,1.8,True
156.0,1.0,7,4,10,2026,True,153,44,3,1,1499.0,2304.0,6,True,False,Productivity,0,0.2,14,2.3,True
4.0,2.0,4,0,5,2023,True,242,59,3,4,5.0,2206.0,3,True,True,Education,0,1.9,0,0.3,True
2.0,2.0,3,4,5,2023,True,266,31,3,1,3999.0,2296.0,5,False,False,Android,0,0.0,1895,213.5,True
482.0,35.0,7,3,5,2026,False,57,59,3,2,2410.0,645.0,6,True,False,Other,0,0.0,0,0.0,True
121.0,1.0,7,1,7,2023,True,40,34,2,1,5054.0,892.0,3,False,True,Other,0,0.0,0,0.0,True
79.0,83.0,7,3,5,2026,True,52,42,3,1,10703.0,1284.0,6,True,False,Productivity,0,0.0,0,1.9,True
62.0,0.0,9,4,10,2023,True,275,41,3,1,1844.0,2282.0,4,False,True,Hiring,0,0.0,2219,0.0,True
16.0,0.0,7,0,7,2023,False,204,42,3,2,2081.0,1380.0,2,False,True,Other,0,0.0,0,0.0,True
738.0,17.0,7,2,7,2026,True,66,21,3,1,638.0,834.0,6,True,False,Productivity,2,290.6,5,275.9,True
109.0,2.0,21,5,3,2023,False,226,42,2,1,18247.0,2533.0,3,False,True,Analytics,0,0.0,14,1.1,True
59.0,1.0,7,5,5,2023,True,482,22,3,1,5.0,4501.0,6,True,False,Productivity,54,0.0,0,0.0,True
275.0,3.0,7,1,11,2023,True,31,42,3,3,71137.0,4925.0,5,True,False,Chrome Extensions,0,0.0,437,400.2,True
20.0,0.0,9,1,5,2023,False,268,46,3,1,3646.0,1401.0,6,True,True,Other,0,0.0,1443,212.7,True
17.0,12.0,8,5,7,2023,True,137,52,3,1,5.0,3555.0,4,False,True,Social Media,0,0.0,0,190.2,True
262.0,25.0,7,0,6,2026,True,253,41,3,1,1508.0,502.0,7,True,False,Marketing,0,0.0,5,2.2,True
75.0,2.0,20,3,1,2023,True,255,48,3,4,38175.0,503.0,1,False,False,Open Source,0,0.0,237,293.50632911392404,False
10.0,0.0,7,3,5,2023,False,244,45,2,5,5.0,1665.0,1,True,True,Other,0,0.0,0,0.0,True
106.0,1.0,7,2,7,2023,False,260,40,3,1,5.0,2154.0,6,False,False,Marketing,0,0.0,8,0.0,True
112.0,0.0,7,4,5,2023,True,253,45,5,1,614.0,2283.0,6,False,True,Design Tools,0,0.0,115,0.5,True
109.0,0.0,18,1,7,2023,False,190,48,3,0,39672.0,2909.0,5,False,False,iOS,0,0.5,27,1.6,True
16.0,46.0,7,4,5,2023,False,76,37,3,1,5.0,603.0,6,True,True,Fintech,0,0.0,13,0.0,True
7.0,0.0,7,4,7,2023,False,261,60,1,1,2030.0,1628.0,4,True,True,Productivity,0,0.0,9,211.6,True
133.0,2.0,16,4,7,2025,False,240,57,5,2,94446.0,1378.0,6,False,False,API,0,0.0,0,2.0,True
138.0,5.0,7,5,3,2023,False,253,40,3,0,1528.0,1907.0,4,True,True,Other,0,0.0,6,4.5,True
196.0,0.0,19,6,5,2023,False,264,24,4,1,5.0,1084.0,4,False,False,Chrome Extensions,0,0.0,12,0.4,True
9.0,0.0,15,4,5,2023,False,286,46,3,0,2361.0,490.0,1,False,True,Education,0,0.0,0,1.9,True
273.0,71.0,7,6,7,2026,True,500,57,3,3,2627.0,16279.0,8,True,False,API,0,216.0,32,412.3,True
841.0,7.0,15,0,7,2023,True,188,40,3,3,5.0,2446.0,9,True,False,API,0,0.0,0,0.0,True
111.0,115.0,7,3,6,2026,True,70,56,3,1,47704.0,1006.0,6,False,False,Other,1,0.0,0,0.0,True
18.0,15.0,7,0,7,2026,False,305,37,3,1,3324.0,1690.0,4,True,True,Productivity,0,0.0,527,299.8,True
51.0,8.0,17,0,6,2026,False,417,51,3,1,14.0,3100.0,10,True,False,Other,0,0.0,0,0.0,False
132.0,11.0,7,4,7,2023,True,239,30,3,1,5.0,4534.0,4,False,False,Other,0,0.0,9,0.4,True
110.0,9.0,7,0,7,2026,True,261,32,2,0,1386.0,261.0,6,True,False,Developer Tools,0,0.0,0,0.0,True
612.0,1.0,13,3,3,2026,True,249,57,3,1,5.0,275.0,2,True,True,Design Tools,0,0.0,0,0.0,True
15.0,1.0,7,3,7,2023,False,194,40,3,5,358.0,497.0,3,True,True,Productivity,0,0.0,0,0.0,True
22.0,16.0,7,6,6,2026,True,57,57,3,3,565.0,548.0,6,True,False,Productivity,0,0.0,0,0.0,False
132.0,42.0,7,1,6,2026,False,55,55,3,3,90.0,174.0,7,False,False,Productivity,0,0.0,0,0.0,False
109.0,1.0,10,4,7,2023,True,282,51,5,1,5.0,1789.0,3,False,True,Artificial Intelligence,0,0.0,13,2.6,True
88.0,0.0,9,0,7,2023,True,263,24,2,0,2054.0,392.0,6,False,True,Education,0,0.0,0,3.9,True
444.0,0.0,7,6,7,2026,False,60,31,3,1,5.0,308.0,6,True,False,Productivity,0,0.0,49,0.0,True
277.0,1.0,14,5,7,2023,False,212,52,3,1,2118.0,1024.0,6,True,False,Fintech,0,0.0,22,0.0,True
19.0,53.0,14,4,6,2023,False,254,58,3,1,497700.0,2088.0,4,True,True,Productivity,0,0.0,2,170.3,True
71.0,1.0,0,1,5,2023,False,253,45,3,1,2077.0,2031.0,6,False,False,Other,0,0.0,986,4.5,True
138.0,7.0,16,2,10,2019,False,290,60,3,1,664.0,704.0,5,False,False,Other,0,0.0,0,0.0,False
164.0,58.0,7,0,7,2026,True,58,58,3,1,389.0,6267.0,5,False,False,Other,0,0.0,0,0.0,False
9.0,0.0,11,1,3,2023,False,232,53,3,1,240.0,1671.0,3,False,True,Productivity,0,0.0,0,0.0,False
98.0,5.0,7,0,3,2023,True,127,49,3,1,130.0,1475.0,3,False,True,Design Tools,0,0.0,0,0.0,False
174.0,115.0,1,0,11,2026,True,61,60,3,1,5.0,3082.0,6,True,False,Mac,0,0.0,14,85.4,True
597.0,59.0,7,4,5,2026,True,158,52,3,3,5.0,5317.0,9,True,False,Other,28,332.0,480,212.9,True
1.0,0.0,23,3,5,2023,False,131,32,2,1,5.0,257.0,1,False,True,Design Tools,0,0.0,1236,0.0,True
18.0,0.0,7,4,7,2023,True,262,34,5,1,3285.0,527.0,8,False,True,Design Tools,0,0.0,18,0.0,True
77.0,6.0,7,1,3,2023,True,150,49,3,1,752.0,949.0,4,False,True,Other,0,0.0,0,0.0,False
76.0,0.0,7,3,7,2026,True,32,36,3,3,2800.0,1587.0,6,True,False,Mac,0,0.0,8,0.5,True
426.0,14.0,7,2,7,2026,True,366,46,3,2,186.0,5282.0,7,True,False,API,4,92.9,0,3.8,True
102.0,21.0,7,6,7,2026,True,58,38,3,1,5.0,410.0,7,True,False,Other,0,0.0,2,2.0,True
125.0,1.0,7,3,5,2023,True,154,40,3,3,463.0,2171.0,3,False,False,Other,0,0.0,0,1.6,True
8.0,0.0,16,4,7,2023,False,253,33,3,1,4979.0,1877.0,6,False,False,Artificial Intelligence,0,0.0,23,0.0,True
615.0,1.0,1,6,12,2023,True,61,58,3,1,149.0,570.0,6,False,False,Productivity,0,0.0,2,1.4,True
72.0,3.0,18,3,1,2023,True,227,11,1,1,975.0,377.0,1,False,True,Artificial Intelligence,0,0.0,0,0.0,False
8.0,0.0,7,2,5,2023,False,272,28,3,1,231198.0,4105.0,1,False,True,Other,0,0.0,3,0.0,True
614.0,104.0,0,2,6,2026,True,220,37,3,1,4157.0,12707.0,9,True,False,Other,6,370.8333333333333,6,370.8333333333333,False
69.0,2.0,7,3,7,2023,True,203,38,2,2,5.0,4600.0,8,False,True,Chrome Extensions,0,0.0,13,229.0,True
9.0,0.0,8,4,1,2023,True,243,40,1,1,1626.0,586.0,3,False,True,Other,0,0.0,17,3.7,True
102.0,10.0,7,4,3,2023,False,274,33,3,3,85428.0,980.0,3,False,True,Artificial Intelligence,0,0.0,0,0.3,True
114.0,1.0,7,3,7,2023,False,36,39,4,1,413.0,916.0,5,True,True,Other,0,0.0,405,224.4,True
20.0,2.0,0,6,6,2026,False,421,49,3,1,386.0,88.0,4,True,False,Marketing,0,0.0,0,0.0,False
191.0,6.0,7,1,11,2026,True,61,32,3,3,60577.0,720.0,8,True,False,Chrome Extensions,0,0.0,8,233.3,True
4.0,1.0,0,5,5,2023,False,185,60,1,1,122.0,205.0,2,True,True,Chrome Extensions,0,0.0,0,0.0,False
213.0,66.0,7,5,7,2023,True,241,40,3,1,5.0,4544.0,6,True,False,Other,0,0.0,9,0.0,True
617.0,193.0,0,6,5,2026,True,61,54,3,1,5.0,5099.0,4,False,False,Productivity,0,0.0,3,4.6,True
164.0,11.0,7,4,5,2023,True,239,32,1,4,174491.0,301.0,8,False,False,Design Tools,0,0.0,1146,186.4214659685864,False
19.0,1.0,12,0,7,2023,False,254,52,3,1,1239.0,4100.0,3,False,True,Developer Tools,0,0.0,0,0.0,True
355.0,41.0,7,2,6,2026,True,73,46,3,1,97.0,4213.0,6,True,False,Other,0,228.7,11,440.2,True
379.0,54.0,2,2,7,2026,True,500,56,1,1,1364.0,5115.0,4,True,False,Other,0,0.0,7,231.6,True
252.0,45.0,7,1,7,2026,True,54,60,3,3,522.0,2033.0,6,False,False,Productivity,0,0.0,5,0.0,True
83.0,65.0,1,0,7,2024,False,249,60,3,1,5.0,517.0,4,True,False,Developer Tools,0,0.3,12,0.0,True
318.0,0.0,7,0,7,2026,True,234,38,3,1,1289.0,3393.0,4,False,False,Productivity,0,0.3,23,0.0,True
226.0,3.0,7,1,5,2023,False,243,50,3,1,2585.0,292.0,4,False,False,Other,0,0.0,289,0.0,True
84.0,3.0,22,5,10,2023,False,202,23,3,1,5.0,1089.0,5,True,True,Health & Fitness,0,0.0,16,0.7,True
237.0,245.0,14,3,5,2023,True,189,50,3,0,5.0,1460.0,6,False,False,Other,0,0.0,0,0.0,True
5.0,1.0,7,4,3,2023,False,249,36,2,0,5.0,1800.0,1,False,True,SaaS,0,1.0,0,0.0,True
304.0,68.0,0,2,10,2026,True,66,60,3,2,5.0,8183.0,6,False,False,Productivity,0,58.4,0,0.0,True
134.0,5.0,7,3,1,2026,False,30,28,3,2,446815.0,4487.0,8,True,False,Health & Fitness,0,1.1,0,1.6,True
288.0,0.0,7,4,6,2026,True,79,27,3,1,4215.0,10548.0,8,True,False,Other,0,0.0,13,1.6,True
435.0,0.0,2,1,7,2026,True,63,37,3,1,5.0,800.0,6,True,False,Education,0,0.0,0,0.0,True
489.0,0.0,7,0,6,2026,True,51,51,1,3,301.0,1123.0,6,True,False,Productivity,0,0.0,0,0.0,False
3.0,1.0,8,5,1,2023,False,245,31,2,0,185.0,2025.0,7,False,False,Android,0,0.0,0,0.0,False
2.0,5.0,7,3,5,2023,False,48,43,3,1,45592.0,4669.0,4,False,False,Other,0,0.0,33,4.1,True
16.0,0.0,9,3,3,2023,True,246,36,2,1,1089.0,1040.0,4,False,True,Web App,0,0.0,0,0.9,True
123.0,9.0,7,2,7,2023,True,332,34,3,1,5.0,613.0,6,False,False,Marketing,0,0.0,0,0.6,True
107.0,17.0,7,6,5,2023,True,231,49,3,1,517.0,560.0,4,False,True,Other,0,0.0,0,0.0,False
184.0,0.0,7,6,7,2026,True,71,53,3,2,5.0,1259.0,7,True,False,Other,0,0.0,0,176.9,True
206.0,37.0,0,0,7,2026,True,30,16,3,3,488.0,32901.0,8,True,False,Chrome Extensions,0,0.0,1416,4.6,True
463.0,26.0,7,4,7,2026,True,47,60,3,1,50162.0,796.0,7,True,False,Chrome Extensions,0,0.5,1769,0.7,True
131.0,47.0,7,0,7,2023,True,228,54,3,1,5.0,892.0,4,False,False,Health & Fitness,0,64.5,3,0.0,True
384.0,43.0,0,3,7,2026,True,71,54,3,2,935.0,30324.0,6,True,False,Productivity,0,270.2,13,395.5,True
3.0,1.0,5,0,3,2023,False,249,36,3,2,21230.0,789.0,1,False,False,Marketing,0,0.0,127,226.25984251968504,False
15.0,0.0,6,4,7,2023,False,253,60,1,1,880.0,965.0,3,False,True,Other,0,2.1,12,0.6,True
125.0,8.0,7,0,7,2026,False,29,29,3,3,232.0,2539.0,8,False,False,Productivity,0,0.0,0,0.0,False
127.0,0.0,12,6,5,2023,False,265,60,3,1,5.0,2275.0,6,False,True,Design Tools,0,0.0,4,0.0,True
98.0,0.0,7,4,5,2026,True,67,51,3,2,248.0,2102.0,9,False,False,Productivity,0,0.0,0,195.3,True
90.0,79.0,17,5,9,2026,True,260,45,3,1,3334.0,10.0,5,False,False,Open Source,0,0.0,0,0.0,True
2.0,1.0,20,4,7,2023,False,174,44,2,1,945.0,369.0,1,False,True,Other,0,0.0,0,0.0,False
1.0,1.0,7,5,5,2023,False,169,56,4,1,67452.0,3044.0,4,False,True,API,0,0.0,0,0.0,True
13.0,0.0,7,5,5,2026,False,240,55,4,1,2248.0,2228.0,3,False,False,Marketing,0,0.0,0,0.8,True
2.0,1.0,16,4,7,2023,False,169,42,3,1,327.0,399.0,8,False,True,Other,0,0.0,0,0.0,False
6.0,0.0,10,3,1,2023,False,191,48,2,1,150.0,1066.0,2,False,True,Analytics,0,0.0,0,0.0,False
108.0,0.0,7,0,7,2023,True,236,41,3,1,5.0,1276.0,4,False,True,Other,0,0.0,474,0.0,True
328.0,23.0,0,6,6,2026,False,343,55,3,1,10276.0,27019.0,5,True,False,Other,50,305.8,50,305.8,False
32.0,15.0,7,2,6,2026,False,50,50,3,3,429.0,759.0,7,False,False,API,0,0.0,0,0.0,False
8.0,0.0,5,5,5,2023,False,247,46,3,1,1072.0,3559.0,2,False,True,Social Media,0,0.0,0,0.0,True
21.0,1.0,2,3,5,2026,False,345,54,3,1,685.0,3029.0,5,False,False,Android,0,0.0,0,0.0,False
137.0,74.0,7,6,6,2026,False,41,44,3,5,5.0,4755.0,6,True,False,Other,0,0.0,18,299.9,True
137.0,13.0,0,3,6,2026,True,455,43,3,1,86.0,1467.0,9,True,False,Design Tools,0,0.0,0,0.0,False
159.0,4.0,21,3,9,2023,True,290,52,3,1,887.0,274.0,2,False,False,Developer Tools,0,0.0,0,0.0,False
113.0,0.0,9,3,7,2023,True,265,27,2,1,47972.0,691.0,4,False,False,Other,0,0.0,0,2.2,True
8.0,0.0,10,4,7,2023,False,257,21,3,1,265.0,2052.0,3,False,True,Design Tools,0,0.0,0,6.3,True
138.0,10.0,7,5,5,2023,True,248,53,3,2,71996.0,2682.0,4,True,False,Productivity,0,0.0,18,226.1,True
135.0,125.0,7,3,6,2026,False,59,37,3,1,5.0,3527.0,4,False,False,Design Tools,0,0.0,7,0.3,True
95.0,2.0,7,4,1,2023,True,271,56,3,1,2195.0,3433.0,6,False,False,Marketing,0,0.0,0,0.0,True
145.0,0.0,5,4,5,2023,True,357,55,3,1,1855.0,2309.0,6,True,False,Productivity,0,0.0,0,0.0,True
329.0,16.0,7,1,5,2026,True,45,27,3,1,1671.0,2435.0,7,False,False,Other,0,0.0,0,3.0,True
139.0,15.0,7,4,6,2026,False,39,39,3,3,381.0,763.0,8,True,True,Design Tools,0,0.0,0,0.0,False
1.0,0.0,0,4,7,2026,False,432,48,3,2,209.0,3300.0,11,True,False,Other,0,0.0,10,0.0,True
1.0,0.0,18,3,7,2023,False,151,30,3,1,513.0,1047.0,7,False,True,Artificial Intelligence,0,0.7,234,0.0,True
84.0,0.0,15,3,3,2023,True,277,21,2,2,1264.0,700.0,5,True,True,Other,0,0.0,846,0.0,True
754.0,124.0,7,3,6,2026,True,36,36,3,2,1485.0,5113.0,8,True,True,Productivity,1,106.0,1,106.0,False
286.0,37.0,16,2,10,2019,True,459,42,3,1,575.0,1379.0,3,False,False,Mac,0,0.0,0,0.0,False
101.0,5.0,7,0,5,2023,False,273,22,5,1,400396.0,523.0,3,False,True,Developer Tools,0,0.0,0,0.0,True
14.0,1.0,4,5,5,2023,True,242,55,4,1,5.0,205.0,1,False,True,Other,0,0.0,0,1.2,True
120.0,1.0,11,4,7,2023,True,275,45,5,1,5.0,2290.0,6,True,True,Artificial Intelligence,0,0.0,0,3.6,True
102.0,0.0,16,0,1,2023,True,208,34,4,1,5.0,2316.0,4,False,True,Marketing,0,0.0,0,1.4,True
16.0,4.0,9,4,7,2023,False,255,57,3,1,56763.0,1602.0,3,True,True,Design Tools,0,0.6,0,1.1,True
119.0,3.0,7,1,4,2023,True,209,34,3,1,779.0,863.0,4,False,False,Web App,0,0.0,0,0.0,False
20.0,0.0,4,0,1,2023,False,280,39,3,0,5.0,1366.0,1,False,True,Other,0,0.0,0,0.0,True
21.0,11.0,7,4,7,2026,False,29,29,3,1,280.0,528.0,7,False,False,Other,0,0.0,0,0.0,False
130.0,3.0,7,5,7,2023,True,231,33,2,1,5.0,897.0,4,False,False,Writing,0,0.0,0,1.5,True
176.0,156.0,1,2,6,2026,False,54,56,3,2,1028.0,11681.0,6,True,False,Other,0,0.0,0,225.7,True
27.0,4.0,7,6,6,2026,True,55,55,3,2,66.0,3369.0,5,False,True,Other,0,0.0,0,0.0,False
178.0,19.0,7,3,5,2026,True,299,57,3,1,192.0,11841.0,6,True,False,Analytics,0,0.0,86,1.0,True
5.0,1.0,5,1,7,2023,True,241,55,3,1,1300.0,1132.0,6,False,True,Other,0,0.0,0,0.0,True
1.0,0.0,12,4,3,2023,False,243,44,1,0,3758.0,1834.0,6,False,True,Marketing,0,0.0,165,0.0,True
10.0,0.0,16,4,5,2023,False,266,35,2,1,795.0,550.0,4,False,True,Other,0,0.0,4,0.0,True
2.0,6.0,7,3,7,2023,False,252,56,2,1,5.0,1046.0,3,False,True,Other,0,0.0,6,0.0,True
228.0,9.0,7,5,7,2026,True,34,36,3,3,5.0,5665.0,6,False,False,Other,0,0.0,6,1.1,True
433.0,92.0,11,0,5,2026,True,155,41,3,1,2740.0,8196.0,6,True,False,Productivity,3,245.0,3,245.0,False
78.0,138.0,7,6,7,2026,False,62,48,3,0,267.0,68.0,5,False,False,Writing,0,0.0,582,324.1,True
104.0,26.0,7,3,5,2023,True,229,43,1,1,5.0,636.0,5,True,True,Productivity,0,0.0,2,0.0,True
144.0,7.0,7,0,7,2023,True,239,57,1,2,816.0,928.0,6,True,True,Mac,0,0.0,14,169.6,True
5.0,0.0,7,4,3,2023,False,245,60,3,1,1928.0,16.0,4,False,True,Analytics,0,0.0,0,4.6,True
1.0,1.0,5,3,3,2023,False,235,41,4,2,3601.0,2874.0,3,False,True,Other,0,0.0,0,0.0,True
106.0,1.0,7,3,5,2023,False,242,31,4,1,150360.0,2327.0,1,False,True,Other,0,0.0,0,1.9,True
19.0,0.0,7,5,7,2023,True,194,55,3,1,757.0,5960.0,3,False,True,Android,0,0.0,5,0.0,True
94.0,1.0,11,3,3,2023,False,207,48,3,0,393497.0,3852.0,2,False,True,Marketing,0,0.0,3,0.0,True
115.0,11.0,0,3,5,2026,True,159,31,3,1,424.0,105.0,7,True,False,API,0,0.0,0,0.0,False
561.0,42.0,7,0,6,2026,True,65,31,3,3,834.0,14173.0,5,False,False,Productivity,0,0.0,0,0.0,True
99.0,69.0,10,3,6,2026,True,57,59,3,4,40.0,5971.0,6,False,False,Productivity,0,0.9,1277,393.7,True
2.0,1.0,15,3,7,2023,False,254,27,5,1,340.0,130.0,1,False,True,Education,0,0.0,0,0.0,False
96.0,164.0,7,4,7,2023,True,60,31,3,2,757.0,2872.0,4,True,False,Marketing,0,0.0,15,4.2,True
215.0,6.0,5,4,7,2022,False,191,38,3,1,3484.0,8098.0,5,True,False,Other,6,257.6666666666667,6,257.6666666666667,False
146.0,16.0,7,4,7,2024,False,44,39,3,2,1899.0,1053.0,6,False,False,Open Source,0,0.0,17,0.0,True
6.0,2.0,12,1,3,2023,True,261,30,2,1,491.0,1783.0,2,True,True,Other,0,2.8,16,0.0,True
119.0,3.0,7,6,5,2023,True,216,49,2,3,33922.0,1741.0,2,False,True,Other,0,0.0,8,3.7,True
124.0,0.0,7,4,7,2023,True,268,33,1,1,286.0,3276.0,5,False,True,Other,0,0.0,0,0.0,True
21.0,0.0,7,5,5,2023,False,247,56,1,1,5.0,6347.0,2,False,True,Chrome Extensions,0,0.0,0,3.1,True
204.0,0.0,7,3,5,2023,False,271,59,2,1,460964.0,1791.0,8,True,False,Artificial Intelligence,0,216.0,23,0.3,True
158.0,33.0,7,0,6,2023,True,409,58,1,7,5.0,10.0,8,False,False,Other,0,0.0,0,198.5,True
89.0,0.0,5,1,1,2023,True,107,36,3,1,5.0,3531.0,6,True,True,Other,0,0.0,0,0.0,True
11.0,7.0,7,5,5,2023,False,200,41,2,1,5.0,3095.0,6,False,False,Other,0,0.9,27,0.7,True
2.0,1.0,5,4,5,2023,False,176,33,3,1,426.0,3917.0,1,False,True,Other,0,0.0,0,0.0,False
151.0,0.0,4,3,7,2023,False,202,38,3,1,337.0,1462.0,7,False,True,Mac,0,0.0,18,0.0,True
128.0,3.0,7,6,5,2023,False,241,36,3,1,2230.0,2722.0,4,False,False,Chrome Extensions,0,0.0,0,2.0,True
116.0,57.0,7,4,5,2026,True,47,55,3,1,5.0,2517.0,5,False,False,Artificial Intelligence,0,0.0,5,0.5,True
18.0,6.0,19,4,1,2023,False,230,57,3,1,1060.0,1513.0,2,False,True,Other,0,0.0,390,1.9,True
5.0,1.0,20,3,5,2023,True,377,58,3,1,5.0,1803.0,9,False,True,Web App,0,3.4,30,1.5,True
2.0,4.0,1,3,3,2023,True,265,44,4,1,5.0,653.0,4,False,True,Other,0,0.0,12,2.0,True
131.0,49.0,7,4,7,2023,True,260,37,3,2,2413.0,1369.0,5,False,False,Design Tools,0,0.0,9,0.0,True
690.0,11.0,7,2,7,2026,True,40,57,3,1,5.0,420.0,8,True,False,Open Source,0,0.0,14,0.0,True
162.0,11.0,7,6,7,2026,True,53,53,3,3,353.0,2068.0,8,False,True,Productivity,0,0.0,0,0.0,False
170.0,1.0,7,2,5,2026,True,59,54,3,1,1567.0,3179.0,6,True,False,Productivity,0,0.0,4,2.8,True
137.0,27.0,7,3,7,2026,False,262,38,3,3,14275.0,2396.0,4,True,False,Design Tools,0,0.0,0,4.4,True
272.0,19.0,1,4,7,2026,False,55,40,3,3,1612.0,10382.0,6,True,False,Chrome Extensions,0,121.5,2097,271.8,True
10.0,2.0,0,6,5,2026,False,444,38,3,1,12.0,1216.0,5,True,False,Writing,0,0.0,0,0.0,False
13.0,0.0,15,6,7,2023,True,233,47,3,1,69541.0,612.0,12,True,True,Productivity,0,0.5,34,1.5,True
994.0,0.0,7,4,5,2023,True,500,59,3,1,1099.0,642.0,7,True,False,Chrome Extensions,0,0.0,10,0.0,True
189.0,64.0,7,4,6,2026,True,64,60,3,3,2834.0,17559.0,8,True,False,Other,0,155.9,0,1.5,True
117.0,33.0,7,3,5,2026,True,256,49,3,3,3865.0,2102.0,6,True,False,Productivity,0,0.0,366,43.2,True
3.0,1.0,15,4,5,2023,False,255,33,3,1,316.0,417.0,5,False,False,Productivity,0,0.0,0,0.0,False
2.0,1.0,2,3,1,2023,False,121,45,4,1,267.0,1101.0,4,False,True,Android,0,0.0,0,0.0,False
88.0,0.0,9,3,5,2023,False,250,55,2,1,1318.0,848.0,3,False,True,Hiring,0,0.2,0,0.0,True
167.0,28.0,7,6,7,2026,True,41,41,3,3,91.0,1329.0,4,False,False,Productivity,0,0.0,0,0.0,False
82.0,2.0,7,4,5,2023,True,293,34,4,1,5.0,1334.0,3,False,True,Other,0,0.0,0,0.0,True
133.0,2.0,7,6,7,2023,False,259,60,3,1,5.0,2098.0,3,False,True,Other,0,0.0,36,0.0,True
398.0,129.0,7,0,6,2026,True,52,46,3,1,5.0,3371.0,7,False,False,Productivity,0,0.0,27,229.5,True
479.0,32.0,10,4,3,2026,True,51,33,3,1,1008.0,18.0,6,False,False,Other,0,0.0,19,2.3,True
148.0,37.0,7,1,5,2026,False,450,60,3,4,6301.0,1947.0,4,True,False,Design Tools,0,0.5,20,0.0,True
135.0,134.0,7,3,5,2026,True,33,55,3,1,5.0,6433.0,7,True,False,Productivity,1,0.0,1333,0.0,True
314.0,38.0,0,1,6,2026,True,362,49,3,1,6012.0,17392.0,8,True,False,Fintech,2,647.0,2,647.0,False
7.0,2.0,21,5,7,2023,False,150,31,4,3,5.0,567.0,3,False,False,Web App,0,0.0,0,2.9,True
159.0,61.0,7,4,7,2026,True,49,38,3,1,5.0,2270.0,5,True,False,Marketing,0,0.0,0,2.2,True
300.0,20.0,7,6,7,2023,True,241,19,3,3,5.0,790.0,8,True,False,Productivity,5,0.0,6,4.7,True
458.0,105.0,7,2,7,2026,False,36,44,3,3,48886.0,27913.0,7,True,False,Other,0,3.7,11,0.0,True
4.0,1.0,20,4,1,2023,False,270,24,2,2,2634.0,717.0,5,False,False,Developer Tools,0,0.0,2236,2.2,True
116.0,0.0,7,4,4,2026,True,265,28,3,1,1082.0,2457.0,5,True,False,Design Tools,0,0.0,1033,0.0,True
185.0,34.0,0,2,5,2026,True,200,37,3,1,88.0,1165.0,6,True,False,Open Source,0,0.0,0,0.0,False
1.0,1.0,19,3,5,2023,False,218,38,3,3,681.0,410.0,1,False,True,Developer Tools,0,1.5,6,2.1,True
8.0,0.0,7,5,5,2023,True,34,18,1,1,2767.0,288.0,3,False,True,Developer Tools,0,0.0,892,0.0,True
23.0,0.0,7,5,3,2023,True,266,48,3,1,3761.0,2223.0,1,False,False,Developer Tools,0,0.0,11,0.8,True
141.0,0.0,7,6,7,2023,True,55,29,3,1,5.0,1268.0,4,False,True,Productivity,2,0.0,35,1.6,True
219.0,347.0,7,3,7,2026,True,53,43,3,1,315.0,8353.0,5,True,False,Productivity,4,0.0,0,1.3,True
5.0,1.0,17,3,7,2023,False,252,58,3,1,536.0,659.0,7,False,True,Design Tools,0,0.0,0,0.0,False
1.0,4.0,7,3,1,2023,False,249,48,3,1,3079.0,716.0,4,False,True,Open Source,0,0.0,0,0.0,True
5.0,1.0,4,6,5,2023,False,47,11,1,1,27.0,2065.0,3,False,True,Marketing,0,0.0,0,0.0,False
14.0,2.0,7,3,7,2024,True,59,38,1,0,2180.0,520.0,6,True,False,Developer Tools,0,0.0,0,171.0,True
288.0,43.0,7,2,10,2026,True,49,53,3,1,5.0,2943.0,7,True,False,Productivity,0,83.4,1531,0.7,True
23.0,2.0,9,3,1,2023,False,238,47,3,0,5.0,2746.0,4,False,True,API,0,0.0,7,0.0,True
172.0,1.0,7,4,5,2025,True,149,46,3,1,5.0,447.0,4,False,False,Productivity,0,0.0,2,0.0,True
12.0,0.0,12,1,5,2023,False,251,59,4,0,44720.0,1764.0,3,False,True,Social Media,0,0.0,1,1.0,True
13.0,1.0,7,0,5,2023,False,254,37,3,1,3185.0,1023.0,6,False,True,Artificial Intelligence,0,0.0,0,3.0,True
25.0,11.0,0,5,5,2026,False,159,46,3,1,5.0,1711.0,10,True,False,Other,0,0.0,0,0.0,False
213.0,4.0,22,3,5,2026,True,60,60,3,3,223428.0,3509.0,4,True,False,Developer Tools,0,0.0,5,0.0,True
369.0,79.0,7,4,6,2026,True,38,60,3,1,1629.0,11119.0,8,False,False,Other,0,193.1,0,0.0,True
116.0,8.0,7,4,6,2026,True,155,37,2,1,4978.0,167.0,4,False,False,Other,0,0.0,2,1.4,True
745.0,82.0,7,6,5,2026,True,70,60,3,3,202.0,494.0,8,True,False,Productivity,0,0.0,0,0.0,True
8.0,0.0,7,4,5,2023,False,236,26,2,1,3219.0,739.0,1,False,True,Other,0,0.0,230,0.0,True
155.0,0.0,5,4,7,2024,False,138,30,3,1,5.0,1724.0,3,True,False,API,0,0.0,0,0.6,True
155.0,16.0,18,0,7,2023,False,172,59,3,1,5.0,1158.0,4,True,False,Other,0,1.0,23,0.5,True
129.0,5.0,6,0,7,2023,False,439,42,3,1,5294.0,8749.0,7,False,False,Design Tools,0,0.0,0,189.5,True
245.0,45.0,7,4,7,2026,True,65,44,3,2,264728.0,18554.0,8,True,False,Developer Tools,27,0.0,8,0.0,True
103.0,16.0,7,2,7,2026,True,36,40,1,3,5.0,1677.0,6,False,False,Open Source,0,0.0,22,0.0,True
179.0,27.0,1,4,7,2026,True,271,56,3,1,5.0,12878.0,4,True,False,Mac,0,0.0,2966,0.6,True
1.0,0.0,16,4,3,2023,False,118,52,3,1,5.0,3025.0,1,False,True,Other,0,0.0,1,3.7,True
144.0,0.0,7,0,7,2023,True,288,59,1,2,5.0,1126.0,20,False,False,Fintech,0,0.0,0,0.0,True
95.0,4.0,7,3,5,2023,False,234,51,2,1,5.0,1970.0,1,False,True,Other,0,0.0,1,0.0,True
199.0,16.0,0,6,6,2026,True,234,48,3,1,132.0,1564.0,6,True,False,Artificial Intelligence,0,0.0,0,0.0,False
12.0,12.0,7,4,5,2023,True,245,34,2,1,87517.0,3350.0,8,True,True,Fintech,2,0.0,14,314.7,True
13.0,23.0,20,4,4,2023,True,272,27,5,1,5.0,1578.0,5,False,False,Mac,0,0.0,30,0.0,True
1.0,0.0,16,4,1,2023,True,264,37,3,2,1394.0,2661.0,3,False,True,Marketing,0,0.0,29,0.0,True
1.0,0.0,14,0,5,2023,False,193,46,3,1,2959.0,4636.0,2,False,True,Developer Tools,0,0.0,6,0.0,True
110.0,58.0,7,4,7,2023,False,363,45,3,1,5.0,138.0,4,True,False,Developer Tools,0,0.0,0,0.0,True
21.0,3.0,7,4,5,2023,False,246,51,3,0,124.0,118.0,5,True,False,Design Tools,0,0.0,0,0.0,False
172.0,28.0,7,2,5,2026,True,40,28,3,1,5.0,3090.0,7,True,False,Productivity,0,324.9,29,5.0,True
118.0,4.0,17,3,3,2023,False,250,42,4,1,166.0,794.0,6,False,True,Productivity,0,0.0,570,3.9,True
15.0,2.0,8,4,5,2023,False,249,30,3,2,5.0,1773.0,3,False,True,Marketing,0,0.0,9,1.1,True
136.0,29.0,7,3,7,2023,True,153,41,3,4,219744.0,104.0,4,True,False,Email,0,0.0,1452,210.71280991735537,False
212.0,59.0,7,0,3,2023,True,232,45,3,4,62881.0,62.0,5,False,False,Productivity,0,0.0,405,215.3703703703704,False
130.0,25.0,7,3,7,2023,False,61,56,3,1,5.0,1221.0,6,True,False,Design Tools,0,0.0,0,0.0,True
128.0,4.0,7,4,7,2023,False,203,35,4,2,5.0,628.0,3,False,False,Other,0,0.0,0,0.0,True
17.0,0.0,14,1,7,2023,False,198,54,2,1,5.0,4856.0,2,True,True,Design Tools,0,0.0,0,1.7,True
100.0,240.0,0,5,5,2023,True,62,49,3,1,58699.0,884.0,3,False,False,Other,0,0.0,15,94.6,True
11.0,0.0,7,5,1,2023,False,262,49,3,1,358476.0,991.0,6,False,True,Other,0,0.0,18,0.0,True
15.0,0.0,17,6,5,2023,False,270,60,2,0,5.0,2241.0,1,True,True,Other,0,0.0,0,3.5,True
73.0,0.0,15,2,5,2026,True,278,32,3,1,5279.0,4399.0,8,False,False,Health & Fitness,0,0.0,0,0.0,True
293.0,1.0,7,2,5,2023,True,261,53,3,1,2773.0,139.0,6,False,False,Chrome Extensions,0,0.0,0,0.0,True
130.0,22.0,7,4,7,2026,True,60,50,3,1,5.0,386.0,6,True,False,Productivity,0,0.0,0,195.3,True
133.0,3.0,10,0,7,2020,True,192,43,3,1,210.0,684.0,5,False,False,Other,0,0.0,0,0.0,False
239.0,69.0,0,2,6,2026,True,151,51,3,1,2663.0,7554.0,5,True,False,Productivity,7,174.28571428571428,7,174.28571428571428,False
219.0,33.0,7,4,6,2026,True,56,56,3,1,491.0,213.0,6,False,False,Other,0,0.0,0,0.0,False
98.0,0.0,13,4,5,2023,False,308,57,3,1,225789.0,2053.0,1,True,True,Other,0,2.8,668,0.0,True
247.0,7.0,7,5,5,2023,True,70,34,3,1,8478.0,6706.0,5,True,False,Productivity,0,0.0,0,0.0,True
173.0,79.0,7,1,7,2026,True,76,60,3,1,5.0,1083.0,8,False,False,Other,0,0.0,0,0.0,True
3.0,1.0,9,0,3,2023,False,151,47,3,1,173.0,1790.0,3,False,True,Other,0,0.0,0,0.0,False
132.0,31.0,7,6,7,2026,False,63,53,3,1,2436.0,4874.0,6,True,False,Mac,0,0.0,20,0.0,True
8.0,5.0,7,5,5,2023,False,235,51,3,0,1688.0,1962.0,4,False,True,Social Media,0,1.1,8,4.2,True
111.0,2.0,7,3,5,2023,False,249,34,2,1,5.0,247.0,16,True,True,Other,0,0.8,0,0.0,True
113.0,4.0,7,0,6,2026,False,37,37,3,1,4233.0,10704.0,7,True,False,API,1,454.0,1,454.0,False
6.0,1.0,10,6,5,2023,False,221,38,1,1,1055.0,4414.0,2,False,True,Other,0,0.0,0,0.0,False
93.0,100.0,7,6,7,2026,True,462,49,3,3,5.0,9119.0,7,False,False,Other,3,0.0,20,3.1,True
164.0,34.0,7,0,5,2026,True,257,31,2,1,5.0,4459.0,8,True,False,SaaS,0,0.0,0,0.0,True
351.0,0.0,7,5,7,2023,False,230,56,3,1,5.0,4108.0,6,False,True,Other,0,0.0,0,1.4,True
104.0,88.0,1,4,5,2026,True,227,48,3,3,820.0,679.0,4,True,False,Open Source,1,0.0,2,222.7,True
238.0,130.0,1,2,5,2026,True,73,58,3,1,2386.0,703.0,6,False,False,Other,1,0.0,17,2.8,True
227.0,27.0,7,3,3,2026,True,59,58,3,1,13761.0,827.0,4,False,False,Other,0,0.0,0,0.0,True
8.0,8.0,8,4,7,2023,True,246,58,2,1,5.0,1153.0,2,False,False,Other,0,1.3,178,0.0,True
157.0,36.0,16,4,7,2023,False,233,48,4,2,5.0,1535.0,7,False,False,Analytics,0,0.0,4,0.5,True
98.0,1.0,11,1,5,2023,False,72,40,3,1,2359.0,704.0,1,False,False,Other,0,0.0,7,2.6,True
110.0,9.0,7,6,5,2026,True,64,26,3,0,5.0,5570.0,4,False,False,Other,0,0.0,3,0.0,True
634.0,75.0,16,2,5,2026,True,330,52,3,1,5037.0,13886.0,6,True,False,Other,3,432.6666666666667,3,432.6666666666667,False
111.0,0.0,8,1,9,2023,True,275,56,3,1,1810.0,2564.0,1,False,True,Productivity,0,0.0,17,4.0,True
1.0,0.0,7,3,7,2023,True,226,30,2,1,987.0,829.0,2,False,True,Design Tools,0,0.0,15,2.0,True
21.0,0.0,10,0,5,2023,False,256,32,3,1,5.0,2540.0,5,False,False,Health & Fitness,0,0.0,0,0.3,True
136.0,194.0,7,4,5,2026,True,60,52,3,1,1818.0,160.0,6,True,False,Android,0,0.0,0,0.8,True
382.0,68.0,7,2,6,2026,False,57,27,3,1,4285.0,8884.0,6,True,False,Productivity,0,0.0,365,340.6,True
118.0,15.0,7,5,5,2023,False,55,48,3,1,619.0,3257.0,1,False,True,Productivity,0,0.2,0,172.2,True
13.0,1.0,17,3,5,2023,False,211,21,3,1,5.0,1246.0,2,False,True,Other,0,0.0,4,3.6,True
16.0,1.0,7,3,1,2023,False,229,50,2,0,5.0,3197.0,0,False,False,Artificial Intelligence,0,0.0,20,4.8,True
76.0,2.0,7,5,5,2023,False,54,33,3,1,5.0,1747.0,6,False,True,Marketing,0,0.0,10,3.9,True
328.0,8.0,1,3,5,2026,True,74,36,3,3,5.0,4649.0,7,True,False,Other,6,0.0,0,3.0,True
25.0,0.0,17,3,1,2023,False,254,57,2,1,1462.0,2829.0,0,False,True,Other,0,0.0,0,1.2,True
112.0,15.0,0,2,5,2026,True,486,60,3,1,174.0,4945.0,6,True,False,Mac,0,0.0,0,0.0,False
151.0,0.0,7,0,7,2023,False,224,47,3,2,496.0,2315.0,4,False,False,Other,0,0.0,8,0.8,True
107.0,13.0,7,3,7,2026,True,136,55,3,1,5.0,734.0,2,True,False,Other,0,0.0,7,0.9,True
168.0,2.0,7,3,7,2025,True,257,26,2,3,5.0,520.0,8,True,False,Fintech,0,0.0,14,0.0,True
152.0,126.0,7,2,7,2026,True,31,58,3,1,574.0,11203.0,5,False,False,Other,0,0.4,0,5.3,True
1.0,0.0,7,3,5,2023,False,255,48,4,1,296.0,1256.0,0,False,True,Design Tools,0,0.0,0,0.7,True
7.0,0.0,11,3,5,2023,False,273,43,3,1,234235.0,27.0,5,False,False,Artificial Intelligence,0,0.0,0,1.0,True
213.0,6.0,4,4,5,2024,False,127,59,3,1,1952.0,1888.0,4,True,False,Developer Tools,0,0.0,9,0.0,True
26.0,0.0,19,5,5,2023,False,263,59,3,1,5.0,3930.0,3,False,True,Other,0,0.0,13,1.1,True
8.0,1.0,7,3,5,2023,True,44,38,4,0,144.0,558.0,3,False,False,Other,0,0.0,275,0.0,True
100.0,1.0,7,4,3,2023,False,153,51,2,1,43817.0,2231.0,3,False,True,Other,0,0.0,15,0.0,True
148.0,104.0,0,4,7,2026,True,53,56,3,3,4003.0,2450.0,5,True,False,Other,0,0.0,17,194.8,True
82.0,7.0,8,6,5,2023,True,232,40,3,1,1750.0,435.0,3,False,True,Design Tools,0,0.0,0,0.0,False
2.0,0.0,10,3,7,2023,False,212,53,1,1,19.0,6241.0,3,False,True,Other,0,0.0,0,0.0,False
181.0,0.0,7,6,5,2023,False,247,47,2,1,5.0,7111.0,4,True,True,Other,0,0.0,25,4.0,True
6.0,0.0,7,0,7,2023,False,74,57,3,3,683.0,504.0,4,True,False,Email,0,0.0,0,0.0,True
222.0,92.0,7,3,8,2024,False,263,38,3,3,1571.0,4446.0,1,True,False,Analytics,0,0.0,0,0.0,True
13.0,1.0,7,4,7,2023,False,209,57,3,1,2036.0,12553.0,3,False,True,SaaS,0,0.0,468,3.4,True
371.0,41.0,0,1,5,2026,False,413,56,3,1,6677.0,17298.0,5,True,False,Other,20,451.95,20,451.95,False
5.0,1.0,7,3,5,2023,False,239,37,2,0,230334.0,1012.0,6,False,True,Writing,0,0.0,205,5.7,True
125.0,8.0,7,6,1,2026,False,45,37,3,3,89454.0,799.0,4,True,True,Social Media,0,0.0,1181,183.0,True
184.0,54.0,7,3,7,2026,True,49,52,3,3,5.0,817.0,5,True,False,Other,0,0.0,7,0.0,True
8.0,0.0,7,5,3,2023,False,296,48,3,1,5.0,938.0,3,False,False,Other,0,0.0,3,0.0,True
98.0,1.0,9,4,7,2026,True,56,60,3,2,5.0,3046.0,8,False,False,Writing,0,0.0,0,2.9,True
4.0,3.0,7,5,6,2026,False,44,44,3,3,71.0,561.0,4,False,False,Other,0,0.0,0,0.0,False
158.0,35.0,1,1,7,2026,True,450,42,3,2,819.0,7614.0,8,True,False,Other,0,0.2,3,0.0,True
16.0,93.0,7,0,3,2023,True,57,58,3,1,1256.0,1056.0,4,False,False,API,6,0.0,713,0.0,True
106.0,0.0,7,3,5,2023,True,156,48,1,1,5.0,1061.0,3,False,True,Marketing,0,0.0,0,0.0,True
5.0,0.0,12,5,1,2023,False,161,59,3,1,487.0,940.0,3,False,True,Education,0,0.0,0,0.0,False
145.0,36.0,7,6,6,2026,True,47,47,3,2,18.0,399.0,8,False,False,Productivity,0,0.0,0,0.0,False
151.0,0.0,7,2,7,2026,True,54,54,3,1,2141.0,2612.0,8,True,False,Design Tools,0,0.0,13,0.0,True
1.0,2.0,22,4,3,2023,False,239,36,3,1,5.0,570.0,4,False,True,Chrome Extensions,0,1.2,2026,0.0,True
110.0,14.0,7,4,7,2026,False,47,38,3,1,227579.0,4511.0,5,True,False,Other,0,0.0,0,0.0,True
237.0,27.0,7,6,7,2026,True,56,43,3,1,4803.0,1367.0,8,True,False,Productivity,1,172.2,3,3.5,True
5.0,0.0,16,3,3,2023,True,289,26,4,1,3556.0,1707.0,1,False,True,Other,0,0.0,5,4.5,True
214.0,46.0,7,0,11,2026,True,50,56,3,3,172192.0,9034.0,6,True,False,Mac,0,0.0,13,341.6,True
122.0,19.0,7,2,7,2026,False,47,47,3,3,308.0,1550.0,7,False,True,Productivity,1,19.0,1,19.0,False
97.0,203.0,7,5,6,2026,True,451,47,3,2,318.0,4973.0,5,False,False,Productivity,4,0.0,18,1.1,True
1.0,0.0,13,3,1,2023,False,326,19,4,1,5.0,696.0,2,False,True,Other,0,0.0,366,0.6,True
5.0,1.0,20,1,3,2023,False,184,26,2,1,110.0,22.0,3,False,True,Developer Tools,0,0.0,0,0.0,False
7.0,1.0,13,5,1,2023,False,182,28,2,1,387.0,57.0,2,False,True,Other,0,0.0,0,0.0,False
124.0,37.0,0,4,3,2023,True,144,60,3,2,2593.0,2669.0,4,True,False,Artificial Intelligence,0,0.3,2115,190.2,True
1.0,6.0,16,1,7,2023,True,204,60,3,1,107202.0,19.0,6,False,True,iOS,0,0.0,0,3.2,True
98.0,15.0,7,4,5,2026,True,42,53,3,3,516.0,2435.0,6,True,False,Other,9,0.0,1402,0.0,True
9.0,1.0,8,4,1,2023,False,199,28,2,1,97.0,1341.0,4,False,True,Other,0,0.0,0,0.0,False
8.0,1.0,8,5,1,2023,False,242,53,3,1,438.0,1818.0,2,False,True,Productivity,0,0.0,0,0.0,False
121.0,0.0,0,3,5,2026,True,247,56,3,3,5.0,2156.0,5,False,False,Chrome Extensions,0,0.0,0,2.2,True
97.0,18.0,7,4,7,2026,False,30,56,3,1,222886.0,370.0,6,True,False,Design Tools,0,0.0,4,0.0,True
76.0,3.0,7,6,5,2023,True,258,32,3,1,3907.0,4062.0,4,True,False,Design Tools,0,0.0,820,3.6,True
225.0,34.0,7,0,11,2026,True,39,45,3,2,2270.0,14845.0,5,False,False,Productivity,0,300.4,21,97.9,True
3.0,0.0,2,0,3,2023,False,67,34,3,1,457.0,1786.0,3,False,True,Other,0,0.0,0,0.0,False
349.0,10.0,7,6,5,2026,True,54,45,3,3,3521.0,707.0,6,True,False,Other,0,0.9,18,240.9,True
524.0,19.0,7,3,7,2026,True,199,47,3,1,5.0,268.0,4,True,False,Android,0,0.0,0,1.8,True
112.0,54.0,7,4,6,2026,True,50,45,3,0,185699.0,2824.0,7,True,False,Productivity,4,0.0,0,0.2,True
4.0,1.0,22,4,1,2023,False,268,47,2,1,145.0,3953.0,3,False,True,Other,0,0.0,0,0.0,False
2.0,1.0,5,5,1,2023,False,252,57,1,1,32.0,2857.0,3,True,True,Marketing,0,0.0,0,0.0,False
159.0,15.0,3,0,3,2025,True,162,53,3,1,236.0,381.0,6,True,False,Productivity,0,0.0,0,0.0,False
101.0,99.0,7,3,7,2023,True,65,51,3,1,1821.0,2886.0,8,True,False,Other,0,0.0,358,216.4,True
132.0,8.0,7,5,6,2026,True,26,26,3,1,199.0,924.0,8,False,False,Productivity,0,0.0,0,0.0,False
5.0,1.0,4,3,1,2023,False,179,39,2,1,552.0,5239.0,2,True,True,Other,0,0.0,0,0.0,False
12.0,10.0,7,6,7,2026,False,49,49,3,3,181.0,1603.0,4,False,False,Other,0,0.0,0,0.0,False
566.0,53.0,7,2,6,2026,True,53,57,3,0,149.0,531.0,5,False,False,Other,0,0.0,7,4.5,True
383.0,7.0,7,1,5,2026,False,389,60,3,1,5.0,2314.0,4,True,False,Productivity,0,0.0,16,0.0,True
194.0,3.0,19,3,5,2023,True,240,59,3,7,5.0,1515.0,1,True,False,Other,0,0.0,0,0.0,True
760.0,14.0,7,4,7,2026,True,237,39,3,1,141.0,23016.0,4,True,False,Android,0,0.0,3,2.4,True
95.0,5.0,7,3,7,2023,True,245,42,3,1,575.0,1549.0,3,True,True,Hiring,0,0.0,0,0.0,False
117.0,16.0,0,1,5,2026,True,438,58,3,1,161.0,1735.0,4,True,False,Developer Tools,0,0.0,0,0.0,False
210.0,23.0,7,3,7,2026,True,62,54,3,2,383.0,636.0,6,False,False,Productivity,0,0.0,1090,186.5,True
402.0,17.0,1,0,6,2026,True,66,60,3,1,4996.0,1266.0,6,True,False,Productivity,0,0.0,0,286.1,True
17.0,0.0,17,4,7,2023,False,253,20,1,0,3081.0,1049.0,1,False,True,Other,0,0.0,0,0.0,True
6.0,0.0,7,5,3,2023,False,229,50,3,1,5.0,582.0,2,True,True,Other,0,0.0,16,197.0,True
161.0,3.0,7,4,11,2026,True,59,50,3,2,5.0,896.0,6,False,False,Design Tools,0,0.0,0,0.0,True
146.0,13.0,1,1,6,2026,True,49,40,3,1,50966.0,14196.0,6,True,False,Productivity,0,0.0,18,323.9,True
2.0,1.0,3,5,1,2023,False,169,32,2,1,252.0,4971.0,4,False,True,Other,0,0.0,0,0.0,False
381.0,62.0,7,4,5,2023,True,267,27,3,1,251231.0,59.0,8,False,False,Artificial Intelligence,0,0.0,1485,1.8,True
3.0,2.0,12,6,5,2026,False,201,22,3,1,138.0,47.0,4,True,False,Productivity,0,0.0,0,0.0,False
168.0,0.0,7,4,5,2023,True,35,57,2,3,5.0,4335.0,6,True,False,Other,0,0.0,0,196.7,True
157.0,6.0,7,4,7,2023,False,57,59,3,1,4614.0,10500.0,5,True,False,Mac,0,0.0,11,287.1,True
148.0,14.0,0,3,6,2026,True,350,44,3,1,725.0,902.0,10,False,False,Developer Tools,0,0.0,0,0.0,False
44.0,6.0,7,6,6,2026,True,55,55,2,1,179.0,1068.0,7,True,False,API,0,0.0,0,0.0,False
144.0,0.0,16,3,3,2023,True,396,38,5,1,5.0,1368.0,3,False,True,Other,0,0.0,0,2.3,True
1.0,3.0,9,0,1,2023,False,236,43,3,1,5.0,1935.0,3,False,True,Design Tools,0,1.4,8,0.6,True
104.0,1.0,7,0,5,2025,True,244,43,2,3,5.0,3739.0,4,False,True,Other,0,0.0,0,4.8,True
225.0,50.0,7,3,7,2023,True,36,60,3,1,5.0,3269.0,4,False,False,Productivity,0,0.0,0,0.0,True
124.0,0.0,14,4,7,2023,True,270,25,1,2,5.0,2291.0,8,False,True,Mac,0,1.0,15,0.6,True
802.0,22.0,7,2,3,2026,False,64,60,3,1,30881.0,2290.0,6,True,False,Other,0,0.0,0,4.2,True
143.0,0.0,9,1,7,2026,True,46,56,3,1,792.0,4596.0,3,True,False,Productivity,12,0.0,0,179.4,True
565.0,4.0,1,0,7,2026,True,61,59,3,1,1893.0,5143.0,4,True,False,Fintech,0,114.3,16,373.3,True
10.0,0.0,7,3,7,2023,False,228,37,1,1,5.0,877.0,3,False,True,Marketing,0,0.0,1171,0.0,True
6.0,0.0,7,1,7,2023,True,271,32,3,1,721.0,795.0,2,True,True,Design Tools,0,0.0,0,1.3,True
3.0,0.0,3,1,3,2023,False,247,56,1,1,506.0,2100.0,1,False,True,Health & Fitness,0,0.0,0,0.0,False
11.0,2.0,7,1,5,2023,False,259,41,3,1,4076.0,3846.0,5,False,False,Other,0,0.0,270,189.6,True
16.0,0.0,13,2,3,2023,False,255,59,3,1,1158.0,833.0,3,True,True,Design Tools,0,0.0,12,0.0,True
94.0,11.0,7,4,7,2026,True,221,43,3,1,1463.0,1219.0,6,False,False,Other,0,0.0,2,1.7,True
437.0,26.0,7,2,7,2026,True,39,39,3,1,573.0,707.0,5,False,False,Other,0,0.0,0,0.0,False
383.0,77.0,7,1,7,2026,True,46,47,3,1,2912.0,1697.0,6,True,False,Productivity,11,0.0,9,0.0,True
96.0,7.0,14,6,6,2023,False,61,60,3,1,2238.0,2795.0,9,False,False,Productivity,0,0.0,23,4.0,True
259.0,38.0,7,1,5,2023,True,239,22,3,1,5.0,1230.0,6,True,False,Productivity,0,0.0,0,0.0,True
137.0,8.0,7,2,6,2026,True,38,38,3,3,1157.0,4146.0,8,False,False,Other,0,0.0,0,0.0,False
33.0,0.0,7,4,7,2023,False,127,27,3,1,145.0,1366.0,7,False,False,Developer Tools,0,0.0,0,0.2,True
2.0,1.0,7,5,5,2023,False,233,30,3,1,275.0,1657.0,4,False,True,Other,0,0.0,0,0.0,False
1.0,5.0,7,5,3,2023,True,250,24,3,4,1031.0,585.0,1,False,True,Other,0,0.0,0,5.4,True
1.0,3.0,10,3,7,2023,False,259,36,4,1,5.0,604.0,0,False,True,Android,0,3.0,0,0.0,True
508.0,81.0,7,1,3,2023,True,254,49,3,8,248186.0,1571.0,4,True,False,Productivity,0,0.0,1638,196.66666666666663,False
161.0,0.0,10,5,5,2023,False,178,45,2,1,5407.0,2057.0,4,False,False,Productivity,0,0.0,12,0.0,True
89.0,4.0,8,4,5,2023,True,165,41,3,0,2587.0,1953.0,9,True,True,Writing,0,0.0,9,1.9,True
11.0,0.0,18,4,5,2023,False,245,26,2,1,5.0,2959.0,1,True,True,Web App,0,0.0,15,0.0,True
461.0,29.0,7,0,3,2025,True,41,26,3,1,288485.0,2630.0,6,False,False,Other,5,0.0,17,2.4,True
3.0,1.0,5,0,3,2023,False,106,42,3,0,413.0,255.0,3,False,False,Writing,0,0.0,0,0.0,False
100.0,5.0,9,0,5,2026,True,87,41,3,1,175.0,3163.0,6,True,False,Mac,0,0.0,0,0.0,False
161.0,0.0,1,3,7,2023,True,51,33,3,1,5.0,2785.0,8,True,True,Marketing,0,0.0,0,1.9,True
110.0,7.0,0,4,6,2026,True,320,37,3,1,439.0,1100.0,7,True,False,Design Tools,0,0.0,0,0.0,False
48.0,0.0,15,4,1,2023,True,217,57,2,1,4110.0,2025.0,6,True,False,Android,0,0.0,13,0.0,True
22.0,4.0,0,5,6,2026,False,165,48,3,1,342.0,979.0,6,True,False,Other,0,0.0,0,0.0,False
494.0,1.0,7,0,7,2026,True,306,58,3,3,90753.0,2263.0,7,False,False,Hiring,0,240.2,488,0.0,True
18.0,13.0,7,0,3,2023,False,195,51,3,1,323.0,2795.0,6,False,True,Other,0,0.0,0,0.0,False
7.0,2.0,13,0,3,2023,False,51,52,3,0,339.0,1017.0,3,False,False,Other,1,2.0,0,0.0,False
99.0,18.0,0,2,6,2026,True,484,55,3,1,1616.0,1377.0,14,True,False,Productivity,0,0.0,0,0.0,False
1.0,2.0,19,3,5,2023,True,33,27,3,1,867.0,3686.0,3,False,False,Other,0,0.0,4,4.0,True
331.0,58.0,7,0,6,2026,True,59,59,3,2,167.0,4742.0,7,False,True,Design Tools,0,0.0,0,0.0,False
87.0,108.0,7,3,6,2023,True,45,37,3,2,2484.0,3958.0,5,False,False,Design Tools,0,0.0,12,3.8,True
149.0,0.0,9,3,7,2023,False,247,31,3,1,5.0,1667.0,6,True,False,Other,0,0.0,0,0.0,True
118.0,3.0,7,4,5,2026,True,42,53,3,1,413655.0,4032.0,6,False,True,Writing,0,0.9,5,188.6,True
122.0,18.0,7,5,9,2026,True,207,39,3,3,5150.0,2011.0,8,False,False,Design Tools,0,32.1,14,2.6,True
150.0,7.0,23,4,5,2023,False,421,60,3,3,2035.0,496.0,6,False,False,Chrome Extensions,0,0.0,0,187.0,True
353.0,28.0,7,2,5,2026,True,490,53,3,5,3275.0,1435.0,8,True,False,Productivity,0,265.4,2,0.0,True
97.0,1.0,21,1,7,2024,True,276,44,3,1,79947.0,249.0,1,True,False,Web App,0,0.0,1,0.0,True
128.0,46.0,12,3,5,2026,False,49,36,3,1,181827.0,1460.0,6,True,False,Productivity,0,1.8,0,217.1,True
17.0,2.0,12,1,7,2023,True,263,56,3,1,5.0,4209.0,2,False,True,Other,0,0.0,0,1.1,True
161.0,13.0,7,3,6,2026,True,51,51,3,3,22.0,3038.0,8,False,True,Design Tools,0,0.0,0,0.0,False
114.0,22.0,1,2,6,2026,True,32,24,3,1,1879.0,2857.0,6,True,False,Other,0,0.0,1708,214.3,True
20.0,2.0,7,1,3,2023,False,256,24,3,1,5.0,2188.0,3,False,True,Hiring,0,0.0,0,3.5,True
84.0,13.0,8,5,1,2023,True,203,29,3,5,75409.0,1074.0,3,False,False,Productivity,0,0.0,488,231.9016393442623,False
53.0,0.0,7,0,7,2023,False,59,45,3,1,54674.0,3942.0,6,False,False,Marketing,0,0.4,13,0.0,True
59.0,1.0,11,0,5,2023,True,231,36,4,1,2834.0,1320.0,6,False,False,Other,0,0.0,3310,202.3,True
267.0,59.0,7,3,7,2026,True,159,52,3,1,3604.0,3862.0,7,True,False,Mac,0,0.0,0,0.0,True
159.0,63.0,7,6,7,2023,True,51,28,3,3,5.0,483.0,6,False,False,Other,0,0.0,2001,2.5,True
1.0,0.0,8,4,1,2023,True,186,39,2,1,315.0,2421.0,7,False,True,Other,0,0.0,10,0.0,True
1.0,0.0,5,3,1,2023,True,282,56,4,0,5.0,3215.0,3,False,True,Android,0,0.0,1658,0.0,True
15.0,2.0,13,3,3,2023,False,270,20,1,1,48873.0,782.0,2,False,True,Marketing,0,0.0,0,0.7,True
68.0,0.0,8,4,5,2026,False,242,32,3,1,46850.0,1492.0,5,True,False,Developer Tools,0,1.4,10,0.0,True
17.0,0.0,23,5,3,2023,False,272,22,1,1,457.0,1649.0,2,False,True,Analytics,0,0.0,15,251.1,True
21.0,0.0,11,1,3,2023,False,234,37,1,4,106.0,10615.0,3,True,True,Design Tools,0,0.0,7,0.0,True
153.0,3.0,7,2,7,2023,True,64,57,3,1,5.0,3847.0,6,True,False,Productivity,3,0.0,3115,1.8,True
93.0,19.0,0,3,5,2023,False,59,47,3,1,547.0,264.0,4,True,False,Other,0,0.0,11,0.0,True
2.0,0.0,7,0,7,2023,True,249,41,3,1,165.0,1067.0,3,False,True,Developer Tools,0,0.0,0,0.0,True
163.0,78.0,7,1,9,2026,True,41,34,3,6,1907.0,764.0,6,False,False,Other,0,0.5,3,0.0,True
145.0,0.0,7,0,7,2026,True,500,56,3,2,1811.0,1310.0,4,True,False,API,0,0.0,21,0.4,True
117.0,5.0,0,6,5,2026,True,40,48,3,4,986.0,11243.0,6,False,False,Mac,0,199.0,23,218.6,True
232.0,39.0,7,0,6,2026,True,46,32,3,2,5.0,6333.0,6,False,False,Other,0,0.0,29,181.6,True
99.0,71.0,5,3,6,2026,False,219,48,3,1,318.0,448.0,6,False,False,Hiring,0,0.0,0,0.0,False
247.0,22.0,7,6,7,2023,True,37,56,2,1,2603.0,13881.0,5,True,False,Other,4,1.7,1505,354.9,True
59.0,36.0,7,0,7,2023,True,53,40,3,1,5.0,7165.0,6,True,False,Design Tools,0,0.0,3,228.1,True
105.0,19.0,7,4,7,2026,True,261,32,3,3,41529.0,2533.0,4,True,True,Other,0,0.0,32,0.0,True
19.0,0.0,5,4,3,2023,True,201,59,1,1,4980.0,524.0,3,False,True,Analytics,0,0.0,853,0.0,True
20.0,18.0,7,5,7,2026,False,60,60,3,1,204.0,610.0,8,False,False,Productivity,0,0.0,0,0.0,False
94.0,3.0,1,4,7,2026,True,64,41,3,3,854.0,2232.0,6,False,False,Education,0,0.0,11,187.7,True
116.0,3.0,10,0,5,2023,False,248,19,4,1,109468.0,2610.0,1,False,True,Android,0,0.0,0,0.0,True
116.0,31.0,7,1,5,2025,True,237,53,3,1,5.0,771.0,8,False,False,Productivity,0,0.0,0,3.4,True
14.0,6.0,20,4,6,2026,False,399,46,3,1,570.0,1449.0,6,False,False,iOS,0,0.0,0,0.0,False
21.0,11.0,7,6,7,2026,False,44,44,3,2,174.0,820.0,4,False,True,Other,0,0.0,0,0.0,False
162.0,82.0,7,6,7,2026,False,50,58,3,1,42573.0,11279.0,5,True,False,Productivity,0,0.0,0,22.0,True
126.0,2.0,22,3,5,2023,False,201,55,3,1,118.0,4125.0,6,False,True,Analytics,0,0.0,0,0.0,True
94.0,0.0,7,6,3,2023,True,46,35,3,1,1026.0,899.0,4,True,False,Developer Tools,0,0.0,12,0.0,True
415.0,52.0,7,6,7,2026,True,65,50,3,2,3112.0,7837.0,5,True,False,Productivity,1,0.4,0,1.9,True
2.0,0.0,7,3,5,2023,False,275,58,3,1,37941.0,897.0,1,False,True,Other,0,0.0,0,0.0,True
176.0,1.0,22,1,7,2023,True,500,29,3,1,5.0,462.0,2,True,False,Other,0,0.0,0,0.0,True
102.0,10.0,7,1,3,2023,True,215,56,3,1,115.0,3016.0,7,False,True,Design Tools,0,0.0,0,0.0,False
1.0,0.0,7,4,5,2023,False,233,30,3,1,1389.0,2927.0,1,False,True,Analytics,0,0.9,15,4.3,True
100.0,0.0,5,5,7,2023,False,181,38,3,1,107581.0,906.0,7,False,False,Artificial Intelligence,0,0.0,17,294.4,True
152.0,26.0,0,4,5,2026,True,439,50,3,1,44.0,209.0,5,False,False,SaaS,0,0.0,0,0.0,False
10.0,0.0,10,4,5,2023,False,261,20,3,1,395.0,478.0,1,True,False,Other,0,0.7,0,1.6,True
258.0,13.0,0,0,6,2026,True,53,52,3,1,1660.0,555.0,9,True,False,Productivity,1,0.0,303,190.2,True
79.0,1.0,10,3,7,2023,True,234,34,1,3,172412.0,1002.0,5,True,False,Artificial Intelligence,0,0.0,1138,212.88576449912128,False
144.0,32.0,7,2,7,2025,False,249,59,3,6,5.0,4241.0,8,True,False,Developer Tools,3,0.0,0,2.5,True
46.0,2.0,7,1,5,2023,False,37,44,3,1,3478.0,1986.0,7,False,False,Other,0,0.7,0,0.0,True
5.0,1.0,17,4,7,2023,False,216,36,4,1,572.0,728.0,3,False,True,Analytics,0,0.0,0,0.0,False
165.0,1.0,7,5,7,2025,True,129,60,2,1,5.0,1390.0,6,False,True,Fintech,0,0.0,8,1.9,True
127.0,6.0,7,2,5,2023,False,377,60,3,1,5.0,6399.0,4,False,False,Mac,0,0.0,1,1.8,True
51.0,19.0,7,3,6,2026,False,45,45,3,2,924.0,3155.0,5,True,True,Other,0,0.0,0,0.0,False
3.0,1.0,7,1,3,2023,False,123,40,3,1,5.0,1125.0,5,True,True,Productivity,0,0.0,0,0.0,False
139.0,8.0,7,3,5,2026,True,239,33,3,6,5.0,608.0,8,True,False,Chrome Extensions,0,0.0,12,0.0,True
13.0,1.0,13,3,5,2023,False,241,40,1,0,550.0,3829.0,11,False,True,Productivity,0,0.4,1,0.0,True
19.0,0.0,7,3,3,2023,True,270,48,2,0,64440.0,754.0,3,True,False,Android,0,0.0,509,0.0,True
90.0,4.0,14,5,5,2023,True,192,43,3,1,5.0,603.0,8,False,False,Productivity,0,0.0,10,0.0,True
86.0,62.0,7,3,6,2026,False,64,41,3,1,2679.0,29217.0,6,True,False,Other,6,0.0,0,419.3,True
87.0,21.0,7,1,4,2026,True,259,56,3,1,1286.0,12784.0,6,False,False,Developer Tools,0,0.0,4,0.2,True
287.0,26.0,7,3,7,2026,True,47,29,3,1,125291.0,4185.0,8,True,False,Productivity,0,0.0,524,0.0,True
249.0,0.0,7,3,6,2026,False,242,60,3,2,363.0,2113.0,4,False,False,Other,1,0.0,0,2.7,True
19.0,0.0,6,5,3,2023,False,242,28,3,1,5.0,1426.0,2,True,True,Other,0,0.0,10,0.0,True
168.0,6.0,7,3,5,2026,False,50,49,3,1,5.0,1956.0,6,True,False,Productivity,3,0.0,3,0.0,True
517.0,61.0,7,3,7,2026,True,261,49,3,1,235396.0,590.0,4,False,False,Productivity,0,0.0,19,1.1,True
135.0,23.0,15,4,7,2026,False,271,32,3,1,5.0,1596.0,3,False,True,Other,0,0.0,0,0.0,True
246.0,0.0,7,1,7,2026,False,274,18,3,1,3119.0,3761.0,5,False,False,Artificial Intelligence,0,0.0,14,2.2,True
22.0,6.0,5,4,1,2023,False,251,40,3,0,227422.0,1946.0,3,True,True,Other,0,0.0,0,4.0,True
145.0,0.0,12,5,7,2023,True,51,52,3,1,36092.0,1653.0,6,False,False,Productivity,0,0.0,5,1.8,True
112.0,3.0,6,3,3,2023,True,268,41,4,1,1653.0,2757.0,8,False,False,Other,0,0.0,0,1.6,True
251.0,29.0,0,2,6,2026,True,419,38,3,1,3838.0,10243.0,9,True,False,Other,11,271.8181818181818,11,271.8181818181818,False
74.0,2.0,22,5,5,2023,False,244,30,2,1,810.0,460.0,1,True,False,Health & Fitness,0,0.0,0,0.0,True
294.0,15.0,3,3,5,2023,False,467,39,5,3,5.0,3288.0,6,False,False,Developer Tools,0,0.7,0,2.9,True
8.0,0.0,8,3,5,2023,False,232,32,2,0,731.0,3274.0,3,False,True,Other,0,0.0,0,6.1,True
216.0,29.0,7,2,7,2026,True,59,59,3,2,710.0,10.0,4,False,False,API,0,0.0,0,0.0,False
403.0,0.0,7,3,5,2023,False,257,32,3,1,5.0,1556.0,9,True,False,Productivity,0,0.0,0,0.0,True
650.0,135.0,7,4,7,2026,True,59,46,3,3,5.0,3373.0,6,True,False,Other,0,0.0,0,0.9,True
5.0,1.0,21,3,3,2023,True,270,43,3,1,5.0,1717.0,3,False,True,Other,0,0.0,18,3.5,True
137.0,20.0,7,3,7,2026,True,53,53,3,2,1159.0,3910.0,4,True,False,Other,1,90.0,1,90.0,False
482.0,0.0,7,2,6,2026,True,33,60,3,1,5.0,11643.0,6,True,False,Email,0,0.0,8,251.9,True
201.0,12.0,7,2,7,2026,True,62,36,3,1,1846.0,2330.0,4,True,False,Productivity,0,212.6,0,186.0,True
389.0,0.0,7,3,5,2026,False,245,45,3,1,209043.0,5013.0,4,True,True,Productivity,0,0.0,7,0.9,True
54.0,54.0,7,1,9,2023,True,245,36,3,2,19.0,404.0,8,False,False,Productivity,0,0.0,428,3.0,True
52.0,0.0,7,0,6,2026,False,59,59,1,2,376.0,1984.0,7,True,False,Productivity,0,0.0,0,0.0,False
149.0,33.0,7,4,7,2023,True,152,56,3,1,319.0,1793.0,5,True,True,Marketing,0,0.0,0,0.0,False
94.0,10.0,7,5,5,2023,True,255,60,3,1,22.0,6902.0,8,True,True,Web App,0,0.0,0,0.0,False
1.0,0.0,7,1,3,2023,False,263,45,3,1,9875.0,1867.0,4,False,True,Design Tools,0,0.0,0,0.0,True
9.0,1.0,7,2,6,2023,False,63,27,2,0,138585.0,5097.0,6,False,True,Other,0,0.4,14,1.5,True
139.0,29.0,7,2,10,2026,True,51,57,3,1,2546.0,3942.0,8,True,False,Productivity,0,0.0,0,0.0,True
68.0,1.0,20,1,3,2023,True,236,55,3,1,1774.0,190.0,4,False,True,Productivity,0,0.0,7,0.0,True
93.0,8.0,7,3,7,2023,True,147,38,3,2,86455.0,450.0,3,True,False,Analytics,0,0.0,564,213.94858156028369,False
148.0,1.0,7,5,7,2026,True,270,56,3,1,5.0,5430.0,6,False,False,Social Media,0,0.0,1,0.0,True
86.0,2.0,7,4,3,2026,True,64,43,3,1,3149.0,6021.0,6,True,False,Mac,0,0.0,19,1.2,True
164.0,90.0,7,2,7,2026,False,55,25,3,1,5.0,390.0,6,True,False,Artificial Intelligence,0,0.0,0,0.0,True
80.0,7.0,7,4,5,2023,True,205,51,3,1,198.0,3406.0,3,False,True,Analytics,0,0.0,0,0.0,False
115.0,36.0,7,1,5,2026,True,419,33,3,1,2919.0,1068.0,7,False,False,Marketing,0,0.0,0,5.0,True
3.0,0.0,0,1,3,2023,False,214,32,1,0,251.0,133.0,2,False,False,Other,0,0.0,0,0.0,False
122.0,255.0,7,6,7,2026,True,57,35,3,3,3400.0,4037.0,6,True,False,Productivity,0,183.7,10,403.8,True
94.0,59.0,7,3,7,2026,False,56,50,3,2,546.0,777.0,0,True,False,Other,0,0.8,3,183.3,True
8.0,4.0,8,1,5,2023,False,265,39,3,0,1219.0,917.0,3,False,True,Web App,0,0.0,0,0.0,True
281.0,29.0,16,2,10,2019,False,453,55,3,1,1593.0,3991.0,5,True,False,Other,1,178.0,1,178.0,False
1.0,0.0,22,5,3,2023,False,245,44,3,1,58634.0,2575.0,4,True,False,Design Tools,0,0.0,7,0.1,True
245.0,87.0,7,6,5,2026,True,500,57,3,1,1879.0,22476.0,9,False,False,Other,10,0.0,8,2.2,True
10.0,1.0,10,1,7,2023,False,206,59,3,1,37960.0,2785.0,1,True,True,Design Tools,0,0.0,0,0.0,True
185.0,2.0,7,2,7,2026,True,54,32,3,1,5.0,4595.0,6,True,False,Other,7,0.0,9,256.3,True
476.0,106.0,8,3,1,2023,True,216,57,3,2,13091.0,1236.0,3,True,False,Chrome Extensions,0,0.0,69,323.27536231884056,False
113.0,0.0,7,0,7,2023,False,226,43,4,1,141526.0,668.0,4,False,True,Artificial Intelligence,0,2.3,12,1.9,True
29.0,0.0,10,4,7,2023,False,259,55,3,1,5.0,3354.0,3,False,True,Other,0,2.2,18,0.6,True
9.0,0.0,0,4,5,2023,True,238,28,3,1,5.0,1488.0,3,False,True,Android,0,0.0,10,0.0,True
295.0,21.0,0,6,7,2026,True,54,60,3,1,1142.0,935.0,4,True,False,Other,0,0.0,0,437.3,True
294.0,64.0,7,4,6,2026,True,47,40,3,1,1545.0,2795.0,6,False,False,Other,0,0.0,0,334.3,True
133.0,0.0,7,4,5,2023,True,47,38,3,1,5.0,1044.0,4,False,False,Artificial Intelligence,0,3.0,0,0.0,True
3.0,1.0,17,5,1,2023,False,214,23,3,1,397.0,2594.0,3,False,True,Other,0,0.0,0,0.0,False
127.0,57.0,16,5,9,2023,True,58,42,3,1,5.0,3260.0,4,False,False,Fintech,0,0.0,20,1.0,True
1.0,6.0,5,3,3,2023,False,223,43,3,1,332848.0,2172.0,3,False,True,Productivity,0,0.0,13,0.0,True
105.0,16.0,7,6,7,2026,True,65,59,3,1,3807.0,9037.0,7,True,False,API,0,0.0,0,0.2,True
181.0,14.0,7,0,5,2026,True,55,43,3,1,2402.0,1505.0,7,True,False,API,0,0.0,25,0.0,True
472.0,30.0,7,6,7,2026,True,54,45,3,1,1998.0,3191.0,6,True,False,Productivity,0,0.1,17,2.8,True
164.0,3.0,7,4,5,2023,False,433,36,3,2,1687.0,1844.0,6,False,False,API,0,1.5,4,2.5,True
135.0,13.0,7,1,6,2026,False,55,55,3,2,227.0,589.0,8,True,False,Productivity,0,0.0,0,0.0,False
73.0,13.0,7,1,1,2023,True,38,38,3,1,5.0,811.0,6,False,False,Other,0,0.0,0,211.6,True
447.0,359.0,7,1,7,2026,True,48,48,3,1,70.0,1065.0,8,True,False,Other,0,0.0,0,0.0,False
391.0,67.0,7,0,7,2026,True,48,48,3,2,1560.0,2434.0,5,True,False,Other,0,0.0,0,0.0,False
202.0,37.0,7,2,7,2026,False,458,36,3,2,5097.0,14176.0,5,True,False,Productivity,0,0.0,9,359.3,True
16.0,0.0,11,4,5,2023,False,274,32,3,1,5.0,2725.0,1,False,True,Other,0,0.0,1,1.9,True
164.0,4.0,7,4,7,2026,True,500,51,3,1,3375.0,304.0,6,True,True,Open Source,0,2.6,12,168.4,True
1.0,0.0,7,3,7,2023,True,245,46,4,1,2609.0,2035.0,6,False,True,Marketing,0,0.0,28,187.5,True
71.0,0.0,7,3,5,2023,False,287,58,1,0,1453.0,420.0,3,False,True,Productivity,0,0.3,0,0.0,True
187.0,80.0,7,2,7,2026,True,53,60,3,1,1520.0,30454.0,8,True,False,Productivity,0,0.0,21,335.9,True
218.0,76.0,8,4,7,2026,True,27,35,3,3,3467.0,15899.0,4,True,False,Other,0,13.4,36,490.9,True
109.0,0.0,7,0,5,2024,True,251,35,3,1,1206.0,1559.0,3,True,False,Developer Tools,1,0.0,0,0.0,True
128.0,12.0,20,1,5,2026,False,500,57,3,1,2967.0,5380.0,5,True,False,Other,0,0.0,18,0.5,True
8.0,0.0,16,4,3,2023,False,183,41,4,0,5.0,2009.0,2,False,True,Other,0,2.3,0,1.1,True
133.0,47.0,7,6,7,2023,True,54,53,3,1,851.0,403.0,5,True,True,Other,0,0.0,25,1.2,True
147.0,178.0,7,1,6,2026,False,35,32,3,8,3016.0,165.0,6,False,False,Productivity,0,0.0,0,464.9,True
166.0,0.0,7,0,7,2026,True,49,29,3,3,1660.0,1217.0,4,False,False,Marketing,1,0.0,0,0.0,True
126.0,52.0,7,3,7,2026,True,69,52,3,1,414359.0,1173.0,6,True,False,Other,0,0.0,0,2.2,True
89.0,2.0,7,1,7,2026,True,33,39,3,2,2370.0,254.0,4,True,False,Productivity,0,1.5,0,1.7,True
75.0,22.0,7,5,5,2023,False,337,41,3,1,5.0,2666.0,1,True,False,Artificial Intelligence,0,0.0,3,0.0,True
61.0,29.0,7,3,7,2023,True,187,21,3,1,34537.0,3427.0,5,False,False,Developer Tools,0,0.0,51,183.3,True
263.0,0.0,7,3,1,2023,False,176,47,3,1,5.0,909.0,6,True,True,Mac,0,0.0,17,0.0,True
120.0,5.0,7,0,5,2023,False,228,37,3,1,1998.0,139.0,5,True,True,Other,0,2.5,10,0.0,True
7.0,0.0,7,1,5,2023,False,264,47,1,1,76547.0,2166.0,8,False,True,Other,0,0.0,0,3.9,True
4.0,5.0,7,2,7,2023,False,180,52,3,1,369143.0,11399.0,8,True,False,Other,0,1.8,0,207.7,True
150.0,14.0,7,3,5,2026,True,33,33,3,2,475.0,6476.0,4,False,True,Other,0,0.0,0,0.0,False
21.0,0.0,9,3,5,2023,False,253,40,2,1,5.0,5283.0,3,True,True,Design Tools,0,0.0,15,0.2,True
287.0,17.0,7,2,7,2026,True,43,51,3,1,5.0,557.0,5,True,False,Web App,0,0.0,0,0.0,True
108.0,28.0,7,3,7,2026,True,68,58,3,1,5.0,860.0,4,True,False,Other,9,0.0,9,345.2,True
3.0,0.0,16,5,7,2023,False,278,53,3,1,5.0,1279.0,1,False,True,Design Tools,0,0.0,3,2.6,True
77.0,0.0,6,4,3,2023,True,256,54,3,1,2251.0,1782.0,5,False,False,Education,0,0.6,0,0.0,True
361.0,10.0,7,4,6,2026,True,56,60,3,1,6154.0,32720.0,8,True,False,Design Tools,3,168.0,12,421.6,True
7.0,0.0,4,4,1,2023,False,210,26,1,4,1631.0,4613.0,3,True,True,Design Tools,0,3.6,354,7.1,True
8.0,1.0,14,5,3,2023,True,246,48,3,3,5.0,3222.0,3,False,False,Other,0,0.0,2,5.8,True
69.0,4.0,12,1,3,2023,False,203,50,3,1,2014.0,8453.0,6,False,True,Fintech,0,0.0,12,1.1,True
13.0,1.0,22,0,3,2023,False,238,18,1,0,5.0,1554.0,3,False,True,Other,0,0.0,10,0.8,True
88.0,0.0,10,0,7,2026,True,325,20,3,1,2035.0,5197.0,6,False,True,Developer Tools,0,0.0,106,2.9,True
118.0,15.0,7,1,5,2026,True,383,41,3,1,6073.0,483.0,8,False,False,Education,0,0.2,7,195.3,True
70.0,2.0,7,5,5,2023,True,220,58,2,0,873.0,1141.0,3,False,False,Artificial Intelligence,0,0.0,0,0.0,False
179.0,33.0,7,0,5,2023,True,426,45,3,1,3210.0,904.0,8,False,True,API,0,0.0,0,0.7,True
251.0,2.0,7,4,5,2026,False,68,34,3,2,5.0,2714.0,6,False,False,Other,0,0.0,492,2.3,True
7.0,0.0,7,1,1,2023,True,241,34,3,1,5.0,2618.0,4,False,True,Other,0,0.0,608,0.0,True
18.0,1.0,7,1,3,2023,True,260,50,3,1,5.0,2294.0,4,False,False,Productivity,0,0.0,3046,6.1,True
113.0,0.0,20,3,7,2026,False,74,38,1,1,5.0,1417.0,3,False,False,API,0,0.0,8,1.8,True
183.0,0.0,7,0,5,2023,False,59,60,3,1,1303.0,1938.0,6,True,False,Marketing,1,0.0,9,388.5,True
210.0,59.0,7,6,6,2026,True,76,43,3,1,810.0,591.0,6,False,False,Productivity,0,0.0,13,278.7,True
1.0,2.0,8,4,7,2023,True,252,33,1,1,32055.0,3492.0,2,True,True,Other,0,0.0,18,0.0,True
142.0,0.0,8,3,7,2026,True,263,59,1,0,39971.0,994.0,3,True,False,Email,0,0.0,7,1.5,True
440.0,38.0,7,4,5,2026,False,43,57,3,1,5.0,406.0,6,False,False,Other,0,0.0,1879,210.6,True
103.0,2.0,7,4,7,2023,False,249,45,3,3,5.0,2714.0,6,True,False,Mac,0,0.6,5,4.2,True
215.0,6.0,7,3,7,2023,False,265,27,3,1,328421.0,1299.0,2,False,True,Other,0,0.0,14,0.0,True
45.0,4.0,16,0,5,2023,False,243,47,2,1,5.0,671.0,1,True,False,Other,0,0.0,0,0.0,True
1.0,0.0,7,5,7,2023,True,244,58,3,1,5.0,1234.0,3,False,True,Other,0,0.0,0,3.0,True
215.0,58.0,7,0,10,2026,True,56,40,3,1,58042.0,3332.0,4,True,False,Productivity,13,106.4,1160,0.0,True
3.0,2.0,21,3,5,2023,True,245,49,2,1,5.0,2831.0,5,False,True,Design Tools,0,0.0,366,2.2,True
196.0,36.0,0,4,5,2026,True,21,43,1,12,2696.0,811.0,7,False,False,Mac,0,0.0,2057,0.0,True
107.0,107.0,7,1,9,2026,False,37,39,3,1,23161.0,3502.0,6,True,False,Productivity,0,0.0,0,6.6,True
14.0,2.0,0,5,5,2026,False,403,45,3,1,108.0,128.0,4,False,False,Other,0,0.0,0,0.0,False
17.0,0.0,7,0,5,2023,True,266,42,1,0,5.0,6167.0,3,True,True,Other,0,0.0,0,6.6,True
126.0,31.0,7,0,7,2023,False,289,60,4,1,5.0,1561.0,3,False,True,Education,0,0.0,0,0.0,True
3.0,0.0,4,3,7,2023,True,247,37,2,1,5.0,594.0,1,True,True,Android,0,0.0,0,0.0,True
325.0,44.0,7,2,7,2026,True,55,55,3,1,631.0,312.0,6,False,True,Productivity,0,0.0,0,0.0,False
1.0,5.0,23,3,7,2023,False,271,60,1,1,531.0,16.0,2,False,True,Other,0,0.7,18,2.0,True
135.0,37.0,7,4,5,2023,True,223,42,3,2,665.0,139.0,7,True,True,SaaS,0,0.0,0,0.0,False
407.0,0.0,7,4,3,2023,False,464,36,1,0,5.0,809.0,5,False,True,Productivity,0,0.0,8,1.2,True
134.0,0.0,8,3,10,2026,False,274,33,3,1,50350.0,1433.0,6,True,False,Open Source,0,0.0,0,0.0,True
4.0,2.0,11,0,3,2023,False,246,33,2,1,76.0,2247.0,2,False,True,Health & Fitness,0,0.0,0,0.0,False
114.0,46.0,7,1,7,2023,True,20,27,3,2,5.0,2472.0,8,False,False,Open Source,0,0.0,0,216.8,True
210.0,161.0,7,4,7,2023,True,252,32,5,1,246868.0,1914.0,6,False,False,Productivity,0,0.0,7,1.8,True
13.0,13.0,7,0,3,2023,False,256,58,3,2,2038.0,3426.0,8,False,False,Open Source,0,0.0,12,0.0,True
537.0,0.0,7,4,3,2023,False,275,59,2,1,4800.0,2942.0,9,False,True,Other,2,0.0,363,181.1,True
73.0,1.0,8,3,1,2023,True,250,27,3,1,617.0,1021.0,5,False,True,Other,0,0.0,0,0.0,False
569.0,181.0,7,2,6,2026,True,55,55,3,2,431.0,4517.0,5,True,True,Productivity,1,17.0,1,17.0,False
136.0,33.0,0,0,7,2026,True,179,36,3,1,5.0,4634.0,6,True,False,Productivity,0,0.0,0,0.0,True
24.0,0.0,17,4,7,2023,True,268,37,2,1,5.0,981.0,6,False,False,Other,0,0.0,0,0.0,True
346.0,39.0,0,4,6,2026,True,431,48,3,1,56.0,738.0,7,False,False,Productivity,0,0.0,0,0.0,False
132.0,0.0,20,6,7,2023,False,56,34,2,1,601.0,2933.0,2,False,False,Android,0,0.0,0,0.0,True
8.0,0.0,19,1,7,2023,False,251,48,3,3,590.0,891.0,4,False,False,Other,0,1.2,3323,1.7,True
13.0,9.0,7,5,6,2026,False,41,41,3,2,2703.0,1296.0,7,False,False,Other,0,0.0,0,0.0,False
44.0,12.0,7,0,5,2023,False,237,37,3,2,225.0,241.0,6,False,True,Android,0,0.1,554,0.0,True
1.0,0.0,10,4,3,2023,False,243,30,3,1,146248.0,3481.0,9,False,False,Social Media,0,0.0,3,215.4,True
14.0,0.0,7,1,5,2023,False,113,40,1,1,6208.0,2473.0,7,False,False,Developer Tools,0,0.0,7,0.0,True
5.0,0.0,5,3,5,2023,False,232,45,4,1,5.0,982.0,1,False,True,Productivity,0,0.0,0,1.8,True
137.0,3.0,9,3,5,2023,False,244,37,2,2,5.0,7431.0,3,True,True,SaaS,0,2.1,0,0.0,True
1.0,0.0,7,3,7,2023,True,47,21,1,1,32159.0,1352.0,6,True,True,Other,0,0.0,0,3.3,True
12.0,3.0,8,0,1,2025,False,97,25,2,1,904.0,774.0,2,False,True,Open Source,0,0.9,0,2.3,True
28.0,0.0,7,1,5,2023,True,272,34,3,1,5.0,1137.0,1,True,True,iOS,0,0.0,0,3.6,True
14.0,0.0,9,0,5,2023,False,220,41,3,1,5.0,2058.0,1,False,False,Developer Tools,0,0.0,8,0.0,True
10.0,0.0,16,6,5,2023,False,267,24,2,1,1362.0,1970.0,1,False,True,Health & Fitness,0,0.0,20,0.1,True
470.0,15.0,7,2,5,2026,True,29,55,3,1,69210.0,1747.0,4,True,False,Other,9,0.0,11,191.8,True
2.0,2.0,19,4,5,2023,True,261,39,4,1,1935.0,103.0,6,False,True,Health & Fitness,0,0.0,1537,0.0,True
275.0,46.0,7,2,6,2026,False,49,48,3,1,5.0,5880.0,6,True,False,Productivity,9,0.0,18,0.0,True
1.0,0.0,7,1,7,2026,False,232,47,3,1,2428.0,3893.0,4,True,False,Social Media,0,0.0,0,0.2,True
5.0,0.0,7,3,7,2023,True,249,30,2,1,5.0,1719.0,8,False,False,Other,0,0.0,0,0.0,True
135.0,23.0,7,1,7,2026,True,56,59,3,1,4502.0,7977.0,8,False,False,Writing,0,0.0,6,334.0,True
151.0,5.0,7,2,5,2025,True,62,35,3,1,1807.0,11203.0,9,True,False,API,0,0.0,10,1.5,True
124.0,0.0,7,1,7,2026,False,179,60,3,2,1123.0,2070.0,3,False,False,Analytics,0,0.0,25,5.5,True
388.0,63.0,23,1,1,2020,True,454,60,3,1,736.0,516.0,1,False,False,Android,0,0.0,0,0.0,False
50.0,0.0,11,4,10,2023,True,446,56,3,1,5.0,1335.0,3,False,True,Design Tools,0,0.0,0,4.4,True
134.0,124.0,7,4,7,2026,False,300,60,3,3,5.0,2813.0,4,False,False,Other,0,0.0,0,0.0,True
163.0,1.0,7,5,7,2026,True,56,49,3,1,114.0,638.0,6,False,False,Mac,0,0.0,1696,0.0,True
122.0,3.0,7,1,3,2023,True,452,41,3,2,781.0,244.0,2,False,False,Developer Tools,0,0.0,0,0.0,True
106.0,105.0,7,0,7,2026,True,51,59,3,2,1027.0,9087.0,6,True,False,Other,0,158.3,18,219.5,True
15.0,0.0,11,5,3,2023,False,263,57,3,1,2601.0,2494.0,6,False,False,Developer Tools,0,0.0,0,0.1,True
3.0,1.0,20,6,5,2023,False,256,59,3,1,305.0,180.0,1,False,True,Other,0,0.0,0,0.0,False
258.0,32.0,0,2,7,2026,True,428,54,3,3,5.0,10312.0,9,False,False,Other,0,0.0,1949,296.8,True
161.0,1.0,8,4,7,2023,False,281,46,3,1,5.0,1920.0,6,False,True,Design Tools,0,0.0,0,0.0,True
412.0,0.0,7,4,7,2026,True,57,57,1,3,279.0,659.0,6,True,True,Productivity,0,0.0,0,0.0,False
127.0,12.0,0,3,6,2026,True,474,42,3,1,64.0,1256.0,7,True,False,Artificial Intelligence,0,0.0,0,0.0,False
115.0,8.0,7,1,7,2023,True,262,50,3,1,33.0,3068.0,6,True,False,Mac,0,0.5,19,318.6,True
798.0,53.0,7,6,5,2026,True,73,52,3,1,3930.0,9384.0,6,True,False,Design Tools,0,0.0,0,276.4,True
8.0,0.0,7,1,5,2023,False,271,60,3,1,5.0,1718.0,2,False,False,Developer Tools,0,0.0,0,0.0,True
48.0,20.0,3,5,5,2026,False,265,53,3,1,991.0,1700.0,6,True,False,Productivity,0,0.0,0,0.0,False
343.0,0.0,7,0,6,2026,True,41,41,1,3,975.0,451.0,7,False,True,Productivity,0,0.0,0,0.0,False
335.0,47.0,7,2,5,2026,False,65,57,3,1,236.0,1902.0,6,True,False,Chrome Extensions,0,0.0,0,327.0,True
192.0,20.0,7,1,7,2026,True,41,31,3,1,548634.0,861.0,7,True,False,Other,0,0.0,41,3.7,True
12.0,0.0,9,1,7,2023,True,147,35,2,0,5.0,1091.0,3,False,True,Other,0,0.0,1311,0.0,True
1.0,0.0,5,6,3,2023,True,232,55,1,1,313.0,3981.0,2,False,True,Productivity,0,0.9,0,1.0,True
106.0,12.0,7,6,5,2023,False,234,60,3,1,5.0,1866.0,8,True,False,Other,0,0.0,0,1.7,True
95.0,17.0,7,2,5,2023,False,22,45,3,2,398.0,2899.0,4,True,False,Open Source,0,2.2,31,0.5,True
11.0,3.0,0,5,5,2026,False,311,23,3,1,979.0,125.0,5,True,False,Hiring,0,0.0,0,0.0,False
499.0,231.0,7,3,7,2023,True,173,59,3,4,356.0,2032.0,4,False,False,Productivity,0,1.2,0,247.2,True
79.0,7.0,5,5,5,2023,True,134,37,1,1,1359.0,3377.0,4,False,False,Open Source,0,0.0,0,3.5,True
221.0,8.0,7,4,5,2023,True,51,56,3,1,5.0,1089.0,6,True,False,Developer Tools,0,266.6,0,432.1,True
2.0,0.0,9,4,5,2023,False,167,21,4,0,773.0,306.0,2,False,False,Android,0,0.0,0,0.0,False
1.0,3.0,9,3,5,2023,False,50,29,3,4,212339.0,273.0,4,False,False,Other,0,0.7,3,4.1,True
153.0,66.0,0,6,7,2026,True,284,58,3,1,491272.0,2303.0,6,False,False,Fintech,0,211.4,24,327.7,True
175.0,257.0,7,6,5,2024,False,431,32,3,1,4205.0,6695.0,6,True,False,Chrome Extensions,0,0.0,4,3.2,True
94.0,0.0,22,3,7,2023,True,243,32,1,1,5.0,2766.0,1,False,True,Productivity,0,0.0,12,1.9,True
96.0,35.0,9,4,7,2023,True,185,56,3,7,587566.0,398.0,4,False,False,Other,0,0.0,3906,204.00153609831028,False
2.0,1.0,15,3,5,2023,False,259,38,4,1,5.0,2287.0,6,False,True,Hiring,0,0.0,0,0.0,True
74.0,100.0,7,3,5,2026,True,262,59,2,2,5.0,1364.0,6,True,False,Mac,1,0.0,2061,5.5,True
144.0,73.0,0,4,7,2026,False,62,42,3,1,4369.0,1200.0,6,True,False,Other,0,0.0,0,305.4,True
4.0,1.0,5,6,5,2023,False,106,57,1,1,341.0,1048.0,2,False,True,Design Tools,0,0.0,0,0.0,False
3.0,3.0,13,4,1,2023,False,228,30,3,1,650.0,608.0,1,False,True,Chrome Extensions,1,3.0,1,3.0,False
141.0,2.0,7,3,7,2026,True,35,34,3,2,5.0,1874.0,4,True,False,Marketing,0,0.0,0,0.0,True
4.0,1.0,13,4,5,2023,False,193,32,3,1,254.0,690.0,4,True,True,Productivity,0,0.0,0,0.0,False
457.0,6.0,7,6,7,2026,True,46,56,3,1,5.0,1547.0,5,True,False,Other,6,0.0,17,0.0,True
127.0,3.0,7,4,7,2026,False,280,51,3,1,5.0,10.0,5,False,False,Education,0,0.0,0,1.8,True
158.0,0.0,16,3,5,2023,False,245,47,2,1,2239.0,1934.0,6,True,False,Chrome Extensions,0,0.1,20,0.5,True
26.0,0.0,7,3,5,2023,False,42,45,2,1,5.0,972.0,3,True,False,Other,0,0.0,0,193.0,True
111.0,0.0,7,4,1,2023,False,247,29,1,0,292.0,1407.0,3,False,True,Productivity,0,0.0,0,0.0,True
103.0,0.0,14,4,7,2023,True,244,31,1,1,306027.0,1019.0,4,True,True,Open Source,0,0.0,0,0.0,True
218.0,11.0,7,4,6,2026,True,62,56,3,2,5.0,663.0,6,False,False,Open Source,0,0.0,0,203.0,True
97.0,17.0,0,0,6,2026,False,253,60,3,1,11007.0,29020.0,5,True,False,Other,56,303.01785714285717,56,303.01785714285717,False
125.0,0.0,15,4,1,2023,False,199,39,1,0,5.0,1533.0,1,False,True,Developer Tools,0,0.0,8,2.4,True
84.0,9.0,7,0,3,2023,True,214,41,3,2,30527.0,267.0,3,False,False,Developer Tools,0,0.0,191,223.8848167539267,False
2.0,3.0,14,3,3,2023,True,280,60,4,1,5.0,2063.0,3,False,True,Marketing,0,0.0,29,0.1,True
82.0,27.0,7,4,6,2026,True,55,49,3,2,3308.0,5983.0,5,True,False,Productivity,10,0.0,1,0.0,True
6.0,35.0,7,4,5,2026,False,242,42,3,1,5.0,2274.0,6,True,False,Other,0,0.0,11,0.0,True
2.0,5.0,7,0,3,2023,False,275,21,4,1,5.0,1040.0,1,False,True,Education,0,0.0,0,0.0,True
4.0,0.0,17,4,1,2023,False,236,36,3,1,254.0,292.0,1,False,True,Health & Fitness,0,0.0,0,0.0,False
137.0,3.0,7,0,7,2023,True,253,32,3,1,5.0,961.0,8,False,False,Other,0,0.0,0,0.0,True
1.0,1.0,10,0,3,2023,False,234,11,3,0,5.0,4148.0,6,False,True,Developer Tools,0,0.0,0,0.0,True
13.0,0.0,19,0,7,2023,False,259,58,3,1,458594.0,352.0,8,True,True,Other,0,0.0,0,2.7,True
1.0,0.0,20,3,5,2023,True,236,26,2,0,4351.0,888.0,3,False,True,Other,0,0.0,5,0.4,True
1.0,0.0,16,4,1,2023,False,278,18,3,1,1083.0,313.0,2,False,True,Other,0,0.0,1,0.9,True
1441.0,2.0,7,2,5,2023,True,71,49,5,1,5.0,986.0,8,True,False,SaaS,0,0.0,0,379.2,True
149.0,144.0,7,0,7,2026,False,292,58,3,3,5.0,3211.0,6,True,False,Other,0,0.0,0,0.0,True
303.0,39.0,7,1,5,2023,True,193,41,3,3,5.0,2737.0,9,True,False,Productivity,0,0.0,0,3.3,True
90.0,7.0,0,4,6,2026,True,402,50,3,1,125.0,858.0,9,False,False,Open Source,0,0.0,0,0.0,False
251.0,208.0,7,4,7,2023,True,107,31,3,5,373185.0,3706.0,4,False,False,Marketing,0,0.0,2476,206.64943457189017,False
75.0,1.0,7,2,3,2023,True,186,39,3,1,5.0,477.0,7,False,True,Health & Fitness,0,0.0,22,1.8,True
85.0,1.0,16,4,7,2023,False,154,46,3,1,216893.0,1752.0,3,True,False,Other,0,0.3,19,165.4,True
386.0,53.0,7,2,6,2026,True,32,57,3,3,5.0,731.0,7,True,False,Productivity,0,0.0,0,0.0,True
97.0,0.0,7,3,7,2023,False,240,60,3,1,5.0,682.0,3,False,True,Productivity,0,0.0,0,0.0,True
402.0,11.0,14,0,12,2024,False,256,51,3,1,5836.0,18798.0,5,True,False,Other,13,482.84615384615387,13,482.84615384615387,False
108.0,0.0,7,5,5,2023,False,122,30,3,1,161037.0,381.0,8,True,False,Other,0,0.0,5,0.9,True
100.0,0.0,7,4,7,2023,True,321,38,1,1,1543.0,740.0,7,False,False,Android,0,0.0,2,2.0,True
101.0,50.0,7,2,7,2026,False,75,58,3,3,632.0,1118.0,7,True,False,Design Tools,0,308.6,22,215.0,True
169.0,23.0,7,3,5,2023,True,317,49,3,3,418480.0,1769.0,5,True,False,Hiring,0,0.0,3,213.6,True
6.0,2.0,7,2,5,2026,False,76,34,2,1,58668.0,7202.0,1,False,False,Social Media,0,0.0,0,0.0,True
611.0,183.0,7,0,6,2026,True,55,55,3,3,486.0,336.0,4,False,False,Other,0,0.0,0,0.0,False
123.0,0.0,7,0,7,2026,True,244,31,2,1,1716.0,2612.0,4,False,True,Developer Tools,0,0.0,18,199.9,True
135.0,0.0,5,6,7,2026,False,267,60,3,1,47900.0,718.0,3,True,False,Other,0,0.0,3,3.5,True
137.0,51.0,7,1,7,2026,True,48,50,3,3,5.0,1894.0,8,False,False,Other,1,0.0,7,185.9,True
10.0,0.0,7,3,7,2023,False,210,36,3,3,5.0,3929.0,4,True,False,Other,0,0.0,0,0.0,True
38.0,8.0,0,0,6,2026,False,265,51,3,1,153.0,1007.0,4,False,False,Web App,0,0.0,0,0.0,False
116.0,1.0,7,4,7,2023,True,194,32,3,3,5.0,908.0,4,False,True,Email,0,0.0,8,1.1,True
117.0,14.0,7,6,7,2026,True,342,32,3,1,5.0,858.0,6,True,False,Marketing,0,0.0,224,0.7,True
301.0,24.0,0,2,7,2026,True,64,42,3,3,5.0,884.0,6,True,False,Productivity,1,0.0,0,0.0,True
103.0,102.0,7,1,7,2023,True,233,58,2,1,651.0,2365.0,3,True,False,Productivity,0,0.3,1812,195.2,True
4.0,1.0,11,4,1,2023,False,121,38,3,1,170.0,2059.0,4,False,True,Other,0,0.0,0,0.0,False
98.0,0.0,7,1,5,2023,True,174,57,2,0,11828.0,3508.0,11,False,False,Android,0,0.0,2419,1.7,True
484.0,32.0,7,2,6,2026,True,58,33,3,2,593.0,545.0,6,True,False,Developer Tools,0,0.0,0,278.2,True
170.0,0.0,7,5,7,2023,False,40,30,3,5,215080.0,2233.0,4,False,True,Design Tools,0,0.0,0,4.6,True
97.0,7.0,7,4,7,2023,True,245,47,3,1,306.0,120.0,7,False,True,Productivity,0,0.0,0,0.0,False
22.0,2.0,5,6,5,2026,True,264,40,5,1,1876.0,9846.0,8,True,False,Design Tools,0,0.0,0,0.0,True
270.0,0.0,7,3,6,2023,True,213,57,3,2,5.0,622.0,4,True,False,API,0,0.0,0,0.0,True
472.0,0.0,7,1,7,2023,True,66,33,3,4,1801.0,4381.0,6,True,True,Marketing,0,0.0,0,1.2,True
1.0,0.0,8,1,1,2023,False,221,55,3,1,5.0,1398.0,1,False,True,Other,0,0.0,0,2.1,True
118.0,19.0,7,4,6,2026,True,41,41,3,1,104.0,1180.0,5,False,False,Other,0,0.0,0,0.0,False
87.0,3.0,7,3,7,2023,True,251,56,3,1,76.0,2551.0,3,False,True,Productivity,0,0.0,0,0.0,False
235.0,42.0,7,6,5,2026,True,43,59,3,3,5.0,666.0,6,False,False,iOS,0,0.0,0,1.8,True
8.0,2.0,14,1,5,2023,False,277,36,3,0,2217.0,1015.0,4,False,True,Social Media,0,0.0,0,1.0,True
83.0,106.0,7,4,7,2026,True,65,38,3,1,1806.0,3307.0,7,True,False,Other,5,0.0,1035,182.2,True
214.0,148.0,7,1,6,2026,False,59,31,3,1,5.0,8036.0,7,False,False,Other,0,12.1,5,217.9,True
360.0,94.0,7,4,7,2026,True,53,53,3,1,628.0,2235.0,5,True,False,Other,0,0.0,0,0.0,False
112.0,7.0,7,1,6,2026,False,61,48,3,2,1654.0,3147.0,5,True,False,Artificial Intelligence,0,0.0,0,102.5,True
134.0,3.0,9,1,5,2026,False,261,33,3,1,5.0,2578.0,7,False,False,Design Tools,0,0.0,0,174.3,True
20.0,0.0,7,3,3,2023,False,222,35,1,1,5.0,2110.0,3,False,True,Other,0,0.0,0,3.3,True
276.0,8.0,7,6,7,2026,True,48,38,3,3,220454.0,1268.0,7,True,False,Other,0,34.9,3,282.0,True
194.0,48.0,0,1,7,2026,False,50,59,3,3,2720.0,19142.0,8,True,False,Productivity,0,0.0,0,349.5,True
9.0,0.0,7,3,5,2023,False,242,31,3,1,1405.0,1151.0,3,False,True,Design Tools,0,0.0,20,0.0,True
5.0,1.0,13,4,6,2026,False,242,19,3,1,243.0,56.0,2,False,False,Android,0,0.0,0,0.0,False
98.0,56.0,7,3,7,2023,True,254,54,3,1,1265.0,353.0,11,True,True,Marketing,0,0.0,0,0.0,False
172.0,4.0,7,2,6,2026,True,58,47,3,3,5.0,14121.0,9,True,False,Productivity,1,0.0,6,0.0,True
16.0,0.0,23,4,1,2023,False,214,26,3,1,1765.0,528.0,1,False,True,Open Source,0,0.0,0,1.1,True
98.0,4.0,7,4,3,2023,False,496,37,3,2,124579.0,1144.0,4,True,False,API,0,0.0,0,0.0,True
7.0,3.0,15,4,3,2023,False,277,24,1,1,5.0,1375.0,2,False,True,Developer Tools,0,0.0,0,0.0,True
177.0,11.0,7,2,7,2023,True,42,35,3,1,2405.0,404.0,5,True,False,Productivity,0,0.0,6,342.1,True
158.0,47.0,7,2,7,2026,False,61,44,3,1,180.0,1999.0,6,True,False,SaaS,0,0.0,25,0.0,True
106.0,35.0,7,2,5,2026,True,50,47,3,2,201.0,4966.0,8,True,False,Artificial Intelligence,0,1.2,1,0.0,True
103.0,2.0,7,5,7,2023,False,174,24,3,1,5.0,1945.0,2,True,True,Artificial Intelligence,0,0.0,0,0.0,True
237.0,50.0,7,6,6,2026,False,61,34,3,1,3432.0,4414.0,9,True,False,Productivity,4,0.0,3,0.0,True
325.0,83.0,7,4,7,2026,True,49,57,3,4,381311.0,1851.0,6,False,False,iOS,2,0.0,1710,196.4,True
184.0,143.0,7,6,5,2023,True,254,22,3,1,1183.0,2096.0,5,False,True,Education,2,6.0,2,6.0,False
20.0,49.0,7,5,7,2026,False,67,40,3,1,4231.0,2884.0,5,True,False,Design Tools,0,0.0,17,0.5,True
94.0,37.0,7,0,3,2023,True,212,59,3,2,27132.0,70.0,4,False,True,Other,0,0.0,169,219.5029585798817,False
4.0,0.0,14,3,5,2025,False,243,38,3,0,3785.0,154.0,3,True,True,Marketing,0,0.0,1557,1.2,True
17.0,0.0,5,3,1,2023,False,344,44,3,1,2067.0,6475.0,1,False,True,Social Media,0,0.0,5,0.0,True
136.0,0.0,15,4,5,2023,False,282,27,4,1,1878.0,1455.0,3,False,False,Mac,0,0.1,0,0.6,True
112.0,4.0,7,4,7,2023,True,241,30,1,1,5.0,3157.0,1,False,True,Other,0,0.0,0,1.7,True
15.0,0.0,11,3,3,2023,False,233,59,1,0,1164.0,930.0,3,True,True,Chrome Extensions,0,0.7,790,2.6,True
379.0,16.0,7,5,6,2025,True,52,54,3,1,2584.0,11682.0,9,True,False,Other,10,0.0,0,262.9,True
117.0,3.0,0,1,6,2026,True,201,56,3,1,4817.0,12308.0,14,True,False,Design Tools,13,348.0,13,348.0,False
2.0,0.0,11,4,7,2023,False,250,36,3,1,5.0,656.0,1,False,True,Other,0,0.0,0,0.0,True
77.0,0.0,6,3,1,2023,False,225,59,3,1,5.0,1397.0,1,False,True,Other,0,0.9,11,0.0,True
125.0,71.0,7,0,5,2023,True,52,36,3,1,1310.0,1068.0,6,False,False,Productivity,0,0.0,26,1.5,True
18.0,0.0,15,3,3,2023,True,256,35,4,0,5.0,6395.0,2,False,True,Other,0,0.0,12,0.0,True
584.0,5.0,7,6,7,2026,False,30,59,3,3,5.0,577.0,8,True,False,Other,0,260.0,0,1.6,True
73.0,0.0,11,1,7,2023,True,258,38,3,1,5.0,10.0,1,False,True,Social Media,0,0.0,226,0.0,True
103.0,74.0,7,0,7,2023,True,69,54,3,1,5.0,1712.0,7,False,False,Design Tools,0,0.0,2463,209.4,True
78.0,5.0,7,6,5,2023,True,209,30,3,3,131089.0,2044.0,5,True,False,Artificial Intelligence,0,0.0,864,185.53472222222223,False
1.0,0.0,1,4,5,2023,False,239,57,1,0,5.0,2884.0,9,True,True,Marketing,0,0.0,0,4.9,True
58.0,32.0,7,0,6,2026,False,60,60,3,3,95.0,7709.0,4,True,False,Productivity,0,0.0,0,0.0,False
160.0,13.0,0,5,5,2026,True,130,54,3,1,649.0,849.0,6,True,False,Productivity,0,0.0,0,0.0,False
14.0,0.0,10,1,5,2025,False,196,33,3,1,1503.0,5315.0,2,False,True,Other,0,0.0,0,0.0,True
9.0,3.0,7,4,3,2023,False,253,27,2,1,1764.0,501.0,2,True,True,Other,0,0.0,0,1.4,True
103.0,14.0,0,4,6,2026,True,397,39,3,1,486.0,36.0,27,True,False,Open Source,0,0.0,0,0.0,False
1.0,2.0,22,3,5,2023,False,204,53,4,8,18354.0,3191.0,4,False,True,Other,2,0.0,2,0.0,True
7.0,2.0,7,3,1,2023,False,241,41,3,1,4030.0,1814.0,1,False,True,Productivity,0,0.0,0,1.6,True
13.0,4.0,7,5,3,2023,True,245,47,3,3,1578.0,882.0,3,False,True,Design Tools,0,0.0,7,214.9,True
137.0,0.0,7,5,7,2023,False,195,60,3,4,5.0,4724.0,8,False,True,Health & Fitness,0,0.0,0,0.0,True
83.0,8.0,7,5,5,2023,True,189,60,4,2,66192.0,441.0,5,False,False,Android,0,0.0,429,186.6013986013986,False
83.0,3.0,7,1,3,2023,True,71,57,3,1,26.0,1940.0,3,False,True,Productivity,0,0.0,0,0.0,False
13.0,82.0,12,6,7,2023,False,390,52,4,4,5.0,3988.0,7,False,False,Developer Tools,0,0.0,0,0.0,True
81.0,7.0,7,4,5,2026,True,263,60,1,1,2054.0,6548.0,4,True,False,Hiring,0,0.0,21,0.5,True
8.0,0.0,15,1,1,2023,True,268,23,2,0,2841.0,1260.0,3,False,True,SaaS,0,0.0,0,1.1,True
223.0,81.0,0,0,7,2026,True,68,44,3,3,5.0,3946.0,8,True,False,Productivity,7,0.0,0,0.0,True
250.0,1.0,7,1,1,2023,True,44,58,2,1,5.0,780.0,9,True,False,Other,0,0.0,0,0.0,True
485.0,15.0,7,4,7,2026,True,38,53,3,1,5.0,3751.0,4,True,False,Productivity,0,0.0,0,0.0,True
6.0,2.0,7,6,3,2023,False,268,60,3,1,4513.0,295.0,5,False,True,SaaS,0,0.0,0,0.0,True
126.0,35.0,7,2,7,2026,True,27,60,3,1,5.0,943.0,6,False,False,iOS,0,25.9,254,0.0,True
16.0,1.0,7,1,7,2023,False,266,51,3,1,3384.0,1065.0,4,False,True,Marketing,0,0.0,24,1.7,True
125.0,25.0,0,4,5,2023,True,351,43,3,1,4163.0,2356.0,6,False,False,Hiring,0,0.0,23,2.7,True
1.0,0.0,11,3,3,2023,True,236,39,1,1,5.0,932.0,6,True,True,Android,0,0.0,1432,0.1,True
1.0,0.0,9,3,5,2023,False,262,58,3,1,5.0,1723.0,2,False,True,Design Tools,0,0.0,16,1.2,True
6.0,1.0,8,5,5,2023,False,182,56,3,1,1109.0,1358.0,3,False,True,Other,0,0.0,0,0.0,False
161.0,45.0,7,0,5,2023,True,75,18,4,1,5.0,959.0,4,False,False,Productivity,0,0.0,2260,0.5,True
145.0,0.0,5,2,5,2023,True,47,36,2,2,46343.0,845.0,6,False,False,Productivity,0,0.0,16,0.6,True
4.0,0.0,7,3,7,2023,False,246,56,1,1,5.0,5544.0,2,False,True,Health & Fitness,0,0.7,0,1.9,True
66.0,0.0,9,1,5,2023,False,259,46,1,5,2150.0,5128.0,4,False,True,Android,0,0.0,1061,5.9,True
2.0,0.0,9,5,5,2023,False,212,45,2,0,264.0,957.0,2,False,False,Marketing,0,0.0,0,0.0,False
21.0,0.0,7,3,3,2023,True,264,50,2,1,5.0,1524.0,3,True,True,Other,0,0.0,0,0.0,True
120.0,9.0,0,0,5,2026,True,324,55,3,1,570.0,1476.0,4,True,False,Productivity,0,0.0,0,0.0,False
107.0,4.0,7,0,5,2026,True,50,29,3,1,5.0,1249.0,4,True,False,Other,0,0.0,0,0.7,True
102.0,0.0,7,0,7,2023,False,251,35,2,1,2474.0,3289.0,3,False,True,Design Tools,0,0.0,0,4.4,True
395.0,114.0,7,4,7,2026,True,53,38,3,3,5217.0,11294.0,6,True,False,Productivity,0,0.0,501,194.5,True
3.0,1.0,10,5,5,2023,False,248,55,3,1,398.0,3979.0,5,False,True,Android,0,0.0,0,0.0,False
98.0,1.0,7,4,7,2023,False,230,40,2,1,1849.0,484.0,6,False,False,Other,0,0.4,28,3.1,True
15.0,1.0,17,3,7,2023,True,445,37,2,1,1789.0,346.0,3,False,True,Fintech,0,0.0,0,0.5,True
15.0,0.0,6,3,7,2023,False,274,46,3,1,2122.0,2030.0,4,True,True,Other,0,0.0,170,3.3,True
158.0,13.0,7,0,7,2023,True,35,51,3,1,5.0,2280.0,7,False,False,Other,0,0.0,5,199.8,True
1.0,3.0,12,3,5,2023,False,273,25,2,0,5.0,4676.0,3,False,True,Other,0,0.0,0,1.3,True
61.0,0.0,11,5,5,2023,True,262,60,1,0,5.0,827.0,2,False,False,Other,0,0.0,0,0.0,True
3.0,0.0,10,4,1,2023,False,231,30,2,1,314.0,1583.0,6,False,True,Android,0,0.0,0,0.0,False
227.0,37.0,7,4,7,2026,True,85,48,3,2,872.0,10.0,6,False,False,Open Source,1,0.0,3,174.3,True
182.0,56.0,7,0,10,2026,True,74,37,3,2,1060.0,1935.0,8,False,False,Productivity,0,39.0,9,0.1,True
82.0,6.0,7,4,7,2023,True,132,30,2,1,366.0,375.0,3,True,True,Other,0,0.0,0,0.0,False
80.0,1.0,7,0,3,2023,True,98,39,3,1,545.0,493.0,4,True,True,Productivity,0,0.0,0,0.0,False
64.0,0.0,7,3,7,2023,True,391,20,3,1,5.0,4054.0,2,True,False,Productivity,2,0.0,7,0.0,True
271.0,15.0,7,2,7,2026,True,78,56,3,1,417.0,1375.0,6,True,False,Web App,0,0.0,0,0.0,True
67.0,22.0,7,4,1,2023,False,72,51,1,1,5296.0,4944.0,7,False,False,Artificial Intelligence,0,0.0,1666,214.3,True
95.0,13.0,7,0,3,2023,True,212,55,3,2,22258.0,71.0,5,True,False,Analytics,0,0.0,134,216.26865671641792,False
154.0,16.0,17,4,7,2026,False,87,30,3,3,393765.0,1843.0,6,True,False,Design Tools,0,0.0,0,0.0,True
266.0,11.0,0,4,6,2026,True,45,55,3,1,4432.0,2191.0,6,True,False,Design Tools,0,0.0,6,190.5,True
77.0,92.0,7,4,5,2026,True,46,42,3,3,2252.0,2135.0,6,True,False,Other,0,249.8,0,0.2,True
308.0,58.0,7,6,7,2023,True,112,48,3,3,2932.0,1950.0,3,True,False,Other,9,1.3,9,163.3,True
78.0,74.0,16,4,1,2023,True,188,45,3,7,104682.0,1017.0,6,True,False,Other,0,0.0,684,242.7017543859649,False
74.0,0.0,14,4,5,2023,True,201,31,3,1,5.0,452.0,5,False,True,Other,0,0.0,22,0.3,True
157.0,0.0,7,0,7,2023,True,260,51,3,1,2013.0,502.0,7,False,False,Artificial Intelligence,0,0.0,0,0.0,True
110.0,0.0,7,0,5,2023,False,260,55,3,1,54320.0,1450.0,2,False,True,Developer Tools,0,0.6,0,0.0,True
414.0,78.0,7,6,7,2026,True,65,59,3,1,3433.0,5873.0,5,True,False,Productivity,0,0.0,0,0.0,True
755.0,130.0,7,3,7,2026,True,58,58,3,2,464.0,182.0,7,False,False,Other,0,0.0,0,0.0,False
6.0,1.0,23,3,7,2023,False,243,20,2,0,5.0,2265.0,2,False,True,Other,0,0.0,2008,0.0,True
273.0,6.0,7,2,6,2026,True,41,33,3,3,5.0,8273.0,6,False,False,API,0,0.0,0,0.0,True
4.0,0.0,23,4,3,2023,False,177,36,4,1,5.0,5140.0,3,False,True,Social Media,0,0.0,5,0.6,True
118.0,4.0,7,5,7,2026,True,57,58,3,1,5.0,4333.0,4,False,False,Marketing,0,0.0,6,0.0,True
197.0,32.0,0,2,6,2026,True,477,60,3,1,1296.0,364.0,9,True,False,Other,0,0.0,0,0.0,False
9.0,1.0,17,3,3,2023,False,241,33,2,1,2344.0,2764.0,4,False,True,Other,0,0.3,0,3.4,True
533.0,29.0,7,2,6,2026,True,48,58,3,1,5.0,6676.0,8,True,False,Productivity,0,0.0,19,0.0,True
221.0,23.0,7,4,7,2026,True,413,36,3,1,749.0,15058.0,9,True,False,Other,0,31.0,0,198.2,True
157.0,85.0,8,6,5,2023,True,197,56,3,2,67370.0,2394.0,6,True,True,Productivity,0,0.0,438,184.2716894977169,False
450.0,93.0,7,4,6,2026,True,216,55,3,1,4184.0,8342.0,8,True,False,Productivity,0,0.0,17,1.7,True
95.0,9.0,7,3,7,2023,True,222,60,3,1,813.0,474.0,2,False,True,API,0,0.0,0,0.0,False
114.0,24.0,7,3,3,2023,False,240,46,3,1,2040.0,3332.0,3,True,True,Chrome Extensions,0,0.0,24,201.6,True
127.0,14.0,0,2,5,2026,False,497,54,3,1,7049.0,19204.0,5,True,False,Other,27,374.6296296296296,27,374.6296296296296,False
387.0,9.0,7,2,6,2026,True,29,54,3,1,2769.0,13434.0,8,True,False,Other,8,22.0,12,2.5,True
3.0,2.0,7,4,1,2023,False,274,46,2,1,5.0,372.0,2,False,True,Other,0,0.0,991,0.6,True
164.0,99.0,1,1,6,2026,True,246,43,3,1,1545.0,10876.0,7,False,False,Productivity,0,0.0,0,0.0,True
9.0,30.0,7,5,7,2023,False,198,46,3,2,5.0,2127.0,4,True,False,Social Media,0,1.6,12,0.0,True
162.0,80.0,7,0,7,2026,True,63,55,3,2,159.0,2799.0,6,True,False,Productivity,0,0.0,3,5.0,True
104.0,7.0,0,5,5,2026,True,339,49,3,1,633.0,4520.0,3,False,False,Mac,0,0.0,0,0.0,False
77.0,5.0,0,2,6,2026,False,500,60,3,1,118.0,1770.0,7,True,False,Design Tools,0,0.0,0,0.0,False
151.0,0.0,7,0,7,2023,False,247,53,2,1,81085.0,2428.0,11,False,True,Chrome Extensions,0,0.0,10,2.6,True
6.0,1.0,13,0,3,2023,False,243,37,3,1,342.0,3537.0,4,False,False,API,0,0.0,0,0.0,False
108.0,32.0,7,2,7,2023,True,238,40,2,1,20404.0,1234.0,4,False,False,Design Tools,0,0.0,0,0.0,True
311.0,42.0,7,0,7,2023,False,72,57,2,0,1378.0,2762.0,9,False,False,Productivity,0,0.2,0,0.0,True
222.0,40.0,7,4,7,2026,True,60,60,3,2,231647.0,13645.0,4,True,False,Marketing,0,110.1,21,176.4,True
124.0,1.0,7,1,3,2023,True,61,44,3,1,5.0,214.0,8,True,False,Other,0,0.0,0,0.0,True
117.0,0.0,7,5,7,2023,True,275,60,3,1,4603.0,1010.0,8,False,True,Design Tools,0,0.0,20,0.0,True
113.0,39.0,16,5,7,2023,True,222,36,3,3,5261.0,2493.0,5,False,False,Other,0,0.6,308,1.2,True
1.0,0.0,14,3,3,2023,False,246,32,4,1,600.0,1121.0,3,False,True,Other,0,1.7,1521,3.9,True
107.0,11.0,10,4,7,2023,True,251,58,3,0,76059.0,1679.0,6,False,False,Education,0,1.9,0,0.0,True
246.0,0.0,20,1,3,2024,False,176,47,2,1,352537.0,5093.0,5,True,True,Developer Tools,0,0.0,5,4.5,True
7.0,26.0,10,4,9,2023,False,64,36,3,1,484.0,4799.0,3,False,False,Other,0,0.3,0,2.5,True
1.0,0.0,5,6,3,2023,False,266,32,4,1,33817.0,659.0,4,False,False,Other,0,0.0,0,0.0,True
50.0,4.0,23,0,3,2023,True,162,53,3,1,176.0,279.0,4,True,False,Writing,0,0.0,0,0.0,True
135.0,41.0,7,1,7,2026,False,59,59,3,3,128.0,1751.0,5,False,True,Other,0,0.0,0,0.0,False
13.0,0.0,19,5,5,2023,True,238,44,2,1,124159.0,1221.0,1,False,True,SaaS,0,0.0,7,0.1,True
156.0,0.0,7,0,6,2026,True,45,45,1,2,24.0,325.0,5,False,False,Productivity,0,0.0,0,0.0,False
11.0,0.0,12,6,3,2023,False,174,60,3,0,276.0,1646.0,2,False,True,Other,0,0.0,23,0.0,True
19.0,1.0,7,5,1,2023,False,264,37,4,1,5.0,715.0,3,False,True,Fintech,0,0.0,29,2.1,True
1.0,0.0,16,3,3,2023,False,263,23,3,1,4679.0,2494.0,2,False,True,Design Tools,0,0.0,0,1.9,True
147.0,1.0,6,4,1,2023,False,252,17,3,1,1240.0,1747.0,6,False,True,Developer Tools,0,0.0,0,0.0,True
1.0,0.0,7,4,5,2024,False,190,41,3,1,337.0,1004.0,8,False,False,Social Media,0,0.0,5,0.4,True
99.0,23.0,7,4,6,2026,False,39,39,1,2,495.0,1398.0,8,True,False,Other,0,0.0,0,0.0,False
106.0,2.0,7,2,7,2026,False,65,54,3,1,1955.0,450.0,7,True,True,Artificial Intelligence,0,1.8,0,0.0,True
167.0,14.0,7,2,7,2024,False,63,45,3,1,2023.0,255.0,7,True,False,Other,0,0.0,9,0.1,True
1.0,0.0,10,3,1,2023,True,277,15,2,0,1277.0,1681.0,3,False,True,Other,0,0.0,0,6.0,True
13.0,2.0,9,4,7,2023,True,266,54,2,1,5.0,5880.0,5,False,True,Android,0,0.0,427,0.5,True
192.0,0.0,7,2,7,2026,False,66,32,3,3,5.0,1230.0,5,True,False,Productivity,0,0.0,9,0.0,True
24.0,0.0,15,3,7,2023,False,261,30,2,1,5.0,1223.0,4,True,True,Productivity,0,0.0,0,0.0,True
1.0,6.0,7,6,7,2023,True,253,51,3,1,4245.0,10.0,6,False,False,SaaS,0,0.5,1,1.0,True
255.0,61.0,7,3,6,2026,True,60,46,3,1,5.0,6248.0,6,True,False,Productivity,0,0.0,10,0.0,True
12.0,3.0,9,1,5,2023,True,259,39,3,1,339.0,913.0,4,True,True,Android,0,0.0,0,0.2,True
160.0,90.0,7,6,5,2026,True,259,48,3,1,24252.0,12021.0,8,True,False,Chrome Extensions,0,0.0,0,5.3,True
4.0,0.0,4,1,3,2023,True,213,39,1,1,5.0,4760.0,3,True,True,Design Tools,0,1.1,43,1.1,True
247.0,22.0,7,6,5,2023,False,247,57,3,2,195777.0,5544.0,7,False,True,Other,0,0.0,41,4.8,True
19.0,0.0,7,5,7,2023,False,258,46,3,1,2250.0,985.0,1,False,True,Artificial Intelligence,0,0.9,21,0.0,True
20.0,0.0,15,3,5,2025,False,242,49,1,1,5.0,2195.0,4,True,True,Developer Tools,0,0.0,11,0.0,True
574.0,29.0,7,6,4,2026,True,70,58,3,1,2201.0,17031.0,8,False,False,Productivity,0,0.0,0,0.0,True
6.0,1.0,5,6,5,2023,False,164,47,3,1,74.0,3448.0,4,False,True,Productivity,0,0.0,0,0.0,False
4.0,0.0,8,5,5,2023,False,259,31,3,1,50.0,2142.0,8,False,True,Android,0,0.0,0,0.0,False
78.0,3.0,8,0,3,2023,True,248,36,3,1,119.0,497.0,6,True,True,Productivity,0,0.0,0,0.0,False
139.0,66.0,1,4,7,2023,True,61,59,3,1,5.0,1252.0,7,False,False,Web App,0,0.0,0,5.0,True
1.0,1.0,5,4,3,2023,False,265,36,3,1,2874.0,650.0,1,False,True,Other,0,0.0,15,0.0,True
125.0,0.0,6,1,5,2023,False,259,50,1,1,173150.0,1558.0,3,False,True,Productivity,0,0.0,0,0.0,True
9.0,3.0,7,0,3,2023,False,235,44,3,1,5.0,622.0,1,False,False,Other,0,0.0,0,1.6,True
92.0,0.0,7,0,5,2026,False,248,58,3,2,290.0,681.0,4,True,False,Marketing,0,0.0,2,0.0,True
23.0,0.0,5,4,5,2023,False,288,60,2,1,209741.0,2645.0,6,False,False,Design Tools,0,0.0,0,2.5,True
1.0,1.0,7,3,5,2023,True,218,34,4,1,1628.0,766.0,1,False,True,Other,0,0.0,0,0.0,True
179.0,1.0,20,5,7,2023,False,259,28,3,1,1289.0,4750.0,4,False,False,Other,0,0.0,0,1.5,True
147.0,0.0,7,6,3,2023,False,242,42,3,1,43.0,4563.0,2,True,True,Web App,0,0.0,0,6.4,True
271.0,21.0,7,6,7,2023,True,35,58,3,1,18683.0,2285.0,4,False,False,Android,0,0.0,0,1.2,True
114.0,0.0,7,4,7,2023,False,242,38,3,1,1816.0,1692.0,4,False,False,Marketing,0,0.0,224,0.0,True
1.0,0.0,10,3,7,2023,False,242,30,3,0,402.0,2876.0,0,False,True,Other,0,0.0,0,0.0,True
1.0,0.0,7,4,3,2023,True,258,33,3,1,5.0,10.0,4,False,True,Marketing,0,0.0,24,1.6,True
6.0,3.0,0,5,5,2026,False,165,34,3,1,110.0,2550.0,1,False,False,SaaS,0,0.0,0,0.0,False
86.0,3.0,7,5,7,2023,True,147,37,3,5,5.0,4248.0,3,False,False,Analytics,0,0.0,3,0.0,True
6.0,2.0,10,3,1,2023,True,263,37,2,0,4262.0,765.0,6,False,True,Other,0,0.0,0,0.0,True
15.0,27.0,17,4,5,2023,False,240,45,1,1,899.0,1764.0,4,False,False,Other,0,0.0,0,0.0,True
95.0,0.0,7,3,7,2026,True,43,47,3,1,5.0,1952.0,6,True,False,Productivity,0,0.0,0,1.6,True
151.0,0.0,7,0,5,2023,True,446,47,3,1,5.0,1568.0,6,False,False,Fintech,0,0.0,0,0.8,True
122.0,3.0,0,3,5,2026,True,395,46,3,1,372.0,1094.0,5,True,False,Open Source,0,0.0,0,0.0,False
188.0,18.0,7,4,11,2026,True,52,54,3,1,2659.0,11229.0,8,True,False,Productivity,0,0.0,1232,0.2,True
7.0,0.0,13,0,7,2023,False,205,53,1,1,1605.0,2734.0,2,False,True,Design Tools,0,1.7,0,1.9,True
167.0,17.0,0,0,6,2026,True,411,19,3,1,138.0,61.0,5,False,False,Open Source,0,0.0,0,0.0,False
131.0,0.0,7,4,7,2023,True,264,20,1,1,5.0,2272.0,1,True,False,Productivity,0,0.0,943,0.0,True
185.0,3.0,17,4,1,2023,False,264,33,4,1,78723.0,1398.0,3,False,True,Other,0,2.0,0,0.0,True
18.0,1.0,11,3,3,2023,False,279,44,4,1,4089.0,703.0,1,False,False,Design Tools,0,0.0,0,0.7,True
217.0,5.0,7,4,7,2024,False,225,60,3,1,5.0,1090.0,3,False,False,Marketing,0,0.0,0,2.3,True
6.0,1.0,18,0,3,2023,False,252,58,3,1,734.0,3280.0,1,False,True,Productivity,0,0.0,0,0.0,False
5.0,1.0,23,4,5,2023,False,225,35,3,1,108.0,2052.0,3,False,True,Other,0,0.0,0,0.0,False
86.0,24.0,1,0,7,2026,True,65,44,3,1,4130.0,1914.0,5,False,False,Design Tools,0,0.0,0,0.0,True
9.0,0.0,7,4,5,2023,False,241,60,2,1,2466.0,1489.0,3,False,False,Design Tools,0,0.0,2,0.0,True
9.0,44.0,7,0,7,2023,True,243,43,3,1,5.0,893.0,6,False,False,Marketing,0,0.0,0,0.3,True
136.0,35.0,7,2,7,2026,True,236,52,3,3,194029.0,435.0,6,False,False,Mac,0,0.0,1864,167.2,True
203.0,4.0,7,4,7,2023,False,235,42,3,1,3085.0,1031.0,3,False,False,Design Tools,0,0.0,0,4.8,True
320.0,140.0,7,4,7,2026,True,65,53,3,1,2493.0,3086.0,4,True,False,API,0,0.0,11,287.6,True
211.0,24.0,9,4,6,2026,True,80,60,3,1,1590.0,4578.0,9,False,False,Developer Tools,0,0.0,20,0.0,True
5.0,0.0,22,3,3,2023,False,241,40,5,1,5.0,3310.0,0,True,True,Health & Fitness,0,0.0,11,4.6,True
6.0,0.0,14,5,5,2023,True,287,58,3,2,5.0,2425.0,4,False,False,Web App,0,0.0,532,3.0,True
90.0,7.0,7,4,5,2023,True,247,50,3,1,122.0,2410.0,3,False,True,Other,0,0.0,0,0.0,False
137.0,21.0,8,2,5,2026,True,60,46,3,2,450666.0,10.0,6,False,False,API,0,0.0,2518,0.0,True
131.0,0.0,4,0,7,2023,True,253,59,3,1,17.0,536.0,4,False,False,Health & Fitness,0,0.1,14,0.0,True
541.0,20.0,7,4,6,2026,True,60,58,3,1,2411.0,12107.0,6,False,False,Chrome Extensions,0,0.0,0,0.0,True
455.0,60.0,0,1,6,2026,True,238,58,3,1,5235.0,13228.0,6,False,False,SaaS,16,319.1875,16,319.1875,False
269.0,30.0,7,6,7,2026,True,270,39,3,1,263582.0,5120.0,5,False,False,Android,0,0.0,0,0.8,True
209.0,17.0,1,3,7,2026,True,66,34,3,1,2239.0,4476.0,7,True,False,Productivity,0,0.0,27,1.0,True
68.0,7.0,15,1,3,2023,True,157,27,3,1,430.0,3139.0,6,False,True,Other,0,0.0,0,0.0,False
15.0,4.0,8,4,3,2023,False,250,42,3,1,5.0,4547.0,3,False,True,Other,0,0.0,4,1.2,True
71.0,3.0,7,1,3,2023,True,254,52,3,1,122.0,813.0,3,False,True,Developer Tools,0,0.0,0,0.0,False
12.0,4.0,16,3,1,2025,False,68,30,3,1,5.0,1469.0,6,False,True,Android,0,0.0,1024,0.0,True
253.0,9.0,7,3,7,2023,True,171,42,3,1,5.0,2299.0,4,False,False,Analytics,0,0.0,0,0.6,True
2.0,0.0,17,3,7,2023,False,252,46,3,1,364.0,969.0,1,False,True,Fintech,1,2.0,1,2.0,False
142.0,0.0,7,1,7,2026,False,253,60,3,1,5.0,2549.0,8,False,False,Other,0,0.0,0,0.0,True
4.0,0.0,9,3,3,2023,True,262,26,4,1,605.0,2374.0,2,True,True,Other,0,0.0,0,0.2,True
151.0,6.0,7,3,5,2023,True,65,46,3,1,5.0,880.0,5,False,False,API,1,0.0,0,0.0,True
15.0,2.0,0,4,7,2023,True,271,58,2,0,5.0,848.0,6,False,False,Design Tools,0,2.0,5,0.9,True
131.0,87.0,9,3,5,2023,False,235,59,3,1,64603.0,2133.0,6,False,False,Chrome Extensions,0,0.0,0,1.2,True
87.0,1.0,14,3,3,2026,True,283,45,3,3,69195.0,676.0,1,False,True,Other,0,0.0,381,0.0,True
113.0,6.0,7,0,7,2026,False,48,59,3,1,5.0,15945.0,4,False,False,Productivity,0,8.5,0,4.5,True
378.0,56.0,7,1,7,2026,True,78,38,3,1,5.0,22044.0,6,True,False,Other,0,0.0,12,1.9,True
184.0,66.0,7,4,7,2026,True,255,36,1,3,5.0,710.0,6,False,False,Productivity,0,0.0,0,0.0,True
16.0,1.0,5,1,5,2024,False,166,54,1,1,1588.0,4947.0,3,True,True,Artificial Intelligence,0,0.0,0,0.0,True
98.0,96.0,7,1,7,2026,True,158,29,3,3,34655.0,4959.0,6,False,False,Design Tools,0,0.0,8,0.0,True
16.0,0.0,13,3,3,2023,False,242,53,1,1,5.0,615.0,3,False,True,Health & Fitness,0,0.0,1,0.0,True
104.0,69.0,7,1,5,2023,False,156,58,3,1,2276.0,3805.0,6,True,False,Health & Fitness,0,1.3,10,0.0,True
9.0,0.0,10,3,1,2023,False,156,38,2,1,5.0,1032.0,2,False,True,Open Source,0,0.0,0,0.0,True
164.0,15.0,19,1,3,2025,True,365,44,3,1,244.0,251.0,6,True,False,Mac,0,0.0,0,0.0,False
7.0,4.0,7,4,5,2023,False,287,37,3,0,2615.0,1254.0,5,False,True,Design Tools,0,0.0,0,0.0,True
13.0,1.0,9,3,5,2025,False,278,18,2,1,5.0,374.0,1,True,True,Artificial Intelligence,0,0.0,337,0.0,True
98.0,6.0,7,4,7,2023,True,259,60,3,1,178.0,101.0,4,False,True,Design Tools,0,0.0,0,0.0,False
13.0,1.0,3,3,5,2026,False,411,55,3,1,715.0,70.0,6,False,False,Mac,0,0.0,0,0.0,False
82.0,0.0,7,3,3,2023,False,232,21,1,1,5.0,2654.0,1,False,True,Chrome Extensions,0,0.0,1232,4.1,True
273.0,205.0,7,0,7,2026,False,17,55,3,4,5.0,3606.0,5,False,False,Productivity,0,0.5,0,0.2,True
73.0,0.0,9,0,7,2026,False,170,54,3,1,372.0,4341.0,4,True,False,Other,0,0.0,0,0.0,True
658.0,4.0,7,1,7,2026,True,274,41,3,1,5.0,1319.0,12,True,False,API,0,0.0,0,331.6,True
91.0,8.0,7,1,7,2023,True,72,51,3,1,5.0,678.0,7,True,False,Web App,0,37.3,7,0.0,True
167.0,2.0,7,6,7,2026,True,227,28,3,1,1529.0,2459.0,6,False,False,Productivity,0,0.0,162,0.9,True
7.0,0.0,10,3,7,2023,False,202,45,3,2,88678.0,283.0,1,False,False,Developer Tools,0,0.0,577,210.55632582322357,False
108.0,1.0,7,5,7,2023,True,249,57,4,3,5.0,2547.0,5,True,False,Other,0,0.0,36,0.0,True
100.0,9.0,0,4,3,2023,False,56,45,3,2,5.0,1465.0,8,False,False,Design Tools,0,0.0,3,0.5,True
6.0,1.0,11,0,3,2023,False,92,22,2,1,21.0,625.0,1,False,True,Design Tools,0,0.0,0,0.0,False
1192.0,0.0,7,1,7,2026,False,55,33,3,1,2050.0,7217.0,6,True,False,Other,0,0.0,0,0.3,True
271.0,0.0,7,2,5,2023,True,166,47,3,1,64285.0,22784.0,6,False,True,Productivity,0,0.0,2,222.1,True
670.0,62.0,7,0,6,2026,True,58,60,3,3,137157.0,800.0,4,True,False,Design Tools,0,295.0,17,1.7,True
491.0,43.0,7,0,6,2023,True,426,54,3,1,381350.0,845.0,4,True,False,Other,0,0.7,10,226.9,True
7.0,0.0,16,0,3,2023,False,236,28,4,1,5.0,1978.0,3,False,True,Design Tools,0,0.0,0,1.1,True
102.0,6.0,7,3,5,2023,False,153,54,1,2,5.0,2815.0,3,False,False,Productivity,0,0.0,0,0.0,True
105.0,9.0,0,4,5,2026,True,463,44,3,1,194.0,166.0,7,False,False,Developer Tools,0,0.0,0,0.0,False
1106.0,0.0,21,5,5,2023,False,123,35,2,1,5.0,3476.0,12,False,True,Design Tools,0,0.0,324,3.0,True
196.0,75.0,0,1,5,2026,True,392,47,3,1,2943.0,7936.0,6,True,False,Other,5,266.2,5,266.2,False
408.0,97.0,7,6,7,2026,True,37,51,3,1,589.0,8333.0,6,False,False,Other,9,0.0,22,0.0,True
96.0,0.0,7,3,3,2023,True,235,28,4,1,1222.0,1104.0,4,False,True,iOS,0,0.0,0,2.4,True
328.0,67.0,0,0,6,2026,True,451,44,3,1,3244.0,7091.0,7,True,False,Marketing,1,307.0,1,307.0,False
15.0,1.0,4,4,3,2023,False,208,58,3,1,362.0,1177.0,2,False,True,Design Tools,0,0.0,0,6.5,True
120.0,11.0,7,3,7,2026,False,57,57,3,3,86.0,331.0,5,False,False,Developer Tools,0,0.0,0,0.0,False
25.0,0.0,22,6,7,2023,False,255,37,4,1,5.0,3037.0,1,True,True,Other,0,0.0,301,0.0,True
144.0,63.0,8,3,1,2023,True,244,57,3,12,71.0,69.0,4,False,False,API,0,0.0,0,0.0,False
411.0,11.0,7,4,6,2026,False,61,56,3,1,243.0,4420.0,6,False,False,Mac,0,0.1,6,315.8,True
88.0,1.0,11,4,5,2025,True,260,23,3,2,73.0,5952.0,8,False,True,Developer Tools,0,0.0,158,0.0,True
127.0,24.0,7,5,7,2023,False,458,21,3,0,3867.0,5171.0,4,False,False,Social Media,0,0.0,7,0.7,True
136.0,4.0,7,6,5,2023,False,132,57,3,1,5.0,436.0,4,False,False,Other,0,0.0,3,2.0,True
5.0,0.0,4,3,3,2023,True,183,51,3,1,2421.0,457.0,4,False,True,Marketing,0,0.0,14,0.0,True
501.0,1.0,7,6,5,2023,True,199,36,1,1,134563.0,2030.0,5,True,False,Design Tools,1,0.0,0,0.0,True
1.0,0.0,6,5,3,2023,False,224,56,4,1,5.0,5493.0,3,False,True,Other,0,3.3,0,2.2,True
261.0,99.0,7,2,7,2026,True,28,28,3,1,215.0,59.0,7,False,False,API,0,0.0,0,0.0,False
30.0,0.0,9,6,3,2023,True,444,45,3,1,98.0,2640.0,3,True,True,Analytics,0,0.0,39,3.1,True
240.0,48.0,7,4,6,2026,False,59,40,3,2,5.0,24569.0,6,True,False,Other,1,0.0,2,1.3,True
23.0,0.0,18,3,7,2025,True,258,59,1,1,5.0,1604.0,2,True,True,Productivity,0,0.0,0,0.0,True
5.0,1.0,7,5,5,2023,False,258,55,3,1,974.0,1485.0,2,False,True,Health & Fitness,3,5.333333333333333,3,5.333333333333333,False
229.0,41.0,7,2,6,2026,True,71,52,3,3,5.0,25161.0,8,False,False,Productivity,1,0.0,0,0.0,True
100.0,0.0,7,1,7,2023,True,61,55,3,1,3868.0,2693.0,6,False,False,API,0,0.0,0,4.0,True
137.0,0.0,0,6,5,2026,True,237,28,3,2,596.0,665.0,7,False,False,Hiring,0,0.0,0,183.0,True
17.0,4.0,7,4,5,2023,False,56,41,3,1,504.0,4991.0,5,False,False,Design Tools,0,0.0,0,0.0,True
374.0,0.0,7,3,3,2023,False,137,22,3,3,123184.0,684.0,2,False,False,API,0,0.0,0,0.0,True
240.0,36.0,7,6,6,2026,True,59,48,3,3,5.0,34571.0,7,True,False,Productivity,0,0.0,542,391.1,True
114.0,16.0,21,2,7,2026,False,56,43,3,1,5.0,10845.0,4,True,False,Other,0,0.0,15,0.9,True
20.0,0.0,10,3,3,2023,False,259,37,2,1,5.0,5796.0,2,False,True,Other,0,0.0,695,0.9,True
1.0,3.0,7,3,8,2023,False,188,37,3,1,5075.0,1508.0,4,True,False,SaaS,0,0.0,19,3.0,True
1.0,3.0,23,5,7,2024,False,65,38,3,1,2668.0,750.0,3,False,False,Developer Tools,0,0.0,1,2.9,True
1.0,2.0,20,5,5,2023,False,277,20,3,1,1481.0,746.0,6,False,True,Web App,0,0.0,0,3.3,True
128.0,1.0,7,4,7,2025,True,172,32,3,1,5.0,1220.0,5,True,True,Other,0,0.0,0,0.0,True
89.0,34.0,7,3,7,2023,True,232,37,3,2,77260.0,253.0,5,True,False,Hiring,0,0.0,503,209.0397614314115,False
1381.0,0.0,7,0,7,2023,True,198,47,3,1,5.0,1157.0,3,True,False,Mac,0,0.0,11,0.0,True
94.0,0.0,1,3,7,2026,False,157,24,3,1,5.0,1962.0,3,False,False,Developer Tools,0,0.0,0,1.7,True
117.0,31.0,7,0,7,2026,False,69,42,3,1,180232.0,4198.0,7,True,False,Other,0,0.0,0,5.2,True
84.0,7.0,14,0,3,2023,False,81,11,3,2,1469.0,701.0,10,False,True,Productivity,0,0.0,0,1.7,True
5.0,0.0,16,0,3,2023,False,245,51,2,1,5.0,2647.0,5,True,True,Design Tools,0,0.0,1131,2.0,True
622.0,42.0,1,4,7,2023,True,267,59,3,2,5.0,23914.0,6,True,False,Productivity,0,0.0,18,1.3,True
157.0,43.0,7,2,6,2026,True,55,44,3,3,5.0,3478.0,6,True,False,Health & Fitness,0,0.0,0,254.4,True
163.0,0.0,17,3,5,2023,False,244,51,3,0,5.0,5288.0,4,True,True,Artificial Intelligence,0,0.0,9,234.1,True
1.0,2.0,7,4,5,2023,False,252,36,2,0,5.0,1058.0,6,False,True,Other,0,0.0,0,4.7,True
154.0,0.0,7,3,5,2023,False,254,59,3,1,5.0,1433.0,2,True,True,Other,0,0.0,0,0.0,True
13.0,0.0,4,4,7,2023,False,258,35,4,1,5.0,2026.0,1,False,True,Analytics,0,0.0,0,0.0,True
155.0,4.0,7,6,5,2026,False,239,15,3,2,853.0,2658.0,6,False,False,Productivity,0,0.0,528,0.0,True
14.0,6.0,7,3,3,2023,False,233,59,4,5,5.0,2398.0,3,False,True,Other,0,1.4,2,0.0,True
189.0,13.0,7,1,5,2023,False,226,60,3,1,5.0,275.0,6,False,False,Marketing,0,0.0,0,2.2,True
21.0,12.0,7,4,5,2026,False,168,45,3,1,551.0,833.0,6,False,False,iOS,0,0.0,0,0.0,False
217.0,37.0,7,0,7,2026,True,61,48,3,1,270.0,2172.0,6,False,False,Productivity,0,0.0,0,0.0,True
101.0,13.0,7,5,7,2023,False,226,58,3,1,18938.0,3096.0,6,False,False,Mac,0,1.7,22,209.1,True
3.0,4.0,7,3,7,2023,True,273,36,1,1,329.0,1815.0,3,False,True,Other,0,0.0,0,0.5,True
224.0,117.0,7,4,5,2023,False,59,45,2,8,6230.0,560.0,6,True,False,Other,0,0.0,11,37.5,True
17.0,0.0,8,5,1,2023,True,202,56,4,1,5.0,2637.0,4,False,True,Hiring,0,0.0,2,0.0,True
129.0,0.0,7,1,3,2026,False,45,45,3,1,1019.0,13573.0,4,False,False,Email,0,297.5,21,2.8,True
324.0,1.0,7,3,6,2024,False,196,31,3,1,5.0,462.0,2,True,True,API,0,0.0,0,1.1,True
9.0,0.0,18,4,7,2023,False,238,60,3,1,5.0,2605.0,4,True,True,Design Tools,0,3.1,14,0.4,True
240.0,4.0,7,3,5,2026,True,57,59,3,1,5.0,776.0,6,False,False,Productivity,0,0.0,20,0.0,True
205.0,4.0,7,3,7,2023,False,175,58,2,1,71594.0,525.0,5,True,False,Open Source,0,0.1,279,0.5,True
147.0,12.0,8,4,5,2023,True,190,39,3,1,176.0,486.0,4,False,True,Design Tools,0,0.0,0,0.0,False
13.0,0.0,7,6,5,2023,False,270,58,3,1,5.0,2021.0,3,False,True,Design Tools,0,0.0,1,0.0,True
6.0,0.0,12,0,5,2023,False,265,24,3,1,956.0,2168.0,2,False,True,Other,0,0.0,0,3.4,True
79.0,0.0,7,4,5,2023,True,259,47,1,1,5.0,105.0,4,False,False,Productivity,0,0.0,0,2.0,True
228.0,16.0,7,4,7,2023,True,249,57,5,1,188.0,1321.0,6,True,False,Other,0,0.0,2135,6.2,True
3.0,1.0,8,6,5,2023,False,123,48,3,1,912.0,2156.0,1,False,True,Design Tools,0,0.0,0,0.0,False
575.0,229.0,7,3,5,2026,True,71,36,3,2,5.0,12855.0,6,True,False,Productivity,9,0.0,0,75.6,True
494.0,52.0,7,2,7,2026,True,31,58,3,1,5.0,284.0,2,False,False,Artificial Intelligence,0,0.0,16,0.0,True
119.0,31.0,7,3,6,2026,True,69,27,4,1,245032.0,345.0,6,True,True,Productivity,0,0.0,1,361.8,True
90.0,3.0,12,6,5,2026,True,125,29,3,1,38.0,466.0,7,True,False,Mac,0,0.0,0,0.0,False
112.0,25.0,1,2,7,2026,True,51,39,3,2,678.0,1750.0,6,True,False,Other,0,0.0,489,363.4,True
126.0,42.0,7,1,4,2023,True,232,27,3,2,1536.0,2474.0,8,False,True,Health & Fitness,3,0.0,4,0.0,True
132.0,14.0,7,1,3,2023,True,223,43,3,0,7.0,8684.0,6,False,False,Other,5,231.4,0,0.0,False
90.0,0.0,7,0,5,2023,True,225,23,4,1,226614.0,5111.0,4,False,True,Android,0,0.0,1288,2.0,True
327.0,49.0,7,2,7,2026,True,41,50,3,1,5.0,3310.0,6,True,False,Other,1,92.9,3,76.8,True
17.0,0.0,9,3,1,2023,False,230,38,3,1,4302.0,4290.0,2,False,True,SaaS,0,0.0,0,0.0,True
106.0,16.0,7,1,9,2023,False,259,39,3,1,5.0,696.0,8,False,False,Artificial Intelligence,0,1.6,0,1.5,True
26.0,0.0,7,3,3,2023,True,254,50,3,4,5.0,2885.0,6,False,True,Design Tools,0,0.0,5,0.8,True
101.0,0.0,7,3,7,2023,True,268,60,2,1,5.0,679.0,3,False,True,Productivity,0,0.0,1470,0.0,True
11.0,4.0,5,4,3,2023,False,251,48,4,1,5.0,609.0,3,False,True,API,2,0.8,0,0.5,True
259.0,40.0,1,3,11,2026,False,41,51,3,1,5.0,4605.0,6,True,False,Design Tools,0,0.0,11,201.1,True
96.0,29.0,7,3,11,2023,False,241,59,3,1,5167.0,23564.0,5,True,False,Other,0,0.2,7,218.5,True
10.0,0.0,7,1,3,2023,True,249,36,2,1,5.0,2534.0,3,True,True,Hiring,0,0.0,2122,0.0,True
118.0,16.0,15,4,5,2023,False,281,43,1,1,5.0,772.0,1,True,True,Marketing,0,0.0,0,0.0,True
2.0,2.0,0,3,7,2023,False,226,54,3,1,81.0,2006.0,6,True,True,Android,0,0.0,0,0.0,False
380.0,66.0,7,0,7,2026,True,46,18,3,1,5.0,750.0,6,False,False,Other,0,0.0,7,5.0,True
86.0,21.0,7,4,7,2026,True,59,41,3,1,3693.0,13004.0,7,True,False,Other,4,3.3,1742,192.0,True
124.0,0.0,7,4,5,2026,True,164,36,3,1,5.0,1016.0,6,True,True,Health & Fitness,0,0.0,18,0.0,True
94.0,29.0,7,4,7,2026,True,61,46,3,1,5.0,2469.0,6,True,False,API,0,0.0,0,0.0,True
115.0,30.0,7,0,7,2023,True,297,41,3,2,5.0,3979.0,4,True,False,Artificial Intelligence,0,0.0,0,332.0,True
210.0,12.0,7,5,5,2023,True,53,47,3,1,5.0,1403.0,4,True,True,Other,0,0.0,5,0.6,True
143.0,2.0,7,1,7,2023,True,52,50,2,0,5.0,10.0,4,False,False,Writing,0,0.0,5,71.1,True
4.0,2.0,7,4,7,2023,True,155,21,2,1,561.0,523.0,4,False,True,Health & Fitness,0,0.0,0,0.0,True
164.0,0.0,11,3,7,2026,False,71,45,3,2,1430.0,1504.0,1,False,False,Productivity,0,0.0,19,0.0,True
109.0,10.0,18,0,2,2020,False,296,49,3,1,741.0,1420.0,2,False,False,Productivity,0,0.0,0,0.0,False
217.0,7.0,7,3,7,2026,True,29,29,3,1,177.0,1921.0,6,True,False,Other,0,0.0,0,0.0,False
8.0,4.0,7,5,7,2023,False,219,41,4,1,92608.0,299.0,4,False,True,Health & Fitness,0,0.0,0,2.7,True
21.0,3.0,7,3,5,2023,False,246,58,1,1,5.0,2090.0,5,False,True,Artificial Intelligence,0,0.0,0,0.6,True
669.0,150.0,7,2,7,2026,True,59,59,3,2,397.0,4454.0,6,False,False,Productivity,1,25.0,1,25.0,False
6.0,4.0,20,3,3,2023,True,176,47,2,1,5.0,1390.0,4,False,True,Other,0,0.0,13,0.0,True
106.0,17.0,0,4,5,2026,True,154,60,3,1,97.0,335.0,6,False,False,Productivity,0,0.0,0,0.0,False
128.0,0.0,7,4,5,2023,True,278,40,2,1,5.0,789.0,2,False,True,Other,0,0.0,3054,2.4,True
93.0,9.0,7,4,5,2023,True,137,46,3,3,115652.0,1536.0,9,True,False,iOS,0,0.0,760,186.91315789473688,False
282.0,17.0,0,5,6,2026,True,245,45,3,1,4597.0,14274.0,8,True,False,Other,11,354.27272727272725,11,354.27272727272725,False
6.0,1.0,13,4,1,2023,False,133,47,3,1,321.0,1260.0,9,False,True,Web App,0,0.0,0,0.0,False
6.0,2.0,7,4,1,2023,False,282,34,3,2,3070.0,2555.0,2,False,False,Education,0,0.0,0,192.1,True
165.0,23.0,7,5,7,2023,True,50,53,3,4,5.0,2143.0,7,True,False,Marketing,0,0.1,16,2.9,True
2.0,4.0,8,3,3,2023,True,150,10,3,0,410.0,1714.0,4,False,True,Marketing,0,0.0,0,4.7,True
82.0,0.0,7,3,7,2023,True,213,29,2,1,457.0,1248.0,2,False,True,Design Tools,0,0.0,0,0.0,False
180.0,26.0,7,3,7,2026,False,39,39,3,2,602.0,2941.0,7,False,False,Developer Tools,1,51.0,1,51.0,False
114.0,3.0,16,4,5,2024,False,91,50,3,1,797.0,1502.0,5,False,False,Artificial Intelligence,0,0.0,0,3.2,True
704.0,20.0,7,6,5,2026,False,38,48,3,1,2457.0,29462.0,6,True,False,Developer Tools,0,0.0,1,441.0,True
15.0,7.0,7,6,7,2026,False,56,56,3,1,724.0,10448.0,5,True,False,Other,1,22.0,1,22.0,False
289.0,0.0,7,0,6,2026,True,53,53,1,1,123.0,29.0,4,True,False,Productivity,0,0.0,0,0.0,False
108.0,0.0,13,4,7,2023,False,248,60,3,2,1819.0,2377.0,1,True,False,Other,0,0.0,265,197.6,True
7.0,0.0,3,3,3,2023,False,226,27,1,0,5.0,2224.0,4,True,True,Other,0,0.0,4,0.0,True
129.0,0.0,7,0,10,2026,True,187,48,3,2,1891.0,598.0,4,False,False,Productivity,0,0.0,0,0.0,True
84.0,4.0,7,4,7,2023,True,155,32,3,1,177.0,672.0,1,False,True,Productivity,0,0.0,0,0.0,False
83.0,0.0,7,4,3,2023,False,287,37,3,1,477.0,1694.0,3,False,True,Design Tools,0,0.0,0,0.0,True
10.0,1.0,19,5,5,2023,False,241,58,3,0,673.0,269.0,6,False,False,Other,0,0.0,0,0.0,False
325.0,44.0,7,4,7,2026,True,500,54,3,1,16323.0,2409.0,4,True,False,Marketing,0,0.0,0,0.0,True
111.0,2.0,7,5,5,2023,True,196,22,3,1,5.0,506.0,8,False,True,Health & Fitness,0,0.0,0,3.1,True
12.0,0.0,12,3,7,2023,False,244,39,2,0,5.0,4407.0,1,False,True,Productivity,0,0.0,0,5.4,True
153.0,98.0,7,4,6,2023,True,36,27,3,3,369.0,1655.0,4,False,False,Other,0,0.0,0,0.0,True
66.0,4.0,7,5,3,2023,True,237,57,1,1,153759.0,830.0,9,False,False,Productivity,0,0.0,0,0.0,True
68.0,56.0,7,3,7,2026,True,54,59,3,1,63685.0,3534.0,4,False,False,Other,0,0.0,8,203.2,True
417.0,4.0,7,5,6,2025,False,45,46,3,5,1502.0,932.0,4,True,False,Other,0,0.3,0,183.4,True
207.0,38.0,7,0,7,2026,True,51,21,3,1,1681.0,9057.0,6,True,False,Other,0,0.0,667,0.0,True
5.0,1.0,7,1,3,2023,False,258,11,4,1,449.0,705.0,4,False,True,Android,0,0.0,0,0.0,False
13.0,0.0,5,3,5,2023,False,262,30,1,1,1385.0,271.0,2,False,True,Productivity,0,0.0,0,0.0,True
123.0,0.0,7,6,7,2026,True,37,58,3,1,5.0,835.0,7,False,False,Hiring,0,0.8,0,0.0,True
216.0,27.0,7,3,7,2023,True,43,60,3,1,5.0,887.0,1,True,False,Mac,0,0.0,16,0.0,True
7.0,3.0,4,4,1,2023,False,163,51,3,1,572.0,2151.0,5,False,True,Productivity,0,0.0,0,0.0,False
238.0,54.0,7,4,7,2026,False,49,22,3,2,5.0,11426.0,8,True,False,Other,0,245.2,10,403.3,True
20.0,1.0,7,1,7,2023,False,262,38,2,1,5.0,833.0,3,True,True,Design Tools,0,0.0,0,0.1,True
16.0,0.0,11,3,3,2023,False,270,43,1,1,5.0,665.0,2,False,False,Android,0,0.0,0,2.2,True
72.0,1.0,8,4,1,2023,True,301,60,4,1,96.0,1618.0,4,False,True,Android,0,0.0,0,0.0,False
530.0,287.0,7,4,7,2023,True,200,18,3,9,732746.0,9885.0,4,True,False,Productivity,6,219.5,4872,202.7816091954023,False
18.0,0.0,21,4,1,2023,False,178,51,3,1,1345.0,1904.0,3,False,True,Web App,0,0.2,20,9.0,True
366.0,0.0,7,1,6,2026,True,43,60,3,1,5.0,22975.0,10,True,False,Mac,0,0.0,0,168.6,True
6.0,2.0,12,0,3,2023,False,244,51,3,1,304.0,163.0,3,False,True,Productivity,0,0.0,0,0.0,False
103.0,0.0,18,4,7,2026,False,275,20,3,1,2891.0,2202.0,6,False,False,Design Tools,0,1.4,35,209.2,True
110.0,29.0,0,6,9,2026,False,67,60,3,1,2034.0,7691.0,7,False,False,Other,0,0.0,3,4.5,True
146.0,20.0,7,6,7,2026,True,63,43,3,1,100866.0,4347.0,4,False,False,Design Tools,0,0.0,0,0.2,True
9.0,0.0,7,1,7,2023,True,281,53,3,1,5.0,990.0,4,False,True,Other,0,0.0,752,0.0,True
342.0,115.0,7,0,7,2026,True,49,25,3,1,3152.0,751.0,4,True,False,Other,0,0.0,13,181.3,True
6.0,0.0,8,3,3,2023,True,277,60,3,1,5.0,4949.0,3,False,True,Design Tools,0,0.0,0,0.0,True
98.0,2.0,7,3,3,2023,True,241,22,2,1,5691.0,597.0,4,False,True,Other,0,0.0,0,155.7,True
435.0,4.0,7,4,5,2026,True,52,50,3,3,4504.0,2468.0,4,True,False,Email,0,0.0,0,139.4,True
325.0,70.0,14,0,5,2026,True,332,41,3,1,87.0,2388.0,9,True,False,Productivity,0,0.0,0,0.0,False
17.0,3.0,7,2,7,2023,True,442,26,1,1,5.0,1780.0,5,True,False,Productivity,0,0.0,0,0.0,True
232.0,28.0,1,2,7,2026,True,72,51,3,1,253756.0,9960.0,5,True,False,Mac,0,0.0,0,281.8,True
86.0,7.0,8,3,1,2023,True,227,50,3,1,785.0,3870.0,3,False,False,API,1,144.0,0,0.0,False
10.0,6.0,7,4,7,2023,True,257,52,3,1,5.0,532.0,5,False,False,Artificial Intelligence,0,0.8,0,0.0,True
115.0,9.0,23,1,4,2025,True,158,58,3,1,39.0,1155.0,4,False,False,Open Source,0,0.0,0,0.0,False
67.0,43.0,7,4,10,2024,False,152,26,3,1,5.0,489.0,7,False,False,API,0,0.0,0,1.3,True
223.0,17.0,7,2,7,2026,True,68,52,3,3,5.0,2114.0,4,True,False,iOS,0,0.0,22,2.1,True
17.0,1.0,0,6,5,2026,False,497,37,3,1,11.0,1613.0,5,False,False,Chrome Extensions,0,0.0,0,0.0,False
416.0,43.0,7,1,8,2026,True,415,60,3,1,1564.0,558.0,6,False,False,Design Tools,0,0.0,12,2.9,True
113.0,17.0,7,2,6,2023,True,142,43,3,7,4937.0,16873.0,6,True,False,Productivity,2,0.9,5,0.0,True
147.0,57.0,7,6,7,2026,True,500,42,3,1,1210.0,2205.0,10,True,True,Other,0,0.0,0,0.0,True
2.0,0.0,2,3,5,2023,True,168,27,2,1,5.0,2358.0,3,False,True,Social Media,0,2.1,0,0.0,True
94.0,1.0,23,0,3,2023,True,242,17,3,3,971.0,1934.0,3,False,True,API,0,0.0,0,0.0,True
212.0,1.0,9,4,1,2023,False,166,52,3,1,516.0,1075.0,8,True,False,iOS,0,0.0,11,3.4,True
1.0,2.0,7,3,5,2023,True,243,20,2,1,2233.0,185.0,3,False,True,Other,0,0.0,0,0.3,True
15.0,0.0,7,5,7,2023,False,245,44,3,1,336.0,2559.0,4,False,True,Other,0,0.0,0,0.0,True
1.0,0.0,15,3,3,2023,True,269,50,1,0,898.0,882.0,3,False,True,Health & Fitness,0,0.0,11,2.4,True
102.0,13.0,0,2,6,2026,True,481,51,3,1,4444.0,15779.0,6,True,False,SaaS,14,282.14285714285717,14,282.14285714285717,False
80.0,3.0,7,4,7,2023,True,187,43,3,1,342.0,1008.0,3,False,True,Other,0,0.0,0,0.0,False
383.0,22.0,7,6,7,2026,True,51,54,3,1,5.0,14073.0,7,True,False,API,5,72.4,7,270.0,True
249.0,58.0,7,6,6,2026,True,74,59,3,1,11787.0,4786.0,5,True,False,Other,8,0.0,0,2.4,True
126.0,48.0,7,1,6,2026,True,430,41,1,9,3092.0,465.0,6,True,True,Analytics,0,0.6,33,0.8,True
120.0,2.0,7,5,5,2023,False,278,48,3,1,311837.0,1056.0,8,False,False,Marketing,0,0.0,0,1.6,True
208.0,138.0,7,0,6,2026,True,48,60,3,2,65648.0,9914.0,8,False,False,Productivity,20,0.0,0,9.4,True
177.0,11.0,7,2,10,2026,False,51,49,3,1,1479.0,9809.0,9,True,False,Productivity,6,0.5,0,272.8,True
136.0,0.0,0,4,5,2023,True,190,44,1,1,49096.0,644.0,6,False,False,Chrome Extensions,0,0.0,11,1.0,True
123.0,1.0,7,3,6,2023,True,239,47,4,1,42455.0,3855.0,4,True,False,Android,0,0.0,14,0.0,True
1.0,5.0,8,5,1,2023,False,247,18,1,0,705.0,766.0,1,False,True,Android,0,0.0,0,4.0,True
27.0,0.0,7,4,7,2023,False,71,50,3,1,5.0,2535.0,4,False,False,Other,0,0.0,3,0.0,True
240.0,36.0,3,3,5,2026,True,361,39,3,1,349.0,3078.0,7,True,False,Mac,0,0.0,0,0.0,False
126.0,117.0,7,4,7,2023,True,74,55,3,1,301.0,7918.0,9,True,False,Productivity,0,0.0,5,2.7,True
86.0,13.0,7,3,7,2023,True,242,26,3,1,275.0,376.0,4,False,True,Health & Fitness,0,0.0,0,0.0,False
181.0,2.0,7,5,7,2023,False,244,36,1,1,5.0,4430.0,4,False,True,SaaS,0,0.0,377,2.3,True
1.0,0.0,14,4,3,2023,False,256,43,2,1,1019.0,3274.0,3,False,True,Android,0,0.0,18,0.0,True
110.0,68.0,7,0,6,2026,True,60,22,3,1,271139.0,4269.0,6,True,False,Productivity,11,0.0,0,0.3,True
1.0,0.0,16,1,3,2023,False,176,60,3,0,3905.0,536.0,2,True,True,Web App,0,1.5,0,1.6,True
62.0,38.0,7,4,6,2026,True,25,48,3,2,5.0,1061.0,4,False,False,Productivity,0,284.5,16,200.3,True
15.0,0.0,7,4,3,2023,False,269,48,3,1,3353.0,2924.0,3,True,True,Other,0,0.0,35,0.0,True
25.0,0.0,14,1,1,2023,True,247,34,1,4,5.0,4925.0,2,False,True,Other,0,0.0,34,1.3,True
214.0,15.0,7,1,9,2026,True,63,46,3,1,1211.0,10.0,5,False,False,Design Tools,0,0.0,0,216.9,True
90.0,2.0,7,3,7,2023,True,195,47,5,1,307.0,165.0,10,False,True,Android,0,0.0,0,0.0,False
1.0,1.0,16,3,3,2023,False,256,31,2,1,1833.0,628.0,4,False,True,Android,0,0.0,0,0.0,True
89.0,0.0,7,0,5,2023,True,224,27,3,1,38.0,2569.0,4,False,False,iOS,0,0.0,128,0.6,True
105.0,1.0,7,3,7,2026,True,49,51,3,1,735.0,987.0,5,True,False,Other,0,0.0,0,1.1,True
68.0,5.0,10,4,1,2023,True,246,60,3,7,99568.0,1766.0,4,False,False,Other,0,0.0,648,252.40740740740745,False
628.0,137.0,7,4,6,2026,True,63,60,3,2,2750.0,4177.0,6,True,False,Productivity,5,211.8,26,4.3,True
108.0,20.0,0,4,7,2026,False,459,58,3,2,49444.0,2193.0,5,True,False,Web App,1,3.6,21,2.5,True
137.0,128.0,7,4,6,2026,True,36,52,3,4,733.0,153.0,6,True,False,Other,0,33.3,19,0.0,True
571.0,84.0,7,6,7,2026,True,46,45,3,2,2713.0,1768.0,6,True,False,API,0,0.1,0,333.6,True
11.0,6.0,7,4,7,2023,False,194,43,2,1,167.0,4559.0,1,False,True,API,0,0.0,4,2.6,True
12.0,7.0,19,3,7,2023,False,188,47,3,1,5.0,1371.0,4,False,False,Other,0,0.0,0,0.4,True
476.0,97.0,21,0,6,2026,True,493,58,3,1,4174.0,8985.0,6,True,False,Other,3,372.3333333333333,3,372.3333333333333,False
76.0,5.0,7,1,3,2023,True,61,40,3,1,51.0,3044.0,1,False,True,Hiring,0,0.0,0,0.0,False
24.0,127.0,7,1,5,2026,True,62,52,2,1,5.0,2057.0,6,True,True,Productivity,0,0.0,0,0.0,True
320.0,54.0,7,2,6,2026,True,56,33,3,1,5.0,10668.0,5,False,False,Productivity,0,0.0,17,4.2,True
119.0,0.0,7,3,7,2023,False,277,46,3,1,3876.0,2435.0,7,False,False,Artificial Intelligence,0,0.0,0,0.0,True
118.0,72.0,7,0,7,2026,True,296,56,3,1,3048.0,10.0,6,True,True,Design Tools,0,0.0,1308,0.0,True
83.0,6.0,7,5,5,2023,True,133,41,2,1,172.0,511.0,4,True,True,Productivity,0,0.0,0,0.0,False
106.0,1.0,15,3,7,2023,False,239,26,2,3,2417.0,2306.0,1,True,True,Marketing,0,0.0,18,0.0,True
372.0,31.0,1,2,7,2026,True,62,58,3,1,3311.0,11504.0,9,True,False,Other,2,191.8,7,292.9,True
21.0,1.0,7,0,7,2023,False,225,57,3,1,57718.0,9869.0,3,True,True,Design Tools,0,0.0,0,0.1,True
86.0,0.0,17,1,7,2023,False,87,43,2,1,141301.0,2150.0,6,False,False,Web App,0,1.5,0,2.0,True
21.0,1.0,0,5,5,2026,False,174,25,3,1,74.0,903.0,1,False,False,Writing,0,0.0,0,0.0,False
309.0,37.0,7,3,5,2026,True,62,45,3,1,2322.0,2208.0,5,False,False,Productivity,0,0.0,19,1.1,True
810.0,145.0,0,4,7,2026,True,248,50,3,1,6354.0,14480.0,6,True,False,Productivity,19,322.3157894736842,19,322.3157894736842,False
86.0,0.0,6,4,7,2023,False,279,57,3,8,2570.0,1064.0,4,False,True,Health & Fitness,0,0.0,0,0.5,True
119.0,21.0,7,4,10,2023,True,76,38,3,1,1659.0,15079.0,5,True,False,Other,0,0.0,0,273.5,True
2.0,1.0,8,3,7,2023,False,249,20,3,1,1029.0,1205.0,10,False,True,Chrome Extensions,0,0.0,0,0.0,False
155.0,2.0,16,2,10,2019,True,182,39,3,1,79.0,2680.0,5,False,False,Other,0,0.0,0,0.0,False
1.0,1.0,7,3,3,2023,False,175,26,2,1,506.0,2232.0,2,False,True,Other,0,0.0,2,0.0,True
31.0,4.0,7,0,7,2023,False,48,55,3,1,5.0,2585.0,6,False,False,Other,0,0.1,0,0.0,True
95.0,10.0,0,1,6,2026,True,144,45,3,1,1059.0,300.0,7,True,False,Fintech,0,0.0,0,0.0,False
10.0,1.0,21,5,5,2023,False,209,33,3,1,435.0,747.0,4,False,True,Social Media,0,0.0,0,0.0,False
12.0,1.0,7,5,5,2023,False,237,51,3,2,120753.0,3824.0,6,True,False,Other,0,0.0,1,0.0,True
365.0,0.0,7,4,7,2026,True,500,30,3,3,1524.0,5575.0,6,True,False,Analytics,0,0.0,18,0.0,True
8.0,2.0,5,1,3,2023,False,148,42,3,3,70203.0,3552.0,3,False,True,Social Media,0,0.0,456,200.0701754385965,False
123.0,5.0,11,4,5,2023,False,265,30,5,1,179143.0,1899.0,6,False,False,Other,0,0.0,8,3.9,True
1.0,0.0,10,3,7,2023,False,213,49,2,0,94.0,1170.0,4,False,False,Other,0,0.0,0,0.0,False
1.0,0.0,6,3,5,2023,True,272,46,2,1,33.0,5596.0,4,False,True,Other,0,0.0,309,2.2,True
239.0,32.0,7,2,7,2026,False,82,60,3,1,287648.0,1086.0,4,True,False,Marketing,0,0.0,4,0.0,True
15.0,0.0,7,5,3,2023,False,60,54,2,0,5.0,3442.0,1,True,True,Chrome Extensions,0,0.0,609,0.0,True
114.0,0.0,23,1,7,2023,False,272,28,3,18,1958.0,1178.0,3,False,False,Design Tools,0,0.0,12,1.4,True
432.0,58.0,9,4,8,2022,False,410,58,3,1,4231.0,7986.0,5,True,False,Other,7,251.57142857142856,7,251.57142857142856,False
24.0,1.0,7,3,5,2023,True,262,57,3,4,1723.0,2207.0,4,False,True,Design Tools,0,0.0,247,0.0,True
10.0,1.0,11,5,5,2023,True,281,31,3,1,647.0,2428.0,2,False,True,Artificial Intelligence,0,0.0,0,0.0,True
119.0,16.0,13,5,7,2023,True,250,54,2,1,5.0,4272.0,3,False,False,Android,0,0.0,21,0.0,True
143.0,71.0,7,4,5,2026,True,286,58,3,1,1620.0,3577.0,5,True,False,Mac,0,0.0,18,220.6,True
1.0,0.0,23,3,1,2023,False,365,17,3,1,1072.0,2033.0,2,True,True,Design Tools,0,0.0,0,0.0,True
1.0,1.0,11,3,7,2023,False,170,30,2,0,49.0,2445.0,2,False,False,Productivity,4,18.25,0,0.0,False
16.0,2.0,15,4,7,2023,True,266,39,4,1,5.0,936.0,2,False,True,Design Tools,0,0.0,0,0.0,True
13.0,0.0,7,0,7,2023,False,246,45,3,0,5.0,502.0,4,False,True,API,0,0.0,0,0.0,True
76.0,3.0,10,3,3,2023,False,257,19,1,1,5.0,798.0,3,False,False,Email,0,0.0,0,0.0,True
451.0,9.0,10,2,10,2026,True,45,53,3,2,1058.0,15624.0,6,True,False,Productivity,6,185.7,8,286.3,True
117.0,0.0,15,6,5,2023,True,250,59,3,1,5.0,1350.0,5,False,True,Health & Fitness,0,0.0,1247,0.0,True
131.0,0.0,15,3,7,2023,True,251,43,3,1,5.0,829.0,2,False,True,Other,0,0.0,0,0.9,True
112.0,15.0,7,0,7,2026,True,59,38,3,1,5.0,724.0,5,False,False,Education,0,0.0,0,0.0,True
3.0,0.0,23,5,5,2023,False,199,31,1,1,295.0,867.0,3,False,True,Other,0,0.0,0,0.0,False
3.0,1.0,10,1,3,2023,False,247,48,4,1,281.0,898.0,3,False,True,Android,0,0.0,0,0.0,False
26.0,1.0,7,0,1,2023,True,144,45,2,1,5.0,4280.0,1,True,True,Android,0,0.0,0,0.6,True
200.0,43.0,7,4,5,2023,True,452,59,1,3,14697.0,3091.0,3,False,False,Email,0,1.6,0,227.7,True
202.0,24.0,12,4,6,2026,True,489,46,3,1,995.0,274.0,1,False,False,Other,0,0.0,0,0.0,False
194.0,40.0,7,1,6,2026,True,42,59,3,1,1869.0,10035.0,7,True,False,Productivity,0,0.0,13,0.0,True
8.0,0.0,7,0,7,2023,False,273,57,3,1,5015.0,301.0,1,False,True,Other,0,1.2,0,0.0,True
8.0,4.0,10,3,3,2023,False,247,26,2,1,5.0,776.0,3,False,True,Other,0,0.0,141,0.1,True
26.0,0.0,6,5,7,2023,False,238,56,1,1,612.0,4579.0,3,False,True,Other,0,0.0,0,188.2,True
205.0,8.0,7,2,7,2026,True,30,26,3,1,257589.0,1113.0,6,True,False,Chrome Extensions,0,2.1,0,0.0,True
524.0,54.0,7,4,7,2026,True,41,42,3,1,23437.0,366.0,7,False,False,Open Source,0,0.0,0,5.5,True
130.0,0.0,7,4,7,2026,True,63,48,5,1,14190.0,2229.0,5,True,True,Marketing,0,0.0,0,5.6,True
137.0,0.0,7,3,7,2023,False,58,52,3,1,60514.0,1827.0,5,False,True,Design Tools,0,0.0,397,0.0,True
423.0,84.0,0,3,6,2026,True,53,39,3,2,1555.0,7917.0,6,True,False,Productivity,0,195.9,13,306.5,True
1.0,0.0,23,3,5,2023,False,237,52,1,1,5.0,3552.0,3,False,False,Chrome Extensions,0,0.0,5,0.1,True
118.0,0.0,18,0,5,2023,True,269,38,3,3,5.0,293.0,3,False,False,Design Tools,0,0.0,0,2.2,True
187.0,52.0,7,4,7,2026,True,43,43,3,1,331.0,307.0,4,False,False,Productivity,0,0.0,0,0.0,False
226.0,3.0,7,3,5,2023,True,61,40,5,3,2480.0,872.0,4,False,False,Hiring,0,0.0,0,0.7,True
625.0,0.0,8,6,7,2023,False,228,54,3,1,5.0,2794.0,7,False,False,Other,0,0.0,14,0.0,True
495.0,72.0,7,6,7,2026,True,45,52,3,1,342138.0,2702.0,6,True,False,API,2,0.0,5,221.5,True
1.0,53.0,15,3,3,2025,True,250,52,3,1,1220.0,9608.0,5,False,True,Productivity,0,0.0,0,3.8,True
8.0,0.0,7,3,7,2023,False,191,26,1,1,5.0,481.0,3,True,True,Design Tools,0,0.0,429,0.0,True
247.0,0.0,7,2,5,2026,False,54,34,3,2,5.0,5593.0,6,False,False,Open Source,0,0.0,5,219.1,True
242.0,67.0,7,4,7,2026,True,63,48,3,1,762.0,16017.0,9,True,False,Mac,2,1.4,8,326.0,True
2.0,0.0,17,0,3,2023,False,288,57,3,1,5509.0,993.0,4,False,True,Developer Tools,0,0.0,13,0.0,True
29.0,0.0,16,4,5,2023,True,253,55,1,1,5.0,2164.0,1,False,True,Productivity,0,1.0,2,195.7,True
131.0,0.0,9,4,7,2023,True,245,51,3,1,205338.0,104.0,1,False,True,Marketing,0,0.0,0,0.0,True
83.0,12.0,7,4,5,2023,True,258,36,3,1,5.0,3088.0,6,True,True,Other,0,0.0,0,2.3,True
5.0,4.0,7,2,7,2023,True,249,54,3,1,5.0,1123.0,6,False,False,Productivity,0,0.0,27,2.3,True
9.0,2.0,7,0,1,2023,True,73,38,3,1,10693.0,10.0,6,False,True,Developer Tools,0,0.0,0,205.7,True
243.0,69.0,9,4,7,2026,True,305,36,3,7,2516.0,647.0,5,True,False,API,0,1.9,15,379.3,True
107.0,0.0,7,0,6,2026,False,55,55,1,2,470.0,802.0,8,False,False,Productivity,0,0.0,0,0.0,False
259.0,12.0,0,4,5,2026,True,258,28,3,1,5.0,664.0,6,True,False,Other,0,0.0,0,328.5,True
201.0,87.0,7,3,10,2026,True,234,38,2,1,51527.0,5822.0,6,True,False,Other,0,0.8,1612,0.0,True
13.0,0.0,4,0,7,2023,True,301,20,3,2,1036.0,522.0,6,False,True,iOS,0,0.0,845,0.0,True
113.0,0.0,7,3,7,2023,True,46,33,1,1,2990.0,912.0,4,False,False,Fintech,0,0.0,13,1.5,True
378.0,23.0,7,2,7,2026,True,52,33,3,1,5.0,3500.0,8,True,False,Productivity,0,0.0,0,0.0,True
141.0,0.0,7,5,5,2023,False,37,54,3,2,5.0,303.0,4,True,False,Chrome Extensions,0,0.0,0,3.7,True
54.0,13.0,7,5,7,2026,True,53,53,3,2,92.0,1133.0,8,True,False,Design Tools,0,0.0,0,0.0,False
4.0,1.0,23,3,3,2023,False,246,15,4,1,5.0,1490.0,2,False,True,Other,0,1.9,0,2.8,True
23.0,69.0,7,3,7,2023,False,146,49,3,1,5.0,1176.0,1,True,True,Chrome Extensions,0,1.5,4,0.0,True
14.0,0.0,9,4,7,2023,True,198,40,5,1,1361.0,899.0,4,False,True,Other,0,0.0,0,3.5,True
129.0,39.0,7,5,5,2023,True,424,42,3,3,32160.0,1388.0,4,False,True,Other,0,0.0,665,2.5,True
233.0,2.0,7,6,7,2023,False,266,36,3,1,5645.0,371.0,7,True,False,Other,0,0.6,11,1.2,True
16.0,3.0,7,4,7,2026,False,267,50,3,1,3527.0,1391.0,4,False,False,API,0,0.0,14,0.0,True
5.0,0.0,15,4,5,2023,True,254,34,3,1,823.0,473.0,6,False,True,Chrome Extensions,0,0.0,1,3.1,True
11.0,17.0,5,4,3,2023,True,269,30,2,1,4959.0,749.0,2,False,True,Health & Fitness,0,0.0,0,0.0,True
165.0,0.0,11,6,3,2023,True,258,41,2,3,5.0,2698.0,9,False,True,Other,0,0.0,427,0.0,True
223.0,7.0,0,2,7,2026,True,70,55,3,1,432630.0,10554.0,5,True,False,Productivity,2,165.7,21,263.3,True
4.0,0.0,10,4,7,2023,False,267,35,1,1,5.0,2546.0,3,False,True,Developer Tools,0,0.0,0,0.0,True
22.0,36.0,7,3,7,2023,True,63,29,3,3,5.0,1134.0,7,True,False,Analytics,0,0.0,0,1.2,True
16.0,0.0,7,3,5,2023,False,216,42,3,1,5.0,4715.0,3,True,False,Other,0,0.0,3,0.0,True
137.0,2.0,7,3,7,2023,True,255,22,2,1,437.0,2935.0,7,False,True,Productivity,0,0.0,0,0.0,True
143.0,375.0,7,5,5,2026,False,31,40,3,1,188496.0,4040.0,6,True,False,Productivity,0,0.0,17,449.1,True
12.0,0.0,7,0,3,2023,True,252,48,4,0,181332.0,2472.0,3,False,True,Other,0,0.0,1311,0.0,True
100.0,0.0,7,5,1,2023,False,250,59,3,1,21.0,10.0,4,False,False,Other,0,0.2,0,0.0,True
1.0,4.0,14,3,5,2023,True,246,43,3,1,5.0,175.0,2,True,True,Productivity,0,0.0,1,0.3,True
84.0,1.0,14,3,3,2023,True,265,56,5,2,976.0,1419.0,4,False,True,Design Tools,0,0.0,0,1.0,True
1.0,0.0,7,3,7,2023,True,252,45,2,1,52379.0,642.0,7,False,False,Other,0,0.0,15,0.0,True
18.0,0.0,7,3,5,2023,True,253,21,2,1,1206.0,645.0,4,True,True,Developer Tools,0,0.0,0,0.0,True
417.0,140.0,0,0,6,2026,False,497,44,3,1,24.0,637.0,4,True,False,Productivity,0,0.0,0,0.0,False
13.0,1.0,19,1,5,2023,True,246,25,1,1,5.0,1401.0,4,False,True,Marketing,0,0.0,0,3.4,True
352.0,18.0,1,6,5,2026,True,49,32,3,3,177687.0,8128.0,6,True,False,Productivity,7,0.0,15,189.7,True
2.0,1.0,19,4,7,2023,True,170,36,3,2,5.0,31.0,3,False,True,Artificial Intelligence,0,0.0,463,4.8,True
364.0,20.0,7,2,5,2026,True,216,58,3,4,5.0,2950.0,6,True,False,SaaS,0,0.0,9,0.0,True
124.0,23.0,7,3,7,2026,False,56,56,3,3,374.0,2006.0,6,True,True,Other,0,0.0,0,0.0,False
131.0,38.0,17,5,7,2024,False,229,42,1,1,1456.0,4313.0,3,True,False,Productivity,0,0.0,16,3.8,True
72.0,3.0,7,5,6,2023,True,54,43,3,3,143555.0,442.0,5,False,False,Other,0,0.0,0,0.9,True
796.0,0.0,7,0,7,2023,True,239,59,2,2,120372.0,363.0,6,False,True,Other,0,0.0,0,0.0,True
67.0,26.0,7,1,7,2023,True,43,56,2,1,1624.0,1487.0,6,True,False,Other,0,0.0,1,2.9,True
554.0,105.0,7,4,5,2026,True,353,52,3,1,5.0,2226.0,8,False,False,Productivity,1,0.0,0,0.6,True
3.0,3.0,9,0,7,2023,True,160,25,2,1,2715.0,3194.0,3,False,False,Developer Tools,0,0.0,1441,0.0,True
140.0,2.0,18,4,3,2023,False,269,43,3,1,1603.0,1834.0,1,False,True,Other,0,0.0,0,0.0,True
2.0,0.0,16,1,5,2023,False,219,32,3,1,2655.0,195.0,1,False,True,Other,0,0.0,0,0.0,True
2.0,1.0,3,3,7,2023,False,195,51,3,1,184.0,291.0,4,True,True,Other,0,0.0,0,0.0,False
6.0,3.0,7,3,5,2023,False,219,32,5,1,148403.0,1833.0,3,False,True,Design Tools,0,0.0,0,0.8,True
13.0,4.0,7,5,1,2023,False,229,42,4,1,5.0,508.0,1,True,False,Health & Fitness,0,0.0,1424,3.1,True
52.0,4.0,7,1,3,2023,True,253,57,3,1,5.0,198.0,8,True,False,Productivity,0,0.0,0,1.9,True
6.0,0.0,5,4,1,2023,False,243,57,3,0,61537.0,930.0,4,False,False,Health & Fitness,0,0.0,0,0.0,True
2.0,0.0,7,1,7,2023,True,237,32,1,1,5.0,2327.0,4,False,True,Design Tools,0,0.0,23,0.0,True
128.0,0.0,7,4,5,2023,True,195,41,3,1,3551.0,2963.0,3,False,False,Marketing,0,1.1,8,5.6,True
238.0,1.0,7,0,7,2023,True,224,58,3,1,5.0,4879.0,6,False,False,Education,0,0.0,0,0.0,True
1.0,2.0,8,4,7,2023,False,257,38,5,1,5.0,349.0,4,False,True,Android,0,0.0,318,0.0,True
1.0,0.0,7,1,7,2023,False,259,38,4,1,200325.0,2984.0,6,False,True,Health & Fitness,0,0.0,8,2.1,True
16.0,0.0,4,0,1,2023,False,269,35,2,1,5.0,418.0,4,False,False,Design Tools,0,0.0,0,0.0,True
412.0,0.0,7,2,7,2026,True,182,58,3,4,5.0,882.0,6,False,False,Chrome Extensions,0,0.0,0,0.0,True
8.0,0.0,9,4,5,2023,False,277,30,3,0,1627.0,2653.0,3,True,True,Other,0,0.0,27,0.2,True
29.0,48.0,7,1,7,2026,True,54,42,3,1,2449.0,10804.0,6,True,False,SaaS,1,0.0,0,0.0,True
134.0,0.0,7,6,7,2023,False,193,59,3,1,14762.0,2324.0,5,True,False,Health & Fitness,0,0.0,2573,0.0,True
103.0,44.0,7,5,6,2026,True,72,56,3,1,5.0,2535.0,4,False,False,Writing,0,0.0,0,1.1,True
18.0,0.0,9,4,7,2023,False,210,59,3,1,109.0,1268.0,3,False,True,Social Media,0,0.0,0,0.3,True
153.0,33.0,7,2,7,2026,True,45,45,3,1,496.0,14.0,8,False,False,Developer Tools,0,0.0,0,0.0,False
97.0,29.0,23,3,5,2026,True,330,42,3,1,43.0,5205.0,5,True,False,Productivity,0,0.0,0,0.0,False
3.0,0.0,7,0,7,2023,False,198,34,3,1,2230.0,2531.0,3,False,False,Other,0,0.0,4,1.3,True
160.0,0.0,7,3,7,2026,False,228,55,3,1,1141.0,4427.0,7,True,False,API,0,1.0,1,3.5,True
12.0,3.0,16,5,7,2023,False,231,42,2,1,5.0,2538.0,3,True,True,Developer Tools,0,0.0,0,0.6,True
30.0,0.0,5,5,5,2023,False,187,46,3,1,3651.0,727.0,5,False,False,Developer Tools,0,0.0,16,0.0,True
207.0,10.0,0,0,6,2026,True,166,54,3,1,3140.0,8813.0,22,True,False,Open Source,6,168.83333333333334,6,168.83333333333334,False
75.0,0.0,19,6,7,2023,True,203,30,1,5,5.0,989.0,9,False,True,Other,0,0.0,3,1.5,True
48.0,31.0,8,3,5,2023,True,243,19,3,1,149968.0,1156.0,4,False,False,iOS,0,4.2,195,1.2,True
33.0,10.0,7,5,7,2026,True,44,44,3,1,83.0,2615.0,8,False,True,Other,0,0.0,0,0.0,False
95.0,16.0,0,4,9,2026,True,418,39,3,2,213.0,1816.0,5,True,False,API,0,0.0,0,75.5,True
224.0,73.0,7,2,6,2026,True,471,48,3,3,3571.0,29184.0,6,True,False,Productivity,0,241.9,15,6.0,True
135.0,25.0,5,4,7,2023,True,267,60,3,5,3303.0,1218.0,10,False,False,Writing,0,0.0,0,1.4,True
236.0,59.0,1,0,5,2026,True,314,47,3,1,483.0,1710.0,11,True,False,Mac,0,0.0,0,0.0,False
9.0,6.0,7,4,3,2023,False,258,60,3,1,513.0,162.0,3,False,True,Artificial Intelligence,0,1.3,260,0.0,True
87.0,151.0,7,6,5,2023,True,28,58,3,1,3057.0,1408.0,5,True,True,Productivity,0,1.5,0,2.8,True
141.0,0.0,7,3,7,2026,True,34,46,1,3,5.0,2857.0,5,True,True,Analytics,0,0.0,0,2.3,True
104.0,0.0,7,1,7,2023,False,184,49,3,1,5.0,1586.0,7,True,False,Productivity,0,0.0,1565,0.0,True
278.0,11.0,7,4,5,2026,False,25,58,3,1,31132.0,913.0,6,True,False,Web App,7,0.0,1,4.4,True
3.0,0.0,15,0,7,2023,True,164,60,1,1,454.0,1098.0,5,False,False,Other,0,1.9,4,0.0,True
89.0,13.0,7,1,7,2026,True,81,59,3,1,390.0,2887.0,8,True,False,Productivity,2,181.0,15,1.7,True
439.0,15.0,7,3,5,2023,True,42,57,3,1,124157.0,3585.0,5,True,False,Web App,0,0.6,10,203.1,True
83.0,0.0,7,3,1,2023,True,237,45,1,3,244.0,416.0,4,False,True,Writing,0,0.0,14,0.0,True
22.0,0.0,9,0,5,2023,True,342,38,1,1,5.0,5781.0,3,False,True,Marketing,0,0.0,0,4.6,True
17.0,5.0,19,3,7,2025,False,225,38,3,0,5.0,588.0,1,False,True,Writing,0,0.0,0,0.5,True
216.0,48.0,7,4,5,2023,True,253,52,3,2,62089.0,926.0,6,False,False,Productivity,0,0.0,401,195.50374064837905,False
211.0,4.0,9,2,6,2026,False,236,55,3,3,5.0,9716.0,4,True,False,Productivity,0,0.0,7,0.7,True
77.0,2.0,7,4,7,2023,True,240,52,3,1,2193.0,2634.0,7,False,False,Chrome Extensions,0,0.0,4,0.0,True
93.0,0.0,11,0,10,2023,True,370,49,3,1,1765.0,583.0,1,False,False,Other,0,0.0,2509,1.2,True
1.0,0.0,10,3,5,2023,False,238,55,2,1,5.0,654.0,3,False,True,Android,0,0.0,0,1.2,True
111.0,18.0,0,4,6,2026,True,194,57,3,1,154.0,10.0,5,True,False,SaaS,0,0.0,0,0.0,False
8.0,0.0,7,4,3,2023,False,258,42,3,4,5.0,947.0,4,False,True,Other,0,0.0,0,1.0,True
51.0,1.0,7,1,5,2023,False,255,54,2,3,2374.0,221.0,6,False,False,Web App,0,0.0,17,0.0,True
11.0,117.0,14,0,7,2023,False,160,39,3,1,5.0,3449.0,6,True,False,Other,0,0.0,1586,0.0,True
219.0,0.0,7,5,7,2026,True,56,43,3,1,5.0,11833.0,8,False,False,Other,7,0.0,19,248.3,True
149.0,0.0,7,2,7,2023,True,279,56,3,1,1287.0,522.0,6,False,False,Hiring,0,0.0,0,2.6,True
203.0,32.0,21,6,6,2026,True,172,46,3,1,4019.0,10209.0,7,True,False,Health & Fitness,12,270.0833333333333,12,270.0833333333333,False
71.0,1.0,7,1,3,2023,True,259,60,2,1,150.0,1314.0,3,False,True,Productivity,0,0.0,0,0.0,False
462.0,18.0,0,2,5,2026,True,52,43,3,1,1269.0,4076.0,5,True,False,Chrome Extensions,0,0.0,0,0.0,True
483.0,8.0,1,0,7,2026,True,77,55,3,3,3305.0,1167.0,5,True,False,Other,0,78.9,17,197.8,True
6.0,0.0,7,6,5,2023,False,217,25,3,2,66522.0,3365.0,5,False,False,Education,0,0.0,431,185.95127610208817,False
5.0,1.0,4,3,7,2023,False,199,52,3,1,414.0,675.0,4,False,True,iOS,0,0.0,0,0.0,False
876.0,37.0,0,6,6,2026,True,60,52,3,3,31.0,18042.0,6,False,False,Productivity,0,0.0,16,206.6,True
179.0,215.0,7,0,5,2023,True,30,32,1,0,1427.0,5283.0,6,False,True,Developer Tools,0,0.0,11,0.0,True
95.0,4.0,7,4,7,2023,True,217,45,3,2,96132.0,3873.0,4,False,False,Design Tools,0,0.0,623,206.9341894060995,False
1.0,2.0,14,1,3,2023,True,250,30,3,1,3204.0,10.0,3,False,True,Other,0,0.0,529,176.5,True
130.0,2.0,21,4,5,2023,False,138,60,3,1,465.0,2215.0,4,False,True,Health & Fitness,0,0.0,827,2.9,True
8.0,0.0,18,3,1,2023,True,248,29,3,1,542193.0,2248.0,3,False,True,Other,0,0.0,4,0.0,True
2.0,1.0,11,4,7,2023,False,168,45,2,1,97.0,771.0,3,False,True,Health & Fitness,0,0.0,0,0.0,False
125.0,9.0,7,0,5,2023,True,253,46,3,1,1852.0,1270.0,4,True,False,Other,0,0.0,16,0.0,True
21.0,0.0,7,4,5,2023,False,255,21,3,1,268.0,1163.0,5,False,True,Web App,0,1.9,10,0.0,True
18.0,1.0,7,5,5,2023,False,231,60,3,1,405.0,1402.0,4,True,True,Open Source,0,0.0,0,0.0,True
128.0,252.0,7,4,7,2026,False,377,48,3,1,24384.0,3358.0,4,False,False,Other,0,0.0,0,0.0,True
14.0,1.0,8,5,7,2023,False,236,39,3,1,460.0,1264.0,4,False,False,API,0,0.0,32,2.8,True
1.0,1.0,22,3,1,2023,False,245,54,2,1,1732.0,402.0,1,False,True,Productivity,0,0.0,0,0.0,True
162.0,107.0,7,4,6,2026,True,63,37,3,1,1895.0,669.0,8,True,False,Other,0,0.0,3,0.5,True
1.0,3.0,16,5,3,2023,True,254,30,3,2,5.0,2892.0,4,False,True,iOS,0,0.0,0,0.0,True
189.0,26.0,7,1,6,2026,True,52,52,3,2,163.0,4942.0,4,False,False,Other,0,0.0,0,0.0,False
16.0,0.0,16,4,1,2023,True,165,36,3,1,957.0,1655.0,4,False,True,Chrome Extensions,0,0.0,2291,0.0,True
13.0,5.0,7,6,6,2026,False,54,54,3,1,148.0,6173.0,4,False,True,Other,0,0.0,0,0.0,False
7.0,2.0,7,3,7,2023,False,247,29,2,1,31145.0,1882.0,1,False,True,Other,0,2.9,0,194.1,True
69.0,43.0,7,6,6,2026,True,25,59,3,1,3159.0,75.0,7,False,False,Other,0,0.0,11,0.0,True
92.0,12.0,0,3,5,2023,False,249,26,3,1,964.0,746.0,6,False,False,Other,0,0.0,0,1.2,True
3.0,1.0,13,5,5,2023,False,178,22,3,1,206.0,1282.0,3,False,True,Social Media,0,0.0,0,0.0,False
5.0,5.0,6,3,3,2023,False,229,60,4,0,357.0,530.0,7,False,True,Marketing,0,0.0,51,3.4,True
208.0,9.0,7,3,7,2026,True,259,30,3,1,5.0,866.0,7,True,False,Design Tools,0,0.0,16,328.3,True
1.0,2.0,2,5,5,2023,False,252,35,2,1,381563.0,2906.0,3,True,True,Developer Tools,0,2.5,795,1.3,True
154.0,18.0,23,2,2,2026,False,182,39,3,1,119.0,788.0,5,False,False,Design Tools,0,0.0,0,0.0,False
196.0,4.0,7,0,6,2026,True,260,60,3,1,5.0,4535.0,6,False,False,Design Tools,0,0.0,16,208.9,True
250.0,24.0,7,4,10,2026,True,500,53,3,4,288117.0,21833.0,6,True,False,Social Media,0,335.5,0,186.7,True
13.0,0.0,12,6,5,2023,True,64,56,2,1,5.0,10.0,1,False,True,Other,0,0.0,1,0.0,True
14.0,0.0,7,4,7,2023,True,221,42,3,0,73169.0,546.0,7,False,False,Other,0,0.0,0,0.0,True
23.0,3.0,13,4,1,2023,True,242,40,3,0,178233.0,3419.0,3,False,True,Productivity,0,0.0,141,0.0,True
158.0,58.0,1,2,11,2026,True,53,40,3,1,5.0,8704.0,6,False,False,Other,0,0.0,7,0.5,True
241.0,30.0,7,4,5,2026,False,500,57,3,0,5.0,4487.0,7,True,False,Web App,0,0.0,0,0.6,True
245.0,22.0,7,4,7,2026,False,64,32,3,1,58919.0,1089.0,2,False,False,Hiring,0,0.0,0,0.0,True
112.0,7.0,14,4,7,2023,False,246,25,3,1,120835.0,2217.0,4,False,True,Education,0,0.0,17,0.0,True
107.0,0.0,7,0,7,2024,False,440,56,3,1,1854.0,2869.0,6,False,False,API,0,0.0,0,0.0,True
114.0,10.0,7,0,7,2026,True,80,47,3,0,822885.0,5406.0,5,False,False,SaaS,0,0.0,0,0.6,True
5.0,1.0,0,4,1,2023,False,49,57,5,1,15.0,490.0,1,False,True,Social Media,0,0.0,0,0.0,False
107.0,0.0,3,4,7,2023,True,248,58,2,1,281.0,2205.0,1,False,False,Other,0,0.0,0,3.4,True
111.0,1.0,7,4,5,2026,True,42,19,3,1,58095.0,1047.0,4,True,False,Other,0,0.0,2,204.1,True
157.0,0.0,7,0,5,2023,False,56,46,3,1,985.0,2844.0,6,True,False,API,0,0.0,0,0.0,True
454.0,0.0,22,1,5,2025,False,236,47,3,1,5.0,21088.0,4,True,True,Social Media,0,0.0,1,321.9,True
14.0,1.0,6,0,3,2023,False,177,31,2,0,2654.0,2482.0,3,False,True,Developer Tools,0,0.0,0,1.7,True
265.0,89.0,10,4,5,2023,True,487,51,3,1,28944.0,11340.0,4,False,False,Social Media,0,0.0,0,282.1,True
2.0,0.0,5,3,7,2023,False,212,53,3,1,928.0,2154.0,4,False,True,Marketing,1,6.0,1,6.0,False
257.0,5.0,7,5,7,2026,True,298,53,1,0,491763.0,3271.0,4,False,False,iOS,0,0.0,0,5.8,True
110.0,139.0,7,0,7,2026,True,61,12,3,2,4463.0,14199.0,4,False,False,Open Source,0,0.0,0,0.0,True
210.0,0.0,9,4,5,2023,False,266,52,3,3,98.0,237.0,7,False,True,Other,0,0.0,0,0.0,True
123.0,0.0,8,3,5,2025,False,357,43,1,8,2372.0,1525.0,6,False,False,Other,0,0.0,709,0.0,True
15.0,0.0,7,4,7,2023,False,247,22,3,1,5.0,5933.0,4,False,True,Other,0,1.1,0,1.5,True
16.0,9.0,14,3,7,2023,False,383,45,3,1,45200.0,3811.0,10,False,False,Writing,0,0.0,2,0.0,True
174.0,0.0,7,3,7,2023,True,231,28,2,0,44440.0,3321.0,6,True,True,Productivity,0,0.0,31,1.7,True
5.0,3.0,11,5,5,2023,False,183,27,2,1,5.0,455.0,3,False,True,Web App,0,0.0,0,0.0,True
798.0,7.0,7,2,6,2026,True,48,47,3,3,5.0,15213.0,6,True,False,Other,2,63.1,17,174.7,True
198.0,2.0,7,6,7,2023,True,66,30,3,1,5.0,390.0,4,False,True,SaaS,0,0.0,10,0.6,True
117.0,38.0,7,4,9,2026,True,247,51,3,3,5.0,595.0,6,False,False,iOS,0,0.0,0,0.5,True
110.0,15.0,0,4,6,2026,True,391,59,3,1,571.0,279.0,2,False,False,Other,0,0.0,0,0.0,False
347.0,0.0,7,4,7,2026,True,46,46,1,3,2707.0,4745.0,5,False,False,Productivity,1,217.0,1,217.0,False
252.0,12.0,7,1,7,2026,False,56,52,3,2,3006.0,5329.0,8,True,False,Productivity,0,0.0,0,0.0,True
310.0,67.0,1,4,7,2026,True,59,41,3,1,1876.0,1089.0,5,True,False,Other,0,0.0,1961,0.0,True
161.0,38.0,7,6,7,2023,False,223,34,4,0,443365.0,4532.0,5,True,False,Analytics,0,0.0,2,70.3,True
209.0,5.0,7,5,7,2024,True,57,59,3,1,5136.0,9260.0,6,True,False,Other,5,2.4,20,277.2,True
2.0,1.0,8,0,12,2023,False,189,48,3,1,998.0,3096.0,6,True,True,Productivity,0,2.7,0,0.0,True
5.0,1.0,13,1,3,2023,False,249,57,4,1,5.0,1101.0,5,False,True,Android,0,0.0,0,0.0,False
139.0,0.0,7,0,6,2026,True,60,60,1,1,12.0,2636.0,8,False,False,Productivity,0,0.0,0,0.0,False
8.0,3.0,7,4,7,2023,True,194,40,3,1,240.0,1305.0,6,False,True,Open Source,0,0.0,0,0.0,True
475.0,87.0,7,5,7,2026,True,49,49,2,1,70.0,2199.0,6,False,True,Productivity,0,0.0,0,0.0,False
108.0,34.0,7,4,6,2026,False,60,40,3,1,5.0,5856.0,6,False,False,Developer Tools,0,0.0,8,59.0,True
296.0,0.0,13,3,5,2023,False,265,40,3,1,2594.0,721.0,7,False,False,Mac,0,0.0,1171,3.6,True
4.0,0.0,4,4,3,2023,False,271,34,3,2,459.0,1572.0,3,False,True,Design Tools,0,0.0,0,0.7,True
358.0,67.0,18,1,1,2020,True,429,44,3,1,256.0,1116.0,5,False,False,Other,0,0.0,0,0.0,False
168.0,34.0,7,2,7,2026,False,54,54,3,1,82.0,923.0,5,False,False,API,0,0.0,0,0.0,False
168.0,57.0,7,2,7,2026,True,40,40,3,1,31.0,1944.0,5,True,False,Other,0,0.0,0,0.0,False
98.0,2.0,7,4,3,2026,False,266,44,1,1,5.0,1031.0,6,False,False,Other,0,0.0,1543,0.0,True
202.0,26.0,7,1,6,2026,True,49,49,3,3,1140.0,1104.0,8,True,False,Other,0,0.0,0,0.0,False
22.0,1.0,18,5,5,2023,False,260,41,1,0,5.0,1218.0,1,False,True,Other,0,0.0,918,0.0,True
559.0,19.0,7,1,6,2026,True,69,31,3,1,63.0,447.0,9,False,False,Android,0,0.0,0,0.0,True
20.0,0.0,20,0,7,2023,True,47,38,3,3,5.0,828.0,5,False,False,Other,0,0.0,1928,0.0,True
90.0,0.0,16,3,7,2023,True,78,56,3,1,2429.0,745.0,6,False,True,Design Tools,0,0.0,0,0.0,True
8.0,8.0,10,1,3,2023,False,151,56,3,1,402.0,1216.0,2,False,True,Design Tools,0,0.0,0,0.0,False
3.0,1.0,18,3,1,2023,False,202,54,3,1,717.0,192.0,2,False,True,Other,0,0.0,0,0.0,False
108.0,87.0,21,1,6,2026,True,49,36,3,1,1705.0,1550.0,6,False,False,Design Tools,0,0.0,22,195.2,True
370.0,4.0,7,0,7,2026,True,38,34,3,1,338.0,2445.0,9,False,False,Health & Fitness,0,0.0,0,211.9,True
3.0,1.0,16,3,7,2023,False,188,59,3,1,25.0,511.0,4,False,True,Design Tools,0,0.0,0,0.0,False
1.0,0.0,8,5,3,2023,False,247,36,1,1,355.0,963.0,5,False,True,Other,0,0.0,21,3.5,True
173.0,5.0,10,5,5,2023,False,45,44,3,1,5.0,992.0,3,False,False,Design Tools,0,0.0,10,172.0,True
15.0,0.0,19,0,7,2023,False,251,45,3,1,5227.0,2889.0,1,False,False,Developer Tools,0,0.0,0,0.0,True
68.0,2.0,15,6,7,2023,True,244,32,3,1,737.0,550.0,6,False,False,Productivity,0,0.0,0,2.8,True
486.0,15.0,17,5,8,2024,False,51,32,3,1,212.0,291.0,3,False,False,Productivity,0,0.0,0,0.0,False
102.0,78.0,7,3,7,2023,True,270,28,3,2,37856.0,516.0,3,False,False,Other,0,0.0,0,0.0,True
279.0,2.0,7,0,7,2026,True,72,42,3,1,3795.0,3120.0,9,True,False,Artificial Intelligence,0,16.2,6,167.1,True
135.0,17.0,2,2,6,2026,False,238,43,3,1,11104.0,29535.0,5,True,False,Other,58,296.4655172413793,58,296.4655172413793,False
115.0,39.0,7,3,6,2026,False,28,28,3,3,163.0,719.0,8,False,False,Design Tools,0,0.0,0,0.0,False
128.0,8.0,7,0,5,2026,True,233,38,4,0,5.0,436.0,5,False,False,Marketing,0,0.0,0,2.3,True
7.0,2.0,9,3,5,2023,True,386,51,2,1,3752.0,723.0,3,False,True,Productivity,0,0.0,12,1.3,True
154.0,89.0,7,6,5,2023,True,60,60,3,1,3291.0,24555.0,9,True,False,iOS,0,0.0,17,173.7,True
144.0,13.0,7,4,7,2023,True,73,42,5,3,25682.0,338.0,5,False,True,Other,0,0.0,0,0.1,True
224.0,134.0,7,6,3,2023,False,252,39,3,4,965.0,2898.0,3,False,False,Other,0,0.0,15,0.3,True
472.0,8.0,6,3,7,2023,True,230,36,3,0,5.0,2228.0,1,True,True,Productivity,0,0.0,520,3.4,True
199.0,38.0,7,1,7,2026,True,28,28,3,3,5181.0,15185.0,4,False,False,Other,7,441.7142857142857,7,441.7142857142857,False
169.0,80.0,7,6,7,2026,True,50,45,3,2,153456.0,550.0,4,True,False,Design Tools,0,0.0,0,1.0,True
12.0,7.0,8,4,1,2023,False,258,50,3,1,36.0,62.0,1,False,True,Other,0,0.0,0,0.0,False
111.0,3.0,8,1,5,2023,True,235,33,3,1,2757.0,376.0,3,True,False,Developer Tools,0,0.0,279,1.4,True
141.0,22.0,7,0,6,2026,True,52,60,3,3,61364.0,3839.0,6,True,False,Productivity,0,0.0,0,0.0,True
6.0,11.0,7,2,7,2023,False,56,38,1,1,3342.0,1391.0,8,False,False,Other,0,0.0,0,0.0,True
259.0,0.0,7,4,5,2023,True,483,51,3,2,136102.0,2635.0,7,False,True,Productivity,0,0.5,10,0.0,True
254.0,90.0,7,2,5,2026,True,274,31,3,1,4098.0,11780.0,4,True,False,Productivity,0,0.0,19,0.0,True
80.0,66.0,7,6,5,2026,True,55,57,3,1,49551.0,386.0,6,True,True,Android,0,0.0,14,3.6,True
94.0,2.0,7,4,7,2023,True,39,38,3,1,5.0,2271.0,2,False,False,Health & Fitness,0,0.0,0,206.6,True
24.0,0.0,11,6,7,2023,False,164,54,2,1,5.0,2533.0,2,False,True,Other,0,0.1,27,0.0,True
28.0,1.0,7,6,1,2023,True,253,59,5,5,2253.0,938.0,6,True,False,Marketing,0,0.0,0,1.2,True
2.0,0.0,6,4,5,2023,False,217,57,2,9,3458.0,988.0,1,False,True,Other,0,0.0,0,0.0,True
6.0,4.0,7,0,1,2023,False,246,25,3,1,5.0,1519.0,4,False,True,Other,0,0.0,480,0.7,True
172.0,53.0,7,4,7,2026,False,252,33,3,1,5.0,21718.0,8,False,False,Artificial Intelligence,0,0.0,0,0.0,True
141.0,6.0,7,4,7,2026,True,458,54,3,1,3043.0,3416.0,8,True,False,Android,0,0.0,11,0.0,True
169.0,21.0,7,0,7,2026,True,252,34,3,1,4043.0,8343.0,2,True,False,API,0,0.0,17,0.0,True
3.0,1.0,10,4,1,2023,False,170,57,4,3,34184.0,1194.0,8,True,False,Android,0,0.0,212,257.1132075471698,False
93.0,5.0,7,3,5,2023,False,266,40,3,1,562.0,574.0,6,False,True,Developer Tools,0,0.0,0,0.0,True
135.0,0.0,7,4,7,2026,False,50,50,1,2,433.0,798.0,8,True,False,Productivity,0,0.0,0,0.0,False
9.0,1.0,11,5,5,2023,False,240,52,4,1,576.0,199.0,2,True,True,Productivity,0,0.0,0,0.0,False
263.0,51.0,3,4,7,2026,False,182,58,3,1,2844.0,1867.0,7,True,False,Other,0,0.0,10,0.0,True
146.0,276.0,7,6,5,2023,True,271,45,3,1,2241.0,392.0,8,True,False,Design Tools,0,0.0,6,3.0,True
119.0,15.0,0,4,5,2026,False,451,44,3,1,8875.0,22468.0,5,True,False,Other,34,367.52941176470586,34,367.52941176470586,False
116.0,105.0,7,4,7,2023,True,324,59,3,1,1901.0,12438.0,1,True,False,API,0,0.0,10,1.9,True
751.0,3.0,7,0,11,2026,True,69,60,3,1,785.0,10778.0,9,False,False,Other,2,1.0,24,2.5,True
137.0,0.0,7,2,7,2023,True,249,54,1,1,4159.0,4371.0,4,False,True,Design Tools,0,0.0,13,0.0,True
255.0,5.0,14,4,7,2023,False,271,60,3,1,5.0,10.0,6,True,True,Marketing,0,0.0,0,0.0,True
111.0,0.0,6,3,7,2025,True,224,58,3,1,4380.0,1339.0,3,False,False,Fintech,0,0.0,0,2.1,True
1.0,0.0,8,4,3,2023,False,189,40,1,1,2421.0,1798.0,6,False,True,Other,0,0.7,0,0.9,True
12.0,1.0,7,5,3,2023,False,263,45,3,1,1020.0,1188.0,5,False,True,Education,0,0.0,0,168.1,True
86.0,41.0,7,2,8,2026,True,119,52,3,3,270226.0,5172.0,6,True,False,Other,0,147.0,2830,302.5,True
11.0,5.0,0,3,5,2026,False,468,52,3,1,7832.0,20271.0,5,True,False,Other,32,341.15625,32,341.15625,False
6.0,1.0,13,4,5,2023,False,242,49,3,1,5.0,1000.0,1,False,True,Other,0,0.0,4,0.0,True
240.0,64.0,7,2,5,2025,True,308,37,3,1,873.0,195.0,4,True,False,Productivity,0,0.0,0,0.2,True
227.0,110.0,7,4,6,2023,True,45,41,3,9,721.0,9287.0,4,False,False,Design Tools,0,0.0,18,209.1,True
105.0,0.0,6,4,7,2023,False,260,39,3,1,5.0,3289.0,3,False,True,Productivity,0,0.0,11,200.0,True
181.0,54.0,7,4,7,2026,False,76,60,3,1,5.0,3810.0,4,False,False,Chrome Extensions,0,0.0,0,3.7,True
32.0,0.0,7,6,5,2023,False,274,48,3,1,1950.0,2675.0,4,True,True,Design Tools,0,0.0,1874,0.0,True
694.0,182.0,7,2,7,2026,True,60,60,3,2,1355.0,225.0,5,False,False,Other,0,0.0,0,0.0,False
241.0,75.0,7,6,7,2026,False,51,58,3,1,631.0,763.0,2,True,False,Other,0,0.0,0,2.0,True
668.0,9.0,7,3,7,2026,True,276,33,3,3,451.0,7146.0,8,False,False,Other,0,0.0,0,65.7,True
597.0,14.0,19,3,7,2026,False,75,26,3,2,2488.0,20159.0,4,True,False,Other,0,0.0,0,0.0,True
11.0,4.0,7,3,5,2023,False,59,40,3,1,5.0,2504.0,0,True,False,Productivity,0,0.0,3,3.0,True
20.0,0.0,7,3,3,2023,True,186,39,3,1,5.0,1304.0,2,True,False,Android,0,0.0,5,1.7,True
297.0,14.0,1,4,5,2026,False,71,58,3,1,3991.0,742.0,8,True,False,Artificial Intelligence,0,0.0,907,330.5,True
166.0,11.0,7,5,5,2023,False,41,47,3,2,3110.0,559.0,4,True,False,Design Tools,0,0.0,18,181.1,True
11.0,0.0,7,3,1,2023,False,296,47,4,1,5.0,2448.0,1,True,True,Other,0,0.2,17,0.0,True
3.0,1.0,4,1,3,2023,False,167,53,2,0,1094.0,131.0,3,False,False,Education,0,0.0,0,0.0,False
307.0,14.0,7,5,7,2023,True,69,22,3,1,66258.0,23180.0,6,True,False,Other,0,0.0,0,0.0,True
53.0,10.0,14,3,1,2023,False,312,46,2,1,5.0,2208.0,7,False,False,Other,0,0.0,0,0.0,True
3.0,1.0,20,6,5,2023,False,181,29,3,1,201.0,6284.0,1,False,True,Developer Tools,0,0.0,0,0.0,False
1.0,3.0,7,4,3,2023,False,395,44,4,1,1262.0,435.0,1,False,True,Design Tools,0,0.0,0,0.0,True
391.0,150.0,7,0,7,2026,True,58,57,3,1,955.0,873.0,6,False,False,Other,6,1.3,1669,308.2,True
6.0,0.0,13,0,7,2023,False,165,25,5,1,5.0,1800.0,3,False,True,Marketing,0,0.3,10,0.0,True
5.0,0.0,7,1,5,2023,False,289,33,3,1,4024.0,880.0,3,False,True,Other,0,0.0,153,0.0,True
104.0,24.0,7,2,4,2026,True,66,51,2,3,50765.0,1169.0,6,True,False,Other,13,0.0,5,193.5,True
4.0,0.0,18,1,7,2023,True,276,41,1,1,5.0,10.0,3,False,True,Education,0,0.0,0,2.5,True
117.0,7.0,20,3,6,2026,True,396,46,3,1,560.0,2155.0,8,False,False,iOS,0,0.0,0,0.0,False
129.0,24.0,7,3,7,2026,False,33,33,3,3,62.0,244.0,5,False,False,Other,0,0.0,0,0.0,False
130.0,33.0,7,2,7,2026,False,56,56,3,1,507.0,101.0,4,False,True,Productivity,0,0.0,0,0.0,False
2.0,0.0,7,5,5,2023,False,233,59,2,2,66906.0,281.0,5,True,False,Other,0,0.0,425,186.76470588235293,False
203.0,64.0,7,4,6,2026,True,68,58,3,1,79221.0,4279.0,8,False,False,Education,0,0.0,0,0.0,True
117.0,2.0,1,1,6,2024,True,262,56,3,1,2708.0,20080.0,4,True,False,Mac,0,0.0,1,40.8,True
735.0,0.0,7,4,5,2023,True,248,46,1,6,3537.0,1950.0,6,True,True,Social Media,0,0.0,0,0.0,True
926.0,20.0,7,0,7,2023,False,45,53,3,1,3298.0,1035.0,5,True,False,Chrome Extensions,0,0.0,3,0.2,True
8.0,60.0,7,6,5,2023,False,238,57,3,1,147375.0,2094.0,1,True,False,Other,0,0.0,7,1.8,True
162.0,35.0,1,1,5,2026,True,42,26,3,2,3922.0,14963.0,8,True,False,Other,0,0.0,4,209.9,True
104.0,39.0,7,6,11,2026,True,61,51,3,2,5.0,7190.0,8,True,False,Mac,0,0.0,0,3.5,True
11.0,0.0,1,3,1,2023,False,274,34,3,0,5.0,720.0,2,False,True,Other,0,0.0,0,1.6,True
2.0,1.0,2,3,1,2023,False,282,60,3,2,863.0,560.0,1,False,False,Other,0,0.0,0,0.0,False
138.0,8.0,7,3,4,2022,True,455,57,3,1,271.0,1403.0,10,True,False,Analytics,0,0.0,0,0.0,False
116.0,34.0,7,3,7,2026,True,45,60,3,2,5.0,2984.0,6,True,False,Productivity,5,0.0,3,0.0,True
429.0,66.0,7,6,5,2026,False,40,52,3,2,1273.0,665.0,6,True,False,API,0,0.0,0,0.0,True
111.0,14.0,0,3,6,2026,True,254,56,3,1,109.0,3069.0,3,False,False,Productivity,0,0.0,0,0.0,False
338.0,100.0,7,2,6,2026,True,53,53,3,2,106.0,2860.0,7,False,False,Productivity,0,0.0,0,0.0,False
16.0,4.0,0,6,6,2026,False,328,59,3,1,7.0,60.0,4,False,False,Fintech,0,0.0,0,0.0,False
1237.0,15.0,7,2,7,2026,True,214,41,3,1,27.0,2872.0,6,False,False,Other,0,0.0,422,0.0,True
384.0,23.0,7,3,6,2023,True,246,60,3,3,5.0,4130.0,8,False,False,Design Tools,0,0.0,0,0.0,True
341.0,79.0,7,2,5,2023,True,485,57,3,1,5.0,3243.0,6,True,False,Design Tools,0,0.0,20,0.0,True
6.0,3.0,7,3,7,2023,True,271,29,1,1,1038.0,1647.0,3,False,True,Android,0,2.7,0,2.3,True
151.0,4.0,3,4,6,2026,True,289,59,3,1,6089.0,866.0,6,True,False,API,0,0.0,8,0.0,True
3.0,0.0,19,0,3,2023,False,117,53,2,1,56.0,187.0,3,False,True,Other,0,0.0,0,0.0,False
111.0,2.0,11,3,3,2023,True,192,57,3,2,5.0,1662.0,9,False,True,Developer Tools,0,0.0,0,218.0,True
106.0,76.0,7,1,9,2026,True,250,43,3,1,2653.0,1281.0,4,False,False,Other,0,1.6,18,0.0,True
68.0,2.0,9,0,3,2023,True,221,55,5,3,66825.0,2440.0,2,True,False,Other,0,0.0,434,208.35023041474653,False
357.0,117.0,7,5,7,2026,True,21,21,3,3,62.0,1092.0,6,False,False,Other,0,0.0,0,0.0,False
9.0,5.0,7,1,7,2023,True,36,50,3,0,5.0,1839.0,1,False,False,Productivity,0,0.0,0,2.9,True
64.0,9.0,7,1,3,2023,True,181,25,3,1,1105.0,3327.0,3,False,True,Productivity,0,0.0,0,0.0,False
208.0,3.0,7,5,3,2026,True,298,38,3,2,5.0,2346.0,5,False,False,Marketing,0,0.0,20,0.0,True
23.0,2.0,14,4,5,2023,False,228,40,3,0,5.0,511.0,4,False,True,Other,0,0.3,11,0.0,True
141.0,7.0,7,4,5,2023,True,235,46,3,1,5.0,6465.0,6,True,False,Open Source,0,0.0,29,157.1,True
79.0,3.0,11,4,7,2023,True,249,41,3,2,100952.0,648.0,3,True,False,Web App,0,0.0,660,202.47878787878787,False
84.0,30.0,0,4,6,2026,True,65,43,3,3,95454.0,889.0,4,True,False,Design Tools,0,0.0,0,1.7,True
253.0,67.0,0,2,5,2026,True,484,55,3,1,1392.0,4777.0,6,True,False,Design Tools,0,185.7,6,0.3,True
186.0,7.0,7,5,7,2023,False,261,54,3,1,5.0,886.0,8,True,False,Other,0,0.0,16,0.0,True
115.0,4.0,18,6,5,2023,False,251,45,3,1,1506.0,139.0,6,True,False,Design Tools,0,3.6,24,189.9,True
2.0,1.0,20,6,5,2023,False,247,60,3,1,304.0,2739.0,1,False,True,Analytics,0,0.0,0,0.0,False
13.0,0.0,7,0,8,2023,True,220,45,3,3,280635.0,5204.0,6,False,True,Education,0,0.0,0,206.9,True
1.0,1.0,5,1,5,2023,False,193,30,2,0,171800.0,677.0,3,False,True,Android,0,0.0,4,172.6,True
11.0,0.0,10,1,1,2023,False,227,58,3,1,5.0,746.0,3,False,True,Other,0,0.0,0,0.0,True
10.0,1.0,7,5,7,2023,True,221,60,4,19,241092.0,4528.0,1,True,True,Other,0,0.0,9,0.6,True
78.0,12.0,7,3,5,2023,True,55,57,2,2,2753.0,539.0,8,False,True,Android,2,0.6,0,202.3,True
3.0,0.0,12,3,1,2023,False,246,49,1,1,1520.0,704.0,1,False,True,Other,1,2.0,1,2.0,False
4.0,1.0,9,5,3,2023,True,259,44,4,1,315109.0,1494.0,6,False,True,Productivity,0,0.0,10,192.8,True
232.0,0.0,7,0,6,2026,True,51,51,1,1,294.0,985.0,7,False,False,Productivity,0,0.0,0,0.0,False
151.0,0.0,7,5,3,2023,True,42,42,3,1,1489.0,1629.0,6,True,True,Other,0,0.0,7,1.3,True
154.0,13.0,0,2,6,2026,True,468,54,3,1,1269.0,3048.0,7,True,False,Productivity,0,0.0,0,0.0,False
3.0,0.0,6,0,3,2023,False,204,32,1,1,197.0,432.0,3,False,True,Other,0,0.0,0,0.0,False
1.0,0.0,5,4,5,2023,True,241,34,2,1,4950.0,1802.0,3,False,True,iOS,0,3.3,297,0.0,True
219.0,65.0,7,6,6,2026,True,68,53,3,1,2760.0,10629.0,5,True,False,Productivity,5,0.0,23,276.0,True
243.0,0.0,7,4,7,2026,True,60,60,1,3,164.0,1450.0,7,False,False,Productivity,0,0.0,0,0.0,False
125.0,1.0,7,3,7,2023,False,296,55,3,3,5.0,1001.0,6,True,False,Design Tools,0,0.8,0,189.0,True
93.0,0.0,7,3,7,2023,False,328,33,3,1,5.0,5528.0,6,False,False,Design Tools,0,0.0,0,155.5,True
1.0,0.0,13,1,5,2023,False,185,60,3,3,3026.0,2414.0,1,False,True,Other,0,0.0,13,0.2,True
227.0,59.0,1,6,7,2026,False,65,60,3,3,1275.0,2416.0,4,False,False,Artificial Intelligence,0,0.0,8,188.2,True
1.0,1.0,21,0,7,2023,False,225,57,3,1,1755.0,1945.0,4,False,True,Marketing,0,0.0,0,1.4,True
1.0,0.0,4,5,3,2023,False,274,49,1,2,3706.0,689.0,4,False,True,Productivity,0,0.0,0,0.0,True
635.0,14.0,7,3,6,2026,False,60,56,3,3,5.0,1086.0,7,True,False,API,10,76.6,13,222.9,True
107.0,0.0,8,1,3,2023,True,184,53,3,1,562.0,667.0,6,False,True,Social Media,0,0.1,0,1.7,True
5.0,5.0,10,4,7,2023,False,260,57,3,1,640.0,4697.0,3,False,True,Analytics,1,5.0,1,5.0,False
15.0,0.0,14,3,5,2023,True,252,36,2,0,5.0,3244.0,3,False,True,Android,0,0.0,0,221.7,True
13.0,0.0,5,4,3,2023,False,234,32,2,1,1914.0,4614.0,1,True,True,Other,0,1.0,0,0.0,True
152.0,7.0,8,3,1,2023,True,210,47,3,1,612.0,171.0,5,True,True,Web App,0,0.0,0,0.0,False
284.0,0.0,7,3,6,2023,False,73,52,3,1,65804.0,1287.0,4,False,False,Productivity,0,0.0,4,0.0,True
686.0,114.0,0,2,6,2026,True,373,58,3,1,143.0,1754.0,7,False,False,Productivity,0,0.0,0,0.0,False
93.0,0.0,17,0,7,2023,True,238,55,4,1,2483.0,2995.0,4,False,True,Android,0,0.0,12,3.3,True
153.0,17.0,22,5,9,2026,False,260,30,3,3,4153.0,10.0,5,False,False,Fintech,0,2.0,6,2.2,True
95.0,15.0,7,6,6,2026,True,43,53,3,3,5.0,30705.0,6,True,False,Productivity,2,245.5,0,296.5,True
211.0,0.0,7,4,7,2023,True,64,42,1,1,140532.0,732.0,4,True,False,Chrome Extensions,0,0.0,0,0.2,True
1.0,0.0,7,3,1,2023,False,223,43,4,1,400.0,3106.0,3,False,False,Artificial Intelligence,0,0.0,21,0.8,True
23.0,0.0,19,3,7,2023,False,125,33,1,0,5.0,2018.0,0,False,True,Productivity,0,0.0,22,0.0,True
103.0,65.0,19,3,5,2023,False,194,49,3,3,5.0,804.0,4,True,False,Design Tools,0,0.0,0,0.0,True
28.0,0.0,9,4,5,2023,False,152,21,3,1,17521.0,59.0,3,False,True,Fintech,0,0.0,0,4.5,True
5.0,257.0,17,5,5,2023,False,210,56,1,1,5.0,2910.0,1,False,False,SaaS,0,0.0,0,2.7,True
111.0,42.0,7,0,5,2026,False,267,27,3,1,1939.0,6504.0,7,True,False,Open Source,0,0.0,0,6.4,True
18.0,6.0,0,6,6,2026,True,162,24,3,1,636.0,1136.0,5,False,False,Web App,0,0.0,0,0.0,False
11.0,1.0,10,1,3,2023,False,84,35,3,1,54.0,4620.0,4,True,True,Other,0,0.0,0,0.0,False
15.0,0.0,9,3,7,2026,False,261,60,3,1,207.0,2451.0,11,True,True,Productivity,0,0.0,1,0.0,True
85.0,44.0,7,2,5,2026,False,60,32,3,1,2443.0,5528.0,6,True,False,Open Source,0,0.0,1,3.0,True
21.0,0.0,15,3,5,2023,False,261,55,2,1,1577.0,3466.0,1,False,True,Other,0,0.0,7,0.0,True
10.0,2.0,7,6,5,2023,False,201,53,3,2,66218.0,225.0,6,False,False,Other,0,0.0,430,186.36046511627907,False
194.0,39.0,1,2,7,2026,True,79,52,3,1,1174.0,610.0,6,True,False,Productivity,0,0.0,1018,0.0,True
128.0,1.0,9,0,3,2023,True,266,52,3,1,5.0,1719.0,2,False,True,Open Source,0,0.0,0,2.6,True
123.0,18.0,7,4,7,2026,True,27,58,2,1,5.0,5539.0,8,True,False,Design Tools,0,0.7,28,230.1,True
116.0,108.0,6,3,7,2023,True,34,36,3,1,67954.0,2505.0,6,True,False,Artificial Intelligence,0,0.0,850,174.7,True
256.0,47.0,7,0,7,2026,False,76,53,3,3,2598.0,16691.0,4,True,False,Design Tools,3,195.8,32,278.8,True
163.0,23.0,7,2,7,2026,True,66,57,3,2,5.0,889.0,6,False,False,Productivity,0,0.0,11,0.0,True
106.0,6.0,7,4,5,2026,True,46,55,3,1,1568.0,1090.0,11,True,False,Other,2,0.0,14,0.0,True
134.0,5.0,7,0,6,2026,True,56,55,3,1,5.0,22547.0,6,True,False,Other,0,1.4,8,440.0,True
246.0,103.0,1,2,5,2026,True,72,47,3,1,5.0,9747.0,6,True,False,Productivity,36,0.0,15,333.1,True
685.0,28.0,7,3,6,2026,True,45,35,3,3,33006.0,13245.0,6,True,False,Mac,3,0.0,14,224.3,True
3.0,0.0,7,3,3,2025,True,225,34,3,1,5.0,686.0,6,True,False,Developer Tools,0,0.0,0,0.0,True
126.0,14.0,7,1,7,2026,True,74,38,3,1,2430.0,10.0,7,True,False,Other,0,215.1,5,0.0,True
155.0,63.0,7,0,6,2026,True,75,58,3,2,5.0,7434.0,4,False,False,Productivity,0,0.0,1481,68.0,True
102.0,0.0,7,6,3,2023,False,273,58,3,1,1002.0,2574.0,3,False,True,Design Tools,0,0.0,21,3.0,True
12.0,0.0,7,0,1,2023,False,192,19,4,1,62577.0,3174.0,4,False,True,Other,0,0.0,0,0.0,True
98.0,29.0,7,4,5,2023,True,215,36,3,1,189.0,490.0,7,False,True,Productivity,0,0.0,0,0.0,False
264.0,0.0,7,0,7,2023,False,250,34,1,1,5.0,3077.0,4,False,True,Web App,0,0.2,4,0.0,True
106.0,0.0,7,0,3,2023,False,161,30,5,0,2988.0,13147.0,10,True,True,Design Tools,0,0.6,0,222.5,True
258.0,48.0,7,3,7,2026,True,46,60,3,1,2744.0,14182.0,5,True,False,Other,2,196.4,28,422.1,True
28.0,0.0,11,4,4,2025,True,214,59,4,6,5.0,3906.0,9,True,False,Artificial Intelligence,0,0.0,0,0.0,True
59.0,80.0,8,3,7,2023,False,71,54,3,1,5.0,781.0,6,True,False,Design Tools,14,0.0,0,4.3,True
100.0,117.0,7,2,7,2023,True,55,18,3,1,5.0,2238.0,9,False,False,Productivity,0,0.0,1402,0.7,True
5.0,4.0,9,4,7,2023,False,140,58,3,1,5.0,3257.0,3,False,True,SaaS,0,0.0,0,0.0,False
29.0,0.0,13,1,3,2023,False,289,36,3,1,5.0,3093.0,0,False,True,Productivity,0,0.0,0,0.1,True
125.0,12.0,0,2,6,2026,True,489,60,3,1,54.0,794.0,5,False,False,Open Source,0,0.0,0,0.0,False
125.0,3.0,7,5,7,2023,True,196,29,2,1,66172.0,942.0,3,True,False,Android,0,0.0,10,172.0,True
111.0,33.0,9,6,7,2023,True,228,17,3,3,61261.0,557.0,2,False,True,Productivity,0,1.6,0,1.5,True
65.0,3.0,8,4,1,2023,True,134,58,5,2,15611.0,626.0,5,True,False,Hiring,0,0.0,87,271.9310344827586,False
1.0,0.0,15,3,3,2023,False,272,60,2,1,2371.0,265.0,3,False,True,Other,0,0.0,15,0.0,True
281.0,30.0,7,5,6,2026,True,34,34,3,3,411.0,1196.0,8,False,False,Other,0,0.0,0,0.0,False
129.0,18.0,0,3,6,2026,True,494,52,3,1,204.0,1348.0,3,False,False,Open Source,0,0.0,0,0.0,False
294.0,28.0,7,6,5,2026,True,72,52,3,3,773.0,12485.0,8,True,False,Other,0,0.0,3,390.9,True
120.0,19.0,7,2,6,2026,False,30,55,3,1,3740.0,1924.0,5,True,False,Productivity,33,0.0,0,297.8,True
79.0,5.0,8,4,5,2023,True,230,49,3,1,437.0,2461.0,13,False,True,Other,0,0.0,0,0.0,False
249.0,7.0,0,3,7,2026,True,82,43,3,3,1944.0,5183.0,6,True,False,Writing,0,0.0,18,359.4,True
7.0,0.0,8,3,3,2023,False,239,58,2,1,469.0,1920.0,4,False,True,Design Tools,0,0.0,2,1.9,True
20.0,15.0,7,6,6,2026,False,45,45,3,1,11.0,320.0,8,False,False,Productivity,0,0.0,0,0.0,False
79.0,38.0,7,6,7,2026,True,235,51,3,1,480.0,591.0,6,True,False,Other,0,0.0,1236,2.6,True
104.0,0.0,7,0,6,2026,False,60,60,3,3,209.0,1661.0,7,True,False,Other,0,0.0,0,0.0,False
11.0,0.0,7,0,7,2023,False,222,45,2,1,5.0,1685.0,4,True,False,API,0,3.0,13,0.0,True
1.0,0.0,7,3,3,2023,True,230,18,2,1,195143.0,3130.0,2,False,True,Other,0,0.0,1,0.0,True
121.0,0.0,1,4,1,2023,False,275,31,3,1,31.0,2320.0,7,False,False,Other,0,0.0,1,0.0,True
255.0,75.0,7,3,7,2026,True,41,36,3,3,2539.0,606.0,4,False,False,Productivity,0,2.8,0,314.9,True
564.0,0.0,7,5,5,2023,False,47,39,3,1,5.0,1037.0,6,True,False,Productivity,0,0.3,33,2.3,True
119.0,18.0,7,4,8,2026,False,61,58,3,1,2405.0,643.0,6,True,False,Productivity,0,0.0,0,199.6,True
128.0,63.0,7,6,3,2023,False,241,44,3,1,2197.0,4708.0,8,False,False,Health & Fitness,0,1.2,344,0.0,True
2.0,2.0,10,1,5,2023,False,173,27,3,0,175189.0,5245.0,1,False,True,Design Tools,0,0.0,10,1.2,True
19.0,3.0,11,5,3,2023,False,257,58,3,1,5.0,477.0,3,False,True,Design Tools,0,0.0,0,0.0,True
160.0,0.0,9,3,10,2026,False,497,57,3,15,2146.0,2587.0,7,True,False,Email,0,0.0,5,0.0,True
7.0,2.0,7,5,3,2023,True,293,45,3,1,5.0,2954.0,2,True,True,Marketing,0,0.0,7,80.5,True
146.0,11.0,7,0,7,2023,True,71,38,3,3,85519.0,205.0,4,True,False,Productivity,0,0.0,15,0.4,True
350.0,52.0,7,6,7,2026,True,169,47,3,2,1042.0,3740.0,5,True,False,Design Tools,0,0.0,0,0.0,True
438.0,0.0,7,4,7,2026,True,37,37,1,1,113.0,745.0,4,False,False,Productivity,0,0.0,0,0.0,False
146.0,81.0,7,5,7,2026,False,57,57,3,3,5.0,947.0,7,True,True,Health & Fitness,0,0.0,2954,186.0,True
114.0,3.0,7,2,7,2023,True,56,50,3,1,1518.0,2790.0,4,False,False,Productivity,0,0.0,0,0.0,True
9.0,0.0,4,3,7,2023,False,363,39,3,1,5.0,4676.0,4,True,True,Other,0,0.0,0,0.0,True
11.0,0.0,3,3,3,2023,False,234,36,2,1,264.0,1459.0,1,True,True,Android,0,0.0,6,0.0,True
165.0,48.0,7,3,5,2026,True,54,56,3,1,5.0,7431.0,5,True,False,Other,0,0.0,132,190.8,True
576.0,30.0,7,2,5,2026,True,68,59,3,3,24.0,2171.0,8,True,False,Other,0,0.0,7,0.1,True
206.0,24.0,7,0,7,2026,False,59,25,3,1,304.0,654.0,6,False,False,Other,0,0.0,0,1.8,True
1.0,0.0,17,4,1,2023,True,245,30,1,0,151708.0,1237.0,6,False,True,Android,0,0.0,23,0.0,True
136.0,29.0,12,0,2,2026,True,277,52,3,1,41.0,137.0,6,False,False,Android,0,0.0,0,0.0,False
443.0,77.0,7,3,7,2026,True,65,49,3,1,5.0,742.0,5,True,False,Other,0,0.0,3,219.9,True
1.0,0.0,9,3,5,2023,False,258,26,4,1,5.0,2795.0,6,False,True,Marketing,0,0.0,0,200.2,True
6.0,0.0,4,3,5,2023,True,212,59,4,1,5.0,934.0,3,True,True,Hiring,0,3.3,11,3.5,True
34.0,10.0,7,4,5,2024,False,253,38,3,3,2686.0,1319.0,3,False,False,Productivity,0,0.0,0,0.0,True
326.0,48.0,16,5,5,2026,True,279,41,3,1,501.0,3081.0,8,True,False,Productivity,0,0.0,0,0.0,False
124.0,17.0,7,6,6,2026,True,41,41,3,1,250.0,658.0,5,False,False,Other,0,0.0,0,0.0,False
152.0,143.0,7,0,7,2026,True,34,45,3,1,2856.0,2463.0,4,False,False,iOS,0,0.0,2,2.4,True
204.0,18.0,7,0,5,2023,True,88,50,3,3,1217.0,3582.0,4,False,False,Other,0,0.0,4,1.7,True
113.0,40.0,7,5,7,2023,False,252,50,3,1,5.0,405.0,5,True,False,Design Tools,0,0.0,0,193.5,True
276.0,41.0,7,6,5,2026,False,62,51,3,3,5.0,10441.0,8,True,False,Design Tools,0,0.0,0,179.6,True
116.0,0.0,7,3,5,2023,True,177,46,2,6,14917.0,1269.0,1,False,True,Design Tools,0,0.0,237,0.8,True
130.0,92.0,7,0,7,2026,True,268,23,3,2,2478.0,4027.0,8,False,False,Education,0,0.0,5,0.5,True
129.0,0.0,16,4,7,2023,False,257,48,3,1,472.0,789.0,2,False,True,Other,0,0.0,0,0.0,True
1.0,2.0,10,3,3,2023,False,184,42,2,0,135312.0,950.0,1,False,True,Android,0,0.0,0,0.0,True
156.0,7.0,7,1,10,2026,True,37,49,1,2,5.0,1241.0,6,False,False,Other,0,0.0,0,217.9,True
111.0,10.0,0,2,6,2026,True,219,60,3,1,559.0,3454.0,5,False,False,Mac,0,0.0,0,0.0,False
172.0,70.0,7,2,5,2026,True,361,29,3,2,4795.0,20237.0,4,True,False,Other,1,212.2,22,1.2,True
293.0,26.0,7,2,7,2026,True,252,32,3,3,778.0,2872.0,4,True,False,Design Tools,0,0.0,4,433.6,True
14.0,54.0,7,4,3,2023,True,237,37,5,1,5.0,4405.0,3,False,True,Design Tools,0,0.0,0,2.4,True
379.0,73.0,7,4,7,2026,True,58,52,3,1,19771.0,6017.0,7,True,False,Mac,0,0.0,0,0.9,True
276.0,21.0,7,0,7,2026,True,63,31,3,1,1800.0,837.0,8,True,False,API,1,0.0,25,391.7,True
17.0,2.0,9,3,3,2023,False,262,55,4,1,5319.0,2061.0,1,False,True,Fintech,0,0.0,0,0.0,True
518.0,80.0,16,0,6,2026,True,468,26,3,1,3362.0,9389.0,6,True,False,Open Source,9,239.44444444444449,9,239.44444444444449,False
2.0,1.0,2,3,1,2023,False,257,60,3,1,176.0,1629.0,10,False,True,Marketing,0,0.0,0,0.0,False
81.0,29.0,7,1,7,2026,True,47,39,3,2,2762.0,1915.0,5,True,False,Other,0,74.2,22,250.0,True
6.0,1.0,7,6,5,2023,False,224,60,3,1,1007.0,3554.0,2,False,True,Other,0,0.0,0,0.0,False
233.0,93.0,7,1,7,2026,True,55,34,3,2,50220.0,992.0,6,False,False,Productivity,0,0.0,17,384.1,True
280.0,0.0,7,1,5,2023,True,387,30,3,2,5.0,875.0,4,False,True,Design Tools,0,0.0,5,1.1,True
96.0,1.0,13,5,5,2023,False,364,49,3,1,14966.0,3268.0,6,False,False,Other,0,0.0,3,0.0,True
39.0,27.0,7,4,7,2026,True,38,46,3,1,5.0,2131.0,6,True,False,Productivity,0,0.0,0,57.5,True
100.0,33.0,7,5,7,2023,True,214,53,3,1,5.0,5817.0,4,True,False,Design Tools,0,0.0,32,2.4,True
19.0,1.0,23,4,7,2023,False,279,29,3,1,1500.0,293.0,4,False,True,Open Source,0,0.0,0,0.0,True
107.0,4.0,7,3,5,2023,False,76,28,3,1,5.0,905.0,4,False,True,Writing,0,0.0,0,0.0,True
80.0,18.0,7,1,5,2024,True,243,54,3,1,5.0,10.0,1,True,False,Web App,0,0.0,0,0.0,True
349.0,13.0,15,3,7,2023,True,243,57,3,8,34810.0,738.0,6,True,False,Hiring,0,0.0,0,4.3,True
3.0,0.0,7,3,7,2023,False,171,39,3,1,2244.0,582.0,4,False,True,Artificial Intelligence,0,0.0,0,0.0,True
13.0,0.0,22,1,1,2023,False,234,59,3,1,821.0,3446.0,3,False,True,Developer Tools,0,0.0,18,0.0,True
8.0,0.0,7,3,3,2023,False,252,46,1,1,211691.0,578.0,3,True,True,Marketing,0,0.0,0,3.2,True
87.0,0.0,13,4,3,2023,True,401,47,3,1,5.0,1902.0,13,False,True,Other,0,0.0,0,0.0,True
165.0,29.0,7,5,11,2023,True,53,56,3,3,605.0,2962.0,7,False,False,Other,0,0.0,27,0.0,True
21.0,1.0,9,6,7,2023,False,257,28,1,1,5.0,1216.0,3,False,True,Marketing,0,0.0,0,190.6,True
150.0,57.0,7,4,5,2026,True,69,54,2,1,5.0,10282.0,4,False,False,Other,0,0.0,0,0.0,True
164.0,0.0,7,1,3,2026,False,63,21,3,1,5.0,1613.0,3,False,True,Design Tools,0,0.0,156,0.4,True
131.0,123.0,17,4,7,2026,True,252,55,1,2,3211.0,2283.0,6,False,False,Other,0,0.0,586,1.2,True
104.0,6.0,7,6,7,2023,True,202,57,3,1,5.0,546.0,0,True,False,Other,0,0.0,0,4.4,True
3.0,1.0,5,5,5,2023,False,215,59,3,1,657.0,161.0,6,True,True,Other,0,0.0,0,0.0,False
68.0,37.0,19,4,5,2023,True,345,28,3,1,4099.0,1930.0,7,True,False,Open Source,0,0.0,11,184.3,True
185.0,2.0,7,2,7,2026,False,58,50,3,1,5.0,3956.0,8,True,False,Other,0,0.0,0,0.0,True
193.0,64.0,7,6,7,2026,True,56,58,3,1,2821.0,3929.0,6,True,False,Productivity,0,0.0,0,347.4,True
17.0,5.0,22,6,7,2023,False,276,58,2,1,1354.0,2691.0,6,True,True,Other,0,0.0,6,0.0,True
210.0,32.0,7,2,7,2026,True,50,40,3,1,1035.0,4118.0,6,True,False,Productivity,0,0.1,4,329.4,True
37.0,7.0,7,5,5,2023,False,220,55,3,6,316740.0,10158.0,5,False,False,Other,1,185.0,2100,188.54761904761904,False
9.0,0.0,7,1,5,2026,False,237,43,3,1,736.0,2954.0,2,True,False,Design Tools,0,0.0,0,0.0,True
217.0,42.0,7,4,6,2026,False,60,47,3,4,1691.0,850.0,6,True,False,Design Tools,0,0.0,17,0.0,True
82.0,15.0,6,4,7,2026,True,230,51,3,1,5.0,4289.0,6,False,False,Analytics,0,1.8,8,218.2,True
31.0,14.0,7,6,7,2026,True,50,50,3,2,1958.0,5767.0,6,False,False,Productivity,1,131.0,1,131.0,False
17.0,15.0,7,6,7,2026,False,50,50,3,3,460.0,698.0,8,True,False,Other,0,0.0,0,0.0,False
11.0,1.0,18,5,7,2023,False,217,40,2,1,5.0,2212.0,3,False,False,Marketing,0,0.0,856,2.3,True
80.0,14.0,7,3,5,2023,True,170,48,3,1,5.0,687.0,6,False,False,Fintech,0,0.6,0,0.0,True
265.0,1.0,7,1,5,2023,False,488,60,3,1,5.0,939.0,8,True,False,Productivity,0,0.0,0,187.7,True
123.0,0.0,7,4,6,2023,False,60,58,2,1,3714.0,594.0,3,False,True,Marketing,0,0.0,0,0.0,True
115.0,61.0,7,4,10,2026,True,31,33,3,1,130119.0,4382.0,6,True,False,Other,22,0.0,2,207.2,True
71.0,5.0,7,4,5,2023,False,28,45,3,1,4093.0,1932.0,4,True,False,Artificial Intelligence,0,0.0,352,0.0,True
212.0,34.0,7,3,9,2026,True,73,49,3,1,5.0,5165.0,6,True,False,Productivity,0,0.0,3,2.6,True
95.0,1.0,7,4,7,2023,False,237,13,3,1,174.0,873.0,4,False,False,Other,0,0.0,340,1.2,True
15.0,0.0,9,4,5,2023,False,263,22,3,1,5.0,1837.0,1,False,False,Other,0,0.0,0,207.7,True
523.0,3.0,7,3,5,2023,False,225,16,1,0,5.0,843.0,1,True,True,Android,0,0.0,2369,2.7,True
68.0,2.0,13,0,3,2023,True,158,40,2,0,79.0,4495.0,2,False,False,Other,0,0.0,0,0.0,False
2.0,0.0,8,4,5,2023,False,244,47,1,0,369.0,128.0,4,False,False,Other,0,0.0,0,0.0,False
137.0,0.0,7,4,7,2023,False,270,44,3,1,5.0,942.0,3,False,True,Other,0,0.0,0,0.0,True
258.0,0.0,7,6,7,2026,True,61,23,3,1,362.0,3054.0,6,False,True,iOS,0,0.0,0,0.0,True
163.0,17.0,0,0,6,2026,True,246,58,3,1,306.0,910.0,9,False,False,Productivity,0,0.0,0,0.0,False
4.0,0.0,10,5,3,2023,False,250,29,2,1,5.0,2906.0,3,False,True,Other,0,0.6,5,0.8,True
176.0,35.0,7,2,6,2026,False,53,57,3,1,5.0,7997.0,7,True,False,SaaS,0,193.6,9,0.0,True
3.0,0.0,8,4,3,2023,False,210,37,3,3,1633.0,10.0,2,False,True,SaaS,2,0.0,0,1.2,True
178.0,0.0,7,4,9,2023,True,47,57,3,1,5.0,1652.0,5,False,True,Health & Fitness,0,0.0,27,0.0,True
6.0,3.0,7,6,3,2023,False,356,36,3,1,669.0,4901.0,6,False,False,Other,0,0.0,0,5.0,True
14.0,1.0,0,6,6,2026,False,448,39,3,1,529.0,195.0,7,True,False,Fintech,0,0.0,0,0.0,False
138.0,144.0,7,6,5,2026,True,50,35,3,1,5.0,6532.0,6,True,False,Open Source,0,0.0,8,1.0,True
452.0,219.0,7,4,5,2023,True,61,34,1,7,357116.0,193.0,6,False,False,Artificial Intelligence,0,0.0,2370,191.6075949367089,False
94.0,7.0,0,2,5,2026,False,173,56,3,1,569.0,2270.0,3,True,False,Social Media,0,0.0,0,0.0,False
27.0,0.0,8,3,7,2023,True,172,46,1,1,5.0,519.0,0,False,True,Mac,0,0.0,0,0.0,True
9.0,4.0,20,3,3,2023,False,250,57,4,1,5.0,3596.0,0,False,True,Other,0,0.0,0,0.1,True
24.0,3.0,1,4,9,2024,True,69,58,3,1,5.0,35.0,8,False,True,Marketing,0,0.0,0,0.0,True
2.0,3.0,3,5,1,2023,False,183,56,4,1,297.0,5101.0,4,True,True,Chrome Extensions,0,0.0,0,0.0,False
5.0,5.0,23,5,5,2023,True,275,44,3,1,5.0,1118.0,1,False,False,Other,0,0.0,0,0.0,True
167.0,31.0,7,0,7,2026,True,48,48,3,3,1325.0,919.0,6,False,False,API,0,0.0,0,0.0,False
9.0,0.0,7,4,5,2026,True,245,49,3,1,5.0,765.0,1,False,False,Web App,0,0.0,16,0.0,True
136.0,91.0,7,0,7,2026,True,249,43,4,1,5.0,3888.0,6,True,False,Marketing,0,0.0,1169,0.0,True
7.0,0.0,8,4,1,2023,False,145,26,4,1,619.0,2270.0,4,False,True,Android,0,0.0,0,0.0,False
80.0,0.0,7,1,3,2023,True,101,46,1,1,513.0,3471.0,1,False,True,Developer Tools,0,0.0,0,0.0,False
1.0,0.0,11,5,7,2023,False,228,36,3,1,1539.0,2113.0,2,True,True,Other,0,1.9,20,183.8,True
262.0,49.0,7,0,5,2023,False,447,60,3,3,32420.0,4878.0,6,True,False,Productivity,0,0.0,31,244.1,True
2.0,1.0,6,1,3,2023,False,183,37,3,0,783.0,1018.0,4,False,False,Productivity,0,0.0,0,0.0,False
136.0,0.0,7,0,7,2026,True,66,42,3,2,96629.0,565.0,6,True,False,Other,0,177.2,0,190.0,True
656.0,0.0,7,0,5,2023,True,229,23,3,1,5.0,2139.0,1,False,True,Other,0,0.0,18,0.0,True
86.0,17.0,7,4,5,2026,True,59,25,3,1,2593.0,384.0,4,False,False,Other,0,0.0,0,0.1,True
188.0,39.0,7,6,6,2026,True,56,56,3,3,939.0,194.0,7,True,False,Other,0,0.0,0,0.0,False
1.0,0.0,7,5,3,2023,False,197,29,3,1,5.0,2003.0,3,False,True,Productivity,0,0.0,18,220.3,True
19.0,0.0,7,4,5,2023,False,253,21,2,2,110225.0,682.0,2,False,True,Other,0,0.0,258,0.0,True
152.0,20.0,0,2,7,2026,True,59,29,3,1,5.0,1863.0,6,True,False,Productivity,0,0.0,19,261.2,True
141.0,0.0,7,3,5,2025,False,158,35,3,1,5.0,3030.0,6,True,False,Developer Tools,0,0.0,0,0.0,True
307.0,21.0,7,6,7,2026,True,39,32,3,6,5.0,4344.0,6,True,False,Design Tools,0,0.0,0,0.3,True
19.0,4.0,4,4,7,2023,False,224,32,3,1,117037.0,1787.0,6,True,True,Other,0,0.0,0,0.0,True
89.0,4.0,7,3,7,2023,True,103,42,3,1,474.0,1115.0,4,False,True,Android,0,0.0,0,0.0,False
187.0,24.0,7,3,5,2026,False,72,36,3,1,76.0,4298.0,6,True,False,SaaS,0,0.0,269,3.3,True
68.0,2.0,12,3,7,2023,True,227,56,3,3,176234.0,3454.0,3,False,True,Productivity,0,0.0,1160,209.51724137931035,False
88.0,26.0,7,3,3,2023,True,49,29,3,3,5.0,2599.0,7,True,False,Social Media,0,0.0,0,0.0,True
161.0,14.0,0,1,6,2026,True,201,30,3,1,77.0,3039.0,10,False,False,Other,0,0.0,0,0.0,False
307.0,60.0,0,3,5,2026,True,467,27,3,1,774.0,1444.0,6,True,False,Other,0,0.0,0,0.0,False
150.0,9.0,7,4,10,2026,False,56,59,3,1,241994.0,1001.0,9,True,False,Analytics,0,0.0,8,0.0,True
212.0,13.0,7,4,7,2026,False,67,51,3,1,1130.0,24718.0,4,False,False,Productivity,4,0.0,495,0.1,True
161.0,0.0,7,3,5,2023,True,283,30,3,1,5.0,2893.0,6,True,False,Other,1,0.0,0,1.4,True
116.0,0.0,14,5,7,2023,True,34,32,3,1,5.0,5332.0,3,True,True,Design Tools,0,0.0,17,179.7,True
108.0,2.0,7,4,7,2023,True,268,32,3,1,5.0,4479.0,9,False,False,Developer Tools,0,0.0,0,225.2,True
181.0,0.0,7,5,7,2023,True,265,59,3,0,5.0,396.0,9,False,False,Marketing,0,0.0,15,0.6,True
181.0,27.0,7,2,7,2026,True,52,52,3,1,772.0,476.0,6,False,True,Other,0,0.0,0,0.0,False
83.0,34.0,7,4,7,2026,False,259,39,3,3,1269.0,6195.0,9,True,False,Social Media,0,1.7,5,0.0,True
52.0,68.0,7,1,7,2024,True,238,37,3,1,5.0,10.0,6,True,False,API,0,0.0,0,5.2,True
5.0,0.0,7,4,7,2023,False,213,49,3,2,95265.0,1613.0,4,True,False,Other,0,0.0,617,207.02431118314425,False
161.0,15.0,7,6,6,2023,False,243,56,3,1,5.0,1662.0,2,False,False,Productivity,0,0.0,18,3.2,True
141.0,2.0,9,3,3,2023,True,123,37,1,1,5.0,5036.0,6,False,True,Chrome Extensions,0,0.0,0,0.0,True
185.0,38.0,7,2,6,2026,True,55,56,3,2,1843.0,1127.0,5,True,False,Productivity,7,59.2,21,446.4,True
22.0,0.0,7,6,5,2023,False,260,37,3,1,5.0,2199.0,2,False,True,Productivity,0,0.0,8,0.0,True
7.0,0.0,10,5,3,2023,False,264,46,3,1,1502.0,942.0,2,False,True,Other,0,0.0,0,0.0,True
23.0,0.0,7,4,7,2023,False,241,32,3,4,5.0,2894.0,1,False,False,Developer Tools,0,0.0,0,0.0,True
300.0,2.0,7,1,7,2026,False,62,48,3,3,5.0,10.0,7,False,False,Analytics,0,0.0,0,0.0,True
296.0,3.0,7,4,7,2026,True,50,52,3,1,15952.0,19839.0,8,True,False,Design Tools,0,0.0,13,2.2,True
4.0,0.0,14,4,1,2023,False,197,46,3,1,16.0,1496.0,8,False,False,Other,0,0.0,0,0.0,False
167.0,0.0,7,3,7,2026,False,80,60,3,0,1885.0,520.0,9,False,False,Email,0,0.0,2,0.0,True
79.0,6.0,7,4,5,2023,False,26,34,3,0,37933.0,412.0,1,False,False,Health & Fitness,0,1.6,0,2.4,True
211.0,2.0,7,4,3,2026,False,63,49,3,1,5.0,4317.0,6,True,False,Other,0,0.0,2,0.5,True
17.0,1.0,7,3,5,2023,False,264,56,4,3,191746.0,1154.0,6,True,True,Artificial Intelligence,0,0.5,967,206.9,True
445.0,26.0,17,5,5,2026,True,33,46,3,2,1057.0,2217.0,4,True,False,Other,0,198.2,6,5.3,True
220.0,14.0,7,4,7,2026,True,43,33,3,1,2212.0,911.0,7,False,False,Productivity,0,0.0,17,0.0,True
3.0,2.0,9,4,1,2023,False,228,45,4,1,205.0,263.0,1,False,True,Chrome Extensions,0,0.0,0,0.0,False
7.0,0.0,17,4,7,2023,True,239,60,2,0,5.0,8511.0,3,False,True,Other,0,0.0,0,0.5,True
3.0,19.0,16,3,7,2026,False,45,51,3,1,5.0,2869.0,6,True,False,Design Tools,0,1.5,0,0.0,True
144.0,107.0,7,0,6,2026,True,55,56,3,1,5.0,16499.0,6,True,False,Other,1,303.9,22,449.2,True
113.0,40.0,16,6,6,2026,True,49,49,4,1,5.0,1483.0,6,False,True,API,0,0.0,1346,0.0,True
253.0,168.0,7,6,7,2023,True,493,56,3,1,75889.0,24676.0,6,True,False,Productivity,0,0.1,35,169.9,True
22.0,8.0,7,6,6,2026,False,49,49,3,2,5.0,2523.0,4,True,True,Productivity,0,0.0,0,0.0,False
115.0,0.0,7,4,7,2026,True,78,25,3,3,5.0,562.0,6,False,True,iOS,0,0.0,0,1.3,True
113.0,7.0,7,0,3,2023,True,202,51,3,4,67508.0,8644.0,3,False,False,Open Source,4,261.0,438,217.96575342465752,False
146.0,0.0,7,3,5,2026,False,424,21,3,1,2289.0,2460.0,6,True,False,Other,0,0.0,0,0.0,True
1.0,0.0,16,3,3,2023,True,245,32,1,5,5.0,2274.0,2,True,True,Other,0,0.0,0,2.4,True
117.0,66.0,7,6,6,2023,True,232,21,3,1,5.0,583.0,6,False,False,Artificial Intelligence,0,0.0,0,0.0,True
20.0,1.0,7,3,5,2023,True,260,29,2,0,5.0,2124.0,4,True,True,Android,0,0.0,0,0.0,True
283.0,14.0,0,6,5,2026,True,148,40,3,1,1526.0,4100.0,4,False,False,Other,2,127.0,2,127.0,False
12.0,0.0,4,3,5,2023,False,262,27,3,1,4128.0,1332.0,6,True,True,SaaS,0,0.0,0,0.0,True
92.0,16.0,13,4,7,2023,False,72,46,3,1,3405.0,1567.0,6,False,False,Open Source,0,0.0,35,0.3,True
208.0,0.0,7,0,7,2023,True,264,48,3,1,651.0,1667.0,3,True,False,Design Tools,0,0.0,0,0.0,True
121.0,3.0,7,0,3,2026,True,38,60,2,1,5.0,1047.0,5,False,False,Productivity,0,0.0,20,0.7,True
92.0,17.0,7,3,5,2023,False,170,55,2,1,92688.0,2266.0,3,True,False,Fintech,0,0.0,411,0.0,True
266.0,80.0,7,4,7,2026,True,186,39,3,1,5.0,5236.0,5,True,False,Productivity,0,0.8,11,1.1,True
23.0,0.0,7,6,1,2023,False,261,41,2,1,5.0,1023.0,3,False,True,Other,0,0.0,10,5.1,True
123.0,75.0,7,1,6,2026,True,33,27,3,3,5.0,2498.0,6,True,False,Productivity,0,0.0,5,0.0,True
276.0,78.0,7,4,7,2023,True,250,43,4,1,330.0,1259.0,7,True,False,Productivity,0,0.0,0,0.0,False
254.0,11.0,7,3,7,2026,True,52,60,1,3,5.0,368.0,4,False,False,Productivity,0,0.0,9,2.8,True
427.0,21.0,1,1,7,2026,True,32,57,3,1,1588.0,21624.0,6,False,False,Artificial Intelligence,0,227.0,17,106.8,True
14.0,0.0,12,1,1,2023,False,239,29,4,1,2259.0,2386.0,3,False,True,Other,0,0.3,1296,4.3,True
20.0,0.0,7,4,7,2026,False,45,45,1,3,89.0,1542.0,8,False,False,Productivity,0,0.0,0,0.0,False
321.0,117.0,7,0,3,2023,True,203,56,4,15,373825.0,1049.0,6,True,False,Productivity,0,0.0,2478,216.20338983050848,False
242.0,2.0,7,6,7,2026,False,59,23,3,1,5701.0,5834.0,7,True,False,Other,0,0.0,14,0.0,True
209.0,21.0,7,3,7,2026,True,38,54,3,1,5.0,2001.0,6,True,False,SaaS,0,0.0,0,5.6,True
588.0,0.0,7,4,7,2026,True,53,53,1,1,144.0,1693.0,6,False,False,Productivity,0,0.0,0,0.0,False
146.0,8.0,7,5,5,2023,False,218,41,3,1,5.0,4897.0,5,False,False,API,0,0.0,2,5.9,True
99.0,116.0,6,1,5,2024,True,260,56,3,1,5.0,754.0,6,True,False,Web App,0,0.0,7,0.0,True
3.0,1.0,22,1,3,2023,False,206,36,3,1,647.0,648.0,3,False,True,Other,0,0.0,0,0.0,False
150.0,6.0,0,4,6,2026,True,129,58,3,1,6055.0,14697.0,6,True,False,Analytics,17,327.1764705882353,17,327.1764705882353,False
207.0,11.0,7,2,7,2026,True,388,37,3,1,82426.0,2360.0,4,True,True,Mac,0,0.0,29,2.2,True
13.0,0.0,17,3,5,2023,False,36,41,5,1,5.0,1572.0,2,False,False,Health & Fitness,0,0.0,7,0.4,True
27.0,0.0,7,0,7,2023,True,247,39,5,1,2353.0,1025.0,6,True,False,API,0,0.0,1567,3.0,True
15.0,2.0,8,3,3,2023,False,160,58,2,1,5.0,2880.0,3,True,True,Design Tools,0,0.0,503,1.2,True
84.0,1.0,7,0,3,2023,True,43,35,1,1,5.0,2155.0,19,False,False,Productivity,0,0.0,0,0.0,True
88.0,7.0,10,5,5,2025,False,97,21,3,1,184.0,1302.0,2,True,False,Mac,0,0.0,0,0.0,False
174.0,13.0,7,0,7,2026,False,51,51,3,1,481.0,10.0,4,False,False,Productivity,0,0.0,9,187.7,True
73.0,228.0,21,3,5,2023,True,31,36,3,1,5063.0,4192.0,6,True,False,Developer Tools,0,0.0,14,0.4,True
364.0,57.0,7,3,10,2026,True,117,48,3,3,5702.0,498.0,7,True,False,Productivity,0,0.0,13,365.8,True
90.0,0.0,14,1,3,2025,False,386,35,3,1,5.0,531.0,8,True,False,Other,0,0.0,4,210.5,True
928.0,185.0,7,2,7,2023,True,225,31,3,7,399506.0,10.0,14,True,False,Productivity,0,0.0,2652,184.98868778280544,False
1.0,0.0,7,3,7,2023,True,149,38,1,2,1612.0,1572.0,4,False,True,Other,0,0.1,1715,1.4,True
147.0,6.0,7,1,7,2026,True,52,59,4,3,5.0,934.0,6,False,False,Other,0,0.0,0,0.7,True
102.0,0.0,7,1,5,2023,False,178,38,3,1,1576.0,3844.0,1,False,True,Marketing,0,0.0,2788,0.0,True
186.0,24.0,8,3,1,2023,True,243,51,3,3,20159.0,1464.0,6,False,False,Open Source,0,0.0,110,360.72727272727275,False
257.0,27.0,0,6,5,2026,True,216,55,3,1,73.0,371.0,5,False,False,Productivity,0,0.0,0,0.0,False
100.0,2.0,14,5,1,2023,True,263,40,2,1,1368.0,205.0,6,True,True,API,0,0.0,0,3.2,True
58.0,18.0,7,0,6,2026,False,57,57,3,1,9.0,607.0,4,True,False,Other,0,0.0,0,0.0,False
2.0,0.0,3,3,7,2023,False,164,49,3,1,989.0,903.0,4,False,True,Marketing,0,0.0,0,0.0,False
1.0,3.0,8,5,3,2023,False,240,50,4,3,5.0,446.0,3,True,True,Marketing,0,0.0,310,0.0,True
9.0,60.0,1,4,7,2026,True,287,35,3,3,5.0,1144.0,6,True,False,Productivity,0,95.4,9,1.4,True
33.0,6.0,0,5,5,2023,True,236,55,2,1,5.0,746.0,7,False,False,Open Source,0,0.0,4,0.0,True
125.0,0.0,14,4,7,2023,False,185,60,3,1,2354.0,2178.0,3,False,False,Other,0,1.7,0,2.2,True
171.0,0.0,7,0,5,2026,True,271,48,5,1,5.0,811.0,4,False,True,Developer Tools,0,0.0,1150,0.0,True
216.0,29.0,7,2,6,2026,True,29,29,3,3,660.0,1850.0,7,False,False,Other,0,0.0,0,0.0,False
140.0,28.0,7,4,7,2026,True,46,30,2,1,652.0,906.0,6,True,False,Design Tools,0,0.0,0,168.6,True
258.0,129.0,7,2,6,2026,True,77,44,3,1,5.0,1343.0,8,True,False,Productivity,4,0.0,8,310.3,True
167.0,1.0,9,3,7,2026,False,292,26,3,1,1070.0,539.0,6,True,False,Design Tools,0,0.0,3,0.0,True
133.0,2.0,7,1,7,2026,True,204,34,3,1,30325.0,3612.0,8,True,False,Other,0,0.0,0,0.0,True
374.0,39.0,7,4,6,2026,True,55,50,3,1,4555.0,11159.0,4,False,False,Productivity,0,189.8,15,3.1,True
221.0,16.0,7,4,5,2026,True,54,45,3,1,101.0,14153.0,6,True,False,API,11,0.0,9,0.0,True
91.0,0.0,7,4,5,2024,False,309,26,2,1,473750.0,2975.0,6,False,False,Hiring,0,0.0,1393,2.4,True
5.0,1.0,10,3,5,2023,True,108,36,1,2,5.0,6008.0,7,False,True,Marketing,0,0.0,0,0.0,True
73.0,0.0,7,4,7,2023,True,231,52,5,5,2742.0,1875.0,2,False,True,Hiring,0,0.0,17,181.6,True
8.0,2.0,7,6,5,2023,False,224,52,3,1,1128.0,1468.0,5,False,True,Other,0,0.0,0,0.0,False
8.0,0.0,7,5,7,2023,True,232,29,2,0,44877.0,690.0,4,False,True,Chrome Extensions,0,0.2,0,62.9,True
14.0,0.0,17,0,7,2023,False,273,20,3,1,63834.0,521.0,2,False,True,Developer Tools,0,0.0,0,1.2,True
139.0,52.0,0,4,7,2026,True,61,56,3,0,2083.0,27755.0,6,False,False,Design Tools,0,0.0,16,0.0,True
96.0,0.0,9,3,11,2026,True,58,37,2,3,135.0,3255.0,4,True,False,Other,0,0.0,220,0.0,True
121.0,37.0,7,3,3,2023,False,59,29,2,1,5.0,655.0,4,False,True,Productivity,0,0.0,0,0.0,True
7.0,0.0,7,3,7,2023,True,245,34,1,0,215.0,2705.0,2,True,True,Chrome Extensions,0,0.0,0,0.0,True
134.0,2.0,8,0,3,2023,False,254,47,2,1,5.0,4213.0,6,False,False,Design Tools,0,0.0,3116,2.6,True
129.0,1.0,18,4,7,2026,False,253,25,3,6,2513.0,208.0,6,True,True,SaaS,0,0.8,3,0.0,True
1.0,0.0,7,4,3,2023,False,257,39,1,1,5.0,130.0,1,False,True,Education,0,0.0,419,0.0,True
539.0,44.0,0,2,4,2026,True,106,59,3,1,2118.0,6346.0,6,True,False,Developer Tools,2,210.0,2,210.0,False
1.0,0.0,7,3,5,2023,False,255,37,3,1,2050.0,681.0,1,False,True,Open Source,0,0.0,0,448.2,True
426.0,40.0,7,4,7,2026,True,182,46,3,3,5.0,673.0,11,False,False,Other,0,0.0,29,0.9,True
74.0,16.0,7,1,7,2026,True,57,43,3,1,791.0,425.0,6,True,True,API,0,0.0,1044,0.0,True
441.0,13.0,7,6,7,2026,False,49,51,3,3,5.0,12292.0,6,True,False,Other,5,0.0,14,0.7,True
222.0,19.0,7,5,10,2026,True,52,38,3,1,2638.0,1665.0,8,True,False,SaaS,0,0.0,1,5.8,True
185.0,14.0,0,1,5,2026,True,48,41,3,1,5.0,1061.0,5,False,False,Other,0,0.8,0,3.4,True
15.0,0.0,7,4,7,2023,True,273,28,1,3,3346.0,3980.0,4,False,True,Artificial Intelligence,0,0.0,0,1.7,True
129.0,7.0,0,3,6,2026,True,366,58,3,1,101.0,1325.0,4,True,False,Marketing,0,0.0,0,0.0,False
7.0,1.0,8,4,1,2023,False,254,30,3,1,125.0,1076.0,7,False,True,Education,0,0.0,0,0.0,False
92.0,0.0,5,5,7,2023,True,226,41,3,8,52002.0,895.0,3,True,True,Developer Tools,0,0.0,0,186.8,True
236.0,4.0,7,6,8,2023,False,255,37,3,3,721.0,4013.0,6,False,False,Design Tools,0,0.0,0,3.2,True
11.0,0.0,8,3,5,2023,False,269,58,4,2,5.0,910.0,2,False,True,Design Tools,0,0.0,0,0.0,True
1.0,0.0,10,1,3,2023,False,236,28,1,1,272192.0,1924.0,1,False,True,Other,0,0.0,0,0.0,True
393.0,12.0,7,0,7,2026,True,74,40,3,4,5.0,1725.0,6,False,False,Other,0,0.0,17,302.9,True
17.0,1.0,20,0,3,2023,True,267,28,3,1,2483.0,1209.0,7,False,True,Android,0,0.0,2,0.0,True
358.0,83.0,7,6,10,2026,True,38,41,3,3,3092.0,4618.0,9,True,False,API,0,80.3,22,1.5,True
377.0,0.0,7,6,7,2026,False,80,56,3,1,224884.0,7771.0,5,True,False,Other,0,0.0,6,2.4,True
11.0,5.0,7,5,7,2026,False,44,44,3,2,869.0,1310.0,7,False,False,Other,0,0.0,0,0.0,False
568.0,43.0,7,6,7,2026,True,316,50,3,4,40119.0,4937.0,4,True,False,Social Media,1,0.0,0,3.0,True
141.0,0.0,7,0,1,2023,True,172,35,3,1,5.0,375.0,4,False,False,Other,0,0.0,0,2.0,True
114.0,0.0,7,4,7,2024,True,50,43,3,1,5.0,2549.0,8,True,False,Other,0,0.0,0,6.3,True
153.0,33.0,7,6,7,2023,True,76,44,3,7,5.0,3802.0,6,True,True,Mac,0,0.0,18,180.2,True
119.0,11.0,1,4,7,2026,True,477,49,1,1,6369.0,1166.0,7,True,False,Analytics,0,0.0,6,2.1,True
118.0,46.0,7,0,7,2026,True,58,60,1,3,1796.0,178.0,6,True,False,Productivity,0,0.0,8,0.0,True
3.0,0.0,8,3,1,2023,False,263,35,1,0,191750.0,5007.0,1,False,True,Design Tools,0,0.0,0,0.6,True
2.0,1.0,3,3,7,2023,False,234,32,3,1,583.0,1035.0,6,False,True,iOS,0,0.0,0,0.0,False
1.0,0.0,7,5,5,2023,False,140,23,3,0,2120.0,2979.0,3,False,True,Other,0,0.4,4,1.7,True
63.0,0.0,7,0,7,2023,True,164,33,3,1,4007.0,1977.0,4,False,True,Design Tools,0,0.0,0,0.0,True
21.0,0.0,16,0,7,2023,False,280,31,2,3,5.0,483.0,8,False,True,Other,0,0.0,5,0.0,True
10.0,0.0,15,3,5,2023,False,249,57,1,3,5.0,977.0,3,False,True,Writing,0,0.0,2974,3.9,True
180.0,141.0,7,6,6,2026,True,71,60,3,2,2586.0,13779.0,5,True,False,Email,0,250.2,18,307.0,True
9.0,1.0,8,3,1,2023,False,247,60,3,1,749.0,1174.0,3,True,True,Writing,0,0.0,0,0.0,False
14.0,0.0,14,3,3,2023,False,267,40,2,1,281.0,3325.0,1,True,True,Analytics,0,0.0,16,1.1,True
58.0,23.0,16,2,10,2026,True,35,48,3,0,199.0,2018.0,5,False,False,Other,0,0.0,1229,0.0,True
470.0,14.0,7,3,6,2026,False,53,57,3,2,2755.0,4172.0,8,True,False,Fintech,0,0.0,14,216.5,True
66.0,3.0,7,0,3,2023,True,117,34,2,1,1549.0,110.0,9,False,True,Other,0,0.0,0,0.0,False
247.0,51.0,7,1,5,2026,False,232,39,3,1,196972.0,797.0,7,True,False,Android,2,0.0,15,0.0,True
340.0,92.0,13,3,5,2026,True,50,58,3,1,3577.0,624.0,6,True,False,Productivity,0,0.0,0,0.0,True
134.0,0.0,7,5,7,2023,False,219,37,3,1,5.0,5020.0,8,False,True,Email,0,0.0,16,1.0,True
2.0,0.0,7,5,1,2023,False,273,46,3,1,2340.0,2080.0,2,False,True,Marketing,0,0.0,0,1.4,True
106.0,66.0,14,3,4,2023,True,263,56,3,1,5.0,1232.0,5,False,True,Other,0,0.0,0,0.0,True
163.0,16.0,7,2,6,2026,True,73,33,3,2,1639.0,598.0,5,True,False,Developer Tools,0,0.0,3,0.2,True
117.0,31.0,1,0,7,2026,True,75,30,3,1,2251.0,1369.0,8,False,True,Productivity,0,0.0,0,0.0,True
126.0,7.0,20,5,7,2023,True,261,39,3,1,133445.0,978.0,3,True,True,Health & Fitness,0,0.0,0,3.4,True
1.0,94.0,7,3,5,2026,True,221,46,3,3,5.0,1845.0,5,True,False,Analytics,0,0.0,0,1.4,True
76.0,3.0,7,1,3,2023,True,180,56,3,1,83.0,66.0,3,False,True,Other,0,0.0,0,0.0,False
164.0,0.0,7,0,5,2023,True,60,45,2,0,5.0,3460.0,2,True,True,Other,0,0.0,3,0.0,True
62.0,13.0,7,5,7,2023,True,60,56,2,1,288275.0,384.0,6,True,True,SaaS,0,0.0,1,0.9,True
146.0,1.0,11,3,5,2023,False,281,46,3,1,5.0,1977.0,5,True,False,Productivity,0,1.0,0,0.0,True
5.0,0.0,7,6,7,2023,False,264,59,3,1,5.0,1393.0,1,True,True,Other,0,0.0,0,158.6,True
271.0,63.0,7,3,7,2023,True,251,59,3,6,380264.0,2968.0,5,False,False,Productivity,0,0.0,2520,208.8015873015873,False
3.0,0.0,7,5,3,2023,False,252,55,1,0,207.0,1248.0,2,True,True,Other,0,0.0,0,0.0,True
130.0,19.0,0,4,6,2026,True,49,44,3,1,5.0,12210.0,7,False,False,Other,0,234.1,3,352.5,True
6.0,5.0,7,3,7,2025,False,236,52,3,1,5.0,639.0,2,False,True,Design Tools,0,0.0,8,3.6,True
196.0,26.0,7,3,7,2023,True,64,55,3,1,5.0,1608.0,8,True,False,Email,0,0.0,3496,0.0,True
145.0,0.0,12,0,7,2023,False,55,57,3,1,79.0,3028.0,4,True,True,API,2,0.1,17,1.1,True
124.0,3.0,7,1,5,2023,True,52,51,2,1,4073.0,1297.0,4,True,False,Open Source,0,0.0,0,1.9,True
224.0,0.0,7,6,11,2026,False,43,42,3,1,4023.0,2124.0,7,True,False,Chrome Extensions,0,0.0,0,2.6,True
134.0,8.0,7,0,7,2026,False,57,19,3,1,2605.0,2290.0,8,True,False,Other,0,0.0,0,0.0,True
175.0,125.0,9,3,5,2023,False,207,32,3,0,70994.0,772.0,5,True,False,Web App,0,0.0,19,0.3,True
391.0,44.0,7,6,7,2026,True,56,55,3,1,5683.0,479.0,6,True,False,Other,0,0.0,3,226.1,True
61.0,2.0,17,4,7,2023,True,256,46,3,1,638.0,837.0,2,False,True,Design Tools,0,0.0,0,0.0,False
87.0,44.0,0,2,7,2026,True,57,57,3,3,3183.0,1535.0,6,True,False,Other,0,0.0,18,502.3,True
195.0,49.0,7,2,7,2026,True,57,51,3,3,453.0,1157.0,6,True,False,Mac,0,0.6,7,0.0,True
2.0,0.0,9,3,3,2023,False,234,59,4,1,5.0,2986.0,1,False,True,Other,0,0.0,0,0.0,True
434.0,0.0,1,6,6,2026,True,340,29,3,1,853.0,7704.0,6,False,False,Other,0,0.0,0,1.6,True
195.0,17.0,7,6,6,2026,True,325,57,3,1,3649.0,708.0,6,True,False,Other,0,0.0,8,0.0,True
91.0,0.0,20,0,3,2023,True,244,32,2,1,288222.0,1779.0,1,False,True,Health & Fitness,0,0.0,7,0.0,True
105.0,1.0,7,1,7,2025,True,278,35,3,1,874.0,1647.0,6,False,False,Productivity,0,0.0,0,292.2,True
95.0,3.0,15,4,1,2023,False,270,53,3,1,594.0,959.0,6,False,True,Design Tools,0,0.0,128,1.0,True
103.0,41.0,7,4,5,2026,True,33,60,3,1,5.0,755.0,6,True,False,Other,0,0.0,0,306.9,True
90.0,19.0,8,3,1,2023,True,244,57,3,8,42583.0,2535.0,4,False,False,Other,0,0.0,259,458.7027027027027,False
116.0,118.0,7,4,5,2026,True,231,57,3,1,3013.0,10.0,5,True,False,Other,0,0.2,2,0.0,True
4.0,3.0,19,3,5,2023,False,247,44,4,1,79079.0,918.0,1,False,True,Marketing,0,0.0,0,6.4,True
171.0,3.0,7,3,5,2023,False,157,60,4,1,5.0,1172.0,1,True,False,Web App,0,0.0,0,163.3,True
16.0,0.0,11,3,7,2023,False,229,50,3,0,5.0,1414.0,3,False,True,Productivity,0,0.0,0,3.3,True
238.0,27.0,12,4,11,2024,True,265,49,3,1,1469.0,7996.0,4,True,False,Other,1,119.0,1,119.0,False
244.0,6.0,7,4,10,2026,True,55,60,3,3,2464.0,6699.0,8,True,False,Other,0,0.8,0,0.0,True
214.0,85.0,19,6,5,2026,True,51,53,2,1,2226.0,5641.0,6,False,False,Productivity,0,0.0,315,0.1,True
81.0,4.0,9,0,5,2023,True,257,19,3,1,5.0,1599.0,3,True,False,Other,0,0.0,0,0.0,True
2.0,0.0,5,4,7,2023,False,282,30,1,1,624.0,2763.0,8,True,True,Email,0,0.0,0,4.5,True
3.0,1.0,13,3,1,2023,False,155,18,2,1,67.0,3346.0,4,True,False,Other,0,0.0,0,0.0,False
122.0,37.0,7,3,7,2026,False,52,52,2,2,196.0,4143.0,8,False,False,Other,0,0.0,0,0.0,False
167.0,21.0,8,1,7,2026,True,63,34,3,1,2157.0,181.0,4,True,False,Other,0,0.0,0,2.4,True
1.0,1.0,6,0,5,2023,False,153,41,2,2,2775.0,1190.0,1,False,True,Other,0,0.0,0,0.0,True
175.0,32.0,7,3,7,2026,True,50,50,3,3,663.0,1407.0,8,False,True,Other,0,0.0,0,0.0,False
153.0,20.0,7,3,6,2026,True,42,36,3,3,5.0,11386.0,5,True,False,Other,7,0.0,0,3.4,True
100.0,0.0,14,5,5,2023,False,244,44,2,0,5.0,4780.0,4,False,True,Other,0,0.0,15,0.0,True
15.0,0.0,7,4,5,2025,False,178,44,2,3,159372.0,1949.0,3,False,False,Design Tools,0,0.0,0,1.4,True
89.0,1.0,0,5,5,2026,True,271,52,3,1,268.0,479.0,4,True,False,Chrome Extensions,0,0.0,0,0.0,False
134.0,44.0,7,2,6,2026,True,60,23,3,1,5.0,4574.0,6,True,False,Productivity,12,0.0,304,339.8,True
17.0,0.0,7,4,3,2023,True,255,32,2,1,2656.0,1312.0,3,False,True,Other,1,0.0,0,0.0,True
755.0,77.0,7,0,5,2024,False,64,47,5,1,4038.0,1795.0,6,False,False,Marketing,0,0.0,0,4.7,True
7.0,3.0,7,0,5,2023,True,242,55,3,3,135562.0,10.0,4,False,True,Other,0,0.0,0,3.9,True
440.0,125.0,0,2,6,2026,True,58,49,3,3,2814.0,5011.0,6,True,False,Mac,0,189.8,6,215.2,True
101.0,140.0,10,3,7,2023,True,247,39,3,1,2094.0,546.0,4,True,False,Marketing,0,0.0,19,0.0,True
205.0,12.0,7,4,6,2026,True,56,53,2,1,3232.0,2547.0,8,False,False,Other,0,0.0,4,0.0,True
201.0,124.0,7,2,5,2026,True,49,59,3,2,1533.0,11530.0,4,True,False,Productivity,0,36.3,5,292.1,True
348.0,5.0,7,2,7,2026,True,65,32,3,1,5.0,873.0,9,False,False,Other,0,0.0,23,4.0,True
1.0,0.0,13,3,3,2023,False,275,41,3,1,88713.0,500.0,1,False,True,Other,0,0.0,0,0.0,True
234.0,46.0,8,4,1,2023,True,258,54,3,1,17.0,733.0,8,True,True,Artificial Intelligence,0,0.0,0,0.0,False
552.0,128.0,7,1,6,2026,True,36,36,3,2,386.0,1466.0,7,False,False,Design Tools,0,0.0,0,0.0,False
8.0,1.0,13,3,1,2023,False,279,24,3,14,27010.0,1039.0,1,False,True,SaaS,0,0.0,214,0.0,True
138.0,3.0,14,3,7,2026,False,47,60,3,1,5.0,5880.0,6,True,False,Productivity,0,0.0,1296,0.0,True
327.0,7.0,0,3,6,2026,True,211,59,3,1,5058.0,11497.0,4,False,False,Open Source,7,413.57142857142856,7,413.57142857142856,False
297.0,49.0,7,6,6,2026,True,30,30,3,2,376.0,230.0,8,True,False,Productivity,0,0.0,0,0.0,False
607.0,19.0,1,1,6,2026,True,65,55,3,1,2551.0,20189.0,5,True,False,Other,0,0.0,13,207.5,True
115.0,1.0,7,4,7,2023,True,59,38,1,1,5.0,815.0,5,False,True,Analytics,0,0.0,0,1.1,True
71.0,4.0,7,4,7,2023,False,36,36,1,3,5.0,3305.0,5,True,False,Marketing,0,0.0,377,0.6,True
92.0,13.0,8,3,1,2023,True,260,60,3,5,40818.0,1522.0,5,False,False,Fintech,0,0.0,252,343.2063492063492,False
75.0,21.0,7,6,6,2023,False,498,52,3,0,5.0,3322.0,6,False,True,Design Tools,0,0.0,0,0.0,True
123.0,0.0,8,3,7,2023,False,312,56,3,1,421.0,2929.0,1,False,False,Productivity,0,0.0,1520,213.8,True
3.0,1.0,12,0,3,2023,False,206,53,1,1,344.0,2627.0,1,False,True,Artificial Intelligence,0,0.0,0,0.0,False
103.0,0.0,4,3,7,2025,True,246,48,1,1,5.0,1101.0,3,False,True,Other,0,0.0,0,0.0,True
8.0,0.0,13,6,7,2023,False,151,39,1,1,283.0,2890.0,2,False,True,Android,0,0.0,3336,0.4,True
27.0,0.0,15,4,7,2023,True,199,25,3,1,5.0,5382.0,3,False,True,Other,0,0.0,187,3.6,True
7.0,0.0,7,3,7,2023,True,227,53,2,1,5.0,1584.0,18,True,True,Android,0,0.0,0,194.3,True
8.0,0.0,7,3,3,2023,True,260,49,1,2,149618.0,3143.0,6,True,False,Productivity,0,1.5,1,0.0,True
155.0,0.0,7,5,3,2023,False,260,44,3,1,2881.0,2930.0,3,False,True,Analytics,0,0.0,8,0.0,True
1.0,85.0,7,6,3,2023,True,271,24,3,1,4095.0,4486.0,8,False,True,Productivity,0,0.0,0,2.5,True
1.0,0.0,7,4,7,2023,False,180,57,3,0,751.0,2792.0,1,False,False,Marketing,0,0.0,0,0.0,False
101.0,19.0,7,5,10,2023,False,50,41,3,1,1821.0,7011.0,6,True,False,Open Source,0,1.6,1,211.0,True
24.0,1.0,0,6,6,2026,False,246,52,3,1,568.0,1062.0,7,False,False,Fintech,0,0.0,0,0.0,False
171.0,35.0,0,0,7,2023,False,273,34,3,2,5368.0,725.0,4,False,False,Productivity,0,0.0,0,0.0,True
111.0,3.0,7,4,7,2026,False,71,47,3,1,1497.0,578.0,4,False,False,Other,0,0.1,280,0.0,True
128.0,75.0,7,3,7,2025,True,500,34,2,2,5.0,789.0,3,False,False,Design Tools,0,0.0,0,0.0,True
523.0,67.0,0,3,5,2026,True,224,60,3,1,3798.0,9687.0,9,True,False,Analytics,5,372.8,5,372.8,False
266.0,0.0,7,2,3,2026,True,57,45,3,3,485596.0,780.0,7,True,False,Other,5,0.8,1,0.0,True
8.0,1.0,15,0,5,2023,True,232,37,2,0,5.0,2673.0,1,False,True,Other,0,0.0,10,3.9,True
125.0,0.0,18,5,3,2023,False,258,55,3,2,267.0,1491.0,4,False,True,Health & Fitness,0,0.0,0,2.4,True
153.0,13.0,7,0,7,2026,True,55,55,3,1,30.0,3092.0,8,True,True,Design Tools,0,0.0,0,0.0,False
2.0,0.0,13,4,7,2023,False,170,55,3,1,735.0,6211.0,1,False,True,Open Source,0,0.0,0,0.0,False
4.0,0.0,11,4,5,2023,True,255,25,2,1,2366.0,534.0,8,False,True,Developer Tools,0,0.0,0,0.0,True
256.0,4.0,7,1,7,2026,True,64,46,3,1,5.0,459.0,9,True,False,Productivity,0,0.0,7,201.2,True
152.0,129.0,7,1,6,2026,True,63,23,3,1,4226.0,9783.0,8,True,False,Fintech,0,0.0,20,241.9,True
103.0,0.0,8,3,5,2023,True,246,28,1,3,410162.0,1003.0,1,False,True,Marketing,0,0.0,0,1.4,True
17.0,5.0,0,5,6,2026,False,354,44,3,1,112.0,39.0,3,False,False,API,0,0.0,0,0.0,False
82.0,0.0,7,3,5,2023,True,166,33,3,7,5.0,9647.0,6,False,True,Education,0,0.0,0,1.7,True
104.0,0.0,7,3,7,2026,True,50,55,3,3,345618.0,2952.0,8,False,False,Education,0,2.7,4,1.8,True
41.0,70.0,7,0,6,2023,False,208,47,3,6,1817.0,5481.0,6,True,False,Productivity,0,0.0,0,3.2,True
92.0,0.0,7,2,7,2023,True,219,55,2,1,5.0,1184.0,4,False,False,Other,0,0.0,10,0.3,True
108.0,68.0,7,5,7,2023,True,230,54,3,0,4908.0,6649.0,8,True,False,API,0,0.5,1338,213.3,True
17.0,5.0,7,5,5,2023,False,211,48,3,1,21.0,5234.0,4,False,True,Other,0,0.0,0,0.0,False
147.0,0.0,20,3,7,2025,False,195,25,3,1,172689.0,650.0,6,False,True,Artificial Intelligence,0,0.0,0,0.0,True
7.0,0.0,20,3,7,2023,True,257,50,3,1,1396.0,465.0,2,False,True,Productivity,0,0.0,0,0.4,True
119.0,4.0,8,1,5,2023,False,191,30,1,1,1656.0,22989.0,1,True,False,API,0,0.0,0,211.4,True
2.0,0.0,10,3,1,2023,False,266,57,2,1,54.0,566.0,1,False,True,Other,0,0.0,0,0.0,False
65.0,28.0,15,3,7,2023,False,246,55,3,23,1922391.0,72.0,5,True,False,Android,0,0.0,12804,209.03092783505156,False
91.0,34.0,7,1,7,2026,True,51,55,3,3,5.0,2300.0,4,False,False,Other,0,0.0,0,0.4,True
235.0,0.0,7,4,8,2026,True,66,52,3,3,5.0,5898.0,6,True,False,API,0,0.0,0,182.8,True
152.0,7.0,7,3,5,2026,True,251,49,1,1,329775.0,1883.0,6,True,False,Artificial Intelligence,0,0.0,26,0.0,True
8.0,0.0,15,3,1,2023,False,226,33,2,1,185.0,3419.0,3,False,True,Android,0,0.0,0,0.6,True
6.0,0.0,20,1,3,2023,False,301,47,2,1,680.0,2279.0,2,False,True,Artificial Intelligence,0,0.0,1,4.0,True
143.0,41.0,19,0,6,2026,True,60,35,3,1,864.0,917.0,4,True,False,Productivity,0,0.0,0,202.4,True
550.0,94.0,7,2,5,2026,True,61,33,3,1,5249.0,2853.0,6,True,False,Artificial Intelligence,0,0.0,0,0.0,True
240.0,25.0,7,2,6,2026,True,388,28,3,1,5.0,656.0,6,True,False,Fintech,7,236.0,1007,0.6,True
139.0,51.0,7,6,7,2026,True,406,46,3,3,806.0,804.0,6,False,False,Other,0,0.0,0,0.0,True
209.0,31.0,7,2,6,2026,True,252,27,3,1,5.0,2752.0,9,True,False,Other,0,0.0,12,197.7,True
624.0,54.0,0,1,6,2026,True,61,37,3,3,36269.0,1924.0,6,True,False,Productivity,0,0.0,3,270.9,True
117.0,71.0,7,1,5,2023,False,258,42,3,1,54399.0,970.0,6,True,True,Android,0,0.0,38,0.0,True
124.0,0.0,7,3,5,2023,True,268,59,2,1,5.0,586.0,3,True,True,Other,0,0.0,10,0.0,True
116.0,26.0,7,2,7,2026,True,64,40,3,1,5591.0,747.0,7,True,False,Other,0,0.0,2,0.0,True
201.0,95.0,7,5,7,2026,True,56,56,3,3,573.0,239.0,8,True,False,Other,0,0.0,0,0.0,False
19.0,1.0,23,4,5,2023,False,159,60,3,1,5.0,1250.0,4,False,True,Design Tools,0,0.0,12,4.1,True
256.0,14.0,7,1,6,2026,False,64,52,3,1,3584.0,29866.0,5,True,False,Productivity,0,0.0,1476,139.2,True
220.0,63.0,7,2,6,2026,True,77,53,3,1,5.0,454.0,6,False,False,Productivity,0,232.7,0,0.0,True
115.0,1.0,7,0,7,2023,True,144,45,3,1,229.0,3262.0,6,False,True,Developer Tools,0,0.0,0,184.8,True
1.0,0.0,22,5,5,2023,False,232,33,3,0,5.0,2992.0,4,True,True,Developer Tools,0,0.0,0,0.0,True
503.0,38.0,7,3,5,2026,True,50,58,3,1,2444.0,2173.0,8,True,False,Other,0,0.0,6,2.1,True
123.0,14.0,7,0,7,2023,True,396,59,2,1,48645.0,998.0,6,False,False,Writing,0,0.0,0,205.9,True
141.0,2.0,7,4,5,2026,True,479,38,1,1,1355.0,3152.0,0,True,False,Other,0,0.0,14,2.0,True
2.0,0.0,8,1,3,2023,False,220,9,1,0,245.0,87.0,1,False,False,Other,0,0.0,0,0.0,False
13.0,4.0,0,6,5,2026,False,304,37,3,1,570.0,47.0,4,False,False,Productivity,0,0.0,0,0.0,False
76.0,5.0,8,6,5,2023,True,194,50,3,1,119.0,1537.0,3,False,True,Chrome Extensions,0,0.0,0,0.0,False
510.0,27.0,7,2,7,2026,True,54,41,3,1,5.0,968.0,6,True,False,Web App,0,61.8,12,211.9,True
239.0,8.0,7,3,5,2023,True,61,37,1,1,789.0,10882.0,6,False,False,Productivity,0,0.0,0,54.6,True
124.0,0.0,7,4,5,2025,False,269,56,3,1,5.0,1098.0,3,False,True,Other,0,0.0,369,0.0,True
224.0,50.0,7,0,7,2026,True,52,52,3,3,1181.0,2247.0,4,True,True,Other,0,0.0,0,0.0,False
163.0,25.0,7,4,6,2026,True,255,50,3,1,1305.0,6134.0,5,True,False,Other,0,0.0,0,1.1,True
110.0,117.0,7,4,5,2023,False,256,47,3,3,5.0,5058.0,3,False,True,Other,0,0.0,15,3.3,True
163.0,53.0,7,3,5,2026,True,36,54,3,5,1120.0,3280.0,4,True,False,Other,0,0.0,0,202.3,True
127.0,65.0,7,4,7,2024,False,251,42,3,1,95271.0,14722.0,4,True,False,Artificial Intelligence,0,0.0,0,0.0,True
572.0,83.0,7,1,7,2026,True,43,43,3,1,140.0,1413.0,6,True,True,Other,0,0.0,0,0.0,False
107.0,63.0,7,6,7,2025,False,358,56,3,1,5242.0,68.0,4,False,True,Artificial Intelligence,0,0.0,0,218.9,True
128.0,2.0,7,3,7,2026,True,44,45,3,1,5.0,4621.0,8,False,False,Other,0,0.0,2,2.7,True
51.0,2.0,7,6,7,2023,True,261,51,1,1,167014.0,1934.0,8,True,False,Analytics,0,0.0,0,0.3,True
12.0,0.0,5,3,1,2023,False,202,40,3,1,690.0,882.0,1,False,True,Other,0,0.0,0,0.0,True
63.0,0.0,12,0,7,2023,True,232,35,3,1,5.0,593.0,4,False,False,Other,0,0.0,18,1.6,True
78.0,7.0,7,4,5,2026,False,62,24,5,1,5.0,934.0,4,False,False,SaaS,0,0.0,0,0.0,True
96.0,56.0,7,6,6,2026,True,59,51,3,1,2640.0,881.0,6,True,False,API,0,0.9,0,0.0,True
13.0,0.0,0,1,3,2023,False,212,55,3,5,4612.0,808.0,3,True,True,Android,0,0.0,2090,0.0,True
121.0,48.0,7,3,7,2023,False,52,37,3,0,1172.0,1369.0,6,True,True,Android,0,0.0,0,2.4,True
102.0,11.0,0,4,6,2026,True,456,47,3,1,212.0,846.0,5,True,False,Developer Tools,0,0.0,0,0.0,False
174.0,4.0,7,3,7,2026,True,25,41,3,1,1356.0,1825.0,7,True,False,Other,0,72.0,12,246.3,True
13.0,0.0,11,5,5,2023,False,190,45,3,1,5.0,1686.0,3,True,True,Health & Fitness,0,0.0,554,1.5,True
102.0,0.0,9,4,7,2023,False,256,49,3,1,5.0,1429.0,7,False,True,Open Source,0,0.0,0,1.8,True
2.0,2.0,9,4,7,2023,False,232,41,3,1,1320.0,576.0,7,False,True,Other,0,0.0,0,0.0,False
163.0,5.0,7,4,7,2023,True,269,26,2,1,5.0,734.0,6,True,False,API,0,0.0,0,0.0,True
7.0,0.0,16,6,4,2023,False,271,27,2,1,5.0,810.0,2,False,True,Other,0,0.0,0,0.0,True
1.0,1.0,7,5,1,2023,False,168,46,3,2,20601.0,1786.0,2,True,False,Other,0,0.0,120,234.46666666666667,False
191.0,0.0,7,2,7,2026,False,257,55,3,1,5.0,1996.0,7,True,False,Productivity,0,0.0,0,210.2,True
217.0,4.0,7,2,10,2026,True,52,23,3,3,820.0,2984.0,7,False,False,Artificial Intelligence,0,0.0,263,0.0,True
119.0,0.0,7,4,7,2026,False,60,60,3,1,3236.0,2285.0,4,True,False,API,0,1.9,4,0.0,True
19.0,0.0,4,3,5,2023,False,256,55,2,0,5.0,1379.0,1,True,True,Design Tools,0,2.2,22,0.0,True
114.0,12.0,1,1,5,2023,True,27,39,3,4,72274.0,14968.0,4,True,False,Android,0,0.0,13,0.0,True
107.0,87.0,7,6,7,2026,True,59,43,3,1,358.0,523.0,5,True,False,Open Source,0,0.0,0,395.6,True
83.0,11.0,7,1,3,2023,True,246,30,3,4,148407.0,2521.0,5,False,False,Artificial Intelligence,0,0.0,978,197.7361963190184,False
3.0,0.0,7,3,6,2023,True,41,49,2,1,4056.0,1362.0,5,False,False,Productivity,0,0.0,0,4.5,True
43.0,0.0,7,3,3,2023,False,211,26,1,1,5.0,1297.0,2,False,True,Android,0,0.0,6,1.6,True
150.0,26.0,0,0,6,2026,True,320,52,3,1,301.0,831.0,7,True,False,Analytics,0,0.0,0,0.0,False
10.0,0.0,7,4,3,2023,True,255,47,2,1,42453.0,2412.0,3,False,True,Web App,0,0.0,4,0.9,True
207.0,8.0,7,5,7,2026,True,279,38,3,1,3432.0,5276.0,8,True,False,Marketing,0,0.0,23,211.0,True
1.0,5.0,22,4,7,2023,False,177,23,1,1,141.0,2599.0,3,False,False,Open Source,0,0.0,0,4.6,True
144.0,0.0,7,3,7,2023,True,233,56,1,1,861.0,1812.0,5,False,True,Analytics,1,0.0,0,0.0,True
20.0,0.0,7,0,3,2023,False,138,44,3,1,265.0,729.0,1,False,True,API,1,9.0,1,9.0,False
170.0,43.0,7,3,5,2023,False,49,26,3,3,455.0,422.0,5,False,False,Web App,0,3.2,1734,1.0,True
971.0,0.0,12,3,3,2023,True,261,40,5,1,5.0,786.0,3,True,False,Hiring,0,0.0,0,1.0,True
153.0,13.0,7,2,7,2026,True,60,60,3,2,1584.0,4576.0,8,False,True,Productivity,1,164.0,1,164.0,False
158.0,44.0,7,1,5,2023,True,52,60,3,1,5.0,490.0,8,True,False,Other,0,2.0,0,0.0,True
437.0,1.0,7,4,5,2023,False,241,33,3,1,230494.0,10.0,3,True,True,Marketing,0,2.8,10,1.4,True
120.0,0.0,7,0,7,2023,True,239,28,2,1,5.0,876.0,7,False,False,API,0,0.0,0,0.0,True
77.0,0.0,14,3,1,2023,True,250,33,1,0,1785.0,546.0,2,False,True,Other,0,1.2,0,0.0,True
1.0,16.0,14,4,6,2023,False,248,17,3,3,66094.0,1334.0,6,False,False,Design Tools,0,0.0,0,232.3,True
154.0,3.0,16,0,7,2023,True,224,40,3,1,5.0,110.0,4,False,True,Design Tools,0,0.0,23,6.4,True
195.0,87.0,7,4,7,2023,True,214,58,3,3,183953.0,221.0,5,True,False,Other,0,0.0,1214,202.80724876441516,False
13.0,0.0,11,3,5,2023,True,242,29,1,5,18242.0,488.0,6,True,False,Android,0,0.0,0,0.0,True
12.0,3.0,7,5,3,2023,True,115,28,3,1,5.0,3606.0,2,False,True,Productivity,0,0.0,16,1.5,True
154.0,26.0,0,2,5,2026,True,404,50,3,1,256.0,2270.0,7,True,False,Productivity,0,0.0,0,0.0,False
3.0,0.0,13,1,3,2023,False,57,34,2,1,250.0,2868.0,1,False,True,Artificial Intelligence,0,0.0,0,0.0,False
3.0,1.0,5,6,5,2023,False,183,60,3,1,1390.0,396.0,2,False,True,Social Media,0,0.0,0,0.0,False
66.0,23.0,7,3,7,2023,True,255,28,3,1,145820.0,662.0,6,False,True,Health & Fitness,0,0.0,3,0.0,True
171.0,15.0,18,4,6,2026,False,47,32,2,1,2586.0,2220.0,6,True,False,Other,0,0.0,9,175.7,True
316.0,4.0,7,4,5,2026,True,59,41,3,1,2422.0,4679.0,9,True,False,Productivity,6,0.0,14,0.0,True
241.0,2.0,7,5,3,2023,False,58,31,3,1,5.0,633.0,5,False,False,Productivity,0,0.0,11,0.0,True
1.0,0.0,7,3,7,2023,False,247,42,3,1,5.0,2553.0,2,False,True,Other,0,0.0,5,1.5,True
97.0,0.0,8,1,3,2023,True,47,41,1,1,96273.0,1689.0,7,False,False,Other,0,0.0,9,0.0,True
105.0,0.0,19,4,7,2023,False,248,49,3,1,743.0,2271.0,4,True,True,Design Tools,0,0.0,14,0.0,True
19.0,0.0,8,3,3,2023,False,209,28,1,0,5.0,2344.0,3,True,True,Design Tools,0,0.0,0,0.6,True
247.0,57.0,7,4,7,2026,True,42,47,3,2,1059.0,4735.0,4,True,False,Productivity,1,274.9,11,0.0,True
1.0,4.0,17,3,3,2023,False,235,41,3,4,1037.0,1415.0,3,False,True,SaaS,0,1.1,3,0.0,True
5.0,2.0,7,3,5,2023,False,222,20,1,0,5.0,841.0,3,False,True,SaaS,0,0.0,262,0.6,True
162.0,0.0,7,6,7,2023,True,43,36,3,1,5.0,433.0,2,False,True,Productivity,0,0.0,5,0.7,True
510.0,14.0,1,4,7,2026,True,417,41,3,3,5.0,14808.0,7,True,False,Productivity,0,0.0,10,205.3,True
653.0,2.0,7,3,6,2023,False,264,38,4,7,1411.0,1605.0,6,False,True,Productivity,0,0.0,1537,0.3,True
81.0,7.0,7,5,5,2023,True,43,27,2,1,56.0,1056.0,1,False,True,Artificial Intelligence,1,12.0,0,0.0,False
241.0,15.0,0,4,7,2024,False,71,38,3,1,2689.0,1024.0,5,True,False,API,0,0.0,0,0.0,True
127.0,9.0,7,2,7,2026,True,313,26,3,0,987.0,30484.0,9,False,False,iOS,0,0.0,0,90.3,True
2.0,1.0,5,4,7,2023,False,202,55,3,1,198.0,169.0,4,False,True,Other,0,0.0,0,0.0,False
177.0,23.0,7,6,6,2026,True,47,55,3,1,313307.0,4621.0,8,True,False,Productivity,0,2.1,0,441.7,True
246.0,39.0,8,3,1,2023,True,244,57,4,6,40740.0,185.0,7,True,False,Other,0,0.0,250,372.2,False
95.0,1.0,6,3,7,2023,False,236,41,3,1,256389.0,3351.0,1,False,True,Web App,0,0.0,2,5.3,True
225.0,2.0,7,6,7,2023,False,238,58,3,1,5.0,462.0,6,True,False,Mac,0,0.0,0,0.4,True
1.0,0.0,14,3,10,2023,False,270,21,2,3,822.0,4174.0,4,False,True,Other,0,0.0,353,0.5,True
23.0,56.0,7,2,5,2026,False,49,55,3,1,2954.0,981.0,6,True,False,Design Tools,0,0.0,630,0.0,True
219.0,24.0,7,3,11,2023,False,61,46,3,1,1583.0,684.0,4,False,False,Design Tools,0,0.0,0,196.7,True
14.0,7.0,7,3,7,2025,False,221,38,2,1,5.0,676.0,3,False,False,Writing,0,2.3,306,0.0,True
18.0,4.0,7,4,3,2026,False,205,59,2,1,5.0,2538.0,4,True,False,Other,0,3.1,0,0.0,True
132.0,0.0,4,1,5,2023,False,193,27,2,1,5.0,1692.0,2,False,True,Writing,0,0.0,0,0.0,True
150.0,66.0,7,1,7,2023,True,73,51,3,1,5.0,10.0,6,False,False,Productivity,0,0.0,28,205.8,True
213.0,51.0,7,3,7,2026,True,67,38,3,1,41299.0,1050.0,7,True,False,Chrome Extensions,0,0.0,8,0.0,True
413.0,51.0,1,4,7,2026,True,32,60,3,1,1743.0,8490.0,8,False,False,Writing,1,232.0,22,20.1,True
3.0,1.0,2,1,3,2023,False,218,35,4,1,183.0,4413.0,3,False,True,Android,0,0.0,0,0.0,False
174.0,0.0,7,3,7,2025,True,32,35,4,0,837.0,989.0,2,True,False,Fintech,0,0.0,14,5.5,True
113.0,13.0,12,6,5,2023,True,153,30,3,2,53941.0,5383.0,6,False,True,Design Tools,0,0.0,12,0.8,True
236.0,11.0,7,2,10,2026,True,406,39,3,3,86033.0,2720.0,5,True,False,Developer Tools,0,0.0,0,0.0,True
171.0,0.0,1,4,11,2023,False,250,34,3,1,5.0,5791.0,4,False,True,Mac,0,0.0,4,2.2,True
298.0,11.0,7,1,7,2026,True,500,39,3,1,1785.0,696.0,6,True,False,Other,9,267.0,0,0.0,True
4.0,0.0,7,5,6,2026,False,50,50,1,3,74.0,850.0,7,True,False,Other,0,0.0,0,0.0,False
1.0,0.0,5,1,3,2023,True,277,32,3,1,1974.0,2871.0,2,False,True,Other,0,0.0,0,3.1,True
7.0,3.0,8,3,1,2023,False,249,33,5,1,1195.0,116.0,6,False,True,Design Tools,0,0.0,0,0.0,False
303.0,43.0,9,1,5,2026,True,204,36,3,1,31.0,10.0,6,True,False,Health & Fitness,0,0.0,0,0.0,False
2.0,1.0,4,3,1,2023,False,187,52,2,1,60.0,1187.0,2,False,True,Web App,0,0.0,0,0.0,False
72.0,3.0,10,4,7,2023,True,217,49,4,1,5.0,2405.0,6,False,True,Android,0,0.0,0,0.0,False
13.0,0.0,7,0,1,2023,False,204,33,3,2,3999.0,1331.0,7,False,True,API,0,0.0,0,0.0,True
101.0,3.0,7,3,7,2023,True,224,39,3,1,432.0,394.0,4,True,True,Other,0,0.0,0,0.0,False
14.0,0.0,5,4,7,2023,True,239,27,1,1,5.0,2944.0,3,False,True,Marketing,0,3.1,563,0.7,True
285.0,61.0,7,2,6,2025,True,372,52,3,1,2202.0,2957.0,9,True,False,Other,0,0.0,6,309.0,True
193.0,6.0,7,1,5,2026,True,72,50,3,3,1962.0,709.0,5,False,False,Other,1,0.0,8,423.8,True
105.0,1.0,8,5,5,2023,True,255,46,3,1,5.0,5300.0,6,True,False,Email,0,2.8,0,2.1,True
207.0,39.0,7,3,6,2026,True,59,59,2,1,1788.0,4724.0,7,False,True,API,1,177.0,1,177.0,False
4.0,0.0,7,3,3,2023,True,257,51,1,1,5.0,2182.0,5,False,False,Other,0,0.0,9,0.0,True
160.0,2.0,7,3,7,2026,True,78,34,3,2,5.0,4114.0,4,True,False,Productivity,0,30.5,0,3.3,True
19.0,4.0,4,3,5,2023,False,265,60,2,1,5.0,177.0,2,False,True,Design Tools,0,0.0,498,0.0,True
123.0,0.0,8,3,5,2023,False,68,43,3,1,1055.0,1586.0,2,True,True,Developer Tools,0,1.1,8,0.0,True
7.0,2.0,15,4,1,2023,False,242,60,3,1,53.0,2376.0,1,False,True,Hiring,0,0.0,0,0.0,False
18.0,3.0,0,5,5,2026,False,196,52,3,1,590.0,426.0,5,False,False,Chrome Extensions,0,0.0,0,0.0,False
199.0,16.0,13,0,12,2022,True,251,34,3,1,551.0,1025.0,4,False,False,Open Source,0,0.0,0,0.0,False
96.0,13.0,8,6,5,2023,True,199,34,4,1,380.0,1922.0,8,False,True,Android,0,0.0,0,0.0,False
17.0,31.0,0,3,5,2026,False,42,58,3,1,5.0,6293.0,6,True,False,Other,0,0.0,31,0.0,True
16.0,0.0,13,5,5,2023,False,46,60,3,1,1303.0,295.0,1,False,False,Developer Tools,0,0.2,0,0.0,True
28.0,24.0,7,6,6,2026,True,48,48,3,3,613.0,1433.0,5,False,False,Other,0,0.0,0,0.0,False
1.0,0.0,7,3,3,2023,False,269,39,3,1,5.0,1197.0,3,False,True,Design Tools,0,0.0,6,3.5,True
3.0,1.0,5,4,5,2023,False,258,49,3,1,64.0,448.0,12,True,False,Productivity,0,0.0,0,0.0,False
105.0,45.0,7,1,7,2024,True,237,39,3,1,5.0,896.0,6,True,True,API,0,0.8,0,204.0,True
133.0,2.0,7,4,7,2023,False,261,33,3,3,3436.0,3637.0,9,True,False,Design Tools,0,0.0,0,0.0,True
1.0,7.0,14,3,1,2023,False,241,22,1,1,423.0,2210.0,4,False,True,Other,0,0.4,0,3.0,True
7.0,19.0,7,3,7,2026,False,48,40,3,3,468.0,2515.0,5,False,False,Web App,0,0.0,11,1.7,True
126.0,5.0,2,4,6,2026,True,343,54,3,1,59.0,701.0,7,True,False,Mac,0,0.0,0,0.0,False
84.0,24.0,7,6,7,2026,False,271,34,3,1,5785.0,262.0,6,False,False,Artificial Intelligence,0,1.8,0,0.0,True
125.0,4.0,7,4,7,2023,True,261,49,3,1,5.0,1227.0,4,False,False,Other,0,0.0,0,0.2,True
78.0,5.0,8,3,1,2023,True,223,39,2,1,58.0,475.0,3,False,True,Web App,0,0.0,0,0.0,False
118.0,7.0,12,4,7,2026,False,366,38,3,3,565.0,2612.0,4,True,False,Education,0,3.1,0,0.6,True
154.0,4.0,7,4,6,2023,False,278,50,5,1,5.0,190.0,6,True,False,Other,0,0.0,7,0.6,True
163.0,18.0,9,4,7,2026,False,270,58,3,2,5.0,2589.0,4,True,False,Education,0,0.0,0,0.0,True
3.0,0.0,12,0,3,2023,False,188,41,5,1,205.0,1056.0,6,True,True,Android,0,0.0,0,0.0,False
114.0,20.0,7,0,3,2023,True,248,29,3,2,21849.0,3482.0,3,True,False,Other,3,113.0,133,217.0375939849624,False
222.0,18.0,7,4,7,2023,False,187,59,3,1,1285.0,1094.0,6,True,False,Design Tools,0,0.0,9,0.0,True
93.0,0.0,3,1,7,2023,True,61,33,3,1,5.0,237.0,1,False,False,Fintech,0,0.0,0,206.2,True
3.0,1.0,7,4,1,2023,False,87,26,1,0,722.0,142.0,1,False,False,Artificial Intelligence,0,0.0,0,0.0,False
83.0,149.0,7,1,6,2026,True,56,30,3,2,2959.0,11111.0,6,True,False,API,0,172.0,1,0.0,True
98.0,13.0,7,4,7,2023,True,226,37,3,1,486.0,1195.0,3,True,False,Other,0,0.0,2,0.0,True
141.0,2.0,7,1,5,2023,False,80,44,3,0,2245.0,2660.0,3,False,True,Design Tools,0,0.0,6,0.0,True
664.0,17.0,7,3,5,2024,True,60,58,3,1,775.0,1826.0,5,True,False,Artificial Intelligence,0,0.0,0,0.6,True
117.0,3.0,7,0,4,2023,True,327,39,3,1,2771.0,2459.0,6,False,False,SaaS,0,0.0,12,2.9,True
60.0,19.0,4,3,5,2023,False,412,48,3,1,1851.0,1288.0,4,False,True,Design Tools,0,0.0,0,0.0,True
4.0,1.0,0,6,5,2026,False,289,47,3,1,14.0,5521.0,1,False,False,Productivity,0,0.0,0,0.0,False
42.0,0.0,5,5,1,2023,False,377,26,2,1,5.0,2456.0,3,False,False,Other,0,0.0,0,0.0,True
100.0,10.0,0,2,6,2026,True,196,35,3,1,341.0,889.0,2,True,False,Open Source,0,0.0,0,0.0,False
10.0,0.0,4,6,7,2023,False,216,27,1,5,5.0,4146.0,6,False,True,Productivity,0,0.0,27,2.3,True
6.0,0.0,7,6,5,2023,False,256,59,3,1,62.0,612.0,1,False,True,Other,0,0.0,0,0.0,False
153.0,0.0,16,0,7,2023,False,302,47,3,1,5115.0,3433.0,3,False,True,Developer Tools,0,0.0,733,0.0,True
261.0,77.0,7,5,5,2023,True,235,56,3,1,56.0,584.0,3,False,True,Other,0,0.0,0,0.0,False
12.0,0.0,7,3,7,2023,False,224,59,2,1,5.0,2265.0,6,True,True,Android,0,0.0,7,0.0,True
132.0,0.0,12,4,5,2023,False,173,56,3,1,1441.0,4975.0,4,False,True,Design Tools,0,0.0,0,5.4,True
136.0,110.0,7,4,7,2026,True,64,49,3,0,24192.0,25959.0,6,True,False,Marketing,0,0.0,0,2.7,True
56.0,3.0,7,1,7,2023,False,246,51,3,2,1386.0,10.0,6,False,False,Productivity,0,0.0,0,0.4,True
91.0,3.0,7,0,5,2023,False,178,39,3,0,5.0,5782.0,8,False,False,Marketing,0,0.0,0,0.8,True
1.0,0.0,21,1,7,2023,False,267,32,3,1,1853.0,10.0,6,False,True,Chrome Extensions,0,0.0,0,0.0,True
151.0,119.0,7,5,7,2026,True,62,57,3,2,5.0,1046.0,9,True,False,Writing,0,0.0,0,215.4,True
326.0,98.0,7,6,7,2026,True,60,60,3,2,348.0,2505.0,6,False,False,Other,0,0.0,0,0.0,False
1.0,5.0,13,1,3,2023,False,351,35,1,1,1694.0,1177.0,2,False,True,Design Tools,0,0.0,2,0.0,True
9.0,0.0,15,0,7,2023,True,266,52,3,1,5.0,10.0,5,False,False,Other,0,0.0,0,2.2,True
144.0,40.0,1,6,9,2026,False,413,43,3,2,4676.0,6143.0,6,True,False,Other,11,0.0,14,378.4,True
234.0,10.0,7,3,5,2026,True,58,48,3,2,5.0,819.0,6,False,False,Design Tools,1,0.0,0,0.0,True
158.0,19.0,7,1,3,2023,True,249,54,3,1,2500.0,1692.0,7,True,False,Education,0,0.0,0,0.0,True
152.0,100.0,0,4,7,2023,True,236,37,3,1,5.0,3516.0,6,False,False,Other,0,0.0,1867,0.0,True
401.0,0.0,7,0,3,2023,False,137,46,3,2,836.0,2680.0,6,True,True,Fintech,0,0.0,7,3.0,True
218.0,22.0,1,4,5,2026,True,56,39,3,2,39790.0,269.0,6,True,False,Other,0,12.7,16,203.9,True
95.0,1.0,5,3,5,2026,False,248,38,3,3,5.0,7738.0,8,True,False,Other,0,0.0,0,1.9,True
88.0,24.0,1,4,6,2026,True,254,60,3,2,44441.0,6192.0,6,False,False,Other,0,4.7,4,0.4,True
213.0,13.0,7,0,10,2026,False,67,55,3,1,268.0,1283.0,6,False,False,Other,0,0.0,0,1.7,True
1.0,1.0,3,3,7,2023,False,208,51,3,1,632.0,814.0,6,False,True,Other,0,0.0,0,0.0,False
623.0,44.0,7,1,6,2026,True,64,19,3,2,294763.0,9728.0,6,True,False,Productivity,1,0.0,0,316.9,True
1.0,2.0,7,0,7,2023,True,253,60,1,1,1453.0,468.0,8,False,True,SaaS,0,2.1,0,1.9,True
12.0,2.0,19,0,3,2023,False,233,52,3,3,69645.0,1444.0,1,False,False,Social Media,0,0.0,452,201.73451327433628,False
25.0,0.0,5,0,3,2023,False,190,52,2,1,1983.0,412.0,5,False,True,SaaS,0,0.0,0,0.0,True
100.0,51.0,7,4,5,2026,False,391,54,3,1,909.0,8026.0,6,True,False,Open Source,33,0.0,0,0.0,True
69.0,3.0,7,1,7,2023,True,247,25,3,1,5.0,724.0,3,False,True,Design Tools,0,0.0,0,0.0,True
222.0,93.0,7,2,7,2026,True,50,40,3,1,1454.0,2747.0,4,False,False,Productivity,0,315.5,9,1.2,True
88.0,57.0,7,1,7,2023,True,205,40,3,2,171605.0,616.0,7,False,False,Other,0,0.0,6,4.8,True
115.0,13.0,0,3,5,2026,True,479,50,3,1,186.0,1455.0,6,True,False,Productivity,0,0.0,0,0.0,False
99.0,100.0,7,6,5,2026,False,259,42,3,1,1063.0,753.0,5,True,False,Other,0,4.1,0,0.0,True
1188.0,40.0,20,4,7,2023,False,479,57,2,8,5.0,718.0,6,True,False,Productivity,0,3.2,5,2.3,True
255.0,42.0,7,6,5,2026,True,247,48,3,1,5.0,3764.0,4,True,False,API,0,0.0,0,0.0,True
138.0,2.0,11,6,5,2023,False,256,26,3,1,5.0,2523.0,6,False,True,Design Tools,0,0.0,1,2.2,True
1.0,0.0,7,3,5,2023,True,128,57,2,1,5.0,1076.0,7,False,True,Analytics,0,0.0,11,1.2,True
169.0,3.0,7,1,7,2025,True,218,46,1,1,5.0,425.0,2,False,True,Developer Tools,0,0.0,0,2.7,True
6.0,0.0,15,5,1,2023,False,283,30,3,1,5.0,862.0,3,False,True,Productivity,0,0.0,0,3.0,True
64.0,6.0,19,0,3,2023,True,241,59,5,0,697.0,160.0,3,False,False,Web App,0,0.0,0,0.0,False
697.0,15.0,7,3,10,2025,True,242,58,3,3,20480.0,4781.0,6,True,False,Other,0,0.0,16,221.6,True
127.0,48.0,7,0,7,2026,True,57,60,1,1,79003.0,27000.0,9,False,False,API,0,0.0,12,220.4,True
106.0,0.0,7,3,7,2023,True,280,22,2,1,5.0,2568.0,5,False,True,Artificial Intelligence,0,0.0,6,1.5,True
73.0,2.0,10,3,1,2023,True,249,31,1,1,209.0,3572.0,2,True,True,Other,0,0.0,0,0.0,False
9.0,7.0,13,1,3,2023,False,163,52,3,1,31620.0,3593.0,0,False,True,Design Tools,0,0.0,0,0.0,True
119.0,9.0,7,2,6,2026,False,32,32,3,1,5.0,1210.0,5,True,True,Productivity,0,0.0,0,0.0,False
539.0,102.0,0,1,6,2026,True,162,25,3,1,4289.0,10042.0,7,False,False,Mac,4,398.25,4,398.25,False
108.0,0.0,7,4,7,2023,False,223,53,1,0,55034.0,956.0,4,True,True,Other,0,0.0,0,0.0,True
285.0,26.0,7,6,5,2026,True,400,49,3,1,5.0,2053.0,4,True,False,Design Tools,0,0.0,0,0.0,True
135.0,3.0,7,6,3,2023,True,214,45,3,1,5.0,694.0,6,True,False,Productivity,0,0.0,12,0.0,True
16.0,16.0,8,4,5,2023,True,247,27,2,1,5.0,2835.0,7,False,False,Other,0,35.7,0,0.0,True
144.0,12.0,0,1,6,2026,True,211,51,3,1,760.0,880.0,4,True,False,Design Tools,0,0.0,0,0.0,False
7.0,1.0,11,4,1,2023,False,34,21,1,1,95.0,1868.0,1,False,True,Other,0,0.0,0,0.0,False
307.0,36.0,7,6,7,2026,False,50,39,3,7,5.0,1717.0,4,True,False,Analytics,0,0.0,29,0.7,True
142.0,0.0,1,6,7,2026,False,186,37,2,1,34043.0,5669.0,6,True,True,Productivity,0,0.0,5,0.0,True
235.0,0.0,7,5,7,2023,True,254,39,3,1,585549.0,2424.0,6,False,False,API,0,0.7,3,0.0,True
16.0,1.0,19,4,5,2023,True,59,44,4,1,1441.0,4200.0,6,True,False,Health & Fitness,0,0.3,23,0.0,True
23.0,9.0,0,6,6,2026,False,431,56,3,1,421.0,4074.0,7,True,False,Productivity,0,0.0,0,0.0,False
220.0,14.0,7,3,5,2026,True,39,36,1,3,624.0,2334.0,6,True,False,Android,0,0.0,0,2.1,True
127.0,14.0,7,4,7,2026,True,200,31,3,3,3630.0,2535.0,5,True,False,Other,0,0.0,2,0.0,True
13.0,3.0,8,4,1,2023,False,257,54,3,2,15671.0,181.0,6,True,False,Productivity,0,0.0,88,269.57954545454544,False
135.0,0.0,7,3,7,2023,False,28,33,3,1,1232.0,1177.0,2,True,True,Productivity,0,0.5,9,165.1,True
92.0,1.0,7,4,1,2023,True,399,36,3,0,5.0,2232.0,8,False,False,Other,0,0.0,0,0.0,True
140.0,1.0,7,0,7,2026,True,71,23,4,1,5.0,5776.0,6,False,False,Other,0,0.0,0,0.0,True
153.0,42.0,7,0,6,2026,True,256,34,3,0,553.0,1990.0,4,True,False,Design Tools,0,0.0,0,0.0,True
215.0,3.0,0,1,5,2024,False,447,34,3,1,4185.0,1570.0,6,True,False,Design Tools,0,0.0,11,1.2,True
7.0,1.0,7,4,5,2023,False,207,34,2,0,5.0,627.0,5,True,True,Design Tools,0,0.0,7,2.7,True
1.0,1.0,9,3,7,2023,True,238,28,3,1,5.0,1372.0,6,False,False,Productivity,0,0.0,11,0.0,True
15.0,0.0,5,1,5,2023,True,272,41,2,1,2160.0,538.0,2,False,True,Education,0,0.0,0,0.0,True
124.0,0.0,7,4,7,2026,False,69,60,3,3,5.0,911.0,5,True,False,API,0,0.0,0,0.0,True
443.0,44.0,7,0,7,2026,False,44,60,3,1,1851.0,4586.0,6,False,False,Other,1,0.0,31,0.8,True
88.0,4.0,8,3,1,2023,True,218,58,3,2,10602.0,2219.0,3,False,False,Open Source,0,0.0,36,469.0,False
4.0,1.0,11,1,3,2023,False,253,55,3,1,117.0,1444.0,3,False,True,Other,0,0.0,0,0.0,False
176.0,29.0,0,4,5,2026,True,191,30,3,1,174.0,1006.0,3,False,False,Social Media,0,0.0,0,0.0,False
143.0,47.0,7,6,5,2025,True,76,56,3,3,832.0,533.0,6,True,False,Chrome Extensions,0,0.0,0,0.0,True
269.0,37.0,7,0,7,2026,True,211,38,3,1,54982.0,664.0,4,True,False,Other,0,0.0,12,182.5,True
140.0,1.0,7,0,7,2023,True,192,26,3,1,3360.0,1194.0,5,False,True,Productivity,0,0.2,0,1.3,True
144.0,4.0,0,4,5,2023,False,76,41,5,1,1952.0,4314.0,6,False,False,Marketing,0,0.0,1911,0.0,True
13.0,5.0,14,5,5,2023,True,286,43,3,1,284973.0,604.0,10,True,True,Education,0,0.0,20,0.0,True
125.0,0.0,14,3,5,2023,True,75,56,3,1,5.0,3159.0,6,True,False,Developer Tools,0,0.0,11,2.8,True
84.0,0.0,4,3,7,2023,True,232,31,1,1,2192.0,5344.0,8,False,True,Marketing,0,0.0,0,0.0,True
270.0,0.0,7,3,5,2023,True,236,43,3,1,511.0,519.0,8,False,True,Productivity,0,0.0,19,0.0,True
135.0,0.0,7,3,7,2023,False,229,57,5,3,5.0,6057.0,0,False,True,Health & Fitness,0,0.0,14,1.4,True
409.0,147.0,7,3,7,2023,True,108,50,3,20,1455552.0,1613.0,7,False,False,Other,0,0.0,9690,209.21764705882353,False
280.0,10.0,7,4,5,2026,True,180,39,3,1,145382.0,1051.0,8,False,False,Mac,3,1.7,10,396.8,True
225.0,48.0,8,4,1,2023,True,249,38,3,5,61556.0,1942.0,4,True,False,Productivity,0,0.0,396,265.1515151515151,False
268.0,10.0,6,4,7,2026,True,363,30,3,1,5.0,11500.0,9,False,False,Other,0,0.0,14,0.0,True
453.0,47.0,7,4,5,2026,False,53,59,3,2,2987.0,3894.0,4,True,False,Other,6,0.0,4,173.3,True
113.0,14.0,7,3,5,2023,True,199,39,2,1,1006.0,1499.0,15,False,False,Other,0,0.0,1,0.0,True
58.0,45.0,0,0,10,2026,True,66,57,3,1,1477.0,604.0,6,True,False,Developer Tools,7,0.0,0,295.1,True
1.0,0.0,14,0,5,2023,True,256,17,2,1,246693.0,1387.0,7,False,True,Android,0,0.0,0,0.0,True
228.0,27.0,7,2,7,2026,True,75,37,3,1,3031.0,7496.0,6,True,False,Productivity,0,0.0,0,450.2,True
138.0,0.0,7,3,5,2023,True,344,60,3,1,1413.0,343.0,5,True,True,Other,0,1.4,16,197.3,True
14.0,0.0,8,6,3,2023,True,366,42,1,0,5.0,2503.0,3,False,True,Design Tools,0,0.0,17,0.0,True
150.0,62.0,7,0,7,2026,True,57,55,3,1,5.0,1030.0,8,True,False,Productivity,0,207.6,25,0.0,True
111.0,1.0,7,0,5,2023,False,278,28,3,1,5.0,996.0,6,False,False,Other,0,0.0,0,201.1,True
197.0,1.0,7,5,5,2023,True,279,48,3,1,91854.0,10.0,9,False,False,Education,0,0.0,0,164.6,True
364.0,52.0,7,1,5,2024,True,358,48,3,20,66430.0,712.0,6,False,False,iOS,9,0.0,0,247.1,True
138.0,0.0,7,2,5,2023,False,30,46,3,19,242.0,1314.0,4,False,True,Other,0,0.0,0,1.8,True
21.0,78.0,7,6,5,2026,True,34,38,2,1,344466.0,17250.0,9,True,False,Other,0,0.0,0,4.6,True
156.0,34.0,7,2,7,2026,True,62,52,3,2,2880.0,789.0,8,True,False,Productivity,0,0.0,1,170.2,True
240.0,57.0,7,5,7,2026,False,265,53,3,1,5.0,446.0,6,True,False,Writing,7,0.0,0,322.0,True
95.0,83.0,7,3,7,2023,True,373,23,3,3,133162.0,3053.0,6,False,False,Developer Tools,0,0.0,0,187.9,True
15.0,37.0,7,0,7,2023,True,59,47,3,1,5.0,1223.0,6,True,False,iOS,0,0.0,0,2.8,True
82.0,0.0,14,3,5,2023,False,262,51,2,1,497.0,852.0,6,False,False,Productivity,0,0.0,0,192.2,True
192.0,13.0,7,6,7,2026,True,500,42,3,2,5.0,18537.0,7,True,False,Productivity,25,174.7,0,48.3,True
59.0,5.0,19,1,7,2023,True,291,58,2,1,713.0,1021.0,4,False,False,Other,0,0.0,0,114.3,True
124.0,0.0,15,0,1,2023,False,253,16,2,0,5.0,5467.0,6,False,True,Android,0,0.0,0,3.3,True
199.0,0.0,7,2,7,2026,False,64,57,3,1,4071.0,1275.0,5,False,False,Other,0,0.0,0,326.1,True
1.0,1.0,14,3,7,2023,True,247,41,2,1,5.0,331.0,4,False,True,Other,0,0.0,0,0.0,True
5.0,0.0,12,4,1,2023,False,264,22,1,1,234.0,1573.0,1,False,True,Other,0,0.0,0,0.0,False
116.0,0.0,7,3,7,2023,True,174,42,1,1,582.0,560.0,7,True,False,Productivity,0,0.0,3,0.8,True
6.0,0.0,7,0,7,2023,False,246,58,4,1,827.0,4182.0,1,False,True,Design Tools,0,0.1,0,0.6,True
220.0,64.0,7,4,7,2026,True,45,53,3,1,5.0,6964.0,6,False,False,Other,18,0.0,3,371.2,True
254.0,2.0,7,6,3,2023,False,64,43,3,3,5.0,2014.0,5,False,True,Other,0,0.0,7,0.1,True
230.0,14.0,7,3,7,2026,True,77,39,3,1,4131.0,4232.0,6,True,False,Other,0,0.0,0,2.3,True
122.0,16.0,0,0,5,2026,True,131,50,3,1,165.0,2147.0,5,True,False,Analytics,0,0.0,0,0.0,False
68.0,10.0,15,0,3,2023,True,152,59,3,1,267.0,2352.0,3,False,True,Other,0,0.0,0,0.0,False
24.0,0.0,7,4,7,2023,False,248,51,3,3,922.0,4241.0,1,True,False,Other,0,0.0,0,0.0,True
438.0,4.0,7,3,7,2026,True,61,33,3,2,5.0,537.0,9,False,False,Other,12,0.0,2,1.6,True
69.0,2.0,13,5,7,2023,False,261,59,3,1,1583.0,10.0,1,True,True,Design Tools,0,2.1,0,0.0,True
22.0,0.0,20,4,1,2023,False,147,58,3,1,5.0,857.0,1,True,True,Productivity,0,0.0,1193,0.0,True
242.0,82.0,7,6,7,2023,True,58,57,3,1,5.0,5367.0,8,False,False,Productivity,12,0.0,0,0.0,True
138.0,3.0,5,5,5,2023,False,246,57,3,1,44584.0,3793.0,2,False,False,Other,0,0.0,13,0.0,True
126.0,15.0,0,1,5,2026,False,404,59,3,1,253.0,2677.0,6,True,False,Productivity,0,0.0,0,0.0,False
2.0,1.0,6,5,1,2023,False,254,59,3,1,42.0,279.0,7,False,True,Productivity,0,0.0,0,0.0,False
6.0,2.0,14,0,3,2023,False,129,34,3,1,274.0,893.0,4,False,True,Other,0,0.0,0,0.0,False
148.0,1.0,7,4,7,2023,False,197,55,3,1,5.0,801.0,6,False,True,Design Tools,0,0.0,0,1.7,True
111.0,0.0,7,3,5,2023,True,236,58,2,1,1637.0,237.0,5,True,True,Open Source,0,0.0,0,0.0,True
263.0,11.0,7,2,6,2026,True,440,60,3,3,4235.0,4227.0,6,True,False,Fintech,0,0.0,0,73.0,True
5.0,1.0,7,6,5,2023,False,166,49,3,1,62.0,2331.0,2,False,True,Design Tools,0,0.0,0,0.0,False
102.0,3.0,9,3,6,2026,True,158,51,3,1,926.0,590.0,6,False,False,Health & Fitness,0,0.0,0,0.0,False
5.0,0.0,23,4,5,2023,False,132,40,4,1,6.0,848.0,1,False,True,API,0,0.0,0,0.0,False
113.0,11.0,0,4,5,2026,True,216,57,3,1,54.0,37.0,6,True,False,Other,0,0.0,0,0.0,False
5.0,0.0,7,4,5,2023,False,261,47,4,0,2159.0,752.0,3,False,True,Other,0,0.1,0,0.0,True
3.0,0.0,8,3,1,2023,False,203,57,3,1,5.0,4566.0,1,False,True,Other,0,0.0,1,0.0,True
12.0,2.0,12,5,1,2023,True,270,27,1,0,1774.0,2316.0,3,False,True,SaaS,0,0.3,16,5.3,True
80.0,27.0,0,2,5,2023,True,65,40,3,2,493425.0,3513.0,6,False,False,Productivity,0,0.0,19,222.5,True
139.0,0.0,23,5,5,2023,False,257,43,1,1,79508.0,1786.0,7,True,True,Design Tools,0,0.0,0,0.3,True
130.0,192.0,1,2,7,2026,True,77,58,3,1,5.0,3484.0,6,True,False,Productivity,0,0.0,16,67.5,True
89.0,53.0,7,2,4,2026,False,500,49,3,3,5.0,1971.0,4,True,False,Productivity,0,0.0,0,218.7,True
8.0,5.0,7,0,3,2023,False,106,57,3,1,870.0,816.0,5,False,True,Productivity,0,0.0,0,0.0,False
227.0,0.0,7,2,7,2026,True,45,60,3,2,5.0,29928.0,6,False,False,Other,0,1.6,13,2.5,True
825.0,44.0,0,2,6,2026,True,62,54,3,2,17038.0,993.0,6,False,False,iOS,0,0.0,13,0.0,True
5.0,1.0,7,1,3,2023,False,231,38,3,1,5.0,10.0,3,False,True,Other,0,1.7,269,0.0,True
3.0,0.0,8,3,5,2023,False,241,41,2,2,746.0,973.0,3,False,True,Design Tools,0,0.0,4,0.5,True
193.0,14.0,7,4,7,2023,True,207,31,3,3,1486.0,5157.0,4,False,False,Other,2,0.0,0,0.0,True
1.0,0.0,10,1,3,2023,True,266,22,4,2,2546.0,28.0,4,False,True,Health & Fitness,0,0.0,0,0.0,True
115.0,0.0,7,0,5,2026,True,73,24,3,6,2595.0,1152.0,4,True,False,Mac,0,0.0,8,2.6,True
414.0,61.0,0,4,5,2026,False,74,36,3,1,5.0,2980.0,5,True,False,API,17,0.0,14,270.5,True
74.0,3.0,7,0,7,2026,True,251,55,2,1,61.0,2299.0,4,False,False,Other,0,0.0,0,1.5,True
144.0,15.0,0,3,5,2026,False,176,41,3,1,7737.0,20674.0,5,True,False,Other,29,362.7586206896552,29,362.7586206896552,False
1.0,0.0,10,4,7,2023,False,217,33,1,1,940.0,750.0,2,True,True,Marketing,0,0.0,3,0.0,True
2.0,2.0,7,0,7,2023,True,53,42,2,7,1547.0,706.0,4,False,True,Android,0,1.3,0,1.0,True
115.0,22.0,7,3,7,2026,False,77,52,3,1,1892.0,195.0,8,True,False,Productivity,1,0.0,7,0.4,True
141.0,264.0,1,0,7,2026,False,61,54,3,3,1609.0,19178.0,6,True,False,Education,0,254.7,11,256.3,True
109.0,13.0,7,0,7,2026,False,68,48,3,0,5.0,1134.0,4,True,False,API,0,0.0,1181,0.0,True
147.0,0.0,18,5,5,2023,False,191,31,3,1,1019.0,5568.0,2,False,True,Chrome Extensions,0,0.0,5,0.0,True
5.0,0.0,4,4,8,2023,False,73,34,3,2,2121.0,2844.0,6,False,True,Design Tools,0,0.0,0,2.0,True
3.0,0.0,7,3,5,2023,False,256,55,3,1,14.0,2974.0,2,False,True,Productivity,0,2.0,23,0.0,True
115.0,3.0,7,4,7,2026,False,500,55,3,1,5131.0,2843.0,3,False,False,Developer Tools,0,0.0,0,1.4,True
130.0,5.0,0,3,5,2026,False,171,39,3,1,8180.0,20340.0,5,True,False,Other,30,355.46666666666664,30,355.46666666666664,False
13.0,0.0,7,3,7,2023,False,248,36,3,1,265.0,1958.0,4,False,False,Other,0,0.0,0,1.3,True
158.0,14.0,0,1,6,2026,True,360,42,3,1,1657.0,5303.0,5,False,False,Chrome Extensions,1,172.0,1,172.0,False
101.0,15.0,8,0,6,2026,True,207,56,3,1,327.0,1830.0,5,False,False,Productivity,0,0.0,0,0.0,False
90.0,1.0,19,3,7,2023,True,200,56,1,1,5.0,3437.0,5,True,False,Design Tools,0,0.0,0,0.6,True
10.0,0.0,21,4,3,2023,False,263,60,1,1,300228.0,1003.0,1,False,True,Productivity,0,1.9,12,0.0,True
2.0,3.0,8,3,1,2023,False,254,52,3,1,53.0,139.0,4,False,True,Chrome Extensions,0,0.0,0,0.0,False
4.0,1.0,19,3,7,2023,False,112,23,1,0,255120.0,2742.0,12,False,True,Other,0,1.4,4,0.0,True
213.0,51.0,7,1,5,2026,False,51,51,3,1,104342.0,1381.0,6,True,False,Web App,7,0.0,4,0.0,True
111.0,49.0,7,4,7,2024,False,203,47,3,1,1645.0,10.0,7,True,False,Other,0,0.3,0,207.6,True
18.0,12.0,7,6,7,2026,False,48,48,3,1,272.0,4299.0,6,False,False,Productivity,0,0.0,0,0.0,False
115.0,111.0,7,2,9,2026,True,49,59,3,3,1484.0,1749.0,7,False,False,Productivity,0,186.0,1772,1.6,True
110.0,2.0,13,6,1,2023,False,483,51,4,0,5.0,440.0,4,True,True,Analytics,0,2.0,5,0.0,True
18.0,83.0,7,2,7,2026,True,71,49,3,3,237.0,11244.0,6,True,False,Productivity,0,0.0,0,0.8,True
18.0,0.0,6,0,5,2023,False,272,36,3,1,5.0,3762.0,3,False,False,Education,0,0.0,0,2.2,True
22.0,0.0,7,0,6,2026,False,52,52,1,3,38.0,17.0,6,True,False,Productivity,0,0.0,0,0.0,False
13.0,0.0,7,3,3,2023,True,438,50,4,0,88224.0,540.0,3,False,True,Design Tools,0,0.0,18,5.7,True
1.0,0.0,16,3,1,2023,False,245,60,2,1,5.0,1796.0,1,False,True,Other,0,0.0,20,0.0,True
128.0,0.0,10,4,7,2023,True,257,39,2,1,5.0,4711.0,4,False,False,Education,0,0.0,129,175.0,True
101.0,0.0,7,1,7,2026,True,61,20,3,1,933.0,746.0,6,True,False,Open Source,0,0.0,0,1.8,True
10.0,1.0,2,6,5,2023,False,182,29,3,0,201.0,932.0,1,False,False,Productivity,0,0.0,0,0.0,False
183.0,24.0,7,4,7,2025,True,34,53,3,3,2640.0,585.0,7,False,True,Artificial Intelligence,0,0.0,0,77.4,True
201.0,9.0,7,0,6,2026,True,31,31,2,2,1884.0,3609.0,4,False,True,Developer Tools,1,146.0,1,146.0,False
122.0,30.0,8,1,3,2023,True,166,30,3,1,155.0,2733.0,2,True,True,Other,0,0.0,0,0.0,False
402.0,9.0,7,3,5,2026,True,66,39,3,3,3141.0,1524.0,6,False,False,Other,0,0.0,13,311.5,True
1.0,0.0,9,4,1,2023,False,248,57,3,1,1240.0,2431.0,7,False,False,Design Tools,0,0.0,0,199.9,True
94.0,49.0,1,4,7,2023,True,65,60,3,1,5728.0,10258.0,8,True,False,Productivity,30,237.8,8,417.6,True
12.0,0.0,7,4,5,2023,True,177,29,2,1,70736.0,5130.0,6,False,False,Android,0,0.0,0,0.0,True
73.0,1.0,7,3,5,2023,False,36,36,3,0,5.0,1036.0,6,True,False,API,0,3.5,12,0.0,True
7.0,1.0,21,0,3,2023,False,223,53,4,1,165.0,1811.0,5,True,True,Hiring,0,0.0,0,0.0,False
18.0,0.0,11,1,3,2023,False,277,44,3,1,5.0,1266.0,3,False,True,Other,0,0.0,0,2.3,True
79.0,1.0,1,0,3,2023,True,215,38,1,1,122.0,2378.0,6,False,True,Other,0,0.0,0,0.0,False
378.0,61.0,7,3,6,2026,True,52,52,3,2,1903.0,5467.0,5,False,False,API,2,192.0,2,192.0,False
350.0,49.0,7,2,6,2026,True,60,49,3,2,5.0,18940.0,7,True,False,Productivity,0,282.8,8,189.0,True
486.0,0.0,0,4,3,2023,True,75,47,3,1,183412.0,1042.0,6,True,False,Design Tools,0,0.0,2,182.4,True
104.0,0.0,7,3,7,2026,False,247,60,2,1,1137.0,425.0,3,False,False,Productivity,0,0.5,1,0.0,True
5.0,2.0,12,0,3,2023,False,239,46,3,1,52.0,3493.0,4,False,True,Developer Tools,0,0.0,0,0.0,False
403.0,30.0,9,4,7,2023,False,195,60,3,1,67451.0,724.0,2,True,False,Other,0,0.0,11,1.5,True
126.0,11.0,7,3,7,2023,True,225,60,3,1,64.0,1672.0,6,False,True,Email,0,0.0,0,0.0,False
4.0,0.0,14,3,5,2023,False,262,59,2,1,5.0,792.0,6,False,True,Analytics,0,0.3,0,0.0,True
169.0,20.0,0,6,7,2026,True,75,59,3,2,5.0,675.0,6,False,False,Productivity,0,12.9,3,356.4,True
167.0,1.0,7,4,5,2023,False,38,49,3,1,5.0,1847.0,6,True,False,Web App,0,4.5,2649,0.0,True
268.0,15.0,7,2,7,2026,True,38,31,3,3,1854.0,12223.0,9,True,False,Design Tools,0,0.0,4,4.3,True
78.0,18.0,10,4,5,2023,False,238,48,3,1,5.0,10.0,1,False,True,Chrome Extensions,0,0.8,0,232.0,True
9.0,4.0,7,5,7,2023,False,207,35,3,1,5.0,609.0,5,True,False,Developer Tools,0,0.0,17,2.4,True
96.0,0.0,7,0,3,2023,False,63,25,3,1,619.0,837.0,11,False,False,Analytics,0,0.0,189,2.0,True
3.0,0.0,12,5,1,2023,False,245,58,3,1,29.0,506.0,3,True,True,Productivity,0,0.0,0,0.0,False
372.0,17.0,7,6,5,2026,False,450,44,3,2,64636.0,13014.0,6,True,False,Android,0,0.0,1,337.5,True
46.0,22.0,7,3,7,2023,True,171,38,3,1,5.0,857.0,5,False,True,Productivity,0,0.0,0,195.6,True
230.0,16.0,7,0,5,2026,True,67,44,3,3,5.0,450.0,8,False,False,Other,27,0.0,13,204.8,True
329.0,29.0,7,0,6,2026,False,61,41,3,3,2134.0,26329.0,5,True,False,Artificial Intelligence,8,0.0,25,439.9,True
73.0,2.0,7,1,3,2023,True,199,55,5,3,81288.0,115.0,6,False,False,Hiring,0,0.0,528,211.52272727272728,False
311.0,4.0,7,6,7,2023,True,376,51,3,7,1458.0,6319.0,6,True,False,API,0,0.0,21,3.4,True
161.0,37.0,7,6,7,2026,False,37,36,3,1,5.0,8449.0,7,False,False,Productivity,0,0.0,26,2.6,True
1.0,2.0,12,3,1,2023,False,171,46,2,0,5.0,1888.0,1,False,True,Other,0,0.0,2429,205.4,True
209.0,23.0,7,1,7,2026,True,49,48,3,3,57928.0,6009.0,4,True,False,Email,1,0.7,0,0.0,True
2.0,0.0,15,3,4,2023,False,265,25,3,0,771.0,2812.0,2,False,True,Other,0,0.0,13,1.3,True
2.0,0.0,23,5,5,2023,False,112,58,2,1,1390.0,2544.0,2,False,True,SaaS,0,0.0,0,0.0,False
188.0,150.0,7,4,10,2026,True,61,60,3,1,3149.0,10.0,8,True,False,Open Source,0,0.8,0,2.7,True
1038.0,25.0,7,4,5,2023,True,47,34,3,17,62098.0,2398.0,3,False,False,Other,0,0.0,620,204.7,True
153.0,5.0,7,3,5,2026,True,73,60,3,1,1340.0,2869.0,7,True,False,Developer Tools,0,0.0,248,1.5,True
764.0,3.0,7,2,5,2026,False,72,59,3,3,5.0,13277.0,8,True,False,Other,0,0.0,6,326.8,True
160.0,1.0,8,3,5,2023,False,72,59,3,1,5.0,5545.0,4,False,False,Artificial Intelligence,0,0.0,2529,189.9,True
706.0,2.0,7,2,7,2026,False,42,55,3,1,1300.0,38161.0,7,True,False,Other,0,0.7,0,55.1,True
140.0,1.0,7,3,5,2023,False,236,56,3,1,5.0,1220.0,3,False,False,Other,0,0.0,0,4.8,True
339.0,5.0,7,6,7,2026,False,33,58,3,1,801.0,5671.0,8,True,False,Other,0,0.0,2,0.0,True
10.0,2.0,10,6,3,2023,False,206,48,5,0,472.0,975.0,2,False,True,Productivity,0,0.0,0,0.0,True
42.0,0.0,7,3,3,2023,True,68,37,3,1,5.0,2961.0,4,True,True,Social Media,0,0.0,0,231.3,True
18.0,41.0,7,1,7,2023,True,478,53,3,2,5.0,672.0,6,False,True,Productivity,0,0.0,24,4.2,True
24.0,6.0,7,6,7,2026,False,59,59,2,1,196.0,382.0,5,True,False,Other,0,0.0,0,0.0,False
39.0,8.0,7,1,7,2026,False,56,56,3,1,685.0,3145.0,4,True,False,Productivity,1,57.0,1,57.0,False
100.0,72.0,7,4,7,2023,True,57,25,3,1,5.0,453.0,6,True,False,Productivity,0,0.0,16,200.0,True
8.0,2.0,7,4,3,2023,False,252,32,1,1,1590.0,3436.0,3,False,True,Android,0,0.8,0,1.3,True
261.0,93.0,7,2,7,2026,True,315,48,3,3,3003.0,5526.0,9,True,False,Other,6,312.0,8,197.8,True
121.0,48.0,7,3,7,2023,True,167,34,3,1,247.0,3001.0,4,False,False,Fintech,0,0.0,14,2.6,True
1.0,0.0,7,4,5,2023,True,243,45,2,1,900.0,2157.0,3,False,False,Android,0,0.0,0,0.0,True
3.0,0.0,14,6,5,2023,False,231,44,1,0,38.0,1843.0,3,False,False,Health & Fitness,0,0.0,0,0.0,False
302.0,33.0,7,2,7,2026,True,32,48,3,1,5.0,3663.0,7,True,False,Web App,0,1.5,23,1.1,True
243.0,18.0,7,2,6,2026,True,404,47,3,3,5.0,1963.0,4,True,False,SaaS,0,0.0,0,227.9,True
260.0,9.0,0,5,6,2026,True,218,51,3,1,4776.0,12239.0,10,True,False,Design Tools,10,363.7,10,363.7,False
121.0,24.0,8,5,5,2023,True,245,58,3,2,130.0,525.0,7,True,True,Developer Tools,0,0.0,16,0.8,True
7.0,1.0,8,3,1,2023,False,161,53,4,1,189.0,6501.0,5,False,False,Android,0,0.0,0,0.0,False
141.0,22.0,7,4,7,2026,False,61,23,3,1,999.0,177.0,6,False,False,Fintech,0,0.0,0,189.4,True
28.0,0.0,7,3,7,2023,False,144,32,3,1,2962.0,1551.0,2,False,False,Social Media,0,0.0,0,1.4,True
23.0,1.0,23,4,5,2023,False,244,54,3,7,212.0,1196.0,3,False,True,Other,0,0.0,0,1.5,True
120.0,6.0,7,5,6,2026,True,48,48,3,3,1133.0,4402.0,7,False,True,Other,1,111.0,1,111.0,False
95.0,4.0,21,4,7,2023,False,301,56,3,0,5.0,598.0,4,False,True,Other,0,0.0,4,0.0,True
100.0,2.0,7,3,7,2023,False,273,55,3,1,124740.0,2184.0,6,False,False,Other,0,0.0,2475,0.0,True
16.0,2.0,16,4,7,2023,False,227,36,3,4,308200.0,6600.0,4,True,False,Hiring,0,0.0,2037,198.8777614138439,False
15.0,0.0,4,5,5,2023,False,198,43,3,1,1148.0,2453.0,3,False,True,Education,0,0.7,0,0.0,True
158.0,66.0,7,1,5,2026,True,258,56,3,3,5.0,943.0,8,False,False,Productivity,0,0.0,12,188.1,True
1.0,0.0,12,3,3,2023,False,269,38,2,1,5.0,1802.0,3,False,True,Design Tools,0,0.0,9,1.6,True
167.0,4.0,7,0,5,2026,False,42,31,3,1,1099.0,1954.0,4,False,False,Other,0,0.0,0,0.4,True
510.0,84.0,7,4,7,2026,True,67,37,3,1,8.0,10.0,8,False,True,Productivity,0,0.0,0,0.7,True
78.0,0.0,23,4,7,2023,False,238,47,1,5,5.0,1930.0,4,False,False,Marketing,0,0.0,0,0.0,True
172.0,18.0,0,4,6,2026,True,264,57,3,1,151.0,1187.0,1,False,False,Web App,0,0.0,0,0.0,False
444.0,8.0,10,5,5,2023,False,67,46,3,2,2856.0,209.0,10,False,False,Writing,0,0.0,434,2.0,True
149.0,4.0,7,4,5,2026,False,209,17,3,1,5.0,941.0,8,True,False,Other,0,0.0,0,2.0,True
207.0,23.0,7,2,6,2026,True,27,28,3,2,109.0,25006.0,5,False,False,Open Source,0,0.0,19,4.7,True
4.0,0.0,13,0,3,2023,False,174,50,3,1,295.0,144.0,1,False,True,Artificial Intelligence,0,0.0,0,0.0,False
11.0,0.0,7,4,5,2023,False,216,28,3,1,5.0,5675.0,4,False,True,Other,0,0.0,2,0.0,True
24.0,0.0,18,6,7,2023,False,229,44,3,1,5.0,1130.0,1,True,True,Other,0,0.0,0,1.4,True
355.0,67.0,1,0,5,2026,True,55,56,3,1,4296.0,11203.0,6,True,False,Productivity,1,0.0,467,204.6,True
16.0,0.0,14,4,3,2023,False,243,58,1,1,5.0,966.0,1,False,True,Productivity,0,0.0,309,0.0,True
42.0,0.0,7,3,5,2023,True,342,36,3,1,1918.0,1484.0,6,True,False,SaaS,0,0.0,7,0.3,True
239.0,119.0,7,6,5,2026,True,231,59,3,1,178042.0,2187.0,6,True,False,Design Tools,12,1.5,35,355.9,True
74.0,5.0,7,1,3,2023,True,250,54,3,1,617.0,1211.0,3,False,True,Artificial Intelligence,0,0.0,0,0.0,False
14.0,5.0,0,6,5,2026,False,452,59,3,1,8856.0,23912.0,5,True,False,Other,40,343.875,40,343.875,False
468.0,43.0,7,2,6,2026,True,60,55,3,3,4433.0,1089.0,6,True,False,Other,0,1.4,16,351.7,True
140.0,83.0,7,3,11,2023,True,44,53,3,1,5.0,251.0,4,False,False,Writing,0,0.0,0,212.1,True
223.0,54.0,7,2,7,2026,True,34,34,3,3,1928.0,4263.0,8,True,True,Other,1,150.0,1,150.0,False
14.0,1.0,7,4,5,2023,False,268,45,1,0,4418.0,24889.0,3,False,True,Developer Tools,0,1.5,244,4.6,True
126.0,10.0,7,6,5,2023,True,250,22,2,0,1325.0,11529.0,6,True,False,Other,9,185.66666666666663,0,0.0,False
129.0,31.0,7,6,5,2026,True,444,54,3,1,164.0,723.0,6,True,False,SaaS,0,0.0,0,0.0,True
215.0,32.0,7,4,5,2026,True,412,37,3,1,5.0,2333.0,6,True,False,Other,31,0.0,0,1.1,True
14.0,0.0,12,3,7,2023,True,144,46,2,4,1575.0,1912.0,2,True,True,Other,0,0.0,0,0.0,True
1.0,33.0,7,4,5,2026,True,76,54,3,1,3455.0,964.0,8,False,False,iOS,0,0.0,3059,457.0,True
197.0,8.0,7,2,7,2026,True,55,44,3,3,142.0,14277.0,4,True,False,Productivity,3,1.3,0,218.3,True
124.0,13.0,7,1,5,2026,False,258,60,3,3,5.0,131.0,6,True,False,Marketing,0,0.0,1238,205.1,True
15.0,8.0,7,4,5,2023,False,66,34,2,1,3158.0,473.0,5,False,False,Productivity,0,0.0,0,0.8,True
197.0,14.0,7,0,7,2026,True,51,40,2,1,2241.0,1348.0,4,True,False,Education,0,0.0,14,2.3,True
1.0,1.0,13,3,3,2023,True,250,43,5,1,5.0,431.0,0,False,True,Design Tools,0,0.0,0,5.2,True
3.0,1.0,7,1,3,2023,False,237,57,3,0,125.0,380.0,2,True,False,SaaS,0,0.0,0,0.0,False
205.0,34.0,7,1,6,2026,True,59,59,3,1,379.0,991.0,7,False,False,Other,0,0.0,0,0.0,False
2.0,2.0,10,3,3,2023,True,269,26,1,0,5.0,3004.0,3,False,True,Design Tools,0,0.0,0,0.0,True
18.0,0.0,7,5,5,2023,True,201,23,3,1,1925.0,728.0,6,True,True,Design Tools,0,0.0,20,0.1,True
490.0,30.0,7,3,7,2026,True,73,29,3,6,1919.0,10485.0,6,True,False,Developer Tools,0,103.0,0,0.0,True
1.0,0.0,7,4,5,2023,False,267,31,3,5,5.0,2067.0,6,False,True,Marketing,0,0.0,0,201.2,True
88.0,11.0,7,4,7,2023,True,202,33,3,3,191666.0,964.0,4,True,False,SaaS,0,0.0,1260,206.5095238095238,False
17.0,2.0,7,6,5,2023,True,181,19,2,7,5.0,2395.0,8,False,False,Artificial Intelligence,0,1.3,6,214.9,True
16.0,4.0,7,3,5,2023,False,270,43,3,1,1722.0,2647.0,5,False,False,Health & Fitness,0,0.0,827,213.3,True
233.0,1.0,1,2,7,2026,True,61,35,3,1,5.0,1506.0,4,True,False,Other,0,0.0,459,2.5,True
8.0,1.0,13,6,3,2023,True,254,46,2,0,66500.0,1383.0,4,False,True,Other,0,0.3,0,2.6,True
120.0,2.0,7,4,7,2023,False,242,39,3,3,5.0,1098.0,4,False,False,Design Tools,9,0.6,19,1.2,True
110.0,20.0,17,4,7,2026,False,60,34,3,1,1626.0,3026.0,6,True,False,Other,0,0.0,0,196.7,True
74.0,13.0,8,6,5,2023,True,260,42,3,1,35.0,759.0,5,False,True,Productivity,0,0.0,0,0.0,False
316.0,94.0,10,5,7,2023,True,263,54,3,1,5.0,858.0,5,False,False,Productivity,0,0.0,12,0.0,True
159.0,41.0,7,4,7,2023,False,60,39,1,4,5.0,819.0,4,False,False,Analytics,0,0.0,14,220.5,True
8.0,0.0,4,4,3,2023,False,179,28,4,1,5844.0,2127.0,3,False,True,Design Tools,0,0.3,24,4.2,True
3.0,1.0,16,4,5,2023,False,198,60,4,1,256.0,583.0,4,False,True,Android,0,0.0,0,0.0,False
14.0,2.0,7,5,7,2023,False,143,42,3,3,5.0,2468.0,4,False,True,Health & Fitness,0,0.0,1250,0.0,True
268.0,9.0,7,2,7,2026,True,40,29,3,1,5.0,4827.0,8,False,False,Productivity,0,0.0,0,0.0,True
3.0,11.0,5,4,9,2023,False,252,37,5,0,2476.0,264.0,2,False,False,Hiring,0,1.9,0,2.6,True
629.0,18.0,7,2,7,2026,True,67,56,3,2,2855.0,1766.0,7,True,False,Mac,1,0.0,508,169.9,True
163.0,5.0,22,2,3,2025,True,151,53,3,1,125.0,1786.0,2,True,False,Productivity,0,0.0,0,0.0,False
13.0,0.0,7,6,5,2023,False,252,43,3,4,5.0,1297.0,4,False,True,Other,0,0.0,1293,0.0,True
1.0,5.0,15,3,5,2023,True,251,17,1,1,4165.0,1436.0,1,False,True,SaaS,0,0.0,8,0.0,True
26.0,3.0,0,6,6,2026,False,297,54,3,1,637.0,570.0,4,True,False,Web App,0,0.0,0,0.0,False
126.0,135.0,7,4,7,2025,True,62,60,3,1,5.0,2302.0,6,False,False,Health & Fitness,0,0.0,0,0.0,True
7.0,0.0,12,1,7,2023,False,258,57,4,4,5.0,2017.0,3,False,True,Other,0,0.0,0,0.0,True
12.0,0.0,7,3,5,2023,False,241,43,4,1,657.0,744.0,3,True,True,Education,0,0.0,0,0.0,True
79.0,43.0,7,0,7,2023,True,60,23,3,1,346004.0,966.0,4,False,False,Android,0,0.0,2363,0.0,True
601.0,23.0,7,5,7,2026,True,55,60,3,2,173.0,547.0,6,True,False,Chrome Extensions,0,0.0,5,1.2,True
1.0,3.0,11,3,3,2023,True,272,19,2,4,1448.0,2897.0,3,False,True,Other,0,0.0,11,0.5,True
640.0,111.0,6,2,4,2023,False,20,47,3,3,1521.0,1559.0,8,True,False,Fintech,0,0.9,12,0.7,True
229.0,63.0,7,3,6,2026,True,52,52,2,2,99.0,637.0,5,False,False,Productivity,0,0.0,0,0.0,False
98.0,1.0,1,5,5,2023,True,274,38,3,1,944.0,670.0,5,False,False,Analytics,0,0.0,0,0.0,True
5.0,1.0,14,4,5,2023,False,103,42,2,3,124137.0,1139.0,3,False,False,Education,0,0.0,816,193.7696078431373,False
383.0,0.0,5,4,7,2026,True,39,46,3,1,92743.0,652.0,4,True,False,Social Media,0,0.0,0,0.0,True
251.0,23.0,7,3,6,2026,True,235,31,3,3,372.0,1141.0,4,True,False,Other,0,0.0,14,1.2,True
15.0,3.0,7,3,7,2023,True,251,54,1,1,5.0,2022.0,3,False,True,Design Tools,0,1.1,0,0.0,True
281.0,3.0,7,3,7,2026,True,251,57,3,1,5.0,834.0,6,False,False,Design Tools,0,0.0,26,0.0,True
137.0,1.0,21,6,1,2023,False,226,27,4,1,5.0,4351.0,1,True,True,Artificial Intelligence,0,0.0,0,5.0,True
135.0,7.0,7,4,7,2026,True,65,51,3,1,42290.0,1073.0,6,False,True,Other,0,0.0,21,169.1,True
224.0,33.0,7,2,6,2026,True,500,60,3,3,2759.0,2008.0,6,False,False,Other,1,127.0,17,206.5,True
163.0,0.0,7,4,5,2023,False,257,40,3,1,74674.0,2796.0,8,False,True,API,0,0.0,8,0.0,True
54.0,14.0,0,3,7,2026,True,184,22,1,3,5.0,5005.0,4,False,False,Design Tools,0,0.0,0,0.1,True
151.0,1.0,7,3,3,2023,False,368,60,3,1,5.0,10.0,10,True,True,Writing,0,0.0,0,0.0,True
389.0,30.0,1,3,7,2026,True,66,59,3,3,354662.0,4565.0,6,True,False,Social Media,33,0.0,21,295.5,True
214.0,100.0,7,6,5,2026,True,53,51,3,3,2072.0,33818.0,6,True,False,Other,0,0.0,20,214.4,True
142.0,42.0,7,0,5,2026,False,51,60,3,2,253.0,1948.0,4,False,False,Developer Tools,0,0.0,0,0.0,True
1.0,2.0,12,4,7,2023,False,134,29,3,1,2836.0,764.0,5,False,True,Open Source,0,0.0,5,0.0,True
411.0,8.0,0,2,5,2026,True,199,52,3,1,97.0,1499.0,8,True,False,Artificial Intelligence,0,0.0,0,0.0,False
11.0,0.0,7,3,5,2023,True,86,32,1,1,961.0,3104.0,1,True,True,Productivity,0,2.4,0,0.0,True
118.0,10.0,7,4,7,2023,True,48,33,5,1,269.0,2000.0,4,False,False,Open Source,0,0.0,6,5.8,True
487.0,24.0,7,2,5,2026,True,43,60,3,3,5.0,2088.0,8,False,False,Productivity,0,343.8,35,0.0,True
6.0,4.0,20,6,5,2023,False,222,44,4,1,5866.0,1055.0,3,False,True,Marketing,0,2.6,933,0.0,True
113.0,18.0,7,1,7,2026,False,38,38,3,1,826.0,3231.0,6,False,True,Productivity,2,23.5,2,23.5,False
19.0,0.0,5,3,7,2023,False,264,60,3,0,1340.0,1437.0,6,False,True,Productivity,0,0.0,0,3.9,True
4.0,2.0,10,1,7,2023,False,246,24,3,0,5.0,4615.0,1,False,True,API,0,0.6,0,0.0,True
266.0,6.0,7,0,7,2026,True,37,60,3,1,166318.0,787.0,4,False,False,Productivity,0,0.1,28,0.0,True
129.0,13.0,7,4,5,2023,True,48,34,2,1,1686.0,1671.0,3,False,False,Productivity,0,0.0,6,4.1,True
168.0,3.0,7,5,7,2023,False,236,60,2,1,283.0,2400.0,3,True,False,Other,0,0.0,0,0.0,True
153.0,5.0,7,6,5,2023,True,236,34,2,1,3001.0,791.0,11,True,True,Other,0,0.0,20,3.1,True
362.0,27.0,7,1,7,2023,True,65,37,3,1,621438.0,10.0,4,True,False,Fintech,0,0.0,0,4.1,True
112.0,4.0,0,5,6,2026,True,492,54,3,1,69.0,346.0,5,False,False,Other,0,0.0,0,0.0,False
138.0,2.0,5,1,3,2023,False,48,55,3,1,2208.0,1477.0,1,False,False,Health & Fitness,0,0.0,16,2.1,True
120.0,152.0,7,1,7,2026,True,167,49,3,3,327991.0,7108.0,4,False,False,Open Source,0,0.0,0,2.3,True
244.0,40.0,7,3,11,2026,True,73,56,3,2,2306.0,11259.0,8,True,False,Mac,7,0.0,663,408.8,True
485.0,326.0,7,0,7,2026,True,217,42,3,1,206818.0,3399.0,4,False,False,Productivity,2,0.0,0,1.5,True
98.0,57.0,7,1,6,2026,True,26,58,3,1,1001.0,937.0,6,False,False,Other,1,0.0,13,0.0,True
8.0,2.0,22,6,5,2023,False,222,60,5,1,152.0,1097.0,3,True,True,Other,0,0.0,0,0.0,False
14.0,0.0,7,0,7,2023,False,241,38,2,1,41.0,742.0,1,False,True,Marketing,0,0.0,0,0.2,True
144.0,6.0,1,2,7,2026,False,68,23,3,3,1931.0,16645.0,6,True,False,Design Tools,0,0.0,12,105.9,True
1.0,5.0,7,0,1,2023,True,203,49,2,1,245.0,567.0,4,False,False,Artificial Intelligence,7,0.0,3,3.5,True
180.0,0.0,0,3,5,2026,True,45,25,3,1,61054.0,552.0,4,True,False,API,0,0.0,1,0.0,True
134.0,54.0,7,3,7,2026,True,51,51,3,3,43.0,112.0,4,False,False,Productivity,0,0.0,0,0.0,False
135.0,2.0,7,4,5,2023,False,248,34,3,0,5.0,549.0,3,True,True,Productivity,0,0.2,3,67.6,True
269.0,0.0,7,6,7,2026,True,60,57,3,1,5.0,1704.0,8,True,False,Other,0,0.0,0,47.9,True
176.0,70.0,7,0,7,2026,True,197,44,3,1,1494.0,518.0,4,False,False,Productivity,0,0.0,19,1.1,True
262.0,18.0,7,6,7,2026,True,63,40,3,1,1023.0,6225.0,8,False,False,Other,6,0.0,9,184.3,True
264.0,40.0,7,2,7,2026,True,48,57,3,1,4264.0,278.0,6,True,False,Design Tools,8,1.0,0,333.5,True
2.0,0.0,14,3,1,2023,False,131,59,1,0,115.0,574.0,1,False,False,Education,0,0.0,0,0.0,False
63.0,3.0,8,4,1,2023,True,167,27,3,0,669.0,222.0,4,True,False,Other,0,0.0,0,0.0,False
336.0,155.0,1,6,6,2026,True,54,55,3,1,3080.0,1092.0,6,True,False,Other,2,140.2,5,236.2,True
87.0,10.0,7,6,6,2023,True,53,41,3,1,5.0,6014.0,8,False,False,iOS,0,0.0,0,0.0,True
188.0,72.0,7,0,5,2026,False,57,33,3,1,3657.0,5111.0,4,True,False,Other,0,0.0,927,4.8,True
106.0,12.0,7,4,7,2026,False,306,24,3,1,56334.0,642.0,8,False,False,Other,0,0.0,3893,290.6,True
146.0,0.0,7,3,5,2023,False,56,22,4,1,32991.0,2833.0,4,False,True,Other,0,0.2,0,0.0,True
115.0,1.0,0,1,5,2026,True,261,42,3,1,4990.0,14711.0,10,True,False,Other,1,556.0,1,556.0,False
431.0,45.0,8,4,7,2026,True,55,30,3,4,2556.0,960.0,4,True,False,Chrome Extensions,0,0.0,14,193.2,True
99.0,8.0,9,0,6,2026,True,381,51,3,1,212.0,1889.0,6,True,False,Health & Fitness,0,0.0,0,0.0,False
166.0,1.0,7,3,7,2023,False,275,57,1,1,5.0,1562.0,5,False,True,Analytics,0,0.0,0,3.7,True
16.0,0.0,23,0,5,2023,True,266,22,3,1,5.0,852.0,2,False,True,Design Tools,0,0.0,761,0.0,True
135.0,60.0,5,6,5,2026,True,356,53,3,1,5.0,7068.0,8,False,False,Fintech,0,0.0,15,209.6,True
63.0,6.0,0,1,6,2026,False,253,60,3,1,77.0,195.0,8,True,False,API,0,0.0,0,0.0,False
132.0,9.0,20,3,5,2023,False,257,55,3,1,5.0,4703.0,3,False,False,Artificial Intelligence,0,0.0,2,0.0,True
92.0,0.0,7,4,7,2023,True,407,55,1,1,5.0,1964.0,3,False,False,Other,0,0.0,25,210.9,True
1.0,23.0,7,4,1,2023,True,375,45,3,1,54872.0,2481.0,6,False,True,Marketing,0,0.0,86,0.0,True
1.0,0.0,15,4,3,2023,True,232,39,1,0,5.0,2101.0,3,True,True,Fintech,0,0.5,9,2.4,True
102.0,0.0,21,3,5,2023,True,247,46,3,1,1217.0,1877.0,6,False,True,Artificial Intelligence,0,0.0,0,4.6,True
15.0,6.0,7,4,7,2023,True,273,36,2,1,5.0,730.0,3,False,True,Social Media,0,0.0,0,1.8,True
235.0,114.0,7,3,5,2023,False,199,57,1,1,5.0,1250.0,7,False,False,Productivity,0,0.0,7,0.0,True
124.0,20.0,7,0,7,2023,False,242,28,3,3,5.0,4741.0,5,False,False,Other,0,0.0,0,0.0,True
224.0,0.0,7,2,7,2026,True,32,49,3,3,5.0,10268.0,8,False,False,Email,0,0.1,1139,3.6,True
68.0,0.0,0,3,5,2026,True,278,58,3,1,2272.0,161.0,8,False,False,Other,0,0.0,0,0.0,True
9.0,0.0,8,3,5,2023,True,264,25,2,1,5.0,2067.0,3,True,True,Design Tools,0,0.0,14,3.0,True
139.0,1.0,7,4,10,2023,False,64,40,3,5,2256.0,698.0,6,False,True,Marketing,2,0.0,0,2.6,True
106.0,15.0,0,4,6,2026,True,461,47,3,1,93.0,2554.0,7,True,False,iOS,0,0.0,0,0.0,False
1.0,0.0,7,4,7,2023,False,165,46,3,1,74232.0,827.0,10,True,False,Productivity,0,0.3,0,0.0,True
162.0,45.0,7,6,5,2026,True,277,53,3,2,5.0,610.0,4,False,False,Other,0,0.0,2,324.1,True
1.0,0.0,7,5,1,2023,False,243,54,3,1,2961.0,2143.0,4,False,True,Other,0,0.0,4,1.1,True
324.0,3.0,7,5,9,2023,True,226,37,3,2,5.0,1422.0,7,True,True,Developer Tools,0,0.9,33,3.0,True
184.0,0.0,7,0,7,2024,False,241,52,4,0,9408.0,9768.0,3,False,True,Other,0,0.0,0,0.0,True
169.0,43.0,7,2,6,2026,True,56,56,3,1,1895.0,10569.0,8,False,False,Productivity,0,0.0,16,0.0,True
6.0,4.0,7,4,1,2023,False,260,37,3,0,77309.0,3288.0,1,False,True,Health & Fitness,0,0.8,2,2.3,True
1370.0,82.0,7,2,7,2026,True,62,59,3,1,5.0,22914.0,6,True,False,Other,0,0.0,0,218.3,True
16.0,36.0,7,5,1,2023,True,169,42,3,1,5.0,2324.0,5,False,True,Marketing,0,0.0,25,217.9,True
119.0,16.0,7,3,7,2023,True,238,53,3,3,126207.0,1948.0,6,False,True,Other,0,0.0,0,202.3,True
573.0,21.0,7,2,10,2026,False,50,53,3,1,1249.0,2976.0,6,True,False,Productivity,0,0.0,276,184.7,True
179.0,0.0,7,5,5,2023,False,257,60,2,1,4325.0,1226.0,6,True,True,SaaS,1,0.0,1,0.0,True
12.0,10.0,7,6,7,2026,False,50,50,3,1,157.0,1368.0,6,True,True,Other,0,0.0,0,0.0,False
4.0,1.0,15,1,3,2023,False,192,51,3,1,23.0,775.0,1,False,False,Other,0,0.0,0,0.0,False
208.0,6.0,7,5,7,2023,True,253,40,2,2,5.0,566.0,6,False,True,Design Tools,0,0.0,22,0.0,True
211.0,48.0,0,1,5,2026,False,350,40,3,1,5.0,2041.0,1,False,False,Marketing,0,0.0,0,0.0,False
120.0,6.0,4,4,6,2026,True,455,57,3,1,121.0,6608.0,15,True,False,Android,0,0.0,0,0.0,False
10.0,0.0,16,5,5,2023,True,53,58,2,1,5.0,644.0,1,True,True,Other,0,0.0,0,0.0,True
16.0,0.0,6,0,3,2023,True,248,51,2,0,510.0,4938.0,3,True,True,Android,0,0.0,0,0.0,True
149.0,68.0,7,0,7,2026,True,69,31,3,1,1288.0,6144.0,6,True,False,Productivity,0,0.0,11,0.0,True
719.0,24.0,7,2,6,2026,True,77,48,3,3,3916.0,1345.0,8,True,False,Productivity,0,0.0,5,0.8,True
128.0,5.0,8,3,7,2026,True,63,28,5,2,151.0,262.0,6,True,False,Other,0,1.3,1,0.7,True
231.0,64.0,7,1,6,2026,False,61,41,3,3,1935.0,828.0,6,True,False,Design Tools,1,0.0,0,356.6,True
256.0,2.0,7,1,7,2025,False,186,56,3,1,5.0,3977.0,5,False,False,Other,0,0.0,0,4.5,True
17.0,13.0,7,6,6,2026,False,54,54,3,1,615.0,134.0,7,False,False,Other,0,0.0,0,0.0,False
268.0,12.0,7,6,5,2023,False,47,57,3,3,1278.0,5664.0,6,True,False,Productivity,0,0.0,35,0.0,True
1.0,1.0,20,5,1,2023,False,139,59,3,1,451.0,80.0,1,False,True,Artificial Intelligence,0,0.0,0,0.0,False
112.0,25.0,3,3,7,2023,False,311,59,3,1,2265.0,97.0,4,False,False,Artificial Intelligence,0,0.0,0,0.0,True
56.0,1.0,20,4,7,2023,True,261,37,3,1,5.0,1561.0,1,False,True,Design Tools,0,0.0,0,0.2,True
134.0,15.0,7,6,6,2026,True,64,52,3,2,3303.0,11477.0,4,True,False,API,0,0.0,0,341.8,True
92.0,33.0,7,2,5,2026,True,56,26,3,1,2144.0,1317.0,4,False,False,Other,0,0.0,0,0.0,True
132.0,0.0,7,0,7,2026,True,80,49,3,1,1715.0,2128.0,8,False,False,Developer Tools,0,0.0,0,3.2,True
245.0,7.0,7,4,6,2026,True,270,48,3,2,5.0,4006.0,4,False,False,Other,0,0.0,0,0.0,True
2.0,5.0,7,6,7,2023,True,239,38,3,1,5.0,573.0,4,False,False,Artificial Intelligence,0,0.2,7,0.0,True
129.0,51.0,7,1,6,2026,True,71,59,3,2,5.0,107.0,7,False,False,Other,7,0.0,507,3.3,True
264.0,29.0,0,1,6,2026,False,357,42,3,1,9208.0,25049.0,5,True,False,Other,43,325.16279069767444,43,325.16279069767444,False
91.0,86.0,5,3,6,2023,True,46,42,3,1,630.0,1146.0,5,False,False,Marketing,0,0.0,0,0.0,True
14.0,1.0,7,4,5,2023,False,223,40,4,1,63502.0,582.0,4,False,True,Other,0,0.0,0,4.3,True
222.0,4.0,7,1,7,2026,True,51,31,3,3,887.0,295.0,7,False,False,Artificial Intelligence,0,142.6,0,161.3,True
88.0,12.0,7,1,3,2023,True,247,53,2,2,42701.0,70.0,5,True,True,Marketing,0,0.0,271,209.3579335793358,False
121.0,0.0,7,0,3,2023,False,49,31,3,1,5.0,1230.0,0,True,True,Marketing,0,0.0,0,1.8,True
258.0,7.0,7,6,6,2026,True,51,58,3,1,254162.0,12552.0,7,True,False,Web App,0,272.9,18,416.5,True
108.0,68.0,7,1,7,2026,True,265,57,3,1,2979.0,588.0,3,False,False,Health & Fitness,0,0.0,0,220.3,True
15.0,5.0,16,5,5,2023,False,264,33,2,1,5.0,2550.0,3,False,True,Design Tools,0,0.0,0,1.8,True
140.0,1.0,19,1,5,2024,False,217,52,3,1,5.0,250.0,6,True,False,Design Tools,0,0.0,0,0.0,True
128.0,15.0,0,0,5,2026,True,479,47,3,1,685.0,1793.0,6,False,False,Marketing,0,0.0,0,0.0,False
1.0,0.0,7,4,7,2023,True,170,46,2,1,23031.0,4415.0,3,False,True,Other,0,0.0,0,8.2,True
143.0,10.0,7,4,7,2026,True,65,31,3,1,4180.0,1488.0,4,False,False,iOS,1,0.5,0,0.3,True
1.0,0.0,7,3,3,2023,True,276,27,3,1,3245.0,2016.0,1,False,True,Other,0,0.0,521,0.0,True
1.0,1.0,6,1,5,2023,False,220,59,2,0,5.0,1976.0,1,True,True,Developer Tools,0,0.9,0,0.0,True
8.0,0.0,7,0,5,2023,False,238,33,4,1,167044.0,969.0,2,False,True,Other,0,1.4,281,0.7,True
116.0,23.0,7,5,5,2023,True,243,58,3,2,5.0,3491.0,5,True,True,Design Tools,0,0.0,1377,210.4,True
94.0,3.0,7,3,7,2026,True,265,58,3,3,3913.0,1473.0,5,False,True,Developer Tools,0,0.0,588,0.0,True
194.0,304.0,7,6,7,2026,True,44,55,3,1,3213.0,505.0,4,False,False,Other,0,72.0,0,0.0,True
253.0,24.0,7,6,6,2023,True,40,56,3,1,1126.0,7091.0,6,True,False,Productivity,0,0.3,6,0.1,True
107.0,9.0,7,1,10,2026,True,64,54,3,1,452.0,1705.0,7,True,False,Other,0,11.2,7,399.3,True
155.0,0.0,7,3,7,2023,False,267,45,5,2,5.0,304.0,4,True,False,Fintech,0,0.2,0,1.8,True
2.0,0.0,6,5,5,2023,False,144,51,1,1,8.0,249.0,3,False,True,Other,0,0.0,0,0.0,False
1.0,2.0,8,4,5,2023,True,164,58,3,0,115.0,1733.0,6,True,True,Android,0,1.6,6,3.9,True
111.0,0.0,7,3,7,2023,False,237,59,3,1,5.0,3283.0,6,False,False,Productivity,0,0.0,0,0.0,True
224.0,15.0,7,4,7,2026,True,69,50,3,1,4416.0,108.0,6,False,False,Productivity,0,0.0,18,3.9,True
3.0,1.0,17,4,5,2023,False,173,49,3,1,396.0,356.0,1,False,True,Other,0,0.0,0,0.0,False
136.0,0.0,7,6,5,2023,True,254,41,3,2,5.0,2324.0,2,True,True,Design Tools,0,0.0,21,187.7,True
4.0,1.0,8,4,1,2023,False,198,58,3,1,476.0,1761.0,2,True,True,Other,0,0.0,0,0.0,False
138.0,29.0,7,3,7,2023,True,229,49,3,1,5.0,4775.0,4,False,False,Other,0,0.0,16,0.0,True
610.0,6.0,7,4,7,2026,False,43,54,3,3,3210.0,1694.0,5,True,False,Artificial Intelligence,8,0.0,3,0.0,True
693.0,9.0,7,1,6,2026,False,45,28,3,3,5.0,9480.0,6,True,False,Writing,0,0.0,0,204.7,True
3.0,0.0,9,6,5,2023,False,220,60,3,1,174.0,1313.0,1,False,True,Other,0,0.0,0,0.0,False
93.0,0.0,7,3,7,2023,True,238,29,3,1,670.0,1490.0,3,True,True,Other,0,0.0,12,0.0,True
232.0,20.0,7,4,7,2026,True,263,19,3,2,2318.0,5291.0,6,True,False,Productivity,0,0.0,25,0.0,True
254.0,25.0,0,6,7,2026,True,67,33,3,3,462429.0,5845.0,6,False,False,Design Tools,0,0.0,18,354.9,True
138.0,44.0,7,6,7,2023,True,313,46,3,0,5.0,3528.0,7,False,True,SaaS,0,0.0,15,4.3,True
257.0,12.0,1,0,4,2023,True,166,20,1,1,40413.0,4539.0,7,False,False,Other,1,0.0,0,2.0,True
12.0,0.0,6,4,7,2023,False,259,41,2,1,5.0,2578.0,3,False,True,Productivity,0,0.0,142,4.2,True
8.0,0.0,16,5,3,2023,True,283,28,1,1,5.0,2282.0,3,True,True,Other,0,0.0,16,0.0,True
88.0,10.0,8,3,1,2023,True,259,28,3,1,603.0,1874.0,5,False,True,Web App,0,0.0,0,0.0,False
173.0,8.0,0,2,6,2023,True,52,36,3,3,980.0,3397.0,4,True,False,Productivity,0,140.6,0,172.7,True
3.0,0.0,7,1,7,2025,False,352,52,3,1,2644.0,526.0,4,False,True,Other,0,0.0,11,1.9,True
9.0,1.0,14,0,5,2023,False,234,58,3,6,613.0,1117.0,4,False,True,Other,0,0.0,396,0.0,True
169.0,7.0,7,4,7,2026,True,54,27,3,2,88174.0,2448.0,4,True,False,API,0,1.4,4,177.6,True
21.0,5.0,7,0,7,2026,False,46,46,3,2,609.0,2673.0,7,True,False,Other,0,0.0,0,0.0,False
129.0,0.0,7,0,7,2026,False,275,60,3,6,5.0,3543.0,4,False,False,Other,0,0.0,3,48.2,True
2.0,3.0,9,1,3,2023,False,260,48,3,1,309.0,2514.0,7,False,True,Other,0,0.0,0,0.0,False
103.0,14.0,7,2,5,2023,True,273,58,2,5,5.0,5850.0,2,True,False,Artificial Intelligence,0,0.0,0,237.2,True
90.0,3.0,7,4,7,2023,True,197,45,3,1,80.0,3739.0,2,False,True,Artificial Intelligence,0,0.0,0,0.0,False
699.0,36.0,7,6,9,2026,False,70,41,3,1,125.0,14000.0,5,True,False,API,12,126.9,5,0.8,True
135.0,46.0,7,3,7,2026,True,78,44,3,1,5.0,18221.0,6,True,False,Productivity,0,0.0,0,0.0,True
2.0,0.0,13,1,7,2023,True,263,56,3,3,5.0,1958.0,6,True,True,Social Media,0,0.0,1524,0.0,True
118.0,0.0,7,3,7,2023,True,250,40,3,0,5.0,432.0,5,False,True,Developer Tools,0,0.0,0,1.1,True
117.0,2.0,3,4,5,2026,False,103,48,3,1,5.0,758.0,6,True,False,API,0,1.3,0,0.0,True
176.0,42.0,0,2,6,2026,True,38,55,3,1,5.0,1190.0,6,True,False,Other,30,0.0,7,209.2,True
308.0,37.0,7,0,6,2026,True,27,27,3,1,298.0,4549.0,4,True,True,Other,0,0.0,0,0.0,False
252.0,61.0,7,4,7,2026,True,447,37,3,3,63886.0,7167.0,8,True,False,API,0,0.0,23,0.5,True
1.0,0.0,20,4,7,2023,True,221,37,4,1,962.0,6024.0,3,True,True,Other,0,0.0,3160,0.0,True
96.0,92.0,7,5,6,2023,True,212,34,2,2,5.0,4183.0,8,False,False,iOS,0,0.1,0,3.7,True
410.0,16.0,7,4,7,2026,True,75,35,3,1,3097.0,18901.0,7,True,False,Other,0,0.0,623,0.0,True
246.0,80.0,7,3,7,2026,True,62,53,3,1,1641.0,10.0,6,True,False,Other,0,0.4,0,193.5,True
468.0,148.0,7,1,5,2026,False,42,39,3,1,783.0,1870.0,5,False,False,Productivity,0,0.0,13,330.5,True
32.0,2.0,7,5,3,2023,True,84,58,5,3,5.0,1418.0,6,False,False,Productivity,0,0.0,0,6.8,True
580.0,24.0,7,4,6,2026,False,63,56,3,3,1861.0,5834.0,9,True,False,Productivity,8,0.0,0,376.3,True
70.0,8.0,7,4,7,2026,True,419,29,3,2,5.0,190.0,6,False,False,Other,0,0.0,0,5.0,True
200.0,9.0,7,0,6,2026,True,62,39,3,1,5410.0,3381.0,6,True,False,Developer Tools,0,0.0,11,211.3,True
79.0,2.0,7,1,3,2023,True,246,21,3,3,94063.0,654.0,7,True,False,Productivity,0,0.0,616,204.88311688311688,False
115.0,8.0,7,6,7,2023,True,131,38,3,1,5.0,1160.0,8,False,False,API,0,3.0,12,212.8,True
605.0,49.0,7,6,7,2026,True,44,48,3,3,3492.0,1064.0,4,True,False,Fintech,6,0.0,2,422.7,True
154.0,3.0,7,3,7,2023,True,186,51,4,1,283042.0,2576.0,4,False,False,Other,0,0.0,19,3.7,True
269.0,179.0,7,1,7,2026,True,74,56,3,2,191975.0,544.0,4,True,False,Productivity,0,101.4,7,0.7,True
3.0,2.0,0,4,1,2023,False,248,23,4,1,876.0,411.0,12,False,True,Android,0,0.0,0,0.0,False
114.0,80.0,0,4,7,2026,True,58,56,3,1,5.0,1967.0,6,True,False,Productivity,0,0.0,3,5.6,True
134.0,20.0,7,5,5,2023,True,90,33,3,1,583.0,183.0,3,False,True,Health & Fitness,0,0.0,0,0.0,False
9.0,0.0,7,4,7,2023,False,72,55,3,1,5.0,3590.0,7,False,False,Design Tools,0,0.0,7,224.9,True
139.0,16.0,7,0,7,2026,True,222,30,3,1,4102.0,2481.0,9,True,False,Other,0,0.0,6,0.0,True
42.0,0.0,7,0,6,2026,False,49,49,1,3,316.0,688.0,4,False,False,Productivity,0,0.0,0,0.0,False
13.0,1.0,7,3,1,2023,True,234,54,1,1,5.0,1539.0,3,False,True,Design Tools,0,0.0,0,0.0,True
3.0,0.0,7,4,1,2023,False,240,43,2,2,14980.0,310.0,4,False,False,Marketing,0,0.0,83,282.2168674698795,False
192.0,13.0,7,4,7,2026,True,261,32,3,1,771.0,269.0,6,True,False,Other,0,0.0,0,0.0,True
1.0,0.0,16,3,3,2023,False,227,29,1,1,3190.0,2325.0,3,False,True,Developer Tools,0,0.0,9,0.4,True
104.0,90.0,7,0,6,2026,False,36,42,3,1,60937.0,845.0,6,True,False,Productivity,0,0.0,0,0.0,True
208.0,35.0,7,3,7,2026,False,238,37,1,1,5411.0,5622.0,4,True,True,Productivity,0,0.0,14,1.7,True
1.0,7.0,9,4,5,2023,True,257,54,4,1,2944.0,427.0,5,True,True,Other,0,0.0,0,1.7,True
98.0,4.0,7,3,3,2023,False,220,58,3,1,491933.0,923.0,6,True,True,SaaS,0,0.0,0,3.0,True
251.0,39.0,7,6,7,2026,True,71,43,3,1,5115.0,13040.0,8,False,False,Other,0,0.0,21,339.1,True
110.0,144.0,1,0,7,2026,True,30,20,3,1,279.0,3610.0,8,False,False,Email,0,0.0,0,0.0,True
20.0,0.0,23,3,1,2023,False,208,27,4,1,5.0,887.0,6,False,True,Writing,0,1.0,0,6.2,True
231.0,15.0,7,2,6,2026,True,56,48,3,3,1322.0,6427.0,6,True,False,Productivity,2,0.0,0,297.7,True
92.0,0.0,7,5,7,2023,False,296,32,1,1,79.0,160.0,6,False,True,Marketing,0,0.0,0,0.0,True
340.0,85.0,7,3,5,2026,True,51,58,3,3,42209.0,404.0,7,True,False,Artificial Intelligence,0,0.7,17,1.0,True
571.0,95.0,7,6,7,2026,True,59,48,3,3,1069.0,4644.0,4,True,False,Design Tools,1,311.9,17,286.7,True
145.0,26.0,7,6,7,2023,True,247,32,3,3,5.0,2492.0,8,True,True,Other,0,0.0,4,0.0,True
11.0,0.0,18,6,5,2023,False,253,34,3,1,1737.0,2093.0,6,True,False,Productivity,0,0.0,2966,0.0,True
5.0,0.0,13,3,1,2023,False,287,41,3,1,1919.0,1011.0,4,True,True,Android,0,0.0,1971,3.4,True
117.0,8.0,0,3,7,2025,True,69,58,3,1,2179.0,4790.0,4,True,False,Android,0,0.0,0,0.0,True
63.0,2.0,7,1,3,2023,True,168,34,3,0,2068.0,1696.0,4,True,True,Hiring,0,0.0,0,0.0,True
589.0,73.0,7,1,7,2026,True,157,33,3,1,2089.0,8421.0,5,True,False,Productivity,0,0.0,8,367.8,True
145.0,19.0,7,4,7,2024,False,373,60,5,1,677.0,3039.0,7,True,False,Productivity,0,1.1,144,227.8,True
69.0,8.0,19,0,3,2023,True,173,21,3,1,1009.0,648.0,1,False,True,Writing,0,0.0,0,0.0,False
363.0,0.0,7,5,5,2023,True,296,56,3,1,5.0,477.0,5,True,True,Productivity,0,0.0,7,2.3,True
17.0,0.0,7,3,5,2023,True,262,43,2,1,224638.0,735.0,6,False,False,Android,0,1.3,1,0.0,True
6.0,0.0,15,1,7,2023,False,246,22,4,1,3486.0,1035.0,0,False,True,Android,0,0.0,0,0.1,True
3.0,1.0,18,0,3,2023,False,260,57,3,1,113.0,874.0,1,False,True,Productivity,0,0.0,0,0.0,False
91.0,0.0,7,3,5,2023,True,223,58,3,1,5.0,3987.0,6,True,False,Other,0,0.0,12,2.9,True
74.0,7.0,9,3,1,2023,True,285,52,3,1,37.0,48.0,4,False,True,Other,0,0.0,0,0.0,False
120.0,30.0,7,4,7,2026,True,39,36,1,3,43102.0,3989.0,1,False,False,Android,0,0.0,6,0.2,True
15.0,0.0,17,4,3,2023,False,281,60,3,1,5.0,1855.0,1,False,True,Other,0,0.0,3,0.0,True
16.0,0.0,11,3,1,2023,False,248,35,5,1,5.0,2048.0,1,False,True,Design Tools,0,0.0,380,1.0,True
538.0,44.0,9,3,7,2023,False,218,43,3,3,197060.0,659.0,8,True,False,Design Tools,0,0.0,6,0.4,True
10.0,3.0,7,3,1,2023,False,255,57,2,1,5.0,478.0,2,False,True,Writing,0,0.0,0,0.0,True
120.0,0.0,17,0,7,2023,True,244,20,1,1,510.0,1829.0,6,True,True,Chrome Extensions,0,0.0,1,1.3,True
129.0,36.0,7,4,5,2026,False,296,60,2,3,5.0,3124.0,4,True,False,Productivity,0,0.0,5,1.0,True
1.0,1.0,12,0,1,2023,False,270,34,3,1,1706.0,161.0,3,False,True,Other,0,0.3,0,0.0,True
1246.0,102.0,7,6,7,2026,True,49,53,3,3,2210.0,2769.0,6,False,False,Productivity,26,0.7,602,335.4,True
327.0,114.0,7,2,7,2023,True,47,39,3,7,5.0,1951.0,7,True,False,Mac,0,0.0,3,327.4,True
3.0,2.0,7,3,5,2023,False,199,58,2,1,341.0,4857.0,3,False,True,Android,0,0.0,0,0.0,True
177.0,0.0,17,3,3,2023,False,227,60,3,1,5.0,2135.0,2,False,True,Design Tools,0,0.0,288,3.5,True
13.0,0.0,15,1,1,2023,False,274,30,3,1,4605.0,1245.0,1,False,True,Marketing,0,0.0,0,0.0,True
160.0,17.0,0,3,6,2026,True,359,42,3,1,83.0,74.0,4,False,False,Design Tools,0,0.0,0,0.0,False
9.0,0.0,10,4,5,2023,False,232,60,3,6,3086.0,398.0,1,True,True,Productivity,0,0.0,0,0.0,True
244.0,13.0,7,4,7,2026,True,60,37,3,13,627860.0,2349.0,6,True,False,Open Source,0,0.0,0,0.0,True
161.0,0.0,7,0,6,2026,True,54,54,1,1,66.0,807.0,5,True,False,Productivity,0,0.0,0,0.0,False
236.0,23.0,7,3,7,2026,True,58,50,3,1,936.0,476.0,9,False,False,Productivity,0,0.0,6,0.4,True
208.0,60.0,7,2,7,2026,True,57,59,3,1,237866.0,1275.0,5,False,False,Developer Tools,0,0.0,26,0.0,True
136.0,35.0,7,4,7,2023,True,251,55,3,2,55114.0,185.0,6,False,False,Other,0,0.0,0,0.0,True
277.0,17.0,7,4,9,2026,True,404,47,3,3,681.0,1207.0,9,True,False,Other,0,0.0,14,186.7,True
17.0,1.0,8,4,7,2025,True,233,29,3,1,1118.0,3036.0,6,False,False,API,0,0.0,0,0.0,True
13.0,46.0,7,4,5,2023,False,274,55,3,1,5.0,731.0,6,False,False,Android,0,0.0,0,0.0,True
70.0,0.0,7,3,7,2023,False,210,48,1,1,5.0,145.0,2,False,True,Social Media,0,0.0,0,0.0,True
8.0,1.0,14,4,5,2023,False,271,49,3,1,821.0,1789.0,9,False,False,Marketing,0,0.0,0,0.0,True
147.0,5.0,7,3,7,2024,False,201,47,3,1,311.0,1074.0,4,False,False,Fintech,0,0.0,25,0.1,True
12.0,0.0,19,3,1,2023,False,259,38,2,1,459.0,2007.0,3,True,True,SaaS,0,0.0,0,0.0,True
247.0,150.0,7,6,7,2026,True,192,50,3,1,2940.0,4374.0,6,True,False,Chrome Extensions,4,0.0,27,0.0,True
40.0,6.0,7,1,7,2023,True,51,60,3,1,589.0,1364.0,4,True,False,Other,0,0.0,28,214.8,True
173.0,9.0,7,4,7,2026,True,55,27,3,1,186.0,1801.0,10,False,False,Design Tools,0,0.0,6,2.4,True
23.0,3.0,9,3,5,2023,True,246,17,2,1,5.0,1150.0,1,False,True,Other,0,0.0,0,0.0,True
143.0,61.0,7,0,5,2023,False,184,59,3,1,343.0,3541.0,6,True,True,API,0,0.0,7,2.0,True
190.0,30.0,7,1,7,2026,True,213,45,5,1,23166.0,4000.0,6,True,False,Marketing,10,0.0,659,3.3,True
3.0,0.0,9,3,7,2023,False,231,26,1,1,168.0,523.0,1,False,True,Other,0,0.0,0,0.0,False
145.0,6.0,7,6,7,2026,False,67,60,3,2,5.0,2950.0,4,True,False,Email,0,0.0,0,0.0,True
785.0,0.0,7,5,7,2023,True,240,33,3,1,338.0,992.0,6,False,False,Productivity,0,0.0,0,2.2,True
9.0,3.0,15,5,7,2023,True,242,37,3,1,5.0,982.0,1,False,False,Other,0,1.4,0,3.6,True
160.0,33.0,7,3,5,2026,False,401,47,3,1,5.0,1050.0,6,True,False,Other,0,0.9,0,0.0,True
130.0,78.0,7,4,6,2026,True,500,44,3,1,273562.0,2989.0,6,False,False,Education,2,0.0,0,2.4,True
60.0,3.0,7,3,7,2023,True,245,35,3,1,1308.0,1578.0,6,False,False,iOS,0,0.1,6,171.5,True
28.0,2.0,20,3,3,2023,False,265,35,2,1,2100.0,5819.0,3,True,True,Design Tools,0,0.0,0,0.0,True
53.0,3.0,7,1,7,2023,True,445,53,3,7,3316.0,809.0,5,True,False,Other,1,0.0,0,2.8,True
5.0,0.0,14,4,7,2023,False,210,58,3,1,5.0,84.0,3,False,True,Open Source,0,0.0,22,4.3,True
106.0,7.0,0,4,5,2026,True,254,29,3,1,81.0,586.0,7,True,False,Design Tools,0,0.0,0,0.0,False
124.0,3.0,7,4,7,2023,False,49,46,1,1,2335.0,8629.0,4,False,True,Chrome Extensions,0,0.1,6,3.2,True
189.0,23.0,7,6,6,2026,True,50,46,3,1,4236.0,963.0,6,False,False,Other,0,80.6,12,181.5,True
225.0,77.0,7,0,7,2026,True,263,32,3,1,112740.0,1258.0,4,False,False,Other,0,0.0,9,0.0,True
806.0,0.0,7,4,7,2026,True,49,49,1,1,625.0,1331.0,4,False,False,Productivity,0,0.0,0,0.0,False
276.0,56.0,7,2,6,2026,True,57,60,3,3,1540.0,1738.0,6,True,False,Other,0,0.0,8,0.9,True
6.0,0.0,7,4,5,2023,False,223,38,1,1,5.0,2967.0,1,True,True,Other,0,4.0,7,0.7,True
19.0,0.0,15,0,3,2023,False,187,32,3,1,982.0,1096.0,2,False,True,Other,0,0.0,14,0.8,True
10.0,3.0,7,5,5,2023,False,223,27,3,1,2792.0,5301.0,4,False,True,Design Tools,0,0.0,4,2.7,True
19.0,0.0,7,1,5,2023,False,287,25,3,1,752.0,1898.0,6,True,True,Education,0,0.0,0,1.3,True
13.0,0.0,14,3,5,2023,False,263,19,3,4,5.0,1007.0,1,False,False,Artificial Intelligence,0,0.0,19,0.0,True
392.0,81.0,7,5,5,2026,False,373,42,3,3,2281.0,518.0,6,True,False,Other,0,0.0,10,0.0,True
54.0,5.0,9,4,7,2023,True,259,59,3,1,5.0,693.0,5,True,True,Productivity,0,0.0,397,0.0,True
292.0,18.0,7,0,6,2026,True,63,54,3,1,5.0,1219.0,4,True,False,Design Tools,0,0.0,12,0.0,True
1.0,0.0,7,1,3,2023,False,239,51,3,3,66011.0,1125.0,6,False,False,Productivity,0,0.0,0,1.9,True
13.0,8.0,7,0,9,2023,False,65,56,3,1,5.0,3306.0,3,True,False,Other,0,0.0,0,0.7,True
13.0,2.0,7,4,3,2023,False,249,56,2,1,205208.0,3364.0,3,True,True,Fintech,0,0.0,0,0.0,True
114.0,3.0,7,4,7,2023,True,187,45,2,1,70.0,2919.0,1,False,False,Other,0,0.0,0,1.5,True
96.0,0.0,7,4,3,2023,False,32,43,3,1,5.0,2207.0,3,False,True,Web App,0,0.0,0,0.0,True
92.0,19.0,7,1,5,2024,True,69,58,3,1,52803.0,2426.0,3,False,False,Design Tools,0,0.0,1,0.0,True
267.0,42.0,7,0,10,2026,True,29,58,3,3,5.0,5446.0,7,True,False,Chrome Extensions,0,227.7,34,330.2,True
2.0,2.0,17,6,5,2023,False,240,31,4,1,67.0,2000.0,4,False,True,Android,0,0.0,0,0.0,False
148.0,0.0,7,1,7,2023,False,253,23,3,1,5.0,9393.0,4,False,False,Marketing,0,0.0,1,1.6,True
410.0,51.0,7,4,5,2026,True,463,52,3,3,27488.0,14039.0,6,False,False,Design Tools,1,0.0,2,3.2,True
172.0,134.0,7,3,5,2026,False,53,41,3,3,53.0,703.0,6,False,False,Other,0,0.0,14,398.4,True
10.0,0.0,7,4,8,2023,True,240,36,3,2,222291.0,1524.0,4,True,False,Artificial Intelligence,0,0.0,1,0.0,True
72.0,4.0,7,3,5,2023,True,270,55,3,1,3052.0,4575.0,6,True,False,SaaS,0,0.0,440,3.7,True
119.0,18.0,7,0,7,2026,True,199,42,3,3,2529.0,332.0,4,False,False,Design Tools,0,0.0,0,196.8,True
130.0,8.0,7,5,10,2023,True,51,27,3,3,75357.0,813.0,6,False,False,Design Tools,0,0.0,4,196.6,True
205.0,29.0,0,0,5,2026,True,360,36,3,1,366.0,2211.0,4,True,False,Hiring,0,0.0,0,0.0,False
9.0,4.0,7,3,7,2023,False,235,36,3,1,72883.0,593.0,4,False,False,Other,0,0.0,0,0.4,True
586.0,34.0,7,2,10,2023,True,143,28,3,2,266.0,24802.0,6,True,False,Developer Tools,0,232.2,12,1.1,True
274.0,30.0,7,1,7,2026,False,254,59,3,1,61159.0,4483.0,7,True,False,Open Source,0,0.0,0,0.0,True
56.0,3.0,12,1,3,2023,True,255,32,3,1,20.0,1670.0,3,False,True,Hiring,0,0.0,0,0.0,False
2.0,0.0,5,3,5,2023,False,226,44,3,9,51697.0,1131.0,1,False,True,Other,0,0.0,0,1.6,True
5.0,0.0,13,4,7,2023,False,170,40,4,1,2912.0,877.0,1,True,True,Mac,0,1.3,259,0.0,True
165.0,11.0,7,5,8,2023,True,423,50,3,1,5.0,4351.0,16,True,False,Open Source,0,0.0,0,0.0,True
110.0,5.0,3,3,4,2022,False,146,35,3,1,10.0,334.0,1,False,False,Web App,0,0.0,0,0.0,False
128.0,64.0,7,4,7,2023,True,68,56,3,1,5.0,1083.0,5,False,False,Web App,0,0.0,3656,0.0,True
1.0,12.0,7,3,5,2023,True,231,59,1,1,212868.0,565.0,10,False,False,Other,0,0.0,0,0.0,True
100.0,1.0,7,3,5,2026,True,227,59,1,1,3818.0,512.0,3,True,False,Design Tools,0,0.0,0,215.3,True
26.0,7.0,0,0,6,2026,False,460,44,3,1,19.0,1649.0,2,False,False,Productivity,0,0.0,0,0.0,False
455.0,27.0,0,5,6,2026,True,259,53,3,1,5.0,1175.0,4,False,False,Other,0,0.0,0,2.5,True
95.0,3.0,0,4,5,2026,False,470,31,3,1,8550.0,21289.0,5,True,False,Other,35,360.42857142857144,35,360.42857142857144,False
162.0,42.0,7,4,7,2023,True,50,17,3,1,1097.0,735.0,6,False,True,Productivity,0,0.0,325,1.7,True
4.0,0.0,7,4,3,2023,False,228,46,3,3,2471.0,3876.0,3,False,True,Other,0,0.0,251,0.6,True
188.0,0.0,7,4,7,2024,True,24,40,3,1,88394.0,1165.0,6,True,False,Design Tools,0,0.0,28,2.2,True
115.0,27.0,7,2,1,2023,True,50,55,3,7,1946.0,1956.0,7,False,False,Other,0,0.0,8,0.0,True
127.0,5.0,0,5,5,2026,False,71,56,3,1,7338.0,17608.0,5,True,False,Other,21,448.0952380952381,21,448.0952380952381,False
192.0,93.0,7,6,7,2026,True,50,48,3,1,4172.0,12145.0,6,True,False,Productivity,0,0.0,0,6.4,True
129.0,64.0,7,6,7,2023,True,60,58,3,3,49.0,1155.0,6,True,False,Other,0,0.0,2,298.9,True
11.0,1.0,7,6,5,2023,False,177,53,3,1,258.0,186.0,4,True,False,Health & Fitness,0,0.0,0,0.0,False
3.0,1.0,22,0,3,2023,False,259,28,2,1,80.0,2588.0,2,True,True,Android,0,0.0,0,0.0,False
671.0,75.0,7,6,7,2026,True,65,33,3,6,5171.0,1135.0,8,True,False,Other,0,257.8,5,194.7,True
114.0,6.0,7,0,7,2023,False,47,58,3,5,87.0,3264.0,5,False,True,Developer Tools,0,0.0,5,0.0,True
15.0,0.0,8,4,5,2023,True,270,26,3,1,3252.0,7324.0,2,False,True,Other,0,0.3,0,5.7,True
155.0,28.0,0,2,5,2026,True,403,59,3,1,153.0,451.0,8,True,False,Mac,0,0.0,0,0.0,False
1.0,7.0,7,1,5,2026,False,63,58,3,1,1381.0,1523.0,6,True,False,Other,0,0.0,0,0.0,True
7.0,0.0,9,0,3,2023,False,224,60,3,1,5.0,1110.0,1,True,False,Developer Tools,0,0.0,0,0.0,True
127.0,98.0,7,4,7,2026,False,66,23,5,3,5.0,5922.0,6,True,False,Mac,0,0.0,230,0.0,True
141.0,28.0,7,4,12,2026,True,132,56,3,1,3509.0,7297.0,8,True,False,Other,0,0.0,0,5.7,True
117.0,54.0,7,0,11,2023,True,52,48,3,1,1857.0,3585.0,5,False,False,Other,0,0.0,4,1.4,True
16.0,4.0,8,1,7,2023,False,154,57,3,1,5.0,1845.0,3,False,True,Other,0,0.0,0,0.0,True
82.0,22.0,7,4,5,2026,True,266,58,3,1,1054.0,4446.0,4,False,False,Productivity,17,0.0,0,0.0,True
113.0,0.0,10,1,7,2023,False,236,43,3,1,663.0,5883.0,3,True,True,Productivity,0,0.0,2185,1.3,True
155.0,2.0,7,3,5,2026,True,479,58,3,3,5.0,3783.0,9,True,False,Other,0,0.0,15,193.5,True
253.0,80.0,7,4,5,2026,True,228,34,3,1,3537.0,1215.0,4,False,False,Productivity,0,0.0,3274,4.7,True
6.0,2.0,7,0,3,2023,False,259,35,4,1,605.0,1212.0,3,False,True,Other,0,0.0,0,0.0,False
151.0,252.0,7,4,7,2023,True,214,39,3,3,196974.0,568.0,5,False,False,Design Tools,0,0.0,1298,204.16486902927585,False
147.0,0.0,7,0,3,2023,False,248,35,2,2,5.0,1773.0,3,False,True,Other,0,0.0,0,174.3,True
140.0,0.0,9,1,7,2023,False,255,40,3,1,5.0,1582.0,3,False,True,Developer Tools,0,0.0,0,0.0,True
10.0,23.0,16,0,7,2023,True,277,57,3,3,5.0,286.0,6,True,False,Other,0,0.0,11,0.0,True
99.0,22.0,7,4,7,2023,True,250,37,3,1,28.0,2464.0,5,False,True,Marketing,0,0.0,0,0.0,False
5.0,0.0,17,3,3,2023,False,261,37,4,1,61.0,471.0,3,False,True,Other,0,0.0,0,1.1,True
21.0,19.0,7,3,5,2023,True,267,28,1,1,231.0,4903.0,4,False,False,Productivity,0,0.0,0,3.0,True
200.0,116.0,7,1,7,2026,True,31,31,3,1,1624.0,2554.0,7,False,True,Productivity,0,0.0,0,0.0,False
26.0,3.0,0,0,3,2023,True,82,57,3,1,155144.0,1489.0,6,False,False,Design Tools,0,0.0,2743,183.9,True
184.0,0.0,7,5,7,2026,True,240,58,3,1,5.0,85.0,7,False,False,Chrome Extensions,0,0.0,17,1.8,True
23.0,0.0,21,4,7,2023,False,66,57,4,5,345309.0,1466.0,4,False,True,Design Tools,0,0.0,1,1.5,True
5.0,0.0,10,1,3,2023,False,168,32,3,0,97.0,2198.0,3,False,False,Other,0,0.0,0,0.0,False
131.0,2.0,7,3,5,2026,True,40,41,3,7,5.0,4344.0,6,True,False,Hiring,0,0.0,22,1.2,True
398.0,4.0,7,0,10,2026,False,168,60,3,1,47984.0,694.0,9,True,False,SaaS,0,0.0,0,0.7,True
283.0,23.0,7,2,6,2026,True,53,48,3,1,2424.0,12884.0,5,False,False,Other,0,0.0,0,160.7,True
77.0,1.0,7,4,5,2023,True,59,42,3,1,424.0,412.0,7,False,True,Chrome Extensions,0,0.0,0,0.0,False
82.0,1.0,7,0,7,2026,False,65,52,3,1,88292.0,2267.0,4,False,False,Open Source,0,0.0,5,211.4,True
92.0,1.0,7,1,3,2023,False,241,32,4,1,2233.0,931.0,6,False,True,Marketing,0,0.0,16,1.0,True
92.0,13.0,7,4,7,2026,True,64,46,3,1,2529.0,2490.0,6,False,False,Other,0,0.0,528,0.0,True
932.0,36.0,7,0,7,2026,False,352,46,3,1,351.0,6253.0,8,True,False,Productivity,0,0.0,24,0.0,True
42.0,14.0,7,5,6,2026,True,48,48,3,1,4713.0,12498.0,8,False,False,Productivity,1,552.0,1,552.0,False
238.0,48.0,1,1,6,2026,True,63,42,3,1,94934.0,795.0,8,True,False,Mac,0,0.0,0,367.8,True
187.0,30.0,7,2,7,2026,True,45,52,3,3,82090.0,5093.0,5,False,False,Mac,0,0.0,1498,0.0,True
2.0,0.0,7,1,3,2023,False,230,20,2,0,234.0,1452.0,1,False,False,Health & Fitness,0,0.0,0,0.0,False
73.0,36.0,7,4,5,2023,True,59,28,3,1,358.0,1199.0,6,False,False,Other,0,0.0,13,4.1,True
172.0,2.0,7,3,5,2023,True,83,35,3,4,5.0,542.0,4,False,False,Developer Tools,0,0.0,0,2.0,True
124.0,8.0,7,3,7,2026,True,47,60,3,1,988.0,423.0,8,True,False,Other,1,0.0,0,0.0,True
1.0,3.0,7,1,7,2023,True,246,59,3,1,5.0,463.0,8,False,False,Other,0,0.0,0,0.0,True
8.0,0.0,4,3,7,2023,False,243,56,3,1,4611.0,1591.0,3,False,True,Hiring,0,0.2,13,3.0,True
110.0,0.0,11,3,3,2023,False,188,48,2,1,297144.0,3615.0,0,False,True,Design Tools,0,0.0,0,0.0,True
445.0,5.0,22,4,7,2023,False,252,35,3,1,5.0,704.0,6,False,False,Productivity,0,0.0,0,1.7,True
6.0,6.0,9,3,7,2023,False,253,58,1,1,742.0,10.0,3,False,True,Design Tools,0,0.9,194,1.0,True
1.0,1.0,7,3,5,2023,False,232,37,2,1,122529.0,3065.0,4,True,True,Health & Fitness,0,0.0,2,0.0,True
484.0,2.0,5,0,5,2023,True,51,30,3,1,1782.0,3491.0,4,False,False,Other,0,0.0,661,0.5,True
91.0,8.0,7,3,1,2023,True,246,20,3,3,5.0,105.0,4,False,True,Fintech,0,3.8,12,1.0,True
105.0,0.0,7,4,5,2023,False,260,40,3,1,99959.0,2565.0,9,False,True,Chrome Extensions,0,0.0,380,0.0,True
795.0,79.0,7,3,7,2026,True,26,26,3,3,1275.0,3260.0,6,True,True,API,0,0.0,0,0.0,False
1.0,2.0,8,3,7,2023,True,268,20,3,0,5.0,1104.0,1,False,True,Other,0,0.0,0,4.1,True
5.0,0.0,7,4,5,2023,False,258,37,3,6,1142.0,3740.0,4,False,True,Education,0,0.0,0,7.1,True
1.0,0.0,15,5,1,2023,False,226,33,3,1,2118.0,1618.0,3,False,False,Artificial Intelligence,0,0.0,0,4.8,True
470.0,51.0,9,0,7,2026,True,317,49,3,1,175363.0,1867.0,6,True,False,Design Tools,0,0.0,17,2.0,True
102.0,14.0,7,3,7,2023,True,46,56,3,1,5.0,3620.0,6,False,False,Marketing,0,2.3,0,227.2,True
2.0,0.0,7,0,6,2026,False,171,55,1,1,5.0,326.0,1,False,False,Chrome Extensions,0,1.8,0,0.0,True
150.0,5.0,7,3,7,2023,True,247,36,2,1,43660.0,2131.0,3,False,True,Other,0,0.0,0,3.5,True
1.0,0.0,7,3,3,2023,True,252,43,3,2,5.0,317.0,1,False,False,Hiring,0,0.0,982,0.0,True
150.0,45.0,7,2,7,2026,True,182,50,3,3,5010.0,3763.0,4,True,False,Productivity,0,0.0,26,4.7,True
16.0,2.0,11,0,3,2023,False,238,55,3,2,35694.0,841.0,5,False,False,Health & Fitness,0,0.0,219,207.06849315068493,False
192.0,4.0,0,5,5,2026,True,108,45,3,1,2199.0,6753.0,6,False,False,Open Source,3,179.0,3,179.0,False
155.0,18.0,7,0,5,2023,True,253,53,3,1,1318.0,10.0,6,True,True,Education,0,0.0,0,187.0,True
2.0,0.0,14,3,1,2023,False,106,24,3,0,635.0,3396.0,0,False,False,SaaS,0,0.0,0,0.0,False
1.0,2.0,13,6,1,2023,False,287,60,2,1,30917.0,1520.0,7,True,True,Design Tools,0,0.0,10,209.3,True
884.0,97.0,7,6,5,2024,True,40,36,3,1,1746.0,1599.0,6,True,False,Design Tools,0,0.0,12,0.0,True
66.0,2.0,7,3,7,2023,False,248,44,4,1,5.0,792.0,6,False,True,Marketing,0,0.0,5,0.0,True
207.0,48.0,7,3,6,2026,True,53,53,3,1,391.0,1652.0,6,False,False,Productivity,0,0.0,0,0.0,False
27.0,15.0,7,0,7,2026,False,50,50,3,2,377.0,215.0,4,False,True,Other,0,0.0,0,0.0,False
14.0,0.0,15,3,3,2023,False,243,38,2,1,223.0,1780.0,1,True,True,SaaS,0,0.0,0,0.0,True
5.0,0.0,6,4,1,2023,False,271,59,3,1,1487.0,2221.0,1,True,True,Other,0,0.0,0,0.0,True
331.0,14.0,7,4,7,2023,False,277,58,3,3,2386.0,5260.0,3,False,False,Other,0,0.0,0,0.2,True
114.0,10.0,7,6,3,2023,True,230,60,3,1,5.0,1368.0,5,False,False,Artificial Intelligence,0,0.0,752,2.4,True
121.0,26.0,7,1,7,2026,True,40,58,3,1,5.0,2070.0,7,True,False,Productivity,0,0.0,0,0.0,True
1.0,0.0,7,3,5,2023,True,205,33,2,1,42516.0,363.0,3,False,True,Other,0,0.0,0,0.0,True
214.0,6.0,7,1,6,2026,True,468,47,3,1,365.0,3938.0,9,False,False,Productivity,0,0.0,1553,0.0,True
25.0,0.0,20,5,5,2023,True,254,46,3,1,113.0,1400.0,3,False,False,Other,0,0.0,18,1.8,True
180.0,19.0,7,1,7,2023,True,233,58,4,1,5.0,2246.0,6,False,False,Marketing,0,0.0,0,1.4,True
4.0,0.0,4,4,5,2023,False,226,56,4,7,335827.0,1460.0,4,False,False,Other,0,0.0,2226,190.04851752021565,False
1.0,6.0,7,1,5,2023,True,274,54,3,1,523.0,610.0,4,False,False,Other,0,15.4,0,3.4,True
29.0,3.0,7,4,3,2023,True,60,34,3,1,5.0,1697.0,6,False,False,Other,0,2.2,227,0.0,True
2.0,1.0,5,4,7,2023,False,221,39,2,1,113.0,2210.0,8,True,True,Productivity,0,0.0,0,0.0,False
69.0,0.0,8,4,5,2023,True,248,33,3,0,29773.0,2441.0,4,False,False,Education,0,0.0,0,0.8,True
13.0,3.0,0,5,6,2026,False,209,47,3,1,59.0,2457.0,3,False,False,Marketing,0,0.0,0,0.0,False
4.0,0.0,10,1,3,2023,False,230,52,2,1,438.0,4344.0,1,False,True,Marketing,0,0.0,0,0.0,False
154.0,4.0,0,2,9,2025,True,465,60,3,1,45583.0,30239.0,5,True,False,Design Tools,14,0.0,2,253.0,True
1.0,0.0,7,4,3,2023,True,239,29,3,2,2348.0,1808.0,3,False,True,Marketing,0,0.0,0,0.0,True
111.0,0.0,7,6,7,2024,True,189,26,4,1,5.0,2942.0,8,False,False,Productivity,0,0.0,522,0.0,True
3.0,0.0,7,4,7,2023,False,287,37,3,1,1565.0,1035.0,2,False,True,Other,0,0.0,0,1.3,True
10.0,1.0,0,0,6,2026,False,386,20,3,1,11.0,226.0,4,False,False,Productivity,0,0.0,0,0.0,False
398.0,61.0,7,6,7,2026,True,69,44,3,2,3958.0,3338.0,6,True,False,Other,1,0.0,0,0.0,True
93.0,23.0,7,5,7,2023,True,174,26,1,3,5.0,1084.0,6,True,True,Productivity,0,0.0,5,0.0,True
241.0,0.0,7,5,9,2023,False,41,42,3,1,5.0,835.0,4,True,False,Web App,0,0.6,22,0.0,True
1.0,0.0,7,5,5,2023,True,47,34,3,1,5.0,798.0,4,False,False,Other,0,0.0,0,0.0,True
87.0,17.0,7,4,6,2026,True,60,45,3,1,327.0,931.0,3,True,False,Productivity,0,0.0,0,288.0,True
307.0,39.0,7,4,3,2026,True,53,29,3,1,101616.0,1567.0,5,False,True,API,0,0.0,27,0.0,True
50.0,17.0,7,1,7,2026,False,50,50,3,3,179.0,270.0,8,False,False,Other,0,0.0,0,0.0,False
343.0,45.0,0,2,6,2026,True,480,38,3,1,658.0,46.0,6,False,False,Mac,0,0.0,0,0.0,False
101.0,35.0,7,3,7,2026,False,60,60,3,2,265.0,1519.0,8,False,True,Other,0,0.0,0,0.0,False
424.0,120.0,7,3,3,2023,False,281,33,3,4,83569.0,693.0,8,True,False,Design Tools,0,0.0,10,0.0,True
222.0,76.0,7,0,7,2026,True,42,53,3,1,5.0,1376.0,6,False,False,Other,0,0.0,18,0.0,True
3.0,6.0,7,1,5,2023,False,269,41,5,5,1562.0,1155.0,3,False,True,Artificial Intelligence,0,0.0,0,3.2,True
113.0,63.0,7,4,7,2026,True,45,27,3,1,2400.0,10598.0,6,True,False,Design Tools,0,2.0,6,0.3,True
13.0,5.0,7,5,7,2026,False,52,52,3,3,15.0,345.0,4,True,True,Other,0,0.0,0,0.0,False
131.0,7.0,7,3,7,2026,True,251,38,3,1,207351.0,2026.0,4,True,False,iOS,0,0.0,7,0.0,True
7.0,3.0,7,1,7,2023,True,268,18,3,1,96555.0,1358.0,6,False,False,Other,0,0.0,0,6.1,True
2.0,2.0,6,3,1,2023,False,93,51,3,1,133.0,2238.0,11,True,True,Analytics,0,0.0,0,0.0,False
125.0,40.0,7,6,7,2023,False,259,19,3,2,980.0,884.0,4,False,False,Android,0,0.0,14,2.5,True
123.0,0.0,7,5,7,2023,False,170,33,3,1,5.0,1334.0,4,True,True,Android,0,0.5,0,197.7,True
345.0,7.0,7,6,7,2026,True,499,59,3,1,59694.0,26271.0,6,True,False,Productivity,0,0.0,0,1.8,True
6.0,2.0,7,1,3,2023,False,193,16,3,1,155.0,4954.0,3,False,True,Productivity,0,0.0,0,0.0,False
11.0,0.0,7,4,7,2026,True,283,52,3,1,738.0,1373.0,4,True,False,Chrome Extensions,0,0.0,0,0.0,True
216.0,10.0,7,6,7,2026,True,63,36,3,1,5.0,5587.0,6,True,False,Productivity,0,0.0,3,365.6,True
11.0,0.0,15,4,7,2023,False,164,26,1,0,5.0,2880.0,3,True,True,Open Source,0,1.2,25,0.0,True
102.0,3.0,20,3,7,2023,False,83,30,4,1,5.0,2776.0,2,True,True,Artificial Intelligence,0,0.0,230,186.2,True
274.0,46.0,7,4,7,2026,False,500,34,3,3,5.0,1085.0,6,False,False,Other,0,0.0,14,208.7,True
115.0,74.0,7,0,7,2026,True,69,19,3,3,5.0,2802.0,6,True,False,Other,0,0.0,125,0.0,True
518.0,86.0,7,0,7,2026,True,49,49,3,2,5.0,2768.0,6,False,True,Productivity,0,0.0,0,0.0,False
203.0,0.0,10,5,3,2023,True,209,39,4,1,215.0,2241.0,3,False,False,Marketing,0,0.0,0,0.0,True
80.0,2.0,7,3,7,2023,True,132,47,1,1,126.0,1230.0,1,False,True,Artificial Intelligence,0,0.0,0,0.0,False
732.0,22.0,7,3,12,2026,True,222,42,3,0,5.0,1724.0,6,False,False,Chrome Extensions,0,0.1,0,222.0,True
858.0,0.0,7,2,5,2026,True,58,60,3,1,5657.0,519.0,4,True,True,SaaS,0,0.0,19,1.8,True
136.0,126.0,7,4,6,2026,False,45,42,3,1,4716.0,2389.0,6,False,False,Other,0,0.0,0,0.0,True
220.0,45.0,7,6,6,2026,True,70,34,3,3,2762.0,31433.0,9,False,False,Productivity,11,172.6,21,316.8,True
10.0,0.0,11,3,3,2023,False,147,53,1,1,1488.0,8037.0,3,False,True,Developer Tools,0,0.0,9,0.0,True
7.0,0.0,7,3,1,2023,False,41,35,3,1,262210.0,2257.0,5,True,True,API,0,0.0,0,0.0,True
121.0,70.0,0,1,7,2026,True,47,33,3,1,212102.0,849.0,6,True,False,Other,0,0.0,2,4.0,True
187.0,14.0,7,4,3,2026,False,76,37,3,3,39962.0,1610.0,6,True,True,Developer Tools,0,0.0,0,193.7,True
18.0,2.0,17,0,3,2023,False,62,42,3,1,553.0,1196.0,1,False,True,Other,0,0.0,0,0.0,False
269.0,108.0,8,4,1,2023,True,200,41,3,1,306.0,1131.0,4,True,True,Other,0,0.0,0,0.0,False
262.0,114.0,7,6,5,2026,True,58,33,3,3,5.0,6141.0,4,False,False,Productivity,0,0.0,0,0.8,True
150.0,53.0,7,4,7,2023,False,241,43,3,1,5.0,835.0,10,False,False,Design Tools,0,0.0,0,6.6,True
3.0,0.0,14,4,1,2023,False,292,27,3,1,224.0,3339.0,1,False,True,Productivity,0,0.0,0,0.0,False
442.0,1.0,7,6,5,2023,False,247,38,3,1,128195.0,5469.0,4,False,False,Chrome Extensions,0,0.9,20,0.0,True
429.0,3.0,7,4,7,2026,True,30,59,3,2,5.0,2501.0,6,False,False,Other,0,0.0,0,5.1,True
718.0,6.0,7,6,3,2023,True,60,56,3,3,5.0,426.0,5,True,False,Productivity,0,0.0,1490,384.0,True
4.0,1.0,9,4,7,2023,False,220,34,2,1,391.0,2346.0,2,True,True,Other,0,0.0,0,0.0,False
5.0,16.0,7,4,5,2023,False,490,24,3,24,55806.0,532.0,4,False,True,Other,0,0.0,6,1.2,True
198.0,43.0,7,2,7,2026,True,49,30,3,1,74.0,2308.0,11,True,False,Productivity,0,0.0,5,451.2,True
118.0,1.0,12,3,7,2023,False,270,32,3,1,2916.0,4695.0,6,True,False,Artificial Intelligence,0,0.0,10,0.0,True
160.0,22.0,9,3,5,2026,False,184,40,3,0,5.0,2972.0,6,False,False,Developer Tools,0,0.0,6,234.2,True
75.0,5.0,7,1,3,2023,True,202,28,1,1,114.0,5254.0,2,False,True,Artificial Intelligence,0,0.0,0,0.0,False
80.0,5.0,7,3,5,2026,True,500,47,3,1,1494.0,197.0,3,False,False,Android,0,0.0,4,5.0,True
518.0,105.0,7,3,7,2026,True,49,49,3,3,14.0,339.0,8,False,True,Productivity,0,0.0,0,0.0,False
196.0,48.0,7,4,6,2023,True,41,49,3,2,1375.0,2829.0,6,True,False,API,0,0.0,2921,0.0,True
7.0,2.0,15,6,5,2023,False,185,29,3,1,247.0,248.0,5,False,True,Other,0,0.0,0,0.0,False
284.0,34.0,0,4,6,2026,True,473,43,3,1,579.0,1783.0,5,True,False,Marketing,0,0.0,0,0.0,False
7.0,1.0,17,3,7,2023,True,257,35,3,1,5.0,1420.0,3,False,True,Design Tools,0,0.0,0,0.0,True
4.0,0.0,14,4,1,2023,False,200,28,3,1,157.0,749.0,6,True,True,Fintech,0,0.0,0,0.0,False
252.0,51.0,7,6,6,2026,True,51,52,3,1,4056.0,2577.0,6,True,False,Productivity,1,45.0,32,0.0,True
206.0,26.0,11,3,2,2026,True,139,47,3,1,1992.0,5379.0,3,False,False,Marketing,1,214.0,1,214.0,False
292.0,2.0,13,4,5,2024,False,234,42,3,1,5.0,3778.0,8,True,False,Fintech,0,0.0,0,0.0,True
354.0,34.0,7,0,6,2026,True,343,52,3,3,218190.0,2552.0,5,True,False,Other,5,0.0,19,393.0,True
134.0,35.0,7,4,7,2026,True,62,59,3,3,1888.0,2459.0,6,False,False,Other,0,0.0,317,390.4,True
161.0,13.0,7,2,7,2025,False,66,57,3,3,3600.0,995.0,4,False,False,Education,0,0.0,0,0.0,True
19.0,0.0,13,6,1,2023,False,290,25,3,1,3178.0,656.0,1,False,True,Other,0,0.0,0,0.0,True
6.0,0.0,7,3,5,2023,True,243,32,1,1,570.0,2562.0,4,False,True,Analytics,0,0.0,0,2.1,True
11.0,0.0,19,3,1,2023,False,256,53,3,1,38934.0,206.0,1,False,True,Other,0,0.0,20,2.2,True
18.0,0.0,18,3,7,2023,False,245,32,5,0,589.0,1936.0,2,False,True,Productivity,0,0.1,0,0.0,True
38.0,2.0,7,5,5,2023,False,224,32,2,1,493.0,844.0,2,True,True,Android,0,0.0,0,0.0,True
1.0,0.0,7,6,7,2023,False,411,39,1,1,1191.0,5991.0,2,False,True,Design Tools,0,0.0,206,1.3,True
10.0,0.0,18,1,7,2023,False,57,28,1,1,2302.0,4418.0,4,False,False,API,12,0.0,0,0.8,True
94.0,47.0,7,0,7,2026,True,30,48,3,2,5.0,2347.0,8,True,False,Developer Tools,0,30.8,0,0.5,True
1.0,0.0,15,3,3,2023,False,244,21,2,1,44724.0,2067.0,4,False,True,Other,0,0.0,0,3.7,True
182.0,16.0,9,6,5,2023,False,239,53,3,3,5.0,692.0,4,False,False,Artificial Intelligence,0,0.0,0,0.2,True
152.0,0.0,7,3,5,2023,False,401,60,3,1,1951.0,1442.0,7,True,False,Other,0,1.4,4,196.6,True
195.0,23.0,7,6,7,2026,True,45,39,3,1,558.0,3725.0,9,True,False,Artificial Intelligence,0,0.3,15,0.0,True
116.0,0.0,14,0,5,2023,True,251,22,3,1,88.0,2041.0,6,False,False,Other,0,0.0,0,1.9,True
377.0,2.0,6,4,7,2023,False,158,52,2,1,5.0,2646.0,6,False,False,Productivity,0,1.3,0,0.9,True
140.0,20.0,7,1,6,2026,False,45,45,3,3,926.0,1640.0,7,False,False,Other,0,0.0,0,0.0,False
5.0,2.0,22,3,5,2023,False,254,34,3,1,1825.0,2078.0,3,True,True,Android,0,0.0,8,2.0,True
1.0,0.0,7,3,5,2023,True,230,32,1,1,273.0,1565.0,2,False,True,Productivity,0,0.0,0,0.0,True
313.0,33.0,1,2,6,2026,True,73,30,3,1,5.0,14380.0,6,True,False,Productivity,9,123.3,2037,76.4,True
4.0,3.0,4,4,1,2023,False,245,30,1,1,491.0,1673.0,7,True,True,Other,0,0.0,0,0.0,False
12.0,0.0,7,3,5,2023,False,187,55,2,1,558.0,352.0,4,False,False,Artificial Intelligence,0,0.0,0,0.0,True
214.0,102.0,7,4,5,2026,True,248,49,3,3,5.0,10922.0,10,False,False,Other,11,0.0,5,296.3,True
117.0,29.0,7,2,10,2026,True,49,32,3,1,2636.0,5898.0,6,True,False,Android,12,2.1,4,212.2,True
118.0,84.0,7,3,7,2024,True,60,39,2,1,5.0,401.0,6,False,False,Other,0,0.0,0,218.0,True
1.0,4.0,7,1,3,2026,False,273,48,3,3,3164.0,10.0,8,False,False,Open Source,0,0.0,0,0.1,True
132.0,14.0,10,4,5,2026,True,229,46,3,1,5.0,3925.0,6,True,False,API,0,0.0,0,2.9,True
1.0,0.0,7,4,7,2023,False,135,58,1,1,5.0,1923.0,1,False,True,Chrome Extensions,0,0.0,0,2.0,True
14.0,2.0,13,5,7,2023,False,232,41,2,1,5.0,2841.0,4,False,True,Chrome Extensions,0,1.5,1370,0.5,True
325.0,21.0,1,1,11,2026,True,56,60,3,1,280804.0,6186.0,6,True,False,Other,0,3.0,0,3.7,True
177.0,0.0,7,0,5,2026,False,274,26,3,1,5.0,1068.0,6,True,False,Productivity,0,0.0,13,0.8,True
256.0,36.0,7,5,5,2023,True,57,60,3,1,5.0,2565.0,5,False,False,Health & Fitness,0,0.0,0,0.0,True
95.0,2.0,16,0,5,2023,False,254,33,4,0,5.0,6749.0,1,True,True,Other,0,0.0,16,0.0,True
127.0,50.0,7,3,7,2026,False,74,54,3,1,337.0,476.0,7,True,False,Marketing,0,281.0,11,189.3,True
244.0,36.0,7,3,7,2026,True,47,57,3,1,5.0,1986.0,5,False,False,Health & Fitness,0,0.0,8,0.0,True
266.0,8.0,7,3,6,2023,False,58,47,3,11,5.0,1342.0,6,True,False,Web App,0,2.5,20,0.8,True
5.0,21.0,7,1,1,2023,False,284,49,3,1,1686.0,2786.0,3,False,False,Education,0,0.0,0,0.0,True
218.0,58.0,7,4,7,2026,True,407,45,3,2,222.0,11449.0,5,True,False,Other,0,186.9,1199,0.0,True
1.0,0.0,7,3,5,2023,False,267,31,1,1,5.0,2303.0,2,False,True,Design Tools,0,0.2,5,0.0,True
20.0,2.0,7,4,1,2023,False,231,26,3,1,5.0,1070.0,3,False,True,Design Tools,0,0.0,1198,0.0,True
218.0,39.0,7,2,7,2026,True,75,49,3,2,1705.0,1064.0,8,True,False,Artificial Intelligence,8,213.2,0,2.7,True
118.0,0.0,14,0,3,2023,True,255,33,5,1,52287.0,1091.0,2,False,True,Productivity,0,0.0,0,0.0,True
24.0,1.0,7,4,5,2023,False,252,45,3,2,5.0,1478.0,3,False,True,Other,0,0.0,24,1.0,True
439.0,19.0,7,4,5,2023,True,71,60,3,1,1338.0,740.0,6,False,False,Design Tools,0,0.0,8,0.0,True
13.0,1.0,7,1,7,2023,False,177,32,3,2,311.0,1313.0,4,True,True,Other,0,1.3,7,0.0,True
483.0,59.0,7,6,7,2026,False,167,40,3,1,5.0,620.0,4,True,False,API,0,0.0,426,0.0,True
731.0,84.0,7,6,5,2026,True,73,47,3,3,5.0,29357.0,5,True,False,Productivity,0,2.6,0,281.4,True
111.0,4.0,7,6,5,2023,False,264,58,4,3,1324.0,458.0,3,True,True,Other,0,0.0,0,0.0,True
195.0,29.0,7,3,5,2026,True,79,50,3,2,274.0,656.0,6,False,False,Artificial Intelligence,0,0.0,0,183.5,True
127.0,21.0,7,5,5,2026,False,49,42,4,1,26.0,343.0,7,False,False,Fintech,0,0.0,2,196.8,True
11.0,1.0,21,0,5,2023,False,282,46,3,1,255249.0,311.0,1,False,True,Design Tools,0,0.0,1582,0.0,True
128.0,20.0,7,3,7,2023,True,220,56,3,2,74645.0,8652.0,8,True,False,Marketing,0,0.0,483,210.8840579710145,False
134.0,2.0,7,1,7,2023,True,49,50,3,1,5.0,590.0,4,False,False,Writing,0,0.0,10,3.8,True
2.0,1.0,11,3,7,2023,False,123,30,3,1,282.0,188.0,3,False,True,Other,0,0.0,0,0.0,False
13.0,0.0,17,3,3,2023,False,246,46,2,1,5.0,5606.0,2,True,True,Other,0,0.0,204,0.0,True
126.0,27.0,7,2,10,2026,True,52,49,3,1,1323.0,359.0,6,True,False,Productivity,2,0.1,173,0.0,True
64.0,6.0,1,0,1,2024,False,234,35,3,1,5.0,3174.0,10,False,True,Design Tools,0,0.0,15,1.4,True
89.0,1.0,20,3,7,2023,True,204,38,3,2,5.0,4063.0,6,True,True,Hiring,0,0.0,31,0.7,True
169.0,11.0,7,6,7,2026,False,51,40,3,5,5.0,1373.0,6,False,False,Web App,0,0.0,0,0.0,True
14.0,2.0,7,0,7,2023,True,88,29,2,1,5.0,3058.0,15,False,True,Other,0,0.0,11,0.0,True
274.0,17.0,7,2,7,2026,True,52,26,3,1,2640.0,4997.0,9,False,False,Productivity,0,0.0,19,1.3,True
30.0,5.0,7,6,5,2023,False,181,49,3,1,99.0,1452.0,7,False,True,Education,0,0.0,0,0.0,False
4.0,0.0,21,5,3,2023,False,275,23,1,0,5.0,1907.0,1,False,True,Other,0,0.0,5,2.3,True
97.0,14.0,14,1,7,2023,True,50,40,4,1,1615.0,165.0,5,True,False,Social Media,0,0.0,0,2.7,True
492.0,3.0,0,6,7,2023,False,82,59,3,7,1875.0,1775.0,8,True,False,Other,0,0.0,0,181.6,True
17.0,0.0,8,5,3,2023,False,263,55,1,4,4443.0,1973.0,3,False,True,Productivity,0,0.0,21,1.3,True
122.0,85.0,7,4,7,2023,False,239,45,1,1,642.0,1371.0,5,False,True,Mac,0,0.0,0,0.1,True
144.0,1.0,7,4,5,2023,True,81,22,5,1,4870.0,857.0,5,False,True,iOS,0,53.9,476,0.0,True
6.0,3.0,11,3,5,2023,True,258,35,3,3,1857.0,900.0,5,True,False,Productivity,0,0.0,0,0.9,True
80.0,24.0,7,3,6,2023,True,256,32,3,1,122268.0,5170.0,6,True,False,Other,0,0.0,3,0.0,True
598.0,1.0,7,1,5,2023,True,248,56,3,1,1377.0,3345.0,6,True,False,Android,0,0.0,0,0.0,True
122.0,0.0,12,3,3,2023,False,244,31,2,0,5.0,3044.0,4,False,True,Analytics,0,0.0,20,1.8,True
143.0,0.0,7,0,1,2023,False,403,45,3,1,1603.0,2504.0,4,True,True,Other,0,0.0,23,0.0,True
236.0,54.0,7,2,10,2026,True,54,43,3,3,3932.0,606.0,5,True,False,Productivity,2,0.0,26,430.6,True
99.0,43.0,0,3,7,2023,True,59,32,3,1,5.0,2502.0,4,False,False,API,0,0.2,11,0.0,True
4.0,0.0,13,1,3,2023,False,237,46,2,1,134.0,2220.0,6,False,True,Android,0,0.0,0,0.0,False
199.0,21.0,7,2,6,2026,False,259,43,3,2,39243.0,2658.0,6,True,False,Productivity,0,0.0,0,1.1,True
163.0,5.0,7,1,6,2023,True,37,31,3,1,156944.0,789.0,7,False,True,Marketing,0,0.0,12,393.5,True
144.0,0.0,7,2,7,2026,False,65,34,3,1,1723.0,2718.0,8,True,False,Other,0,0.0,0,3.7,True
6.0,0.0,7,3,7,2023,True,49,47,3,1,5.0,3483.0,4,True,True,Other,0,0.0,8,196.3,True
58.0,3.0,8,0,7,2023,True,266,31,3,1,5.0,10.0,4,False,True,Productivity,0,0.0,0,0.0,True
120.0,0.0,7,3,7,2023,False,172,53,2,1,5.0,1284.0,5,True,False,Productivity,0,0.0,0,0.4,True
126.0,0.0,7,3,5,2023,False,257,51,3,1,73172.0,297.0,6,True,False,Other,0,2.3,14,1.2,True
23.0,43.0,7,6,7,2026,True,145,57,3,3,5.0,3387.0,6,False,False,Other,1,0.0,0,2.4,True
4.0,1.0,4,3,3,2023,True,240,29,3,1,5.0,1500.0,9,True,True,Productivity,0,0.0,0,0.8,True
99.0,2.0,7,4,5,2023,True,252,48,3,1,5.0,1882.0,8,False,False,Chrome Extensions,0,0.4,0,0.6,True
101.0,7.0,0,1,5,2026,True,222,60,3,1,5.0,1308.0,6,True,False,Other,0,0.0,0,0.0,False
30.0,0.0,7,0,7,2023,True,253,51,3,0,4374.0,918.0,3,False,True,Marketing,0,0.0,0,2.9,True
6.0,0.0,10,0,7,2023,False,247,46,3,1,5.0,1013.0,2,False,True,SaaS,0,0.0,1444,0.0,True
82.0,3.0,9,1,7,2023,False,265,23,2,1,5.0,651.0,2,False,False,Android,0,0.0,0,5.1,True
90.0,6.0,7,4,7,2023,True,240,58,3,1,59.0,4331.0,10,False,True,Productivity,0,0.0,0,0.0,False
113.0,37.0,23,3,6,2026,True,73,25,3,1,433.0,936.0,8,False,False,Other,0,0.0,689,1.6,True
4.0,1.0,7,6,5,2023,False,247,60,3,1,496.0,1482.0,5,True,True,Design Tools,0,0.0,0,0.0,False
56.0,4.0,16,5,7,2023,False,258,38,3,1,5.0,190.0,1,True,False,Other,0,0.0,0,0.0,True
425.0,23.0,7,6,7,2026,True,45,53,3,2,137.0,14325.0,5,True,False,Design Tools,8,0.0,1,2.5,True
23.0,0.0,14,3,3,2023,False,261,27,1,1,2749.0,1406.0,6,True,True,Productivity,0,0.0,0,0.0,True
175.0,116.0,7,5,7,2026,True,34,34,3,3,1578.0,4121.0,5,False,False,Other,3,127.33333333333331,3,127.33333333333331,False
104.0,3.0,18,4,7,2023,False,208,32,3,1,61818.0,616.0,3,False,True,Productivity,0,0.0,0,1.2,True
66.0,3.0,7,0,3,2023,True,153,44,3,1,326.0,2912.0,4,False,True,Other,0,0.0,0,0.0,False
119.0,14.0,0,6,6,2026,True,496,35,3,1,452.0,1899.0,7,False,False,Health & Fitness,0,0.0,0,0.0,False
6.0,0.0,6,4,5,2023,False,279,30,4,1,4687.0,3521.0,4,False,True,Productivity,0,0.0,13,0.0,True
233.0,101.0,7,3,10,2026,True,41,60,3,2,130622.0,513.0,5,False,False,Open Source,0,0.0,3053,0.2,True
96.0,43.0,0,1,5,2023,False,32,34,3,1,2424.0,3438.0,7,False,False,Developer Tools,0,0.6,1741,255.6,True
521.0,3.0,7,4,7,2026,False,254,57,1,1,5.0,1396.0,9,False,False,Productivity,0,0.0,7,186.0,True
69.0,5.0,7,5,5,2023,True,260,48,3,1,120.0,80.0,4,False,True,Productivity,0,0.0,0,0.0,False
1.0,0.0,7,4,1,2023,False,265,39,3,1,5.0,5468.0,3,False,True,Other,0,0.0,0,5.1,True
246.0,1.0,9,4,7,2023,False,270,45,3,1,56569.0,1385.0,4,True,False,Design Tools,0,0.0,1501,225.1,True
137.0,42.0,7,2,6,2026,True,63,54,3,2,2240.0,15722.0,6,True,False,Other,0,0.0,10,313.7,True
4.0,1.0,18,1,3,2023,False,175,33,2,1,38.0,359.0,7,False,True,Android,0,0.0,0,0.0,False
123.0,1.0,9,6,7,2023,False,250,50,3,1,348.0,1334.0,2,False,False,Other,0,0.0,0,2.9,True
1.0,0.0,8,3,3,2023,False,264,56,3,1,1411.0,2937.0,1,False,True,Analytics,0,0.7,4,1.0,True
53.0,0.0,7,1,4,2023,True,315,58,3,1,5.0,6271.0,5,False,False,Writing,0,0.0,0,6.1,True
228.0,14.0,7,4,5,2026,True,48,41,3,2,1757.0,2214.0,8,False,False,Productivity,0,0.0,10,0.0,True
113.0,28.0,7,6,10,2023,False,221,36,3,3,3062.0,2541.0,4,True,False,Other,0,0.0,0,192.0,True
146.0,10.0,7,4,1,2023,True,284,54,3,1,4150.0,20341.0,8,False,False,Artificial Intelligence,0,0.0,7,0.4,True
127.0,0.0,7,5,3,2023,True,238,45,5,3,5.0,2305.0,6,False,True,Social Media,0,0.0,2607,1.3,True
16.0,0.0,15,3,5,2023,False,152,45,3,1,301.0,700.0,4,True,True,Productivity,0,0.0,0,0.0,True
98.0,21.0,1,2,7,2026,False,61,35,3,2,5.0,2258.0,8,True,False,Chrome Extensions,0,0.0,0,288.3,True
257.0,41.0,8,6,5,2026,True,288,47,3,1,2599.0,192.0,6,False,False,Other,0,0.0,0,0.0,True
249.0,4.0,7,4,7,2026,False,50,59,3,1,5.0,15497.0,4,True,False,Other,0,0.0,7,0.4,True
95.0,7.0,9,4,7,2023,True,237,41,2,2,100657.0,37.0,2,True,False,Other,0,0.0,657,203.0152207001522,False
16.0,11.0,7,4,7,2023,True,242,45,1,1,2362.0,5093.0,6,False,False,Android,0,0.0,528,0.5,True
22.0,15.0,7,4,7,2026,False,49,49,3,1,164.0,287.0,5,False,True,Other,0,0.0,0,0.0,False
1.0,3.0,10,4,5,2023,False,280,57,3,1,1166.0,618.0,2,True,False,Chrome Extensions,0,0.0,42,0.0,True
12.0,0.0,14,0,3,2023,False,239,33,3,3,68467.0,1499.0,4,False,False,API,0,0.0,444,205.1891891891892,False
399.0,61.0,19,6,5,2026,True,492,54,3,1,3705.0,7760.0,9,True,False,Productivity,3,305.6666666666667,3,305.6666666666667,False
14.0,3.0,7,3,3,2023,True,260,35,2,1,5.0,850.0,3,False,True,Other,0,0.0,0,0.0,True
15.0,0.0,17,1,7,2023,False,272,27,2,1,137.0,2705.0,1,False,True,Other,0,0.0,0,0.2,True
67.0,125.0,7,1,6,2026,True,475,34,2,1,65.0,1038.0,6,False,False,Productivity,0,0.0,311,214.4,True
475.0,24.0,7,2,6,2026,True,62,27,1,1,273.0,30200.0,4,True,False,Other,0,0.4,9,0.2,True
142.0,0.0,7,5,5,2023,True,335,56,1,1,2491.0,10.0,4,False,True,Productivity,0,0.0,2,0.0,True
17.0,1.0,9,5,1,2024,False,229,52,1,1,271157.0,978.0,3,False,True,Developer Tools,0,0.0,10,0.0,True
43.0,14.0,0,3,6,2026,False,352,59,3,1,37.0,2288.0,7,True,False,Productivity,0,0.0,0,0.0,False
368.0,75.0,7,5,6,2026,True,35,35,2,1,238.0,247.0,7,True,True,Developer Tools,0,0.0,0,0.0,False
277.0,19.0,7,0,6,2026,True,242,46,3,4,5.0,10809.0,6,False,False,Email,1,282.4,29,0.0,True
344.0,18.0,10,4,7,2026,False,108,36,3,1,5.0,5180.0,6,True,False,Other,0,0.0,0,1.8,True
4.0,3.0,7,3,5,2023,False,274,26,2,1,5.0,1330.0,2,False,True,Other,0,0.0,0,1.0,True
180.0,15.0,0,4,6,2026,True,287,40,3,1,1892.0,5750.0,4,True,False,Artificial Intelligence,1,216.0,1,216.0,False
10.0,1.0,0,5,6,2026,False,99,40,3,1,213.0,472.0,4,False,False,SaaS,0,0.0,0,0.0,False
136.0,6.0,12,0,5,2023,True,38,56,3,1,5.0,2081.0,4,False,False,API,0,0.9,0,2.8,True
135.0,2.0,7,4,7,2023,True,43,41,3,1,5.0,3799.0,5,True,False,Marketing,0,0.0,0,1.4,True
137.0,21.0,7,4,5,2024,False,253,59,3,1,80637.0,3149.0,1,False,True,Design Tools,0,0.0,0,2.5,True
13.0,1.0,7,6,6,2026,False,56,56,3,2,602.0,542.0,6,True,False,Other,0,0.0,0,0.0,False
110.0,21.0,7,3,7,2026,False,44,44,3,1,512.0,814.0,4,False,True,Other,0,0.0,0,0.0,False
171.0,75.0,7,2,7,2026,True,49,46,3,3,3233.0,36337.0,4,True,False,Other,0,0.0,14,0.0,True
22.0,2.0,0,6,6,2026,False,472,58,3,1,605.0,1144.0,3,True,False,Open Source,0,0.0,0,0.0,False
284.0,3.0,7,5,1,2026,True,51,50,2,1,5.0,1139.0,8,False,False,Design Tools,0,0.0,11,0.7,True
23.0,7.0,7,1,7,2023,True,58,38,3,1,193493.0,4452.0,5,False,False,Design Tools,0,0.0,14,0.0,True
118.0,5.0,3,6,5,2023,False,242,47,3,1,648.0,458.0,4,False,True,Productivity,0,0.0,11,0.0,True
510.0,50.0,0,5,5,2026,False,221,25,3,1,8828.0,21939.0,5,True,False,Other,37,343.8918918918919,37,343.8918918918919,False
1.0,0.0,5,3,7,2023,False,214,24,0,0,271.0,7888.0,0,False,False,Productivity,10,179.7,0,0.0,False
12.0,9.0,11,0,5,2026,False,426,36,3,1,6604.0,18624.0,5,True,False,Other,17,471.47058823529414,17,471.47058823529414,False
92.0,36.0,7,0,7,2026,True,68,55,3,1,835.0,3173.0,6,True,False,Artificial Intelligence,0,0.0,546,168.7,True
123.0,48.0,7,4,7,2023,True,75,39,3,1,2016.0,657.0,4,False,False,Other,0,0.0,0,0.0,True
19.0,119.0,8,1,5,2023,False,269,28,3,3,2148.0,5150.0,2,True,True,Design Tools,0,0.0,7,0.0,True
82.0,19.0,7,3,7,2023,True,59,57,3,3,38418.0,2105.0,6,True,False,Productivity,0,0.0,5,0.4,True
228.0,286.0,18,3,7,2026,False,212,54,3,1,2731.0,381.0,4,False,False,Other,1,0.0,350,87.2,True
2.0,0.0,7,1,3,2023,False,107,59,1,0,227.0,1313.0,1,False,False,Other,0,0.0,0,0.0,False
23.0,2.0,7,1,6,2026,False,49,49,3,3,18.0,5587.0,7,False,True,Other,0,0.0,0,0.0,False
272.0,3.0,7,0,5,2026,False,75,50,3,1,3009.0,4298.0,9,False,False,iOS,0,0.4,2374,0.0,True
183.0,184.0,9,0,7,2023,False,51,53,3,1,362.0,4196.0,4,False,False,Other,0,0.0,0,0.0,True
83.0,49.0,7,4,7,2026,False,161,28,3,1,211111.0,2877.0,4,True,False,Other,0,3.0,10,0.4,True
2.0,0.0,18,3,3,2023,False,146,36,1,5,848.0,2075.0,3,True,True,Other,0,0.0,0,0.0,True
265.0,0.0,0,2,5,2025,True,64,48,3,1,5.0,2954.0,6,False,False,Web App,37,0.0,0,0.0,True
138.0,3.0,7,5,3,2023,True,246,21,1,3,242826.0,5705.0,4,False,True,Other,0,0.0,4289,0.4,True
3.0,1.0,8,0,3,2023,False,259,32,3,0,1448.0,2527.0,1,False,False,Social Media,0,0.0,0,0.0,False
15.0,112.0,7,6,7,2023,False,224,43,3,2,1017.0,24895.0,5,True,True,Other,0,0.5,0,0.0,True
90.0,15.0,7,3,7,2026,True,272,29,3,2,5.0,2850.0,6,True,False,Productivity,1,0.0,2318,0.0,True
6.0,1.0,0,6,5,2026,False,495,60,3,1,385.0,1576.0,6,False,False,Productivity,0,0.0,0,0.0,False
300.0,31.0,0,5,5,2026,True,411,53,3,1,232.0,4313.0,5,True,False,Productivity,0,0.0,0,0.0,False
8.0,0.0,7,4,5,2023,True,235,50,3,1,119841.0,395.0,5,False,False,Design Tools,27,0.0,8,193.9,True
416.0,5.0,18,1,4,2025,False,238,43,1,4,6550.0,699.0,6,True,False,Marketing,0,0.0,2484,225.2,True
1.0,0.0,7,0,7,2023,True,256,28,4,1,848.0,1457.0,3,False,True,Android,0,0.0,0,0.0,True
875.0,27.0,7,4,7,2026,False,418,47,3,1,5.0,3925.0,5,True,True,Email,0,0.0,596,0.0,True
508.0,136.0,0,0,6,2026,True,415,60,3,1,4565.0,13383.0,6,True,False,Productivity,6,397.8333333333333,6,397.8333333333333,False
1.0,0.0,22,4,7,2023,False,154,46,2,1,475.0,811.0,4,False,True,Web App,0,0.0,0,0.0,False
13.0,0.0,21,4,5,2023,False,437,45,3,1,1562.0,1585.0,3,True,False,API,0,0.0,0,0.9,True
23.0,15.0,7,4,7,2026,True,45,45,3,3,153.0,2168.0,4,True,True,Design Tools,0,0.0,0,0.0,False
156.0,2.0,0,5,7,2025,False,328,39,3,1,37184.0,3827.0,6,False,False,Productivity,0,0.0,0,0.0,True
159.0,37.0,3,0,6,2026,True,460,48,3,1,4983.0,12491.0,8,True,False,Productivity,7,419.7142857142857,7,419.7142857142857,False
13.0,0.0,7,3,5,2023,False,83,39,3,1,3388.0,4982.0,7,False,True,Productivity,0,0.0,233,0.0,True
239.0,1.0,7,2,6,2026,True,75,55,3,3,3022.0,15448.0,9,True,False,Chrome Extensions,0,106.4,0,280.1,True
142.0,24.0,7,2,7,2026,True,34,34,3,1,62.0,1215.0,6,True,False,Other,0,0.0,0,0.0,False
137.0,0.0,9,5,3,2023,True,202,23,3,3,2438.0,5109.0,3,True,False,Chrome Extensions,0,0.0,22,0.0,True
4.0,0.0,22,1,3,2023,False,200,60,4,2,57156.0,1337.0,3,True,False,Open Source,0,0.0,370,190.55135135135137,False
960.0,28.0,7,5,7,2023,False,45,36,3,1,1461.0,10.0,8,False,False,API,0,0.0,0,0.0,True
39.0,3.0,7,3,7,2025,True,214,35,3,1,5.0,3349.0,2,False,True,Artificial Intelligence,0,0.0,0,2.8,True
51.0,84.0,7,2,7,2024,False,157,47,3,1,3120.0,419.0,6,True,False,Productivity,0,0.0,1374,1.5,True
113.0,3.0,7,2,7,2026,True,48,41,3,1,98067.0,806.0,4,False,False,Productivity,0,0.0,891,209.1,True
7.0,0.0,7,1,3,2023,False,266,59,1,3,1725.0,643.0,6,True,True,Productivity,0,0.0,0,0.7,True
1008.0,308.0,21,4,5,2026,True,398,53,3,1,2913.0,7088.0,7,True,False,Mac,4,261.0,4,261.0,False
225.0,36.0,0,3,5,2026,True,242,46,3,1,3952.0,10834.0,4,True,False,Productivity,6,329.3333333333333,6,329.3333333333333,False
9.0,0.0,7,1,7,2023,False,490,35,3,1,3359.0,733.0,7,False,False,Web App,0,4.2,23,4.4,True
115.0,10.0,7,3,7,2023,True,201,58,3,4,248775.0,20.0,5,False,False,Fintech,0,0.0,1644,217.08211678832117,False
27.0,0.0,7,4,7,2026,False,244,60,3,1,5.0,3492.0,1,False,False,Health & Fitness,0,0.0,0,0.0,True
264.0,6.0,7,6,5,2026,False,59,45,3,1,52724.0,5128.0,6,True,False,Design Tools,0,0.0,5,1.9,True
274.0,63.0,7,2,8,2025,True,51,55,3,1,332452.0,6370.0,5,False,False,Other,0,0.0,178,201.0,True
152.0,0.0,7,3,7,2023,True,271,59,1,3,3873.0,79.0,3,False,True,Fintech,0,0.0,12,2.0,True
65.0,66.0,8,0,5,2026,True,234,24,1,0,561.0,1273.0,13,False,False,Productivity,0,0.0,0,0.0,True
4.0,0.0,23,3,3,2023,False,202,36,3,1,518.0,3456.0,4,True,True,Chrome Extensions,0,0.0,0,0.0,True
158.0,26.0,7,6,5,2026,False,57,41,3,3,1730.0,615.0,6,True,False,Android,0,0.0,0,1.3,True
13.0,0.0,17,3,7,2023,False,238,37,2,3,1183.0,1305.0,1,False,True,Other,0,0.0,0,2.7,True
177.0,0.0,7,3,7,2026,True,66,34,3,1,1300.0,987.0,4,True,False,Other,0,0.0,1452,1.0,True
1.0,2.0,12,4,7,2023,False,272,27,3,1,4011.0,1544.0,6,False,False,Health & Fitness,0,0.0,0,1.0,True
258.0,53.0,7,2,6,2026,True,335,52,3,3,4644.0,29899.0,6,True,False,Other,1,262.1,2076,311.1,True
62.0,0.0,7,3,7,2023,True,240,45,2,1,2951.0,1078.0,1,False,True,Other,0,0.0,7,99.8,True
17.0,0.0,7,6,5,2023,False,298,57,3,1,5.0,2143.0,4,False,False,Fintech,0,0.0,20,2.6,True
285.0,5.0,0,4,7,2026,True,48,41,3,1,5.0,5714.0,4,True,False,Mac,0,1.4,0,320.0,True
162.0,204.0,7,3,6,2026,True,35,56,3,1,5.0,1481.0,4,False,False,Other,0,0.0,10,168.9,True
4.0,0.0,7,4,7,2023,False,173,52,3,1,5.0,2122.0,1,False,False,Other,0,0.0,0,2.6,True
124.0,0.0,7,3,3,2023,False,74,56,3,3,513.0,1218.0,3,False,True,Health & Fitness,0,0.0,4,0.0,True
68.0,18.0,13,3,5,2023,True,48,54,3,1,5.0,26754.0,6,False,True,Education,0,0.0,18,218.3,True
184.0,45.0,7,2,7,2026,True,52,41,3,1,194.0,805.0,8,True,False,Productivity,0,0.0,19,0.0,True
87.0,75.0,7,5,7,2023,False,69,44,3,1,67895.0,482.0,4,True,False,Design Tools,0,0.9,0,173.2,True
293.0,126.0,7,4,6,2026,False,68,60,3,3,1006.0,31349.0,6,True,False,Other,0,0.0,10,237.7,True
1.0,1.0,19,3,7,2023,True,264,60,2,0,5.0,3291.0,3,False,True,Other,0,0.0,5,5.0,True
88.0,4.0,7,4,7,2023,True,255,46,3,2,97620.0,57.0,3,True,False,Analytics,0,0.0,637,205.94505494505495,False
109.0,99.0,7,6,6,2026,True,52,56,3,1,106.0,6068.0,6,True,False,Productivity,0,0.0,4,229.9,True
18.0,3.0,17,4,7,2023,False,349,25,1,1,487.0,658.0,1,False,True,Other,0,0.0,20,1.8,True
148.0,0.0,7,4,9,2026,True,202,46,3,1,1376.0,1908.0,6,True,True,Productivity,0,0.0,11,0.0,True
203.0,47.0,7,3,5,2026,False,185,37,3,1,45.0,8376.0,6,True,False,Open Source,0,0.0,13,220.8,True
202.0,18.0,7,3,5,2026,True,47,49,3,1,259441.0,2409.0,6,True,False,Productivity,0,0.3,24,1.8,True
12.0,0.0,19,3,3,2023,True,252,31,4,0,848.0,1725.0,4,True,True,Android,0,0.0,0,0.0,True
294.0,32.0,7,2,7,2026,True,70,53,3,2,5.0,1592.0,8,True,False,Other,10,0.0,3,339.1,True
133.0,17.0,7,1,6,2026,False,44,44,3,1,19.0,2426.0,6,True,False,Productivity,0,0.0,0,0.0,False
190.0,73.0,7,5,7,2026,True,70,59,3,3,5.0,4814.0,8,False,False,Other,0,0.0,11,0.6,True
126.0,2.0,7,4,6,2023,False,227,28,3,1,306.0,3815.0,6,False,False,Other,0,0.0,2084,2.6,True
9.0,1.0,16,4,1,2023,False,234,39,1,0,113.0,1048.0,3,False,False,Other,0,0.0,0,0.0,False
11.0,17.0,13,5,7,2023,True,207,33,1,1,1519.0,1019.0,3,True,True,API,0,0.0,18,0.0,True
2.0,0.0,12,3,1,2023,False,289,60,3,1,223.0,513.0,1,False,True,Productivity,0,0.0,0,0.0,False
1.0,0.0,6,3,5,2023,True,279,58,4,1,1725.0,357.0,3,False,True,Android,0,0.0,18,0.0,True
67.0,0.0,7,3,5,2023,True,252,32,1,1,4764.0,3117.0,3,False,True,Android,0,0.5,16,0.0,True
108.0,106.0,7,4,7,2026,True,41,60,3,1,5.0,1705.0,7,False,False,Health & Fitness,0,0.0,0,0.5,True
1.0,0.0,12,0,3,2023,False,241,54,2,1,4959.0,2954.0,1,False,True,SaaS,0,1.5,0,2.3,True
237.0,34.0,7,3,12,2026,True,78,37,3,1,284.0,731.0,8,False,False,Other,0,0.0,3002,0.1,True
148.0,22.0,7,0,5,2026,True,55,33,3,1,1376.0,1494.0,4,False,False,API,0,0.7,8,0.1,True
124.0,0.0,7,4,3,2026,False,51,43,3,3,3973.0,1498.0,4,True,True,Other,0,0.0,0,0.0,True
86.0,11.0,9,4,7,2023,True,229,50,1,5,365.0,565.0,8,False,True,Developer Tools,0,1.2,11,50.9,True
154.0,12.0,7,3,7,2026,True,48,60,3,1,5.0,13123.0,4,True,False,Productivity,0,235.5,13,4.6,True
136.0,0.0,16,2,5,2023,False,54,60,3,3,5.0,346.0,4,False,False,Other,0,0.0,15,3.9,True
296.0,32.0,1,0,7,2026,True,383,46,3,1,7563.0,2068.0,4,False,False,Developer Tools,7,0.0,6,188.1,True
6.0,0.0,5,5,7,2023,True,266,44,3,1,3844.0,483.0,2,False,True,API,0,0.0,0,2.0,True
11.0,0.0,7,0,7,2023,False,139,38,3,1,237.0,3618.0,11,False,True,Fintech,0,0.0,6,167.2,True
49.0,7.0,0,6,6,2026,False,345,20,3,1,694.0,11.0,3,False,False,Health & Fitness,0,0.0,0,0.0,False
3.0,1.0,11,4,1,2023,False,250,37,2,1,39.0,590.0,4,False,True,Other,0,0.0,0,0.0,False
143.0,9.0,9,4,7,2023,False,239,60,3,1,5.0,6064.0,6,False,False,Other,0,0.0,379,222.2,True
280.0,2.0,7,3,7,2026,False,72,49,3,1,5.0,2843.0,6,False,False,Productivity,0,0.0,0,0.0,True
204.0,0.0,10,1,7,2023,True,274,34,3,1,271186.0,2154.0,7,False,True,Artificial Intelligence,0,0.0,0,1.3,True
535.0,15.0,7,3,5,2023,True,95,20,3,1,179708.0,2395.0,7,True,False,Design Tools,0,0.0,0,0.0,True
5.0,1.0,16,3,5,2023,False,242,14,1,1,5.0,1829.0,2,False,True,Design Tools,0,1.5,0,0.5,True
93.0,21.0,7,1,7,2023,True,54,13,3,1,2528.0,55.0,3,False,False,Open Source,0,0.5,0,7.8,True
15.0,0.0,14,3,3,2023,False,232,18,1,0,5.0,1188.0,3,False,True,Design Tools,0,1.1,14,0.8,True
139.0,71.0,7,4,7,2023,True,24,25,3,1,5.0,821.0,6,False,False,API,4,0.0,9,0.0,True
99.0,26.0,7,3,7,2023,True,220,56,2,3,164892.0,759.0,8,False,False,Other,0,0.0,1086,217.8876611418048,False
118.0,5.0,0,4,6,2026,False,220,34,3,1,11145.0,27844.0,5,True,False,Other,53,311.8490566037736,53,311.8490566037736,False
153.0,0.0,19,4,5,2023,True,339,43,1,0,588.0,5906.0,5,False,False,Developer Tools,0,0.0,6,0.6,True
50.0,7.0,7,0,7,2026,False,36,36,3,2,651.0,505.0,4,False,False,Other,0,0.0,0,0.0,False
130.0,0.0,7,1,7,2023,True,30,50,3,1,444.0,1330.0,6,False,False,Productivity,0,0.0,4051,0.0,True
119.0,0.0,15,4,7,2023,True,62,54,1,1,261816.0,723.0,4,True,True,Other,0,0.0,21,1.3,True
4.0,1.0,7,0,3,2023,False,213,51,2,1,207.0,4647.0,3,False,True,Developer Tools,0,0.0,0,0.0,False
267.0,26.0,7,5,5,2026,True,45,45,3,3,408.0,374.0,8,True,True,Developer Tools,0,0.0,0,0.0,False
245.0,88.0,7,4,7,2025,True,39,9,3,1,1445.0,4449.0,7,True,False,Open Source,0,0.0,0,0.0,True
8.0,20.0,7,3,7,2026,False,165,34,1,2,1411.0,5004.0,4,False,False,Chrome Extensions,0,0.0,3,3.8,True
17.0,64.0,7,6,6,2026,True,456,59,3,3,438177.0,5410.0,7,True,False,Developer Tools,0,0.0,0,285.9,True
146.0,5.0,6,4,7,2023,False,257,43,3,1,2682.0,820.0,8,False,True,Open Source,0,0.0,16,0.0,True
150.0,35.0,7,2,5,2026,False,77,47,3,2,5.0,1132.0,6,True,False,Productivity,0,0.0,0,167.0,True
132.0,120.0,7,4,7,2026,True,60,37,3,3,54503.0,2203.0,8,False,False,Other,0,0.0,10,286.8,True
11.0,0.0,7,4,2,2023,False,167,49,3,0,5.0,712.0,3,False,True,SaaS,0,0.0,0,1.5,True
24.0,0.0,15,5,5,2023,False,260,40,3,1,1822.0,414.0,1,False,True,Productivity,0,0.0,15,1.9,True
114.0,0.0,7,1,7,2023,False,262,59,3,1,1776.0,675.0,4,False,False,Productivity,0,0.0,0,0.0,True
39.0,5.0,8,3,2,2026,False,281,51,3,1,101.0,451.0,6,True,False,Productivity,0,0.0,0,0.0,False
199.0,13.0,7,1,7,2026,True,484,46,3,1,1927.0,25485.0,7,False,False,Productivity,0,0.0,32,2.7,True
7.0,0.0,18,3,3,2023,False,222,23,2,1,5.0,2434.0,3,False,True,Design Tools,0,0.0,428,0.0,True
74.0,0.0,23,1,3,2023,False,271,29,3,1,5.0,636.0,6,True,False,Android,0,0.0,0,0.0,True
558.0,0.0,1,3,7,2025,True,69,43,3,2,3329.0,3159.0,6,True,False,Mac,0,0.0,8,9.1,True
3.0,0.0,11,4,7,2023,True,264,38,1,1,5.0,380.0,8,False,True,Productivity,0,0.0,21,0.0,True
147.0,10.0,3,1,7,2023,True,187,36,1,2,60625.0,1473.0,3,True,True,Productivity,0,0.0,9,2.2,True
127.0,45.0,7,4,10,2026,True,60,39,3,3,5.0,2687.0,6,True,False,Other,0,2.2,0,0.0,True
134.0,26.0,9,4,1,2023,True,140,31,3,1,781.0,10.0,1,False,True,Other,0,0.0,0,0.0,False
10.0,0.0,13,3,3,2023,False,250,50,2,1,5.0,1317.0,1,True,True,Mac,0,1.1,12,0.0,True
102.0,0.0,7,4,5,2023,False,251,50,3,1,321276.0,732.0,6,False,True,Other,0,0.0,9,1.9,True
222.0,167.0,7,0,7,2026,True,58,49,3,4,5.0,2634.0,5,False,False,Other,15,0.0,2,0.1,True
255.0,0.0,7,4,5,2023,True,65,44,5,1,5.0,1195.0,5,True,False,Mac,0,0.0,4,0.0,True
4.0,1.0,12,6,5,2023,False,76,37,3,1,74.0,1789.0,2,False,True,Design Tools,0,0.0,0,0.0,False
262.0,62.0,7,4,7,2026,True,46,57,3,3,5.0,1022.0,9,True,False,Productivity,2,0.0,12,363.0,True
6.0,0.0,20,5,5,2023,False,139,55,2,1,1257.0,1187.0,2,True,True,API,1,6.0,1,6.0,False
118.0,4.0,7,6,7,2026,True,43,45,3,1,3248.0,4612.0,7,True,True,Chrome Extensions,0,209.7,0,0.0,True
162.0,41.0,8,4,1,2023,True,118,29,3,1,816.0,4141.0,6,False,True,Productivity,0,0.0,0,0.0,False
3.0,0.0,7,4,1,2023,True,242,42,1,6,5.0,2530.0,3,False,True,Health & Fitness,0,0.9,25,0.0,True
81.0,9.0,7,1,7,2023,True,488,39,3,1,5.0,480.0,4,True,False,Productivity,0,0.0,3,227.9,True
113.0,25.0,0,2,5,2026,True,357,57,3,1,39.0,1508.0,6,False,False,Other,0,0.0,0,0.0,False
2.0,6.0,5,5,7,2023,False,197,55,2,1,1167.0,857.0,2,False,True,Writing,0,0.0,0,0.0,True
123.0,47.0,7,2,7,2026,True,36,55,3,3,65204.0,5779.0,6,True,False,Design Tools,0,0.0,12,0.0,True
11.0,5.0,7,5,7,2026,False,54,54,3,2,953.0,1382.0,8,True,True,Productivity,0,0.0,0,0.0,False
138.0,0.0,10,6,7,2023,False,257,24,3,1,5.0,313.0,6,True,False,Productivity,0,0.0,5,0.0,True
18.0,3.0,7,5,3,2023,True,281,31,1,1,5.0,794.0,3,False,True,Design Tools,0,0.0,0,2.0,True
20.0,3.0,11,3,7,2023,True,170,35,3,1,5.0,748.0,3,False,True,API,0,0.0,0,2.5,True
12.0,0.0,6,4,5,2023,False,249,38,4,1,3049.0,3122.0,2,False,True,Other,0,0.0,3438,5.0,True
6.0,3.0,7,0,3,2023,True,274,57,3,1,72263.0,281.0,3,False,True,Other,0,0.0,0,1.2,True
380.0,87.0,8,4,1,2023,True,236,54,3,1,387.0,3272.0,7,False,True,Other,0,0.0,0,0.0,False
16.0,0.0,17,1,7,2023,False,225,27,3,1,5.0,1239.0,3,False,True,Design Tools,0,0.0,8,2.5,True
1.0,1.0,16,0,7,2023,False,257,33,3,1,5.0,1401.0,1,True,True,Other,0,0.0,15,3.2,True
12.0,0.0,13,0,3,2023,False,196,28,2,0,5.0,2570.0,3,False,True,Other,0,0.0,0,0.0,True
193.0,46.0,9,5,9,2024,False,465,26,3,1,4001.0,10312.0,5,True,False,Other,10,300.1,10,300.1,False
3.0,1.0,12,1,3,2023,False,132,57,1,1,483.0,1102.0,1,False,True,API,0,0.0,0,0.0,False
1.0,1.0,6,4,6,2023,True,172,32,3,2,1368.0,1392.0,5,False,True,Marketing,0,0.0,0,0.0,True
1.0,0.0,7,3,7,2026,False,214,58,3,0,1977.0,1746.0,9,True,True,Developer Tools,0,0.0,445,0.0,True
14.0,3.0,9,1,7,2023,False,210,45,3,0,794.0,2564.0,3,False,True,Design Tools,0,0.0,24,2.6,True
177.0,84.0,7,4,7,2026,True,63,20,3,1,254789.0,1671.0,4,False,False,Health & Fitness,0,0.0,6,1.3,True
344.0,137.0,7,0,7,2023,True,226,51,3,18,3276.0,5348.0,6,False,False,API,0,2.2,19,1.1,True
192.0,0.0,0,1,5,2026,False,64,51,3,1,5.0,4151.0,7,False,False,Other,0,0.0,0,0.0,True
767.0,51.0,7,5,6,2023,True,62,60,3,2,2005.0,8364.0,6,True,False,Other,0,0.0,28,343.6,True
233.0,0.0,7,4,7,2023,True,203,43,2,0,5.0,3605.0,4,False,True,Other,0,0.0,0,0.0,True
343.0,0.0,7,4,7,2023,False,276,43,1,1,5.0,831.0,4,True,True,Hiring,0,0.0,0,0.0,True
1.0,32.0,7,3,3,2023,False,44,29,3,1,3110.0,10961.0,4,True,False,Other,0,0.5,4,518.8,True
18.0,1.0,18,6,5,2023,False,270,58,2,1,5.0,818.0,3,False,True,Other,0,0.0,8,3.7,True
243.0,6.0,7,1,7,2026,True,40,48,3,2,197394.0,16872.0,4,True,False,Other,0,0.0,8,0.0,True
239.0,10.0,7,0,7,2026,True,31,59,3,1,5.0,9269.0,6,False,False,Productivity,0,21.8,20,1.2,True
1.0,0.0,7,3,1,2023,False,223,57,1,0,2379.0,2925.0,3,False,True,Web App,0,1.0,1,0.4,True
127.0,12.0,7,3,7,2023,True,56,40,3,1,1056.0,838.0,5,False,False,Other,0,0.0,20,0.0,True
325.0,20.0,1,2,6,2023,True,73,57,3,3,2485.0,6348.0,7,True,False,Other,0,0.0,12,391.5,True
8.0,4.0,8,3,1,2023,False,259,53,3,1,570.0,228.0,4,False,True,Productivity,0,0.0,0,0.0,False
261.0,28.0,7,0,7,2026,True,214,40,3,3,5.0,459.0,4,True,False,Other,0,0.0,14,2.3,True
76.0,2.0,8,4,5,2023,True,260,23,3,1,362.0,95.0,3,False,True,Education,0,0.0,0,0.0,False
214.0,13.0,8,4,8,2025,True,460,55,3,1,61.0,463.0,3,False,False,Open Source,0,0.0,0,0.0,False
19.0,7.0,7,0,7,2023,True,229,57,4,1,1874.0,291.0,8,False,False,Other,0,0.0,0,0.0,True
1.0,0.0,12,4,3,2023,False,254,45,4,0,1417.0,3892.0,1,False,True,Android,0,0.0,0,1.7,True
76.0,34.0,7,3,7,2026,True,46,59,3,3,5110.0,1164.0,5,True,False,Other,0,0.0,32,366.8,True
2.0,0.0,11,3,7,2023,False,207,59,3,1,563.0,3685.0,3,False,True,Artificial Intelligence,0,0.0,0,0.0,False
650.0,0.0,7,4,3,2023,False,246,57,3,1,1192.0,2037.0,8,False,False,Marketing,0,0.0,0,171.9,True
14.0,1.0,13,6,5,2023,False,266,56,3,1,5.0,4263.0,1,False,True,Other,0,0.0,8,1.3,True
1.0,0.0,9,3,3,2023,False,275,56,2,2,2735.0,2482.0,2,False,True,Other,0,0.0,0,0.0,True
111.0,80.0,7,1,7,2026,True,273,43,3,9,5.0,529.0,5,False,False,Mac,1,0.0,2,325.4,True
5.0,1.0,10,4,5,2023,False,258,54,3,1,358.0,1214.0,3,False,True,Productivity,1,6.0,1,6.0,False
90.0,10.0,7,3,6,2026,False,50,50,3,3,223.0,5570.0,8,True,True,Productivity,0,0.0,0,0.0,False
19.0,2.0,7,4,3,2023,True,193,37,4,1,5.0,2844.0,7,False,True,Developer Tools,0,0.0,0,0.0,True
4.0,1.0,9,6,5,2023,False,257,57,3,1,491.0,768.0,3,False,True,Productivity,0,0.0,0,0.0,False
187.0,45.0,1,2,7,2026,True,69,37,3,3,1440.0,31737.0,9,True,False,Productivity,0,0.0,3,277.2,True
186.0,73.0,7,3,7,2023,True,252,35,5,5,5.0,3438.0,3,True,False,iOS,0,0.0,0,187.0,True
514.0,68.0,8,0,5,2024,False,411,55,3,1,4351.0,10530.0,5,True,False,Other,9,276.3333333333333,9,276.3333333333333,False
1.0,0.0,20,5,5,2023,True,267,55,1,2,3610.0,1254.0,6,True,True,Fintech,0,1.8,3714,0.0,True
233.0,4.0,16,4,5,2026,False,69,47,3,1,110284.0,404.0,9,True,False,Productivity,0,0.0,19,204.8,True
2.0,0.0,4,3,3,2023,False,258,43,4,1,5.0,2776.0,2,False,True,Education,0,2.5,6,4.4,True
108.0,5.0,7,3,7,2026,True,56,55,3,1,1010.0,9931.0,6,True,False,Open Source,0,0.0,21,3.2,True
14.0,0.0,18,3,3,2023,True,277,56,2,0,5.0,1528.0,3,False,True,Android,0,0.0,846,0.0,True
7.0,0.0,23,3,3,2023,False,262,31,3,1,5.0,3015.0,2,False,True,Other,0,0.0,894,0.0,True
23.0,0.0,7,4,7,2023,True,157,34,2,3,5.0,1092.0,6,True,True,Android,0,0.0,0,0.8,True
163.0,38.0,0,1,5,2026,True,474,49,3,1,3027.0,10061.0,8,True,False,Analytics,4,292.0,4,292.0,False
8.0,2.0,7,6,7,2023,False,253,56,1,1,5.0,2696.0,2,True,True,Developer Tools,0,0.0,19,0.6,True
8.0,0.0,23,3,7,2023,False,226,35,4,1,5.0,498.0,3,False,True,Other,0,0.0,3,0.0,True
106.0,15.0,7,2,5,2026,True,42,40,3,3,1714.0,1254.0,6,False,False,Other,2,0.0,25,328.3,True
13.0,3.0,9,4,7,2023,True,277,29,3,1,2193.0,584.0,4,False,False,Design Tools,0,0.0,0,0.0,True
146.0,3.0,15,5,7,2023,False,136,30,3,1,5.0,4958.0,3,False,True,Marketing,0,0.0,0,4.4,True
88.0,0.0,16,6,5,2023,True,51,23,3,1,5.0,6035.0,4,False,True,Productivity,0,0.0,0,1.3,True
11.0,1.0,7,1,3,2023,False,235,21,3,2,41706.0,5225.0,6,False,False,Marketing,0,0.0,266,210.4812030075188,False
28.0,7.0,7,0,6,2026,False,408,59,3,1,683.0,866.0,5,True,False,Productivity,0,0.0,0,0.0,False
14.0,2.0,21,3,5,2023,False,269,30,3,1,5.0,1702.0,3,False,True,Developer Tools,0,0.4,0,0.0,True
691.0,6.0,7,0,12,2026,True,489,21,3,1,5.0,771.0,4,False,False,Chrome Extensions,0,0.0,0,390.1,True
8.0,7.0,7,4,5,2023,False,154,43,3,1,5.0,2617.0,2,False,True,Health & Fitness,0,2.3,0,1.0,True
162.0,251.0,7,4,7,2026,True,428,52,3,2,2804.0,631.0,5,True,False,Other,0,0.0,7,221.1,True
347.0,77.0,7,3,6,2026,False,37,59,3,2,2118.0,2720.0,6,True,False,Productivity,0,0.7,0,0.0,True
358.0,1.0,7,3,7,2026,True,19,57,3,1,26584.0,7526.0,4,False,False,Productivity,0,0.0,154,2.8,True
15.0,0.0,16,1,7,2023,True,228,31,1,0,5.0,2234.0,2,False,True,Other,0,3.0,358,0.0,True
7.0,3.0,7,3,7,2023,False,259,31,4,1,5.0,854.0,3,False,True,Other,0,0.0,0,4.4,True
96.0,12.0,7,4,7,2023,True,248,17,3,4,291446.0,193.0,9,True,False,Other,0,0.0,1932,205.0170807453416,False
142.0,22.0,7,1,5,2026,True,46,39,3,3,5.0,2847.0,6,True,False,Hiring,0,0.0,14,2.8,True
129.0,13.0,7,3,7,2024,True,52,54,1,1,3049.0,628.0,9,True,True,Other,0,0.0,11,0.0,True
264.0,68.0,7,3,6,2026,True,487,42,3,1,1461.0,1126.0,4,True,False,Productivity,1,0.0,27,0.0,True
147.0,276.0,15,0,3,2023,True,268,30,3,3,5.0,1663.0,3,False,True,Other,0,0.0,2378,0.0,True
276.0,4.0,7,5,5,2023,True,31,58,3,4,5.0,1111.0,9,False,False,Developer Tools,0,0.0,20,3.5,True
153.0,77.0,7,6,5,2026,True,75,52,3,1,1919.0,4692.0,6,True,False,Other,0,135.7,39,322.5,True
162.0,0.0,7,6,5,2023,True,273,29,3,2,5.0,3194.0,1,False,True,Other,0,0.0,23,0.5,True
217.0,3.0,7,5,5,2026,False,287,33,3,1,941.0,10452.0,4,False,False,Other,0,0.0,0,0.0,True
106.0,17.0,7,6,6,2026,False,432,28,3,3,5.0,4574.0,5,True,False,API,0,0.0,747,0.0,True
6.0,0.0,23,3,3,2023,False,255,37,2,2,5.0,2462.0,2,False,True,Other,0,0.0,7,0.0,True
138.0,19.0,7,2,9,2026,True,76,35,3,3,5.0,3519.0,6,False,False,Productivity,0,0.0,0,194.8,True
148.0,54.0,6,4,10,2023,True,266,24,3,11,124877.0,270.0,4,False,False,Design Tools,0,0.0,0,208.5,True
136.0,63.0,0,6,5,2026,True,62,41,3,4,5.0,4481.0,7,False,False,API,0,0.0,0,0.6,True
5.0,0.0,7,3,3,2023,True,268,56,2,1,1360.0,805.0,4,True,False,Other,0,0.0,10,232.3,True
74.0,22.0,13,6,6,2026,False,358,60,3,1,180.0,5034.0,4,False,False,Productivity,0,0.0,0,0.0,False
11.0,10.0,14,4,7,2023,True,207,51,3,1,369.0,3151.0,5,False,True,Artificial Intelligence,0,2.1,0,0.0,True
365.0,34.0,19,3,7,2025,True,470,50,3,1,5.0,2212.0,9,False,False,Other,0,0.0,0,0.4,True
117.0,0.0,9,1,6,2023,False,179,39,3,1,1231.0,464.0,3,False,True,Developer Tools,0,0.0,0,0.0,True
20.0,1.0,7,1,7,2026,False,60,60,3,1,9.0,360.0,6,True,False,Other,0,0.0,0,0.0,False
25.0,0.0,7,5,3,2023,False,210,60,3,1,5.0,2870.0,6,False,True,Productivity,0,0.4,2,0.0,True
203.0,18.0,7,1,3,2023,True,183,49,2,2,42196.0,1489.0,4,False,False,Other,0,0.0,267,209.73408239700373,False
149.0,0.0,7,0,5,2023,False,391,51,3,1,4955.0,4551.0,6,False,False,API,0,0.0,1,0.0,True
207.0,8.0,7,4,7,2026,True,31,49,3,2,42073.0,3895.0,6,False,False,Other,2,0.0,12,0.0,True
116.0,3.0,7,2,5,2026,False,448,59,3,1,2861.0,224.0,8,False,False,Design Tools,0,0.0,2,220.1,True
112.0,3.0,7,0,7,2023,False,298,57,3,3,2066.0,570.0,3,False,False,Design Tools,0,0.0,0,3.3,True
17.0,1.0,7,6,5,2023,False,254,56,3,1,5.0,1142.0,4,False,True,Productivity,0,0.0,0,0.0,True
3.0,0.0,8,1,3,2023,False,241,59,1,1,768.0,479.0,3,False,True,Other,0,0.0,0,0.0,False
122.0,10.0,7,6,7,2026,True,76,39,3,1,5.0,10.0,7,False,False,Other,0,0.0,0,178.0,True
70.0,8.0,12,5,5,2023,True,150,29,3,1,16.0,103.0,5,False,True,Other,0,0.0,0,0.0,False
160.0,77.0,7,4,7,2026,True,54,45,3,3,2155.0,2042.0,8,False,False,Productivity,0,0.6,8,0.0,True
49.0,10.0,7,4,6,2026,True,473,51,3,1,537.0,26584.0,6,False,False,Other,0,0.0,0,1.6,True
12.0,3.0,13,4,1,2023,False,186,58,3,1,1052.0,1608.0,1,False,True,Productivity,0,0.0,0,0.0,False
19.0,0.0,14,5,3,2023,True,280,44,3,1,3252.0,1435.0,7,False,True,Design Tools,0,0.0,0,0.0,True
10.0,21.0,7,5,7,2026,False,46,46,3,2,716.0,2452.0,7,False,True,Productivity,0,0.0,0,0.0,False
76.0,9.0,7,0,3,2023,True,201,30,3,1,363.0,763.0,3,False,True,Productivity,0,0.0,0,0.0,False
5.0,3.0,9,3,7,2023,False,225,38,3,0,973.0,197.0,3,True,True,Productivity,0,0.2,15,0.0,True
404.0,3.0,7,0,7,2023,False,267,43,3,1,68804.0,1908.0,3,True,False,Productivity,28,0.0,11,0.0,True
2.0,0.0,7,3,3,2023,False,253,54,3,1,5.0,809.0,6,False,False,Other,0,0.0,1,0.0,True
21.0,2.0,7,6,7,2023,True,247,34,3,1,5.0,541.0,7,False,True,Other,0,0.0,0,1.9,True
404.0,3.0,7,2,5,2023,True,54,35,3,1,992.0,1691.0,6,True,False,Fintech,0,0.0,20,0.0,True
1.0,0.0,9,1,7,2023,False,258,34,3,5,4435.0,1193.0,2,False,True,Other,0,0.0,250,0.0,True
117.0,0.0,7,2,5,2023,True,24,60,1,2,5.0,5194.0,2,False,True,iOS,0,0.0,0,0.0,True
1.0,0.0,16,3,7,2023,False,170,59,3,1,2088.0,3330.0,1,False,True,Other,0,0.0,18,0.0,True
416.0,44.0,7,4,6,2026,True,72,60,3,1,5.0,863.0,4,True,False,Developer Tools,0,208.6,0,386.4,True
1.0,9.0,7,3,5,2023,True,253,47,4,1,5.0,688.0,6,False,False,Productivity,0,0.0,1262,0.0,True
670.0,0.0,7,2,8,2026,False,177,46,3,1,487.0,4169.0,7,False,False,Social Media,6,0.0,9,0.0,True
394.0,26.0,7,5,5,2026,False,55,53,3,1,5.0,3332.0,7,False,False,Artificial Intelligence,0,2.0,3,0.0,True
14.0,0.0,3,1,5,2023,True,264,21,3,3,4147.0,796.0,2,False,True,Productivity,0,0.0,0,0.9,True
7.0,0.0,8,3,5,2023,False,253,38,2,2,5.0,1101.0,1,False,True,Analytics,0,0.0,0,0.0,True
9.0,0.0,7,0,3,2023,False,221,36,1,5,2711.0,432.0,4,False,True,Chrome Extensions,0,2.4,0,192.9,True
345.0,158.0,7,0,7,2026,True,52,52,3,2,553.0,989.0,5,True,True,Other,0,0.0,0,0.0,False
95.0,18.0,7,0,7,2026,False,73,47,3,3,1605.0,4066.0,8,True,False,Productivity,0,0.0,0,291.3,True
93.0,14.0,0,2,6,2026,True,304,57,3,1,917.0,388.0,5,False,False,Productivity,0,0.0,0,0.0,False
384.0,25.0,7,2,7,2026,True,38,57,3,1,5.0,8328.0,5,True,False,Writing,0,219.1,16,353.9,True
125.0,8.0,7,2,7,2026,False,38,43,2,1,2956.0,634.0,8,False,False,Other,4,0.4,3990,0.7,True
23.0,1.0,7,0,7,2023,False,70,60,4,1,92819.0,1204.0,5,True,True,Developer Tools,0,0.0,0,0.0,True
123.0,276.0,7,0,3,2023,True,51,34,3,1,492.0,10.0,7,True,False,Other,0,0.0,0,216.6,True
1.0,0.0,7,5,7,2023,False,46,38,3,1,5.0,4459.0,11,True,False,Chrome Extensions,0,0.0,0,1.4,True
84.0,3.0,7,3,5,2023,False,47,58,1,1,5.0,1794.0,4,False,True,Open Source,0,0.0,0,229.5,True
135.0,51.0,7,1,7,2026,False,140,60,3,1,1612.0,2131.0,7,True,False,Productivity,0,0.0,16,0.0,True
328.0,13.0,7,3,6,2026,True,36,36,3,1,1206.0,774.0,8,True,False,Design Tools,0,0.0,0,0.0,False
11.0,4.0,7,3,1,2023,True,240,32,2,1,5.0,655.0,8,False,False,Productivity,0,0.0,6,0.0,True
29.0,16.0,7,6,7,2026,True,42,42,3,2,489.0,2213.0,5,False,False,Other,1,27.0,1,27.0,False
114.0,10.0,7,3,7,2023,True,241,38,2,6,418391.0,40.0,4,True,False,Other,0,0.0,2775,215.7153153153153,False
382.0,0.0,14,3,3,2023,True,251,59,3,1,2260.0,2201.0,9,True,False,Marketing,0,0.0,2782,0.0,True
223.0,22.0,7,4,6,2023,True,38,54,3,3,5.0,4615.0,4,True,False,Other,1,0.0,6,216.9,True
1.0,1.0,4,5,3,2023,False,220,39,2,0,2035.0,835.0,2,False,True,Productivity,0,1.0,0,0.8,True
368.0,14.0,18,3,7,2023,False,67,48,3,1,1134.0,680.0,5,False,False,Design Tools,8,0.0,22,3.0,True
1.0,1.0,17,1,5,2023,False,271,44,3,1,5.0,1542.0,8,False,False,Open Source,0,0.0,0,3.5,True
7.0,2.0,18,5,1,2023,False,279,44,3,1,354.0,2204.0,3,False,True,Marketing,0,0.0,0,0.0,False
8.0,0.0,7,3,5,2023,False,237,49,1,0,3606.0,1074.0,3,False,False,Chrome Extensions,0,0.0,0,0.8,True
218.0,64.0,8,3,1,2023,True,122,40,1,1,79.0,327.0,5,True,False,Other,0,0.0,0,0.0,False
11.0,0.0,13,3,7,2023,True,249,32,2,0,5.0,3161.0,3,True,True,Other,0,0.0,0,3.7,True
367.0,139.0,0,4,7,2023,True,35,59,5,1,5.0,1516.0,8,True,False,Android,0,0.0,263,1.0,True
18.0,37.0,14,4,2,2025,True,56,49,1,1,6748.0,3470.0,9,True,False,Artificial Intelligence,0,0.6,1893,0.7,True
198.0,57.0,5,3,4,2022,False,395,33,3,1,24.0,1083.0,5,False,False,Artificial Intelligence,0,0.0,0,0.0,False
86.0,26.0,10,1,3,2023,True,308,44,3,1,5.0,3375.0,3,False,True,Developer Tools,0,0.0,0,0.0,True
231.0,0.0,7,4,10,2026,False,122,47,3,3,5.0,2862.0,4,False,False,Other,0,1.0,7,0.0,True
68.0,11.0,7,0,5,2023,True,70,49,3,1,5.0,4586.0,7,True,False,Design Tools,0,0.0,25,3.3,True
135.0,99.0,7,6,7,2026,True,52,52,3,1,356.0,4257.0,7,True,False,Other,0,0.0,4,181.9,True
145.0,3.0,9,4,7,2023,False,301,30,5,1,4326.0,3186.0,7,False,False,Open Source,0,0.0,0,0.0,True
10.0,0.0,7,1,1,2023,False,263,43,3,1,4252.0,966.0,3,False,True,Marketing,0,0.0,0,2.4,True
2.0,0.0,7,3,3,2023,False,256,57,2,1,5.0,3007.0,4,False,True,Writing,0,0.0,1,0.0,True
138.0,2.0,7,0,5,2023,False,52,33,3,1,5.0,622.0,4,False,False,Other,2,0.1,0,2.2,True
18.0,1.0,7,3,5,2023,False,265,20,3,0,5.0,10.0,3,False,True,Developer Tools,0,0.0,0,0.0,True
124.0,1.0,20,0,5,2023,False,316,43,2,1,3704.0,1149.0,6,False,True,Artificial Intelligence,0,1.9,0,1.5,True
79.0,3.0,9,4,7,2023,True,288,59,1,1,2108.0,1228.0,4,False,False,Design Tools,0,0.0,0,182.8,True
2.0,1.0,18,5,1,2023,False,118,37,1,0,5.0,1108.0,9,True,False,Productivity,0,0.0,0,0.0,False
462.0,0.0,7,4,6,2023,True,213,47,5,1,15982.0,1653.0,9,False,True,Analytics,0,0.0,0,0.0,True
13.0,110.0,16,4,5,2026,True,60,47,3,1,34093.0,5835.0,6,True,True,Productivity,0,0.0,0,1.2,True
96.0,4.0,1,3,5,2023,True,265,43,4,1,303.0,676.0,4,False,False,Android,0,0.0,0,174.1,True
208.0,69.0,7,0,7,2026,True,68,26,3,1,5.0,463.0,6,True,False,Design Tools,0,0.8,5,3.7,True
259.0,4.0,7,0,7,2026,True,58,50,3,2,5.0,1002.0,9,True,False,Android,0,0.0,0,1.7,True
1039.0,120.0,7,4,3,2026,True,62,37,3,1,5.0,1360.0,6,False,False,Other,0,0.0,0,0.0,True
59.0,1.0,20,4,5,2023,True,120,30,3,1,47.0,2335.0,5,True,True,iOS,0,0.0,0,0.0,False
125.0,27.0,0,2,6,2026,False,317,57,3,1,9825.0,29407.0,5,True,False,Other,44,323.77272727272725,44,323.77272727272725,False
85.0,67.0,7,1,5,2023,True,176,34,3,1,642.0,835.0,3,False,True,iOS,0,0.0,5,2.0,True
4.0,1.0,18,3,1,2023,True,255,37,2,4,5.0,810.0,1,False,True,Android,0,0.0,0,0.0,True
9.0,0.0,7,4,7,2026,False,260,51,3,1,2354.0,3342.0,4,True,False,Chrome Extensions,0,0.0,11,4.0,True
8.0,0.0,10,1,7,2023,False,284,28,3,1,553.0,4535.0,3,False,True,Design Tools,0,0.0,106,2.7,True
23.0,0.0,7,6,7,2023,True,258,48,3,1,5.0,1941.0,4,False,False,API,0,0.0,0,1.4,True
126.0,53.0,14,1,6,2025,False,53,49,2,2,5.0,749.0,5,False,False,Health & Fitness,0,0.0,0,220.3,True
88.0,18.0,7,5,5,2023,True,118,24,2,1,538.0,447.0,4,False,True,Productivity,0,0.0,0,0.0,False
3.0,0.0,20,0,3,2023,False,257,21,3,1,311.0,132.0,3,False,True,Other,0,0.0,0,0.0,False
32.0,0.0,7,3,5,2023,True,264,52,2,1,5.0,981.0,6,True,True,Mac,0,0.0,23,0.0,True
79.0,1.0,0,5,5,2023,False,220,52,1,3,671.0,475.0,5,True,True,Web App,0,0.0,556,0.0,True
112.0,35.0,7,3,7,2023,False,197,39,1,1,4012.0,1790.0,8,True,True,Productivity,0,0.0,0,0.0,True
104.0,0.0,3,1,5,2023,False,226,31,1,10,5.0,959.0,3,False,True,Design Tools,0,0.0,1,0.0,True
381.0,43.0,0,4,6,2026,False,497,56,3,1,147.0,893.0,1,False,False,API,0,0.0,0,0.0,False
13.0,0.0,7,1,7,2023,False,258,41,1,0,490.0,1001.0,3,False,True,Design Tools,0,0.0,0,0.0,True
4.0,1.0,20,6,5,2023,False,244,44,3,1,254.0,200.0,8,True,True,Productivity,0,0.0,0,0.0,False
157.0,40.0,7,1,7,2026,False,36,36,3,2,189.0,1517.0,5,False,True,Productivity,0,0.0,0,0.0,False
109.0,4.0,7,1,7,2026,True,243,56,3,1,5.0,3334.0,4,True,False,Other,0,0.0,0,3.6,True
128.0,18.0,7,4,5,2026,True,79,29,2,2,5150.0,2578.0,4,False,False,SaaS,0,0.0,13,181.5,True
81.0,88.0,7,2,5,2026,True,35,53,3,1,191022.0,1353.0,6,False,False,Other,0,0.0,1999,0.0,True
26.0,15.0,7,5,7,2026,True,53,53,3,2,237.0,91.0,6,False,False,Productivity,0,0.0,0,0.0,False
104.0,0.0,8,1,7,2023,True,254,42,2,0,2330.0,2731.0,2,False,True,Design Tools,0,0.0,8,0.0,True
117.0,44.0,7,2,7,2026,False,492,37,3,1,2813.0,421.0,7,True,False,Productivity,0,0.0,1,0.0,True
136.0,44.0,7,1,7,2023,True,62,60,3,1,1742.0,815.0,6,True,False,Productivity,0,0.0,0,5.2,True
83.0,16.0,7,3,7,2026,True,63,44,3,1,5.0,3299.0,7,True,False,Other,0,0.0,0,0.0,True
103.0,0.0,7,6,3,2023,False,266,54,1,1,1192.0,852.0,4,True,True,Design Tools,0,4.0,10,178.4,True
146.0,23.0,7,6,6,2026,True,52,52,3,3,640.0,1142.0,6,False,False,Other,0,0.0,0,0.0,False
110.0,30.0,0,2,5,2026,True,231,59,3,1,93.0,628.0,3,False,False,Productivity,0,0.0,0,0.0,False
216.0,47.0,0,3,6,2026,True,292,53,3,1,309.0,3069.0,9,True,False,Other,0,0.0,0,0.0,False
123.0,2.0,14,3,3,2023,False,224,56,3,1,2093.0,1310.0,2,False,True,Other,0,0.0,1332,0.0,True
237.0,142.0,7,5,5,2026,True,221,28,4,1,765.0,756.0,5,False,False,Android,0,0.0,415,0.0,True
83.0,0.0,0,1,7,2026,True,251,40,3,1,805.0,345.0,6,False,False,Other,0,0.0,265,0.0,True
19.0,0.0,2,4,1,2023,False,258,59,3,1,5.0,2435.0,3,False,True,Other,0,0.1,1,0.0,True
68.0,2.0,8,3,1,2023,True,133,16,3,1,334.0,662.0,6,False,True,Android,0,0.0,0,0.0,False
7.0,2.0,13,4,5,2023,False,180,50,3,1,109.0,931.0,4,False,True,Fintech,0,0.0,0,0.0,False
122.0,0.0,15,1,7,2023,False,254,24,5,1,5.0,425.0,6,True,False,SaaS,0,0.0,4,2.0,True
227.0,44.0,7,3,6,2026,True,51,51,2,3,72.0,2551.0,4,False,False,Other,0,0.0,0,0.0,False
153.0,27.0,17,1,6,2026,True,55,48,3,1,212978.0,987.0,6,False,False,Design Tools,0,0.0,0,0.0,True
67.0,32.0,7,6,7,2026,True,47,42,2,1,5.0,4105.0,8,True,False,Productivity,0,0.0,0,0.8,True
198.0,3.0,14,1,7,2023,True,252,44,3,1,419865.0,2336.0,8,True,False,Other,0,0.0,9,242.5,True
295.0,43.0,7,3,5,2026,False,57,48,3,1,5.0,10123.0,4,True,False,Open Source,0,0.0,1,0.0,True
143.0,11.0,7,0,5,2023,True,243,37,3,1,5.0,9441.0,7,False,False,Other,0,0.0,1,0.0,True
236.0,7.0,1,0,7,2026,True,58,56,3,3,4273.0,13865.0,7,True,False,Productivity,0,74.3,5,375.9,True
79.0,2.0,8,3,1,2023,True,130,33,3,1,73.0,559.0,4,True,True,Other,0,0.0,0,0.0,False
4.0,1.0,7,0,7,2023,True,100,31,1,1,5.0,2923.0,2,False,False,Other,0,1.2,25,1.8,True
498.0,146.0,0,3,6,2026,False,313,54,3,1,10131.0,26694.0,5,True,False,Other,51,306.2352941176471,51,306.2352941176471,False
175.0,0.0,7,4,5,2026,True,222,43,3,1,5.0,786.0,3,False,True,Developer Tools,0,0.0,0,0.0,True
436.0,181.0,7,0,7,2026,True,44,47,3,2,3006.0,11125.0,6,True,False,Other,0,0.0,10,0.5,True
179.0,41.0,0,2,7,2026,True,56,27,3,1,5.0,8756.0,8,True,False,Productivity,4,0.0,18,0.0,True
108.0,15.0,7,5,5,2023,True,98,60,2,1,1152.0,3976.0,3,False,True,API,0,0.0,0,0.0,False
137.0,57.0,7,0,7,2026,True,186,54,3,1,2368.0,495.0,4,True,False,Open Source,0,0.0,0,197.7,True
5.0,0.0,14,0,3,2023,False,106,53,3,1,841.0,1674.0,3,False,True,Open Source,0,0.0,0,0.0,False
61.0,16.0,7,3,7,2023,True,51,29,2,1,5.0,5609.0,8,False,False,Other,0,0.0,0,0.0,True
263.0,31.0,7,3,7,2026,True,59,60,3,1,168.0,8919.0,8,True,False,Other,1,0.0,0,288.4,True
123.0,33.0,7,4,7,2026,False,259,43,3,1,5.0,643.0,5,True,False,Other,0,0.0,0,0.0,True
68.0,101.0,1,1,7,2023,True,180,57,3,1,5.0,252.0,4,False,False,Open Source,0,0.0,0,0.3,True
205.0,19.0,7,6,7,2026,False,51,59,3,1,4111.0,26988.0,6,True,False,Mac,29,268.7,12,440.6,True
152.0,25.0,15,1,6,2026,True,402,58,3,1,506.0,1887.0,5,True,False,Email,0,0.0,0,0.0,False
17.0,0.0,17,3,7,2023,False,65,36,2,1,5.0,2691.0,4,True,True,Artificial Intelligence,0,0.0,0,0.5,True
15.0,0.0,19,2,7,2023,False,248,59,5,0,5.0,1622.0,1,False,True,SaaS,0,0.0,0,2.2,True
4.0,1.0,17,5,1,2023,False,297,55,2,0,157.0,670.0,5,False,False,Marketing,0,0.0,0,0.0,False
105.0,50.0,7,3,5,2026,True,63,60,3,1,854.0,1112.0,8,True,False,Other,8,0.0,5,2.1,True
1.0,3.0,6,1,5,2023,False,254,36,3,1,5.0,304.0,3,False,True,Design Tools,0,0.0,0,2.3,True
110.0,6.0,5,5,6,2026,True,373,58,3,1,128.0,1302.0,4,False,False,Other,0,0.0,0,0.0,False
1.0,1.0,13,4,3,2023,False,243,36,4,0,4193.0,325.0,1,False,True,Other,0,0.0,0,0.0,True
1.0,2.0,22,4,1,2023,True,258,33,1,0,4196.0,1985.0,2,False,True,Health & Fitness,2,0.0,0,0.7,True
152.0,17.0,7,1,6,2026,True,48,48,3,3,24.0,3930.0,6,True,False,Other,0,0.0,0,0.0,False
110.0,8.0,7,3,1,2023,True,213,24,3,1,46493.0,4305.0,2,True,True,Other,0,0.0,0,0.0,True
11.0,1.0,7,3,5,2023,True,70,33,2,1,383.0,4366.0,2,True,False,Fintech,0,0.0,7,0.0,True
245.0,51.0,7,2,5,2026,True,439,60,3,1,3099.0,1225.0,5,True,False,Other,1,0.0,30,0.2,True
102.0,8.0,9,6,11,2026,True,59,52,3,1,5.0,12207.0,4,False,True,Other,0,0.0,4,0.0,True
424.0,11.0,7,1,5,2026,False,63,55,3,2,4473.0,1411.0,7,True,False,Education,0,0.0,24,0.9,True
126.0,0.0,7,1,7,2023,False,245,41,3,1,5.0,1309.0,2,False,True,Developer Tools,0,0.0,9,5.1,True
4.0,0.0,7,3,3,2023,False,273,53,1,0,5.0,2055.0,1,False,True,Design Tools,0,2.5,0,0.0,True
200.0,33.0,0,3,6,2026,False,273,46,3,1,11853.0,29957.0,5,True,False,Other,59,293.728813559322,59,293.728813559322,False
10.0,5.0,7,3,3,2023,False,329,39,4,1,1650.0,556.0,2,False,True,Design Tools,0,0.0,0,1.7,True
150.0,25.0,0,0,11,2026,True,61,57,3,3,5.0,237.0,6,True,False,Education,0,0.0,0,0.0,True
3.0,0.0,14,3,5,2023,True,273,34,4,2,3266.0,1769.0,3,False,True,Marketing,0,0.0,0,2.3,True
168.0,27.0,7,0,7,2026,True,60,60,3,2,1716.0,2767.0,8,True,False,API,0,0.0,0,0.0,False
176.0,86.0,7,1,7,2026,False,38,38,3,3,61.0,2148.0,5,True,False,Design Tools,0,0.0,0,0.0,False
133.0,122.0,7,1,6,2026,True,461,26,3,1,5.0,6038.0,6,False,False,Mac,0,0.0,15,0.6,True
8.0,1.0,23,0,3,2023,False,233,38,3,1,502.0,1837.0,2,False,True,Social Media,0,0.0,0,0.0,False
162.0,0.0,7,3,7,2023,True,279,52,2,1,5.0,758.0,9,True,False,Other,0,0.0,0,0.0,True
110.0,10.0,7,4,7,2023,False,293,31,3,1,1078.0,2154.0,2,True,False,Mac,0,0.0,227,2.1,True
116.0,37.0,7,6,5,2023,False,269,31,3,1,2211.0,3810.0,3,False,False,Design Tools,0,0.1,26,2.0,True
13.0,0.0,7,4,3,2023,True,34,23,3,1,175326.0,24161.0,5,True,False,Design Tools,0,0.0,0,1.1,True
1.0,0.0,7,1,3,2023,False,41,34,3,3,3054.0,2313.0,6,False,True,Android,0,0.0,8,4.1,True
1.0,2.0,10,3,7,2023,True,167,18,1,1,5.0,1649.0,3,False,False,Other,0,0.0,1366,0.0,True
832.0,1.0,12,5,5,2023,False,244,42,1,1,48288.0,651.0,2,False,True,Other,0,0.0,1221,81.7,True
221.0,0.0,7,0,7,2025,True,63,32,3,1,5.0,2763.0,4,False,False,Productivity,0,0.0,0,173.9,True
97.0,9.0,7,3,5,2026,True,234,51,1,1,5.0,757.0,7,True,False,Design Tools,0,0.4,0,0.9,True
123.0,2.0,20,5,7,2023,True,213,27,3,2,5.0,385.0,6,True,False,Other,0,0.0,0,0.0,True
229.0,93.0,7,5,5,2023,True,230,31,2,2,66123.0,98.0,5,True,False,Other,0,0.0,428,186.50233644859813,False
19.0,1.0,11,0,5,2023,False,243,29,3,1,178.0,1240.0,3,False,False,Web App,0,0.0,62,0.0,True
350.0,0.0,7,4,5,2023,True,278,59,3,1,5.0,745.0,3,False,True,Productivity,0,0.0,250,2.8,True
367.0,1.0,7,6,7,2023,True,487,30,4,2,4635.0,1028.0,6,True,True,SaaS,0,0.0,0,3.5,True
16.0,0.0,7,0,7,2023,True,265,58,3,3,5.0,2746.0,4,False,False,Design Tools,0,0.0,0,0.3,True
69.0,3.0,7,0,3,2023,True,230,52,3,1,1093.0,1723.0,3,True,True,Other,0,0.0,0,0.0,False
9.0,0.0,10,4,5,2023,False,279,51,3,1,4461.0,257.0,4,False,True,Other,0,0.0,34,0.0,True
154.0,0.0,7,1,5,2023,False,295,44,3,1,3411.0,394.0,4,False,False,Education,0,0.0,0,2.1,True
22.0,3.0,23,6,7,2023,True,261,34,3,1,5.0,2176.0,7,False,False,Other,0,1.0,24,0.0,True
151.0,10.0,0,6,5,2026,True,417,43,3,1,98.0,389.0,5,False,False,Chrome Extensions,0,0.0,0,0.0,False
193.0,28.0,7,2,7,2026,False,48,17,3,1,2631.0,1571.0,9,False,False,Other,0,0.7,0,85.8,True
135.0,9.0,7,3,6,2023,True,62,23,3,1,5.0,5960.0,5,False,False,iOS,0,0.0,0,199.0,True
11.0,0.0,13,5,3,2023,False,263,31,3,0,5.0,2561.0,3,False,True,Other,0,0.8,17,0.1,True
102.0,91.0,7,1,6,2026,True,38,59,3,3,1518.0,12148.0,6,False,False,Other,0,0.0,6,0.3,True
19.0,6.0,15,3,7,2023,False,268,55,3,1,5.0,10.0,3,False,True,Open Source,0,0.0,318,1.4,True
205.0,42.0,7,3,7,2026,True,49,49,3,1,950.0,1615.0,5,True,False,Productivity,0,0.0,0,0.0,False
698.0,25.0,7,2,5,2026,True,280,33,3,3,5.0,5046.0,6,False,False,iOS,5,0.5,0,288.6,True
177.0,58.0,7,1,3,2023,True,250,51,3,31,1252846.0,935.0,6,False,False,Analytics,0,0.0,8340,207.89208633093529,False
236.0,0.0,7,1,7,2025,True,252,33,3,1,5.0,2738.0,4,True,False,Artificial Intelligence,0,0.0,0,3.6,True
9.0,2.0,7,3,5,2023,True,229,30,3,1,684.0,24.0,3,False,True,API,0,0.0,28,3.7,True
110.0,103.0,7,3,6,2026,True,44,20,3,1,5.0,801.0,5,False,False,Other,0,0.0,0,0.0,True
277.0,7.0,7,4,7,2023,False,253,41,4,1,2524.0,1876.0,8,False,True,Other,0,2.9,3092,180.7,True
306.0,27.0,7,4,7,2026,True,469,52,3,1,3570.0,9978.0,6,True,False,Other,12,0.0,13,223.7,True
142.0,1.0,1,5,3,2023,False,48,38,3,3,5.0,4555.0,4,False,True,Developer Tools,0,0.0,0,2.7,True
71.0,2.0,7,0,3,2023,True,245,59,3,1,61.0,4874.0,5,False,True,Health & Fitness,0,0.0,0,0.0,False
32.0,2.0,7,3,7,2023,False,257,31,3,1,189.0,1357.0,3,False,True,Developer Tools,0,0.0,0,0.0,False
9.0,0.0,12,4,7,2023,False,225,39,3,1,5.0,2790.0,5,False,False,Productivity,0,0.0,0,0.1,True
88.0,92.0,7,4,5,2023,True,410,48,3,1,2741.0,1854.0,6,True,False,Other,1,0.0,0,4.8,True
234.0,22.0,7,3,6,2026,True,60,43,3,3,5.0,152.0,6,False,False,Fintech,0,93.3,0,0.5,True
185.0,0.0,22,4,7,2023,False,282,49,3,1,5138.0,1448.0,4,True,False,Open Source,0,0.0,3,168.1,True
1.0,3.0,7,5,7,2023,False,255,50,3,1,5.0,5241.0,3,False,True,Android,0,0.0,1293,1.6,True
195.0,39.0,0,1,6,2026,False,269,60,3,1,362.0,170.0,3,True,False,Other,0,0.0,0,0.0,False
93.0,4.0,7,3,5,2023,True,238,60,3,1,153975.0,1318.0,7,True,True,API,0,0.0,9,2.7,True
90.0,15.0,10,0,7,2023,False,38,39,3,1,2460.0,1032.0,6,False,False,Developer Tools,0,0.0,13,0.0,True
151.0,14.0,7,0,3,2023,True,121,46,2,1,128.0,1619.0,3,True,True,Productivity,0,0.0,0,0.0,False
117.0,9.0,7,3,7,2026,False,48,48,3,1,396.0,2210.0,7,False,False,Productivity,1,28.0,1,28.0,False
4.0,3.0,22,6,5,2023,False,245,26,3,1,498.0,3804.0,1,False,True,Other,0,0.0,0,0.0,False
188.0,22.0,7,6,5,2026,True,65,33,3,1,1147.0,21829.0,8,True,False,API,9,0.0,0,358.4,True
241.0,14.0,7,2,7,2026,True,49,47,3,1,6216.0,27147.0,9,True,False,API,5,111.2,11,494.9,True
3.0,1.0,20,4,7,2023,False,255,26,3,0,275.0,4492.0,3,False,False,Artificial Intelligence,0,0.0,0,0.0,False
14.0,0.0,23,4,5,2023,False,289,37,3,5,1413.0,1692.0,2,False,True,Other,0,0.0,3,1.9,True
80.0,4.0,7,1,6,2023,True,59,36,3,1,40924.0,107.0,4,False,False,Open Source,0,0.0,0,3.8,True
1.0,4.0,16,4,1,2023,True,258,28,1,1,2331.0,2887.0,6,False,True,Other,0,0.0,0,0.6,True
1.0,0.0,15,1,1,2023,True,186,42,4,0,180.0,3262.0,3,False,True,Other,0,0.5,417,0.6,True
173.0,24.0,9,1,7,2023,False,167,35,3,5,5.0,312.0,8,True,True,Productivity,0,1.7,0,0.4,True
114.0,29.0,1,5,5,2024,True,58,46,3,1,2150.0,500.0,4,True,False,Other,0,0.0,0,3.4,True
397.0,67.0,0,1,5,2026,True,435,48,3,1,3428.0,7773.0,6,True,False,Developer Tools,2,335.5,2,335.5,False
119.0,5.0,0,4,6,2026,True,37,38,3,3,241379.0,1732.0,8,True,False,Other,0,239.2,8,0.1,True
1.0,0.0,6,4,3,2023,False,281,51,3,0,5.0,1801.0,1,False,True,Other,0,0.0,0,4.5,True
144.0,9.0,0,2,6,2026,True,160,54,3,1,797.0,1031.0,8,False,False,Design Tools,0,0.0,0,0.0,False
406.0,29.0,7,6,6,2026,True,74,52,3,1,6560.0,6973.0,8,True,False,Chrome Extensions,0,0.2,304,0.0,True
42.0,36.0,7,1,7,2026,False,159,54,3,1,5.0,2871.0,6,True,False,Chrome Extensions,0,0.0,0,2.2,True
29.0,0.0,13,3,7,2023,False,386,40,3,2,74043.0,3081.0,4,False,False,Marketing,0,0.0,3082,0.6,True
188.0,4.0,7,1,10,2026,False,75,54,3,2,2317.0,2687.0,6,True,False,API,0,0.0,0,5.4,True
234.0,18.0,7,4,7,2023,False,52,48,3,1,2499.0,3408.0,6,False,False,Productivity,0,0.3,0,352.2,True
13.0,3.0,9,3,5,2023,True,241,42,3,1,1086.0,885.0,5,True,True,Android,0,0.0,0,222.5,True
171.0,29.0,0,4,5,2026,False,61,51,3,1,5.0,6035.0,4,True,False,Other,0,0.0,14,0.0,True
218.0,69.0,7,4,6,2026,False,50,59,3,18,1009.0,1726.0,8,False,False,Other,0,0.1,5,303.2,True
140.0,0.0,7,1,7,2023,True,221,42,2,1,3493.0,2093.0,2,True,False,SaaS,0,0.6,15,0.0,True
119.0,0.0,10,4,7,2023,False,265,41,4,1,5.0,1372.0,7,True,True,Artificial Intelligence,0,2.1,1,2.6,True
829.0,7.0,1,0,7,2026,True,60,56,3,1,502512.0,2171.0,7,False,False,Productivity,0,0.0,0,198.4,True
135.0,2.0,7,3,11,2023,True,52,53,3,1,438282.0,885.0,6,True,True,Design Tools,0,0.0,5,0.3,True
322.0,36.0,0,6,5,2023,True,54,59,3,1,309247.0,336.0,6,True,False,Productivity,0,0.0,24,0.0,True
22.0,7.0,0,6,5,2026,False,466,47,3,1,28.0,392.0,7,True,False,API,0,0.0,0,0.0,False
241.0,10.0,0,6,6,2026,False,121,38,3,1,525.0,327.0,2,False,False,Mac,0,0.0,0,0.0,False
10.0,0.0,3,0,5,2023,True,265,54,2,1,4149.0,772.0,4,False,True,Artificial Intelligence,0,0.0,27,1.5,True
123.0,9.0,0,2,6,2026,True,286,50,3,1,341.0,1443.0,5,False,False,Productivity,0,0.0,0,0.0,False
451.0,91.0,0,4,6,2026,True,56,53,3,3,4159.0,5734.0,4,False,False,Other,0,229.9,0,313.6,True
1.0,0.0,7,3,5,2024,True,143,30,3,1,27265.0,3502.0,6,False,False,Artificial Intelligence,0,0.0,113,215.4,True
19.0,3.0,8,4,7,2026,False,225,33,3,1,5.0,346.0,2,False,True,Productivity,0,0.0,17,0.0,True
143.0,4.0,7,4,7,2024,True,37,58,3,1,5.0,755.0,9,True,True,Marketing,0,0.0,1327,4.8,True
2.0,0.0,4,3,7,2023,False,238,48,3,1,516.0,1303.0,4,True,True,Other,0,0.0,0,0.0,False
260.0,1.0,7,4,6,2026,False,48,53,2,7,1256.0,1237.0,7,True,False,Other,3,0.0,0,0.1,True
28.0,0.0,7,3,7,2023,True,246,33,2,1,5.0,1236.0,6,False,False,Productivity,0,0.0,0,0.0,True
21.0,0.0,14,5,5,2023,False,275,35,3,3,5.0,1246.0,1,False,True,Health & Fitness,0,0.0,15,3.3,True
27.0,47.0,7,4,3,2024,False,436,51,3,1,5.0,898.0,7,True,False,Health & Fitness,0,0.0,3,0.0,True
1.0,0.0,23,3,3,2023,True,251,56,1,1,6.0,758.0,7,True,True,Design Tools,0,0.0,0,0.0,True
72.0,0.0,7,3,5,2023,True,223,35,3,3,5.0,2272.0,4,True,True,Other,0,0.0,14,2.5,True
4.0,0.0,7,3,7,2023,True,47,39,4,1,5.0,1765.0,7,True,True,Design Tools,0,0.0,0,0.0,True
334.0,2.0,7,3,7,2023,True,262,50,3,3,5.0,892.0,5,False,True,Writing,0,0.0,0,3.2,True
9.0,2.0,7,5,6,2026,False,45,45,3,2,63.0,90.0,4,False,True,Other,0,0.0,0,0.0,False
99.0,29.0,7,0,3,2023,True,112,31,3,1,54.0,154.0,3,False,True,Health & Fitness,0,0.0,0,0.0,False
94.0,2.0,7,0,5,2023,True,264,25,3,1,1561.0,595.0,6,False,True,SaaS,0,0.0,816,0.0,True
231.0,60.0,7,4,5,2026,True,32,21,3,3,5.0,2819.0,6,True,False,Chrome Extensions,0,0.0,0,243.6,True
19.0,2.0,6,4,5,2023,True,185,32,2,1,1865.0,1371.0,4,True,True,Design Tools,0,0.0,0,4.1,True
98.0,38.0,7,0,5,2026,True,62,25,3,3,276433.0,6106.0,4,False,False,Other,4,0.0,10,3.9,True
116.0,0.0,7,2,5,2026,False,109,55,3,3,417.0,4407.0,4,True,True,Other,0,0.0,0,184.6,True
153.0,11.0,7,4,5,2023,True,143,46,2,2,58731.0,6902.0,3,False,False,Email,6,214.83333333333337,378,187.2724867724868,False
1.0,0.0,7,3,5,2023,False,249,42,3,1,452.0,3190.0,1,False,True,Design Tools,0,0.0,0,0.0,True
54.0,108.0,7,3,7,2023,True,39,51,2,1,5423.0,3426.0,8,False,False,Design Tools,0,0.0,0,0.5,True
99.0,16.0,7,3,5,2026,True,82,19,3,1,2953.0,55.0,5,True,False,API,1,0.0,0,0.0,True
186.0,16.0,11,6,5,2022,True,105,32,3,1,604.0,5056.0,3,False,False,Other,0,0.0,0,0.0,False
61.0,4.0,5,3,4,2022,False,210,58,3,1,218.0,1346.0,4,True,False,API,0,0.0,0,0.0,False
121.0,0.0,11,0,5,2023,False,30,40,3,1,3565.0,980.0,6,True,False,Design Tools,0,0.0,0,0.1,True
99.0,2.0,7,0,5,2023,False,436,35,3,1,1716.0,2097.0,4,False,False,Artificial Intelligence,0,0.0,0,207.5,True
111.0,65.0,0,5,5,2023,True,65,47,3,0,17750.0,2351.0,8,False,False,Other,0,0.0,38,3.3,True
108.0,58.0,7,4,7,2024,True,214,51,3,2,64524.0,2789.0,8,True,False,Artificial Intelligence,1,0.9,0,0.0,True
212.0,40.0,7,0,7,2026,True,66,60,3,1,1602.0,5824.0,5,False,False,iOS,0,0.0,3,221.7,True
169.0,22.0,7,3,7,2023,True,251,47,3,4,242912.0,418.0,4,False,False,Marketing,0,0.0,1605,215.4392523364486,False
110.0,73.0,7,3,7,2024,True,37,55,3,1,5.0,2430.0,4,True,True,Fintech,0,0.1,17,0.0,True
19.0,0.0,15,1,3,2023,True,257,23,1,1,2235.0,3047.0,4,False,True,Android,0,0.0,0,0.0,True
151.0,1.0,7,3,1,2023,True,260,22,2,1,411.0,1323.0,2,False,True,Design Tools,0,0.0,0,0.0,True
99.0,37.0,7,0,7,2023,False,169,33,4,1,1225.0,991.0,3,False,True,Mac,0,0.0,0,0.0,True
320.0,0.0,7,2,6,2026,True,38,24,3,3,225153.0,1725.0,6,False,False,Web App,0,0.0,1507,0.0,True
1311.0,4.0,7,2,12,2026,False,65,53,3,1,5.0,2161.0,6,False,True,Productivity,0,0.0,5,0.0,True
124.0,1.0,7,6,5,2023,True,55,56,3,1,5.0,2714.0,5,True,False,Other,0,0.7,0,3.6,True
290.0,123.0,7,0,5,2023,True,250,47,3,1,5.0,2273.0,5,True,True,Design Tools,0,0.0,19,193.8,True
18.0,0.0,7,4,7,2023,False,215,54,3,1,5.0,1223.0,6,True,False,Other,0,0.6,0,0.9,True
115.0,131.0,7,6,7,2023,False,70,44,2,1,5.0,1695.0,5,True,False,Web App,0,0.0,0,0.2,True
21.0,12.0,7,2,6,2026,False,60,60,3,1,1804.0,4408.0,8,True,False,Productivity,2,173.5,2,173.5,False
1.0,0.0,18,4,3,2023,False,239,40,1,1,2958.0,1467.0,1,False,True,SaaS,0,0.0,3650,0.0,True
6.0,0.0,13,4,1,2023,False,214,57,2,1,247.0,688.0,4,True,True,API,0,0.0,0,0.0,False
230.0,5.0,0,4,5,2026,False,245,33,3,1,1540.0,5444.0,4,False,False,Design Tools,0,0.0,0,0.0,True
219.0,64.0,1,0,6,2026,False,336,57,3,1,5.0,1216.0,6,True,False,API,0,0.0,0,3.8,True
10.0,3.0,7,5,6,2026,False,42,42,3,1,500.0,1769.0,4,False,True,Other,0,0.0,0,0.0,False
159.0,8.0,7,6,7,2023,False,346,60,3,1,917.0,907.0,4,True,False,Social Media,0,0.0,8,0.9,True
121.0,19.0,7,4,7,2025,False,167,57,3,1,1847.0,2196.0,6,True,False,Open Source,0,1.3,4,1.5,True
5.0,2.0,14,1,5,2023,False,384,35,3,1,1069.0,10.0,7,True,False,Other,0,0.0,0,0.0,True
212.0,81.0,7,0,10,2026,True,73,27,3,1,5.0,13008.0,9,True,True,Productivity,0,0.0,383,367.9,True
11.0,0.0,15,4,3,2023,False,244,54,5,1,5.0,517.0,1,False,True,Other,0,0.0,20,1.1,True
91.0,48.0,7,6,5,2026,True,450,47,3,1,237.0,16856.0,4,True,False,Other,0,1.1,19,200.6,True
582.0,9.0,7,4,5,2023,True,74,59,3,1,5.0,814.0,8,True,False,Marketing,0,0.0,0,206.3,True
175.0,21.0,6,6,5,2023,False,269,52,3,3,5.0,767.0,6,True,False,Developer Tools,0,0.0,0,0.6,True
20.0,0.0,7,6,5,2023,True,259,47,3,1,5.0,3609.0,6,False,True,Chrome Extensions,0,0.0,19,4.1,True
260.0,14.0,2,4,5,2026,True,232,58,3,1,6.0,8777.0,6,False,False,Writing,0,0.0,0,0.0,False
64.0,2.0,16,0,3,2023,True,246,60,3,1,714.0,2338.0,3,False,True,Other,0,0.0,0,0.0,False
27.0,0.0,17,3,5,2025,False,340,34,3,1,5.0,887.0,3,True,True,Other,0,0.0,0,2.8,True
25.0,9.0,7,5,6,2026,True,59,59,3,2,45.0,1536.0,4,False,True,Other,0,0.0,0,0.0,False
102.0,5.0,0,1,5,2026,False,247,38,3,1,69.0,3082.0,5,False,False,Education,0,0.0,0,0.0,False
237.0,51.0,7,1,7,2026,False,39,60,3,3,1429.0,2005.0,8,True,False,Other,0,41.7,0,0.0,True
196.0,17.0,8,5,1,2023,True,231,28,3,0,5.0,3667.0,3,False,False,Writing,0,0.0,0,0.0,False
77.0,2.0,8,4,1,2023,True,258,53,4,2,15053.0,7245.0,5,False,False,Android,1,341.0,84,278.89285714285717,False
1.0,1.0,20,5,3,2023,False,263,48,3,1,5.0,1477.0,3,False,False,Writing,0,0.0,10,197.5,True
110.0,0.0,7,3,5,2023,True,234,38,2,3,114850.0,1240.0,3,True,True,Writing,0,0.0,0,0.0,True
100.0,47.0,7,1,7,2023,True,243,55,3,0,7404.0,235.0,4,True,False,SaaS,0,0.0,0,0.0,True
24.0,0.0,22,5,3,2023,False,264,57,3,1,5.0,1905.0,2,False,True,Other,0,0.0,0,2.2,True
24.0,0.0,7,1,3,2023,False,264,44,3,0,5.0,833.0,3,True,False,Other,0,0.0,0,0.0,True
215.0,1.0,18,5,7,2024,False,392,41,3,1,5.0,787.0,6,False,False,Artificial Intelligence,0,0.0,0,1.6,True
279.0,36.0,0,3,6,2026,True,342,56,3,1,4853.0,13537.0,9,True,False,Productivity,8,387.125,8,387.125,False
322.0,79.0,7,2,7,2026,True,53,53,3,3,1510.0,2368.0,4,False,False,Other,1,52.0,1,52.0,False
7.0,8.0,6,3,7,2023,False,145,52,4,1,116.0,4869.0,3,False,True,Android,0,0.0,0,0.0,False
6.0,0.0,9,5,5,2023,False,234,55,1,1,5.0,989.0,1,True,True,Design Tools,0,0.0,0,0.0,True
4.0,0.0,6,5,7,2023,False,256,45,3,0,1435.0,296.0,6,False,True,Other,0,0.0,2,2.4,True
105.0,10.0,7,3,7,2023,True,240,36,3,2,85831.0,821.0,5,False,False,Other,0,0.0,560,214.80714285714285,False
13.0,0.0,7,5,5,2023,False,217,52,2,3,2676.0,2085.0,6,False,False,Developer Tools,0,0.0,4,5.6,True
1.0,4.0,9,3,1,2024,False,196,50,3,1,1913.0,493.0,1,True,False,API,0,0.0,1066,4.1,True
11.0,0.0,13,3,7,2023,True,271,30,2,0,589.0,253.0,3,False,False,Analytics,0,0.0,3,0.0,True
119.0,15.0,0,1,6,2026,True,492,45,3,1,296.0,1199.0,6,False,False,Android,0,0.0,0,0.0,False
93.0,42.0,7,3,7,2023,False,71,40,1,1,847.0,2190.0,4,False,False,Productivity,0,0.0,1,0.0,True
59.0,0.0,7,3,5,2023,False,257,50,2,1,788.0,1008.0,6,True,True,Other,0,0.0,0,0.0,True
164.0,11.0,7,3,6,2026,True,65,55,3,1,238074.0,1665.0,5,False,False,API,0,0.0,36,0.0,True
1.0,9.0,7,4,7,2023,False,219,56,2,3,5.0,1657.0,1,False,True,Design Tools,0,1.1,2,0.0,True
284.0,70.0,7,6,6,2026,True,47,51,3,1,5.0,892.0,6,False,False,iOS,0,299.5,17,0.0,True
107.0,0.0,7,3,1,2023,False,185,52,3,1,32162.0,894.0,6,False,False,API,0,0.0,0,0.0,True
102.0,8.0,0,0,5,2026,True,47,45,3,1,2710.0,3452.0,6,False,False,Fintech,0,0.0,1159,219.1,True
1.0,0.0,7,3,3,2023,False,255,42,3,0,5.0,1307.0,3,False,True,Productivity,0,0.0,10,0.0,True
5.0,35.0,11,4,7,2023,True,261,20,3,1,609.0,2763.0,3,False,False,Artificial Intelligence,0,0.0,0,0.0,True
87.0,14.0,7,4,5,2023,True,58,33,3,7,72766.0,771.0,4,False,False,Productivity,0,0.0,17,0.0,True
8.0,0.0,7,5,7,2023,False,269,39,3,1,3403.0,4435.0,0,False,True,Productivity,0,0.0,0,0.0,True
101.0,25.0,7,2,7,2026,True,47,56,2,1,3810.0,2634.0,6,True,False,Artificial Intelligence,0,0.0,35,1.8,True
247.0,7.0,7,4,5,2026,True,51,60,3,1,5.0,5697.0,4,True,False,Productivity,9,257.6,0,1.0,True
275.0,0.0,7,1,5,2026,False,42,35,3,1,1346.0,3527.0,4,True,False,Email,0,3.5,0,213.2,True
7.0,1.0,16,6,7,2023,False,216,29,2,1,181224.0,2812.0,3,True,True,Other,0,0.0,0,0.0,True
23.0,2.0,7,4,7,2023,True,231,33,5,3,229277.0,495.0,1,False,True,Other,0,0.0,12,0.8,True
108.0,0.0,7,1,5,2023,False,239,42,1,1,544.0,1442.0,7,True,False,Other,0,0.0,0,0.0,True
226.0,8.0,7,1,6,2026,False,75,43,3,1,4479.0,4242.0,6,True,False,Productivity,0,0.0,30,0.0,True
156.0,9.0,19,4,7,2026,False,406,35,3,1,1105.0,1212.0,7,False,False,Other,0,0.0,0,201.3,True
252.0,65.0,7,0,7,2026,False,69,52,3,1,5.0,2125.0,5,True,False,API,0,0.0,0,232.4,True
334.0,36.0,0,3,6,2026,True,68,59,3,3,2991.0,2489.0,6,False,False,Other,0,168.4,13,0.1,True
11.0,0.0,8,1,5,2023,False,210,35,1,1,375780.0,705.0,6,True,False,Health & Fitness,0,0.0,2097,2.3,True
4.0,1.0,16,1,3,2023,False,213,22,1,1,99.0,2111.0,3,False,True,Artificial Intelligence,0,0.0,0,0.0,False
56.0,38.0,7,2,3,2026,False,41,52,3,3,59454.0,3330.0,6,False,False,API,0,234.1,27,234.1,True
1.0,0.0,7,5,5,2026,False,41,26,3,1,1707.0,2819.0,4,False,False,Other,0,0.0,2,3.0,True
27.0,7.0,0,0,6,2026,False,385,55,3,1,31.0,552.0,6,False,False,Mac,0,0.0,0,0.0,False
75.0,9.0,7,1,3,2023,True,250,32,3,0,430.0,2593.0,3,False,False,Education,0,0.0,0,0.0,False
39.0,24.0,7,1,7,2026,False,48,48,3,2,108.0,1942.0,8,True,False,Developer Tools,0,0.0,0,0.0,False
6.0,1.0,7,6,5,2023,False,246,53,3,1,1085.0,4075.0,4,False,True,Hiring,4,5.25,4,5.25,False
12.0,0.0,12,3,3,2023,False,126,40,2,1,71062.0,1360.0,1,False,True,Other,0,0.0,19,0.0,True
83.0,0.0,7,4,3,2023,False,243,32,1,1,1592.0,361.0,6,False,True,Chrome Extensions,0,0.0,0,1.3,True
166.0,0.0,8,2,7,2026,False,483,60,3,1,5.0,887.0,8,True,False,Web App,0,0.0,13,1.0,True
129.0,20.0,7,2,7,2026,False,56,60,3,3,1327.0,679.0,6,True,False,API,35,0.0,8,5.6,True
585.0,325.0,7,2,7,2026,True,76,31,3,0,4066.0,1671.0,8,False,False,Design Tools,0,0.0,0,0.0,True
242.0,14.0,7,2,7,2026,True,56,36,3,3,375481.0,2749.0,9,True,False,Productivity,0,0.0,12,2.6,True
1.0,0.0,7,1,7,2023,False,276,30,1,1,3612.0,972.0,1,False,True,Productivity,0,0.0,5,2.8,True
79.0,11.0,7,1,3,2023,True,245,47,3,1,1086.0,1152.0,4,True,True,Web App,0,0.0,0,0.0,False
533.0,16.0,7,3,6,2026,True,429,43,3,1,156704.0,4784.0,9,True,False,Other,0,320.5,7,447.2,True
15.0,0.0,18,0,3,2023,True,252,26,4,1,5.0,2718.0,3,False,True,Developer Tools,0,44.4,817,0.0,True
151.0,22.0,0,1,6,2026,False,290,56,3,1,303.0,1117.0,1,False,False,Health & Fitness,0,0.0,0,0.0,False
144.0,33.0,7,6,5,2026,True,181,44,3,1,5.0,1297.0,5,False,False,Productivity,0,0.0,211,0.0,True
514.0,56.0,17,4,5,2026,True,438,60,3,1,25.0,901.0,4,False,False,Design Tools,0,0.0,0,0.0,False
99.0,117.0,7,4,5,2026,True,47,37,3,2,1952.0,4688.0,9,True,False,Hiring,0,0.0,16,0.0,True
2.0,1.0,7,5,5,2023,False,146,56,3,1,24.0,125.0,3,False,True,Marketing,0,0.0,0,0.0,False
599.0,0.0,7,0,10,2026,False,59,28,3,3,5.0,568.0,4,False,False,Marketing,0,0.0,2,1.6,True
4.0,1.0,7,4,5,2023,False,252,48,5,1,5.0,919.0,5,False,True,Android,0,0.0,2,0.5,True
412.0,93.0,0,3,6,2026,False,301,34,3,1,10305.0,38161.0,5,True,False,Other,52,309.9230769230769,52,309.9230769230769,False
4.0,2.0,0,3,5,2026,False,384,52,3,1,243.0,637.0,6,True,False,Other,0,0.0,0,0.0,False
129.0,252.0,7,2,6,2026,True,56,51,3,1,5.0,29243.0,8,True,False,Productivity,0,226.5,25,466.3,True
169.0,30.0,7,1,7,2026,True,37,37,2,1,324.0,1057.0,5,True,False,Other,0,0.0,0,0.0,False
278.0,0.0,7,2,7,2026,False,36,59,3,3,5.0,4144.0,6,True,False,Productivity,0,0.0,0,0.0,True
110.0,24.0,7,2,7,2026,True,39,29,3,2,5.0,600.0,5,False,False,Social Media,0,0.9,2,4.1,True
91.0,10.0,7,1,3,2023,True,242,52,3,1,243.0,266.0,3,False,True,Productivity,0,0.0,0,0.0,False
216.0,4.0,7,3,7,2023,False,271,38,3,1,453598.0,3568.0,3,False,True,Other,0,0.0,0,0.8,True
232.0,134.0,7,1,3,2023,True,175,53,3,11,495627.0,3627.0,5,False,False,Productivity,0,0.0,3290,196.6899696048632,False
25.0,0.0,5,3,7,2023,False,254,56,1,0,179471.0,6282.0,3,False,True,Marketing,0,0.0,7,0.0,True
126.0,1.0,7,5,7,2023,False,238,59,1,4,5.0,2181.0,2,False,True,Android,0,0.0,0,0.0,True
13.0,1.0,4,3,3,2023,False,211,27,3,1,2636.0,4330.0,6,False,False,Artificial Intelligence,0,0.0,1548,0.0,True
11.0,0.0,13,5,5,2023,False,268,58,3,1,2722.0,4726.0,4,True,False,Other,0,0.0,17,0.0,True
195.0,21.0,7,2,7,2026,False,42,42,3,3,3876.0,13803.0,7,False,False,Other,1,437.0,1,437.0,False
1.0,0.0,16,4,5,2023,False,241,33,1,1,283045.0,1190.0,1,True,True,Other,0,0.0,440,0.0,True
9.0,3.0,14,3,7,2023,False,248,55,1,1,3568.0,2775.0,3,False,True,Other,0,0.0,0,5.1,True
7.0,1.0,12,6,5,2023,False,145,21,4,0,96.0,1789.0,3,False,False,Chrome Extensions,1,7.0,0,0.0,False
512.0,95.0,7,0,6,2023,False,257,40,1,1,35903.0,4241.0,6,False,False,Productivity,0,0.0,0,2.1,True
171.0,42.0,7,5,6,2024,True,79,50,5,2,3228.0,1335.0,6,True,False,Productivity,0,33.0,0,0.0,True
102.0,11.0,0,3,7,2026,True,55,32,4,1,173.0,889.0,7,False,False,Other,0,0.0,13,6.3,True
112.0,0.0,7,3,7,2026,False,47,60,2,1,5.0,1065.0,7,False,False,Other,0,0.0,10,0.0,True
107.0,48.0,7,0,7,2023,True,252,24,2,1,2147.0,1212.0,2,False,True,Android,0,2.1,22,0.0,True
3.0,0.0,1,0,3,2023,False,183,44,3,1,46.0,39.0,1,False,True,Other,0,0.0,0,0.0,False
5.0,1.0,6,6,5,2023,False,138,42,3,1,551.0,726.0,4,False,True,Web App,0,0.0,0,0.0,False
498.0,3.0,7,4,7,2023,False,267,57,5,1,48794.0,1987.0,7,True,True,Design Tools,0,0.3,24,0.0,True
3.0,1.0,10,6,5,2023,False,233,33,3,0,301.0,250.0,1,True,False,Design Tools,0,0.0,0,0.0,False
44.0,2.0,7,3,7,2023,True,260,44,2,1,3175.0,1100.0,4,False,False,Artificial Intelligence,0,0.0,0,1.8,True
142.0,0.0,7,0,3,2023,True,224,25,2,3,5.0,2924.0,1,False,True,Chrome Extensions,0,0.0,876,221.3,True
122.0,143.0,7,6,7,2026,True,239,51,3,1,4734.0,10.0,8,True,False,Other,0,0.0,0,2.6,True
112.0,83.0,7,4,7,2023,True,453,41,3,3,5.0,818.0,6,False,False,Other,0,0.0,10,0.0,True
6.0,0.0,14,3,7,2023,True,234,26,3,1,135398.0,1853.0,2,False,True,Other,0,0.0,0,0.7,True
174.0,40.0,7,2,3,2026,True,53,39,3,9,5.0,2538.0,6,True,False,Other,0,0.0,1,0.0,True
133.0,72.0,7,3,6,2026,True,245,60,3,1,2390.0,7950.0,5,True,False,Productivity,1,0.0,552,1.0,True
155.0,0.0,7,3,7,2023,True,355,35,3,1,5.0,1109.0,8,False,False,Productivity,0,0.0,6,1.3,True
3.0,0.0,8,0,3,2023,False,225,27,1,1,1137.0,189.0,1,False,True,Marketing,0,0.0,0,0.0,False
93.0,1.0,7,1,5,2023,False,148,29,4,1,13112.0,2314.0,1,False,True,Artificial Intelligence,0,0.0,17,0.0,True
171.0,29.0,15,3,5,2026,False,453,57,3,1,111.0,1257.0,8,True,False,Health & Fitness,0,0.0,0,0.0,False
130.0,22.0,7,3,7,2026,False,53,53,3,2,128.0,8413.0,6,True,True,Developer Tools,0,0.0,0,0.0,False
117.0,22.0,7,4,5,2023,True,173,29,3,1,19.0,63.0,3,False,True,Other,0,0.0,0,0.0,False
112.0,3.0,7,1,5,2023,True,271,26,3,0,286868.0,1156.0,6,False,True,Other,0,0.0,6,3.4,True
171.0,15.0,7,6,7,2026,True,41,40,3,1,5.0,5113.0,6,False,False,Open Source,0,0.0,0,0.0,True
143.0,28.0,7,2,6,2026,True,40,40,3,3,470.0,458.0,6,False,False,Developer Tools,0,0.0,0,0.0,False
119.0,0.0,13,4,7,2023,False,263,48,2,3,5.0,694.0,7,False,False,Mac,0,0.0,17,3.3,True
129.0,11.0,7,2,7,2026,False,51,51,3,1,323.0,342.0,5,False,False,Other,0,0.0,0,0.0,False
426.0,72.0,7,5,7,2026,True,60,60,1,3,1992.0,6751.0,7,True,False,Other,4,141.0,4,141.0,False
127.0,4.0,7,6,5,2026,False,37,35,3,1,5.0,889.0,4,False,False,Other,0,0.1,12,2.7,True
31.0,3.0,7,0,5,2023,False,255,39,3,1,5719.0,850.0,4,False,True,Other,0,0.0,276,2.8,True
65.0,25.0,7,1,5,2023,True,64,36,3,1,5.0,19395.0,6,True,True,Design Tools,0,2.0,17,0.0,True
13.0,5.0,7,0,3,2023,False,137,29,4,1,768.0,576.0,4,True,True,Other,0,0.0,0,0.0,False
381.0,87.0,7,6,7,2026,True,50,50,3,2,185.0,306.0,7,False,True,Productivity,0,0.0,0,0.0,False
120.0,3.0,18,3,5,2023,True,240,28,2,1,5.0,1216.0,6,True,True,Writing,0,0.0,0,0.4,True
104.0,0.0,7,4,7,2026,False,53,60,3,3,5.0,3316.0,4,True,False,Productivity,2,0.5,0,0.0,True
158.0,36.0,7,2,7,2026,True,36,40,3,3,1142.0,1241.0,6,True,False,Design Tools,0,0.0,0,0.0,True
1.0,1.0,7,4,1,2023,False,255,28,3,1,3120.0,2897.0,1,False,True,API,0,0.0,0,0.0,True
104.0,4.0,10,3,3,2023,True,54,59,3,1,49147.0,1875.0,7,False,False,Productivity,0,2.3,0,2.5,True
230.0,9.0,7,2,5,2026,False,317,60,3,1,5.0,727.0,6,True,False,Productivity,0,0.0,14,0.0,True
119.0,3.0,7,3,6,2026,False,58,58,3,2,56.0,2012.0,4,False,False,Productivity,0,0.0,0,0.0,False
192.0,12.0,7,3,5,2026,False,40,44,3,2,5.0,1351.0,6,True,False,API,0,178.1,22,216.3,True
133.0,0.0,18,3,7,2023,True,276,43,2,3,29710.0,4149.0,3,True,False,SaaS,0,0.0,9,0.0,True
254.0,23.0,7,0,6,2026,True,56,37,3,1,341.0,1097.0,6,True,False,Productivity,0,0.0,22,4.4,True
220.0,4.0,7,1,5,2026,False,38,49,3,1,2210.0,457.0,4,True,False,Other,0,0.0,0,0.0,True
1.0,0.0,22,4,5,2023,False,222,40,1,1,1348.0,3328.0,1,False,True,Design Tools,0,3.2,1435,0.0,True
122.0,37.0,7,2,7,2026,True,429,37,3,6,67184.0,3056.0,4,True,False,Other,40,0.0,20,209.9,True
127.0,50.0,7,4,6,2026,True,54,20,3,3,5340.0,1820.0,6,True,False,Productivity,0,0.0,33,0.0,True
1.0,0.0,7,3,7,2023,False,230,33,1,0,1072.0,211.0,2,False,True,Marketing,0,0.0,174,0.0,True
19.0,0.0,16,3,3,2023,False,254,38,1,1,5.0,1077.0,1,True,True,Mac,0,0.0,0,0.0,True
7.0,0.0,7,3,3,2023,False,189,31,1,1,5.0,2253.0,5,True,True,Productivity,0,0.0,0,1.0,True
127.0,1.0,7,3,7,2023,False,66,43,2,1,5.0,666.0,3,True,True,Artificial Intelligence,0,0.0,5,0.0,True
110.0,0.0,7,0,7,2026,True,225,50,3,1,1024.0,1858.0,10,True,False,Android,0,0.0,6,199.4,True
103.0,1.0,18,0,7,2023,False,258,59,3,1,5.0,1977.0,2,False,False,Marketing,0,0.0,5,1.2,True
2.0,1.0,9,4,7,2023,False,198,40,3,1,199.0,32.0,4,True,True,Other,0,0.0,0,0.0,False
231.0,76.0,7,2,6,2026,True,500,58,3,1,3508.0,2607.0,4,True,False,Productivity,0,0.0,0,0.0,True
183.0,12.0,7,0,6,2026,True,43,58,3,3,328023.0,1100.0,6,False,False,Other,0,0.0,0,2.7,True
13.0,0.0,16,3,1,2023,False,247,44,3,1,5.0,523.0,9,False,True,Education,0,0.0,4,1.0,True
266.0,45.0,7,3,7,2026,True,51,51,3,2,16.0,645.0,5,True,False,Other,0,0.0,0,0.0,False
154.0,154.0,0,0,5,2023,True,250,37,3,0,5.0,268.0,6,False,False,API,0,0.0,1,0.0,True
161.0,12.0,7,3,11,2026,True,54,55,3,7,2757.0,2158.0,5,True,False,Open Source,0,0.0,0,4.4,True
11.0,0.0,18,1,7,2023,False,182,34,2,3,6419.0,5703.0,6,False,True,Other,0,0.0,10,1.1,True
36.0,15.0,7,0,7,2026,False,42,42,3,1,177.0,478.0,8,False,True,Other,0,0.0,0,0.0,False
5.0,0.0,15,0,3,2023,False,255,33,1,0,5.0,963.0,1,False,True,Android,0,0.0,7,4.1,True
84.0,0.0,3,3,7,2023,True,253,28,3,1,5.0,4661.0,3,False,False,Other,0,0.0,6,2.4,True
268.0,21.0,7,5,6,2026,True,38,38,2,3,246.0,2985.0,5,True,False,Developer Tools,0,0.0,0,0.0,False
1.0,0.0,17,3,3,2023,False,265,47,2,1,5.0,948.0,1,False,True,Productivity,0,0.0,32,3.1,True
19.0,5.0,22,4,5,2023,False,165,59,3,1,45.0,1326.0,3,False,True,Design Tools,0,0.0,0,0.0,False
9.0,0.0,8,4,1,2023,False,151,41,3,1,5.0,1698.0,3,False,True,Design Tools,0,0.0,0,0.0,False
71.0,1.0,11,1,3,2023,False,269,41,3,0,3545.0,357.0,2,False,True,Writing,0,241.3,0,2.8,True
8.0,0.0,20,4,1,2023,False,88,54,3,0,87.0,3695.0,7,False,False,Design Tools,0,0.0,0,0.0,False
126.0,1.0,7,4,7,2024,False,61,46,2,3,5.0,10.0,5,True,False,Design Tools,0,0.0,0,0.0,True
13.0,2.0,15,4,7,2023,False,260,41,3,1,5.0,3673.0,2,False,True,Android,0,0.0,0,2.1,True
118.0,81.0,7,3,8,2026,True,46,47,3,1,5.0,11383.0,6,True,False,Design Tools,0,0.4,8,1.4,True
36.0,0.0,15,0,5,2025,True,265,59,4,5,5.0,3084.0,2,True,True,Design Tools,0,0.0,16,0.0,True
169.0,84.0,7,0,7,2026,True,46,56,3,1,3723.0,1217.0,6,True,False,Other,0,0.0,0,0.5,True
160.0,5.0,7,5,8,2023,False,283,30,2,3,45269.0,619.0,3,False,False,API,0,0.0,120,4.9,True
134.0,124.0,9,6,7,2026,False,38,39,3,3,1846.0,4568.0,5,False,False,Other,0,0.0,15,79.2,True
256.0,8.0,7,2,7,2026,True,244,58,1,1,5.0,28583.0,6,True,False,API,0,0.0,0,165.9,True
152.0,267.0,8,5,7,2026,False,251,33,3,1,1335.0,602.0,4,True,False,Productivity,0,0.0,0,0.0,True
79.0,4.0,7,3,5,2026,True,249,47,3,1,1332.0,1359.0,4,True,False,Productivity,0,0.0,0,3.3,True
151.0,70.0,7,1,3,2023,True,69,45,3,1,5.0,1007.0,6,False,False,Artificial Intelligence,0,0.0,20,0.0,True
6.0,2.0,8,4,7,2023,False,281,41,3,2,1985.0,706.0,8,False,False,Design Tools,0,0.0,0,0.0,True
68.0,0.0,17,0,5,2026,True,47,57,3,1,5.0,3107.0,6,False,False,Other,0,0.0,0,0.3,True
124.0,78.0,7,6,6,2026,True,124,44,3,14,5.0,3659.0,6,False,False,Other,0,0.0,0,147.2,True
15.0,14.0,7,0,5,2023,True,68,60,3,1,85723.0,2309.0,4,False,False,Design Tools,0,0.0,0,0.0,True
162.0,47.0,7,4,6,2026,False,42,58,3,1,5.0,5119.0,4,True,False,Design Tools,0,0.0,15,0.0,True
25.0,10.0,7,4,7,2023,True,279,44,3,1,5.0,577.0,8,False,True,Design Tools,0,0.0,0,0.1,True
14.0,9.0,7,1,7,2026,True,194,58,3,1,5.0,1030.0,4,True,False,Mac,0,0.2,0,0.0,True
31.0,101.0,7,3,5,2026,True,157,58,3,1,5.0,2318.0,6,False,False,Productivity,0,2.4,0,2.7,True
100.0,45.0,7,4,5,2026,True,35,50,3,1,500.0,1687.0,7,True,False,Health & Fitness,0,0.0,0,0.0,True
65.0,3.0,16,4,5,2023,True,246,60,3,2,64348.0,30.0,4,True,False,Artificial Intelligence,0,0.0,411,192.39172749391727,False
90.0,5.0,0,2,5,2026,True,393,56,3,1,533.0,1781.0,5,True,False,Productivity,0,0.0,0,0.0,False
44.0,0.0,7,0,5,2023,True,240,39,1,0,195828.0,805.0,3,False,True,Writing,0,0.0,261,3.4,True
162.0,41.0,7,3,5,2026,True,57,32,3,3,2225.0,19121.0,6,False,False,Mac,0,0.0,3,199.7,True
61.0,7.0,13,5,7,2023,False,239,57,3,1,2431.0,126.0,5,False,False,Artificial Intelligence,0,0.5,1479,2.0,True
668.0,8.0,7,6,7,2023,True,67,60,3,1,5.0,33656.0,8,False,False,Design Tools,0,1.7,0,269.9,True
142.0,25.0,0,1,6,2026,True,463,60,3,1,2706.0,7648.0,11,True,False,Open Source,8,182.375,8,182.375,False
5.0,1.0,7,0,3,2023,False,250,57,3,1,560.0,2009.0,1,False,True,Email,0,0.0,0,0.0,False
67.0,0.0,7,4,7,2025,True,466,33,3,1,4357.0,3865.0,6,False,False,Artificial Intelligence,0,0.2,9,1.9,True
1.0,0.0,7,1,3,2023,False,220,59,2,1,2134.0,690.0,3,False,True,Other,0,0.0,614,0.0,True
95.0,88.0,12,4,7,2026,True,469,58,3,1,4973.0,752.0,7,True,False,Developer Tools,0,1.0,0,192.2,True
128.0,0.0,7,3,5,2023,False,51,51,3,3,647.0,800.0,6,True,False,Artificial Intelligence,0,0.0,1,2.5,True
6.0,2.0,19,3,3,2023,True,216,55,2,1,5.0,454.0,3,False,True,Hiring,0,0.0,0,1.2,True
1.0,0.0,7,1,1,2023,True,264,34,1,1,5.0,2769.0,3,False,True,Android,0,0.0,0,1.2,True
157.0,0.0,7,3,5,2023,True,263,31,1,2,519.0,4200.0,3,False,True,Developer Tools,0,0.0,0,0.3,True
216.0,8.0,14,1,5,2026,True,227,18,3,1,5.0,1188.0,9,False,False,Android,0,0.0,0,196.3,True
326.0,66.0,7,3,7,2023,True,247,60,3,3,152161.0,768.0,5,False,False,Other,0,0.0,1002,208.57285429141717,False
84.0,28.0,7,5,5,2026,False,52,36,3,2,98.0,398.0,6,True,False,Productivity,0,0.0,0,0.0,True
155.0,11.0,7,5,7,2023,True,21,38,3,2,5.0,3054.0,6,True,False,Productivity,0,0.6,6,268.4,True
16.0,1.0,7,5,3,2023,False,161,31,4,0,5.0,4973.0,1,False,True,Android,0,0.0,1945,0.0,True
98.0,12.0,7,0,3,2023,True,188,52,2,9,252110.0,28.0,6,True,False,Productivity,0,0.0,1664,212.9903846153846,False
9.0,0.0,7,4,5,2023,False,256,44,2,5,5.0,306.0,3,False,False,Mac,0,2.1,338,0.0,True
10.0,0.0,8,4,7,2023,False,155,41,2,1,5.0,1952.0,3,False,True,Other,0,0.0,20,6.3,True
138.0,15.0,7,6,4,2023,False,258,58,3,1,436.0,2208.0,5,True,False,Other,0,0.0,0,424.4,True
256.0,13.0,7,3,5,2026,True,47,37,3,2,5.0,13842.0,6,True,False,Artificial Intelligence,0,0.0,4,326.2,True
135.0,11.0,7,2,7,2025,False,52,34,3,1,5.0,2225.0,6,True,False,Email,0,195.1,0,205.2,True
137.0,2.0,7,2,5,2026,False,66,57,3,3,369316.0,488.0,8,False,True,Chrome Extensions,0,0.0,0,1.3,True
103.0,0.0,1,4,7,2026,True,67,34,3,1,5.0,723.0,6,False,False,Web App,0,1.5,21,0.0,True
409.0,40.0,7,0,5,2026,True,368,58,3,3,5.0,1293.0,4,False,False,Fintech,0,0.0,2,216.2,True
1.0,1.0,7,3,7,2023,False,127,46,3,1,423.0,468.0,2,False,True,Other,0,0.0,0,0.0,False
7.0,0.0,7,6,7,2023,False,51,36,1,0,2261.0,2680.0,3,False,True,Android,0,0.0,16,0.0,True
1.0,4.0,15,3,5,2023,False,262,54,3,2,2033.0,506.0,3,False,True,Developer Tools,0,0.0,0,0.0,True
91.0,47.0,7,1,7,2026,False,67,49,3,1,2171.0,2564.0,11,True,False,Design Tools,0,0.0,0,1.3,True
1.0,0.0,16,0,5,2023,False,266,60,2,1,1420.0,4217.0,1,False,True,Other,0,0.0,0,0.0,True
10.0,1.0,7,4,5,2023,False,220,41,3,1,5.0,5065.0,4,False,True,Other,0,0.0,0,0.0,True
24.0,0.0,6,5,3,2023,False,259,46,2,1,686.0,2646.0,1,False,True,Design Tools,0,0.0,4,0.0,True
277.0,30.0,0,6,6,2026,True,206,40,3,1,269.0,241.0,3,False,False,API,0,0.0,0,0.0,False
11.0,0.0,16,1,5,2023,False,181,44,3,1,878.0,2501.0,6,True,True,Chrome Extensions,0,0.0,0,0.0,True
5.0,2.0,7,1,3,2023,False,240,58,3,0,5.0,2021.0,2,False,False,API,2,5.5,0,0.0,False
2.0,0.0,3,5,5,2023,False,234,9,2,1,364.0,1396.0,1,False,True,Education,0,0.0,0,0.0,False
427.0,11.0,7,4,5,2026,True,64,58,3,1,4012.0,5734.0,9,True,False,Productivity,0,249.6,12,0.1,True
537.0,1.0,19,6,9,2023,False,316,27,3,1,2620.0,3644.0,5,False,True,Other,0,0.0,0,214.1,True
1.0,1.0,7,4,7,2023,False,244,55,1,1,5.0,194.0,1,False,True,API,0,0.0,13,0.0,True
249.0,42.0,7,0,7,2023,True,118,57,4,1,354.0,316.0,4,False,False,Design Tools,0,0.0,0,236.4,True
333.0,115.0,7,3,9,2025,True,211,60,3,1,61.0,208.0,7,True,False,Developer Tools,0,0.0,0,0.0,False
4.0,0.0,14,4,7,2023,True,262,33,3,1,5.0,1372.0,3,False,True,Other,0,0.0,0,0.0,True
396.0,0.0,7,5,7,2026,True,265,45,3,5,2232.0,3540.0,3,False,True,Android,0,0.0,0,1.4,True
17.0,4.0,7,2,3,2025,False,252,36,2,1,5.0,980.0,3,False,False,Other,0,0.0,0,0.6,True
102.0,117.0,7,0,5,2026,True,47,52,3,1,789.0,1950.0,7,False,False,Other,0,0.0,11,4.1,True
581.0,23.0,7,6,5,2026,True,63,43,3,3,6677.0,726.0,5,False,False,Productivity,0,0.0,0,314.0,True
1.0,0.0,10,0,5,2023,False,272,35,3,3,2610.0,3102.0,9,False,True,Developer Tools,0,0.1,0,200.1,True
11.0,0.0,7,3,7,2026,False,227,28,3,1,4585.0,2903.0,2,True,True,Android,0,0.0,13,0.0,True
213.0,22.0,7,2,10,2026,True,476,51,3,1,5.0,2645.0,6,False,False,Android,1,0.0,4,5.5,True
95.0,58.0,7,5,6,2023,True,52,35,3,3,5.0,1777.0,5,True,False,Education,0,0.0,1264,241.1,True
2.0,0.0,15,3,7,2023,False,248,28,1,1,5.0,1646.0,1,False,True,Analytics,0,0.0,0,0.0,True
107.0,0.0,7,4,5,2023,True,52,36,1,0,5.0,4687.0,4,False,True,Design Tools,0,0.0,5,2.3,True
4.0,0.0,7,1,7,2023,True,435,33,3,1,5.0,2628.0,4,False,True,Other,0,0.0,2366,4.1,True
14.0,0.0,7,0,7,2023,False,271,46,3,1,167818.0,1086.0,6,False,True,Other,0,0.0,1,215.9,True
34.0,2.0,8,5,1,2023,False,217,46,3,1,406.0,2383.0,6,False,True,Productivity,0,0.0,0,0.0,False
23.0,0.0,10,6,5,2023,False,245,45,3,1,1639.0,2381.0,6,False,False,Hiring,0,0.0,20,0.0,True
1454.0,13.0,7,5,5,2023,True,198,26,3,1,5.0,2100.0,4,True,False,Other,0,0.0,16,105.2,True
76.0,4.0,7,5,3,2023,True,172,38,2,1,5.0,1129.0,4,False,True,Other,0,0.0,9,0.0,True
137.0,4.0,7,4,6,2026,True,58,58,3,2,180.0,687.0,6,False,True,Other,0,0.0,0,0.0,False
124.0,46.0,7,2,12,2026,True,59,36,3,3,2756.0,26728.0,8,True,False,API,11,0.0,32,168.6,True
68.0,24.0,7,1,5,2026,True,385,36,3,3,5.0,2085.0,6,True,False,Mac,0,27.3,2,275.1,True
10.0,0.0,23,3,7,2023,True,249,28,4,1,71068.0,980.0,1,False,True,Productivity,0,1.1,0,0.0,True
135.0,2.0,10,2,6,2026,True,65,56,3,1,829.0,1132.0,7,False,False,Other,0,0.0,16,2.9,True
124.0,18.0,8,0,5,2026,True,45,29,3,1,717.0,4556.0,4,True,False,Productivity,0,0.0,1,0.4,True
118.0,5.0,7,4,7,2023,True,56,58,3,1,570.0,1562.0,4,False,False,Web App,0,0.0,0,0.0,True
9.0,0.0,7,4,5,2023,False,227,46,3,0,5.0,3276.0,3,True,True,Other,0,3.2,21,0.0,True
344.0,0.0,9,3,3,2023,True,255,40,1,1,6269.0,569.0,4,False,True,Productivity,0,0.0,0,224.2,True
15.0,0.0,10,5,5,2023,False,263,20,3,0,3393.0,2187.0,2,False,True,SaaS,0,0.0,1818,0.0,True
171.0,0.0,7,3,3,2023,False,55,44,2,3,5.0,2081.0,3,True,True,Other,0,0.0,0,4.0,True
129.0,38.0,7,6,6,2026,True,430,35,3,3,2393.0,417.0,9,True,False,Other,0,222.8,6,2.9,True
20.0,0.0,5,5,3,2023,False,245,35,4,0,5.0,2027.0,3,False,True,Marketing,0,0.0,15,0.0,True
670.0,47.0,7,3,3,2026,False,225,60,3,8,5.0,3370.0,5,True,False,API,0,0.0,3,2.1,True
99.0,4.0,19,1,7,2023,False,56,51,3,1,5.0,990.0,5,False,False,Productivity,0,0.0,0,2.5,True
101.0,27.0,8,4,1,2023,True,243,53,3,4,42212.0,447.0,4,False,False,Other,0,0.0,267,266.69662921348316,False
105.0,0.0,7,3,5,2023,False,168,50,2,1,630.0,3217.0,4,False,True,Productivity,0,0.0,0,0.0,True
353.0,66.0,7,2,7,2026,True,64,36,3,3,5.0,3610.0,6,False,False,Productivity,0,0.0,22,242.8,True
132.0,1.0,13,3,3,2023,False,248,57,1,1,5.0,1075.0,1,False,True,Analytics,0,0.0,0,0.0,True
68.0,4.0,14,1,3,2023,True,57,31,3,1,113.0,1235.0,7,True,True,Productivity,0,0.0,0,0.0,False
29.0,18.0,0,4,6,2026,False,178,53,3,1,393.0,429.0,4,False,False,Health & Fitness,0,0.0,0,0.0,False
555.0,70.0,8,3,6,2026,True,458,55,3,1,5216.0,12515.0,10,True,False,Other,7,405.57142857142856,7,405.57142857142856,False
11.0,0.0,5,5,3,2023,False,259,44,3,1,5.0,1552.0,1,False,True,Other,0,0.0,0,0.4,True
591.0,26.0,7,2,7,2026,True,52,59,3,3,5.0,928.0,4,True,False,Other,0,0.0,11,92.2,True
2.0,1.0,18,5,1,2023,False,263,29,3,1,856.0,365.0,3,False,True,Design Tools,0,0.0,0,0.0,False
3.0,1.0,2,1,3,2023,False,239,56,1,1,702.0,695.0,3,False,True,Other,0,0.0,0,0.0,False
18.0,3.0,7,1,3,2023,False,210,58,5,1,990.0,5373.0,6,False,True,Other,0,0.0,0,0.0,True
12.0,0.0,18,3,5,2023,False,260,42,3,1,23737.0,1383.0,0,False,True,Android,0,0.0,0,1.4,True
112.0,1.0,7,0,5,2023,True,68,40,2,4,2934.0,1165.0,2,False,True,Design Tools,0,0.0,15,0.0,True
321.0,23.0,7,3,7,2026,True,63,60,3,1,1283.0,2477.0,6,False,False,Productivity,0,0.0,14,0.0,True
101.0,0.0,7,6,5,2026,True,242,44,3,3,64063.0,4283.0,8,True,False,API,0,0.0,0,0.4,True
117.0,100.0,1,4,5,2026,False,275,50,3,1,2110.0,751.0,4,True,False,Web App,0,0.0,9,0.0,True
111.0,0.0,7,4,7,2023,True,254,17,1,1,5.0,1034.0,6,False,True,Analytics,0,0.0,0,0.0,True
97.0,1.0,17,0,5,2023,False,292,28,3,0,358318.0,66.0,3,False,False,Design Tools,0,2.2,3,6.4,True
25.0,0.0,17,3,5,2023,False,127,60,2,1,2906.0,883.0,3,False,True,Other,0,0.0,0,0.0,True
15.0,1.0,7,4,3,2023,True,241,60,2,1,3075.0,2920.0,4,False,True,Other,0,0.0,0,0.0,True
3.0,1.0,20,4,1,2023,True,189,40,3,1,823.0,1813.0,2,False,True,Design Tools,0,0.4,14,0.0,True
28.0,0.0,3,3,7,2023,False,260,60,4,0,5.0,2741.0,1,False,True,Other,0,0.0,2297,1.8,True
623.0,125.0,4,0,3,2026,True,485,42,3,1,268.0,1027.0,9,True,False,Productivity,0,0.0,0,0.0,False
4.0,0.0,8,4,5,2023,False,246,44,3,1,284395.0,2255.0,1,False,True,Other,0,0.0,0,182.1,True
3.0,0.0,6,0,3,2023,False,245,23,1,0,391.0,1195.0,1,False,False,Other,0,0.0,0,0.0,False
225.0,13.0,7,2,6,2026,True,29,29,3,3,338.0,299.0,5,True,False,Other,0,0.0,0,0.0,False
307.0,11.0,7,2,5,2026,True,433,30,3,1,4178.0,24580.0,9,True,False,Other,0,57.4,1749,0.0,True
120.0,35.0,5,1,5,2023,False,215,29,2,0,1610.0,2033.0,6,False,True,Other,0,0.0,0,2.5,True
7.0,0.0,19,3,3,2023,False,158,58,3,1,27671.0,1689.0,0,True,False,Education,0,0.0,3,0.0,True
127.0,13.0,7,3,7,2023,True,124,55,3,1,148.0,627.0,5,False,True,Developer Tools,0,0.0,0,0.0,False
778.0,25.0,7,6,5,2026,True,69,57,3,1,3921.0,720.0,6,True,False,Other,0,0.0,0,0.0,True
148.0,10.0,7,4,7,2023,False,266,49,3,3,5.0,2890.0,2,True,False,API,0,0.0,8,1.5,True
83.0,0.0,21,1,3,2023,True,251,19,3,0,2425.0,1552.0,1,True,True,Other,0,0.0,0,0.2,True
7.0,3.0,7,4,5,2023,False,253,50,3,1,572.0,1510.0,6,True,True,Design Tools,0,2.1,1165,3.6,True
29.0,0.0,7,3,5,2023,False,252,30,3,1,5.0,2121.0,8,False,True,Productivity,0,0.0,0,0.1,True
82.0,6.0,7,3,5,2023,True,246,43,2,1,80523.0,710.0,4,False,False,Other,0,0.1,491,0.0,True
113.0,207.0,12,6,7,2023,True,164,59,1,1,188665.0,324.0,5,True,False,Productivity,0,0.0,0,0.0,True
18.0,1.0,16,6,3,2023,False,324,27,3,2,5.0,3732.0,6,False,False,Chrome Extensions,0,0.0,9,0.0,True
3.0,1.0,10,3,7,2023,False,260,57,3,1,367.0,909.0,1,False,True,Chrome Extensions,1,2.0,1,2.0,False
298.0,1.0,7,3,3,2023,False,56,50,3,0,5.0,9484.0,5,False,False,Web App,0,0.0,0,1.6,True
416.0,15.0,14,3,1,2020,False,159,59,3,1,2276.0,5694.0,5,True,False,Other,2,229.5,2,229.5,False
60.0,1.0,20,3,1,2023,True,180,43,2,1,700.0,537.0,2,False,False,Hiring,0,0.0,0,0.0,False
61.0,1.0,7,3,5,2023,True,267,37,3,2,2330.0,5590.0,6,True,False,iOS,0,0.0,10,2.8,True
59.0,1.0,16,3,1,2023,True,198,38,4,1,127.0,1072.0,9,False,True,Android,0,0.0,0,0.0,False
155.0,22.0,0,1,5,2026,False,234,56,3,1,44.0,207.0,8,False,False,Design Tools,0,0.0,0,0.0,False
15.0,0.0,9,3,1,2023,False,208,55,1,1,5.0,1442.0,1,False,True,Android,0,0.0,0,6.5,True
22.0,3.0,12,6,3,2023,False,41,37,2,0,1352.0,1024.0,1,True,True,Analytics,0,0.0,4,0.0,True
264.0,11.0,7,1,7,2026,True,63,38,3,1,1456.0,1549.0,7,False,False,Other,0,0.0,0,322.7,True
126.0,0.0,7,4,7,2023,True,230,33,3,1,625.0,801.0,7,False,True,Other,0,0.0,0,0.0,True
24.0,0.0,7,0,7,2025,True,250,29,2,1,1518.0,2258.0,6,True,True,Other,0,0.0,0,0.0,True
460.0,127.0,7,1,7,2026,True,46,46,3,2,976.0,1339.0,5,False,False,Other,0,0.0,0,0.0,False
454.0,0.0,10,5,5,2023,True,215,52,1,1,5.0,1315.0,6,False,False,Education,0,0.0,0,0.6,True
1.0,4.0,9,1,3,2023,True,277,55,3,1,1481.0,10.0,4,True,True,Other,0,0.0,0,2.4,True
129.0,0.0,10,0,7,2024,False,262,57,3,1,5.0,308.0,4,True,False,Other,0,0.0,0,1.1,True
10.0,5.0,13,2,5,2026,False,344,57,3,1,87.0,1502.0,6,False,False,iOS,0,0.0,0,0.0,False
29.0,2.0,19,3,7,2025,True,247,20,3,0,3604.0,3655.0,1,False,True,Developer Tools,0,0.0,0,0.0,True
134.0,0.0,7,3,5,2026,False,257,22,3,1,5.0,2596.0,2,True,False,Other,0,0.0,14,179.3,True
317.0,58.0,23,1,5,2026,True,464,53,3,1,3468.0,10075.0,3,True,False,Open Source,5,331.8,5,331.8,False
24.0,0.0,7,4,7,2023,False,249,47,3,2,1079.0,3718.0,6,False,False,iOS,0,0.5,9,3.4,True
107.0,17.0,7,4,7,2023,True,249,36,3,3,2378.0,321.0,4,False,False,Developer Tools,0,0.0,0,0.0,True
27.0,0.0,15,4,5,2023,False,254,40,3,1,1207.0,3274.0,3,False,True,Other,0,0.0,5,3.5,True
273.0,55.0,7,0,7,2026,True,31,31,3,2,1342.0,1956.0,6,False,True,Productivity,0,0.0,0,0.0,False
9.0,0.0,22,1,7,2023,False,257,48,3,3,5.0,592.0,5,True,False,Other,0,0.0,0,0.0,True
439.0,37.0,7,3,6,2023,True,187,49,3,1,51357.0,560.0,7,False,False,Other,0,0.0,0,277.5,True
117.0,7.0,7,1,7,2026,False,70,46,3,1,1152.0,5665.0,2,True,False,Open Source,0,0.0,0,0.0,True
197.0,92.0,7,4,7,2026,True,71,41,3,3,5.0,5638.0,6,True,False,API,0,0.0,5,336.4,True
158.0,18.0,7,6,7,2026,True,315,60,3,1,313974.0,748.0,7,False,False,Marketing,42,0.0,31,1.5,True
1.0,3.0,7,5,7,2023,True,190,23,3,1,310777.0,364.0,6,False,True,Analytics,0,0.4,13,0.0,True
103.0,13.0,7,0,6,2026,True,218,49,3,1,5.0,21133.0,4,False,False,Design Tools,0,0.0,1764,1.7,True
22.0,2.0,7,5,5,2023,False,214,25,3,1,5.0,1047.0,4,False,False,Marketing,0,0.0,0,0.0,True
4.0,0.0,10,0,3,2023,False,166,28,1,1,273.0,293.0,1,False,True,Marketing,0,0.0,0,0.0,False
165.0,0.0,9,6,10,2025,False,247,54,3,1,542.0,4134.0,5,False,True,Productivity,0,0.0,0,0.0,True
126.0,9.0,7,4,7,2023,True,216,32,4,7,576180.0,5592.0,3,True,False,Chrome Extensions,2,220.0,3829,205.7524157743536,False
14.0,1.0,7,1,7,2023,False,260,49,3,1,452.0,1211.0,2,False,True,Design Tools,0,0.0,22,2.3,True
85.0,1.0,13,3,3,2023,True,148,27,2,2,5.0,2385.0,4,False,True,Other,0,0.0,0,1.1,True
3.0,1.0,10,3,7,2023,False,257,55,1,2,89282.0,2702.0,2,True,False,Fintech,0,0.0,576,210.91666666666663,False
131.0,23.0,7,4,7,2026,True,47,59,3,1,832.0,5857.0,6,False,False,Productivity,0,0.0,897,224.1,True
92.0,15.0,7,5,5,2023,True,194,46,3,1,532.0,831.0,5,True,True,Fintech,0,0.0,0,0.0,False
6.0,0.0,15,3,3,2023,False,248,40,3,1,5.0,1762.0,3,False,False,Other,0,0.0,0,0.0,True
213.0,2.0,7,2,7,2025,True,74,30,3,5,5.0,4151.0,3,True,True,Mac,0,1.2,5,0.0,True
2.0,0.0,2,3,7,2023,False,254,56,4,1,26.0,903.0,2,False,True,Android,0,0.0,0,0.0,False
100.0,63.0,1,4,6,2026,True,43,60,3,3,197.0,2317.0,8,False,False,Productivity,0,317.8,15,241.5,True
153.0,50.0,7,3,7,2026,True,59,47,3,3,1497.0,13138.0,7,True,False,Productivity,0,0.0,0,487.3,True
7.0,0.0,7,3,1,2023,True,265,22,2,1,5.0,1712.0,1,True,True,Other,0,0.0,3909,0.0,True
2.0,0.0,1,3,1,2023,False,206,59,3,1,560.0,449.0,7,False,True,Productivity,0,0.0,0,0.0,False
8.0,0.0,7,6,5,2023,False,248,58,3,1,662.0,1107.0,1,False,True,Artificial Intelligence,0,0.0,0,0.0,True
1.0,0.0,10,1,1,2023,False,59,15,3,1,5.0,1551.0,6,False,True,Design Tools,0,0.0,638,0.0,True
213.0,14.0,7,4,6,2026,False,57,59,3,1,30.0,1072.0,5,True,False,Productivity,0,0.0,7,279.2,True
110.0,4.0,19,3,3,2023,False,270,45,3,0,649.0,2186.0,8,False,False,Artificial Intelligence,0,0.0,32,0.9,True
96.0,3.0,23,4,7,2023,False,284,57,5,1,1735.0,1866.0,6,False,True,Developer Tools,0,0.0,8,211.2,True
3.0,0.0,10,4,3,2023,True,236,58,1,1,712.0,1861.0,4,False,False,Other,0,0.3,41,0.0,True
129.0,20.0,0,3,5,2026,True,498,45,3,1,196.0,105.0,6,False,False,Android,0,0.0,0,0.0,False
6.0,0.0,12,5,1,2023,False,238,47,3,1,45.0,1295.0,3,False,True,Web App,0,0.0,0,0.0,False
139.0,1.0,7,3,7,2023,True,183,35,3,1,5.0,1196.0,6,False,False,Productivity,0,0.0,0,2.9,True
18.0,1.0,7,0,7,2023,True,30,48,3,1,50116.0,917.0,8,True,True,Marketing,0,0.0,0,0.0,True
150.0,0.0,7,5,7,2026,False,56,43,3,3,5.0,11452.0,6,False,True,iOS,0,0.0,12,0.0,True
118.0,46.0,7,5,7,2026,True,387,57,3,3,1769.0,3370.0,6,True,False,Fintech,0,4.9,6,2.4,True
96.0,84.0,7,2,7,2023,False,40,56,3,1,180383.0,386.0,8,False,False,Health & Fitness,0,0.0,1305,0.0,True
107.0,3.0,7,4,3,2026,True,37,49,1,5,233.0,3174.0,4,False,False,Productivity,0,0.0,0,0.0,True
183.0,9.0,7,2,5,2023,True,247,53,3,3,5.0,8248.0,7,True,False,Other,13,0.0,0,187.5,True
98.0,7.0,7,4,7,2026,True,56,38,3,3,5.0,678.0,5,False,False,iOS,0,0.0,27,187.4,True
676.0,18.0,7,6,6,2026,False,61,30,3,3,221706.0,1012.0,5,True,False,Other,0,0.0,2,193.0,True
84.0,22.0,7,0,6,2026,True,66,44,3,3,5.0,1505.0,7,True,False,Productivity,0,0.0,0,0.0,True
159.0,0.0,7,2,5,2023,True,256,39,3,1,5.0,361.0,9,False,False,Productivity,0,0.0,0,0.0,True
18.0,0.0,10,3,5,2023,False,260,25,2,1,5.0,3371.0,3,False,True,Other,0,0.0,0,0.0,True
6.0,2.0,18,3,7,2023,False,151,37,4,1,141.0,970.0,6,True,True,Android,0,0.0,0,0.0,False
248.0,12.0,7,0,7,2023,True,46,56,3,1,63508.0,3081.0,3,False,False,Developer Tools,0,0.0,24,180.9,True
2.0,0.0,10,3,7,2023,False,227,20,2,1,1230.0,34.0,1,False,True,Marketing,0,0.0,0,0.0,False
312.0,24.0,7,6,7,2026,True,73,46,3,1,410811.0,12526.0,6,True,False,Productivity,39,139.2,30,436.1,True
15.0,0.0,4,1,7,2023,False,354,55,3,6,2674.0,334.0,3,False,True,Web App,0,0.0,0,0.0,True
142.0,64.0,7,4,7,2023,True,271,54,3,1,625.0,1939.0,9,False,False,Other,0,0.0,0,0.7,True
444.0,17.0,7,6,7,2023,True,236,49,3,1,5.0,279.0,6,False,False,Marketing,0,0.0,7,0.0,True
501.0,20.0,7,3,7,2026,True,52,33,1,2,1779.0,934.0,5,True,False,Fintech,0,0.3,3031,108.6,True
195.0,0.0,7,5,7,2023,False,195,52,3,1,5.0,536.0,3,False,True,Health & Fitness,0,0.0,0,4.1,True
3.0,0.0,9,5,1,2023,False,275,47,1,1,1315.0,10.0,3,False,False,Artificial Intelligence,0,0.0,18,0.0,True
128.0,0.0,7,0,7,2026,True,66,48,3,1,264.0,3521.0,5,True,False,Marketing,0,0.0,11,1.3,True
116.0,1.0,7,3,7,2026,True,252,48,3,1,5.0,984.0,4,True,False,Other,0,0.0,0,0.0,True
125.0,0.0,16,4,5,2023,False,233,23,1,1,2250.0,3765.0,3,True,True,Design Tools,0,0.0,0,0.7,True
108.0,21.0,7,0,7,2026,False,57,60,3,3,21250.0,10.0,6,True,False,Other,1,305.4,11,463.3,True
176.0,321.0,7,3,7,2026,True,54,47,3,3,2243.0,903.0,7,False,False,Design Tools,0,0.4,3,4.1,True
150.0,24.0,7,1,7,2023,True,52,36,3,2,164543.0,26461.0,6,False,False,API,0,1.5,4,0.0,True
1169.0,140.0,7,3,7,2026,True,51,51,3,1,183.0,1096.0,5,True,False,API,0,0.0,0,0.0,False
145.0,254.0,0,3,6,2026,False,39,39,3,1,5.0,4072.0,9,True,False,Mac,0,0.0,1,2.0,True
12.0,2.0,12,4,1,2023,True,264,32,4,1,1498.0,1816.0,4,False,True,Productivity,0,0.0,23,0.3,True
173.0,32.0,7,1,6,2026,False,75,56,3,1,5.0,12444.0,5,True,False,Other,0,0.0,0,188.0,True
55.0,44.0,6,2,7,2026,False,492,47,3,1,913.0,2147.0,4,True,False,Developer Tools,0,0.0,0,0.0,False
173.0,1.0,7,1,5,2025,True,223,53,3,1,1580.0,149.0,7,False,False,Other,0,0.0,1,392.9,True
13.0,3.0,7,5,7,2023,False,174,43,3,3,5.0,541.0,4,False,False,Marketing,0,0.0,13,199.8,True
6.0,0.0,8,3,1,2023,False,198,46,3,1,195.0,1958.0,1,False,True,Developer Tools,0,0.0,0,0.0,False
31.0,0.0,16,3,7,2023,False,251,30,2,0,190.0,1222.0,3,False,True,Other,0,0.0,0,3.0,True
672.0,1.0,7,2,8,2023,True,61,60,5,21,1891.0,2309.0,5,False,False,Artificial Intelligence,0,0.0,528,4.7,True
8.0,9.0,19,0,3,2023,False,221,52,3,3,69045.0,231.0,3,False,False,Other,0,0.0,448,203.46428571428572,False
316.0,24.0,7,2,5,2026,False,246,28,3,1,544.0,2430.0,4,True,False,Web App,0,0.0,9,1.7,True
1.0,0.0,7,4,3,2023,False,204,47,1,1,5.0,1668.0,3,False,True,Other,0,0.0,0,2.5,True
134.0,3.0,8,4,5,2023,False,256,58,3,0,3194.0,630.0,1,False,True,Other,0,0.0,0,1.8,True
618.0,139.0,7,4,7,2026,True,56,56,3,1,5.0,616.0,6,True,False,Productivity,0,325.8,7,377.9,True
144.0,32.0,8,5,5,2026,True,368,58,3,1,5.0,25568.0,8,True,False,API,0,0.0,0,0.8,True
99.0,9.0,0,2,6,2026,True,432,34,3,1,118.0,3234.0,5,True,False,Social Media,0,0.0,0,0.0,False
6.0,1.0,17,4,1,2023,False,33,19,1,1,5.0,4232.0,3,False,True,Web App,0,0.0,0,0.0,False
161.0,13.0,8,6,5,2023,True,197,60,3,1,1160.0,3546.0,4,False,True,Marketing,2,105.5,2,105.5,False
71.0,0.0,7,3,7,2023,True,222,58,1,1,398.0,1480.0,1,False,False,Chrome Extensions,0,0.0,0,0.0,True
2.0,0.0,22,3,7,2023,False,221,41,1,1,190.0,79.0,1,False,True,Other,0,0.0,0,0.0,False
150.0,88.0,7,6,7,2026,True,45,55,3,3,3418.0,885.0,6,False,False,Other,0,0.0,19,328.4,True
140.0,3.0,13,4,3,2023,False,258,31,3,1,5.0,2112.0,10,False,False,Open Source,0,2.1,0,0.0,True
115.0,1.0,7,6,5,2023,True,37,47,3,1,25.0,595.0,5,True,False,Other,0,1.4,21,0.2,True
116.0,12.0,7,0,6,2026,False,28,28,3,1,328.0,939.0,8,True,False,Design Tools,0,0.0,0,0.0,False
7.0,0.0,8,4,3,2023,True,204,27,2,1,2955.0,2944.0,3,False,True,Marketing,0,0.0,20,3.6,True
678.0,108.0,7,4,7,2026,True,44,44,3,2,28.0,2006.0,7,True,False,Other,0,0.0,0,0.0,False
169.0,44.0,7,3,6,2026,True,55,53,3,1,5.0,9559.0,6,True,False,Productivity,2,174.9,8,208.6,True
244.0,9.0,7,2,5,2025,True,62,56,3,1,5.0,934.0,4,True,False,Other,0,0.0,11,0.0,True
1.0,0.0,12,5,7,2023,False,258,29,4,3,63702.0,1576.0,2,False,True,Marketing,0,0.0,466,0.2,True
47.0,9.0,0,1,6,2026,False,307,46,3,1,49.0,822.0,3,False,False,Social Media,0,0.0,0,0.0,False
132.0,35.0,7,0,7,2026,True,70,50,3,1,4301.0,632.0,6,False,False,Other,0,0.0,23,213.6,True
362.0,110.0,7,1,6,2026,True,46,59,3,3,5.0,15871.0,6,True,False,iOS,1,140.8,449,213.6,True
74.0,0.0,7,5,5,2023,False,45,40,5,7,743.0,722.0,6,False,True,Other,0,0.0,0,1.0,True
1.0,0.0,7,3,3,2023,False,201,16,1,1,5.0,1951.0,5,False,True,Other,0,0.0,17,3.6,True
3.0,0.0,7,0,7,2023,False,280,41,3,1,2290.0,3378.0,1,False,False,Other,0,0.0,0,0.8,True
274.0,7.0,7,6,7,2023,False,40,30,3,1,2834.0,922.0,7,True,False,Other,0,0.0,0,0.0,True
31.0,0.0,13,3,7,2023,False,276,51,4,1,98875.0,5123.0,3,True,False,Email,0,0.0,0,0.4,True
171.0,7.0,7,6,6,2026,True,58,58,3,3,12.0,1165.0,5,True,False,Other,0,0.0,0,0.0,False
138.0,13.0,7,1,5,2025,True,500,32,3,1,6051.0,569.0,6,False,False,Other,0,0.0,0,0.0,True
20.0,0.0,7,5,5,2023,False,241,52,3,9,1965.0,2649.0,2,False,True,Other,0,0.0,0,1.9,True
1.0,0.0,8,1,3,2023,False,240,24,1,1,5833.0,2409.0,3,False,True,Other,0,0.0,0,0.6,True
119.0,29.0,7,2,7,2026,False,23,23,3,3,395.0,3451.0,5,True,False,Developer Tools,0,0.0,0,0.0,False
228.0,28.0,1,2,5,2026,True,67,45,3,1,2922.0,5659.0,7,True,False,Design Tools,1,0.0,13,370.9,True
107.0,36.0,7,4,5,2026,False,230,35,3,1,4014.0,2566.0,4,False,False,Developer Tools,0,0.0,0,0.4,True
26.0,26.0,12,4,5,2023,False,237,32,3,6,40316.0,2177.0,4,False,False,Other,0,0.0,992,0.0,True
19.0,0.0,20,3,3,2023,False,271,30,2,0,5.0,4863.0,2,False,True,Productivity,0,0.0,0,2.7,True
3.0,1.0,14,3,1,2023,False,217,36,3,1,415.0,388.0,4,True,True,Android,0,0.0,0,0.0,False
10.0,2.0,9,3,7,2023,False,258,20,4,1,5.0,828.0,1,False,True,Other,0,0.0,0,0.0,True
141.0,0.0,8,2,3,2023,True,35,58,3,1,5.0,2113.0,6,False,True,Chrome Extensions,0,0.0,11,0.0,True
281.0,0.0,7,4,6,2026,True,70,32,3,1,2280.0,5068.0,6,True,False,Other,0,127.3,7,360.5,True
343.0,22.0,7,3,7,2026,False,63,51,3,1,656.0,779.0,5,True,False,API,15,0.0,0,0.0,True
312.0,67.0,9,4,5,2024,True,48,42,3,1,2976.0,2081.0,5,True,True,Artificial Intelligence,0,0.0,4,0.0,True
185.0,12.0,7,4,5,2023,True,216,51,3,1,162.0,320.0,3,False,False,Other,0,0.0,0,0.0,False
3.0,0.0,9,1,5,2023,True,348,25,1,1,1127.0,599.0,6,False,False,Developer Tools,0,0.0,0,0.0,True
17.0,3.0,20,3,5,2023,True,197,60,2,1,5.0,3270.0,2,True,True,Fintech,0,0.0,6,0.0,True
228.0,18.0,7,5,7,2026,False,52,42,3,1,1652.0,3706.0,11,True,False,API,0,0.0,0,2.4,True
442.0,21.0,7,6,5,2026,False,471,34,3,1,5.0,5435.0,7,True,False,Productivity,0,0.0,3352,3.7,True
92.0,43.0,7,6,11,2026,True,408,43,3,2,212669.0,1646.0,6,True,False,Open Source,0,206.8,8,0.0,True
128.0,0.0,12,0,7,2023,False,253,34,3,4,1336.0,1093.0,2,False,True,Other,0,0.0,17,3.2,True
106.0,22.0,7,0,7,2024,True,456,46,3,1,3173.0,2307.0,4,True,False,Design Tools,0,0.4,5,3.4,True
12.0,3.0,9,1,7,2023,True,254,38,5,1,5.0,1780.0,1,True,True,Design Tools,0,0.0,908,0.0,True
103.0,1.0,17,0,7,2023,True,46,28,3,2,2642.0,670.0,6,False,True,Other,0,0.0,11,1.4,True
278.0,11.0,7,2,7,2026,True,55,30,3,1,2891.0,3462.0,8,True,False,Productivity,0,92.9,15,0.9,True
4.0,1.0,14,5,5,2023,False,144,29,2,1,82.0,2766.0,4,True,True,Other,0,0.0,0,0.0,False
92.0,2.0,7,5,5,2023,True,241,26,3,1,9.0,739.0,6,False,True,iOS,0,0.0,0,196.2,True
4.0,1.0,23,3,7,2023,False,250,34,2,1,487.0,1029.0,4,True,True,Android,0,0.0,0,0.0,False
4.0,1.0,19,6,5,2023,False,46,16,1,0,1052.0,899.0,1,False,False,Other,0,0.0,0,0.0,False
395.0,42.0,7,4,10,2024,False,59,44,3,1,242.0,10.0,5,False,False,Developer Tools,0,0.0,0,2.6,True
225.0,27.0,2,3,6,2026,True,417,53,3,1,203.0,1652.0,10,True,False,Android,0,0.0,0,0.0,False
97.0,24.0,23,3,7,2026,False,249,25,3,1,842.0,2172.0,7,True,False,Other,0,0.0,0,0.0,True
98.0,0.0,7,0,3,2025,False,266,42,3,1,5.0,947.0,5,True,False,Design Tools,0,0.0,0,0.0,True
90.0,0.0,7,6,7,2023,False,61,34,3,1,5.0,835.0,1,False,False,Other,0,0.0,8,0.0,True
163.0,5.0,7,3,7,2026,True,80,53,3,1,197.0,664.0,6,True,False,Other,0,0.7,19,0.3,True
109.0,4.0,7,3,5,2025,True,190,59,3,1,5.0,738.0,6,False,False,Artificial Intelligence,0,0.0,0,1.2,True
316.0,12.0,7,6,7,2023,True,217,58,3,1,5.0,3674.0,6,True,False,Productivity,0,0.5,19,181.4,True
186.0,8.0,20,6,5,2026,False,372,46,3,1,7035.0,18727.0,5,True,False,Other,26,381.88461538461536,26,381.88461538461536,False
336.0,45.0,0,6,5,2026,True,487,47,3,1,549.0,1526.0,4,True,False,Open Source,0,0.0,0,0.0,False
254.0,63.0,7,4,7,2026,False,262,57,3,2,5.0,5705.0,5,False,False,Other,1,0.0,3,284.0,True
90.0,23.0,0,4,5,2026,False,243,49,3,3,5.0,629.0,8,True,False,Chrome Extensions,0,0.0,3,440.0,True
185.0,2.0,7,6,7,2023,True,56,34,3,1,2202.0,650.0,6,False,False,Other,0,2.4,14,1.9,True
216.0,60.0,7,3,10,2023,True,60,60,3,2,38640.0,1022.0,5,True,False,Other,0,0.0,893,0.0,True
22.0,6.0,5,6,6,2026,True,275,38,3,1,4635.0,4860.0,9,True,False,Design Tools,8,3.0,29,4.0,True
178.0,0.0,7,1,7,2023,True,151,52,3,1,5.0,1783.0,2,True,False,Other,0,0.0,4,0.0,True
5.0,1.0,12,5,1,2023,False,284,57,3,1,26.0,1173.0,1,False,True,Productivity,0,0.0,0,0.0,False
87.0,5.0,0,6,7,2026,True,59,40,3,1,5096.0,21733.0,6,True,False,Productivity,0,1.5,0,279.6,True
159.0,294.0,7,4,7,2023,False,258,47,3,1,21364.0,1250.0,6,False,True,Other,0,0.0,1467,0.0,True
65.0,7.0,7,3,7,2026,True,33,26,3,1,279241.0,2076.0,5,False,False,Other,0,0.0,0,370.7,True
129.0,5.0,7,2,7,2023,False,52,59,3,1,5.0,1302.0,6,False,False,Productivity,0,2.1,11,3.7,True
122.0,1.0,7,1,5,2023,False,201,25,3,1,815.0,2062.0,3,False,True,Writing,0,0.0,1,2.0,True
43.0,5.0,7,2,6,2026,False,47,47,3,1,441.0,547.0,4,False,True,Developer Tools,0,0.0,0,0.0,False
31.0,11.0,7,0,7,2026,False,41,41,3,1,2906.0,11137.0,5,True,False,Productivity,1,325.0,1,325.0,False
122.0,3.0,14,0,7,2023,True,234,29,3,1,5.0,10.0,7,True,False,Marketing,0,0.0,0,0.4,True
7.0,1.0,5,1,3,2023,False,245,42,3,0,673.0,828.0,3,True,False,Artificial Intelligence,0,0.0,0,0.0,False
81.0,0.0,5,5,3,2023,False,243,39,3,1,5.0,524.0,3,True,False,Developer Tools,0,0.0,0,0.0,True
225.0,16.0,7,2,6,2026,True,411,57,3,2,3410.0,1339.0,8,True,False,Productivity,11,242.4,17,124.5,True
151.0,2.0,7,0,5,2023,False,232,21,4,1,2374.0,1631.0,3,True,True,API,0,0.0,0,2.3,True
6.0,1.0,16,0,3,2023,False,245,24,1,1,49.0,143.0,1,False,True,Artificial Intelligence,0,0.0,0,0.0,False
74.0,135.0,7,5,7,2023,False,227,17,3,1,5.0,581.0,4,False,False,Web App,0,0.0,16,0.1,True
2.0,1.0,0,5,5,2023,False,186,52,1,1,255.0,677.0,2,False,True,Other,0,0.0,0,0.0,False
1.0,2.0,16,4,5,2023,True,237,55,3,0,1941.0,1045.0,0,False,True,Design Tools,0,0.0,0,2.1,True
144.0,13.0,7,4,6,2026,True,456,60,3,3,2187.0,8990.0,8,True,False,Open Source,9,216.4,11,322.1,True
20.0,0.0,7,3,1,2023,False,261,18,2,1,5.0,2140.0,3,False,True,Other,0,0.0,0,5.7,True
96.0,0.0,10,3,3,2023,True,172,27,1,1,968.0,331.0,2,False,True,Marketing,0,0.0,0,0.0,True
149.0,31.0,7,5,7,2023,True,40,44,4,2,5.0,5453.0,4,False,False,Artificial Intelligence,0,0.0,16,0.1,True
453.0,360.0,7,4,7,2023,True,253,59,3,4,1457.0,6627.0,6,False,False,Other,5,172.8,1,12.0,False
347.0,90.0,7,3,5,2023,True,45,44,3,2,5.0,4631.0,10,True,False,Other,0,0.9,2551,2.5,True
138.0,7.0,17,4,7,2023,True,51,48,3,1,5.0,2046.0,6,True,True,Productivity,0,0.0,0,0.0,True
100.0,31.0,23,4,7,2026,True,54,33,3,2,5.0,9365.0,5,True,False,Productivity,0,0.0,0,192.4,True
538.0,33.0,7,4,5,2026,False,467,53,3,1,60634.0,990.0,6,True,False,Design Tools,0,0.0,1,0.0,True
87.0,86.0,5,5,7,2026,False,59,55,1,1,5.0,1697.0,4,False,False,Other,0,0.0,0,237.6,True
11.0,2.0,15,3,7,2023,False,237,39,3,2,92520.0,1386.0,2,True,False,Marketing,0,0.0,605,203.45785123966945,False
270.0,32.0,0,4,6,2026,True,396,45,3,1,34.0,396.0,8,False,False,API,0,0.0,0,0.0,False
1.0,0.0,8,3,7,2023,False,247,42,3,1,5.0,2203.0,6,True,True,Chrome Extensions,0,0.0,23,1.2,True
117.0,44.0,7,5,7,2023,True,54,60,3,2,1005.0,2081.0,6,False,False,Other,0,0.2,13,190.8,True
15.0,0.0,7,6,7,2023,False,246,32,3,1,4297.0,1084.0,6,True,True,API,0,0.0,0,0.7,True
239.0,75.0,7,2,6,2026,True,49,28,3,1,2009.0,12842.0,6,True,False,Other,0,199.9,0,2.7,True
132.0,1.0,7,3,3,2026,True,266,58,3,0,477.0,475.0,4,False,False,Marketing,0,84.7,16,0.2,True
3.0,1.0,7,6,5,2023,False,259,20,2,1,358.0,1144.0,3,False,True,iOS,0,0.0,0,0.0,False
125.0,0.0,7,1,5,2023,True,283,52,3,1,1969.0,30.0,6,True,False,Mac,0,0.0,0,0.0,True
139.0,63.0,7,3,7,2024,True,21,30,2,1,1043.0,3173.0,4,False,False,Chrome Extensions,0,0.0,10,1.6,True
105.0,0.0,14,3,7,2025,True,247,34,3,1,2906.0,2582.0,2,True,True,SaaS,0,0.6,30,0.0,True
268.0,4.0,7,1,5,2023,True,241,34,1,1,5.0,600.0,3,True,False,Design Tools,0,0.0,0,0.0,True
3.0,1.0,19,6,5,2023,False,203,57,3,0,116.0,3897.0,3,False,False,Artificial Intelligence,0,0.0,0,0.0,False
483.0,10.0,7,2,5,2026,True,67,38,3,1,1415.0,1029.0,6,True,False,Email,0,0.2,0,353.8,True
115.0,11.0,7,3,7,2026,True,20,45,3,2,1097.0,3552.0,4,True,False,Productivity,0,0.7,2358,0.9,True
602.0,86.0,7,6,7,2026,True,52,52,3,2,1436.0,5153.0,6,True,False,Other,2,140.5,2,140.5,False
10.0,0.0,17,5,3,2023,False,265,41,3,0,787.0,1639.0,3,False,True,Productivity,0,0.0,0,3.2,True
212.0,145.0,7,4,6,2023,True,63,49,3,1,1941.0,7183.0,5,True,False,Productivity,0,0.0,6,0.0,True
1.0,0.0,7,2,3,2023,True,261,32,2,1,5.0,2362.0,2,True,True,iOS,0,0.0,0,0.0,True
107.0,125.0,7,2,7,2026,True,56,55,3,3,5.0,1161.0,4,True,False,API,0,0.0,15,205.7,True
195.0,29.0,7,2,5,2026,True,273,52,3,3,5.0,5164.0,6,False,False,Mac,0,0.0,32,0.0,True
2.0,0.0,16,4,7,2023,False,196,21,3,1,30.0,27.0,3,False,True,Productivity,0,0.0,0,0.0,False
23.0,0.0,7,0,7,2023,True,245,42,3,0,5.0,1663.0,3,True,True,Other,0,0.0,14,0.9,True
1.0,0.0,9,4,7,2023,False,204,38,3,1,5.0,1729.0,3,False,True,Other,0,0.0,1145,0.9,True
80.0,6.0,7,1,7,2026,True,69,45,3,1,2503.0,5038.0,4,False,False,Web App,0,0.0,23,232.7,True
122.0,68.0,7,2,6,2026,True,50,42,3,1,207.0,531.0,5,True,False,Other,0,0.0,0,0.0,True
25.0,0.0,23,3,7,2023,False,239,51,2,1,5.0,2169.0,1,False,True,Other,0,0.0,575,0.7,True
657.0,14.0,7,1,6,2026,True,28,39,3,3,547.0,21559.0,6,True,False,Productivity,11,239.3,384,0.0,True
132.0,7.0,17,5,7,2023,True,58,51,3,1,165.0,1308.0,5,False,False,iOS,0,0.0,0,1.2,True
24.0,2.0,7,0,7,2023,False,232,60,5,1,1087.0,2077.0,1,False,False,Health & Fitness,0,0.0,226,0.6,True
129.0,2.0,7,3,5,2026,False,49,36,3,1,437.0,723.0,6,False,False,Other,0,0.0,0,0.0,True
1.0,0.0,7,5,7,2023,False,268,17,3,0,508.0,944.0,1,False,True,Android,0,0.0,0,3.7,True
179.0,8.0,7,0,7,2026,True,142,48,3,1,41009.0,5329.0,6,False,False,Productivity,0,0.0,3,0.0,True
5.0,5.0,7,4,7,2023,False,241,55,2,1,28.0,1976.0,6,True,False,Other,0,0.0,0,0.0,False
114.0,0.0,8,5,5,2023,False,187,57,1,1,5.0,2243.0,3,True,True,Analytics,0,0.1,9,2.1,True
17.0,1.0,7,3,3,2023,True,270,22,1,1,1080.0,2319.0,6,False,True,Mac,0,0.0,410,4.2,True
150.0,3.0,7,4,7,2026,True,57,31,3,4,2780.0,1699.0,8,True,False,Other,0,0.0,0,0.3,True
347.0,22.0,7,1,7,2026,False,255,48,3,1,5.0,602.0,5,True,False,Productivity,0,0.0,0,0.7,True
1.0,0.0,9,3,1,2023,False,192,38,2,1,255430.0,1796.0,1,False,True,Other,0,2.0,14,0.0,True
150.0,26.0,0,4,6,2026,True,124,50,3,1,23.0,685.0,4,False,False,Fintech,0,0.0,0,0.0,False
102.0,10.0,7,1,5,2026,False,256,39,3,4,219206.0,1365.0,7,False,False,Writing,0,0.0,2,185.7,True
11.0,1.0,0,5,6,2026,False,449,50,3,1,427.0,178.0,4,True,False,Design Tools,0,0.0,0,0.0,False
181.0,38.0,7,1,10,2026,False,63,56,3,1,5.0,7620.0,6,True,False,Other,0,0.0,0,2.2,True
5.0,1.0,8,5,5,2023,False,236,52,3,1,208.0,1716.0,1,False,True,Analytics,0,0.0,0,0.0,False
280.0,31.0,0,4,11,2026,True,43,46,3,1,5.0,2839.0,6,True,False,API,0,238.3,11,406.6,True
240.0,21.0,7,4,7,2026,True,53,60,3,2,1289.0,1652.0,5,True,False,Social Media,0,251.0,19,317.8,True
415.0,24.0,7,1,7,2026,True,58,31,3,1,5.0,10591.0,7,False,False,Artificial Intelligence,0,0.0,30,3.2,True
18.0,0.0,7,5,7,2023,False,236,40,3,0,2096.0,1179.0,4,True,False,Health & Fitness,0,0.0,1,0.0,True
408.0,39.0,7,3,6,2026,True,417,45,3,1,26396.0,3396.0,9,True,False,Productivity,0,0.0,1120,334.8,True
161.0,0.0,8,3,5,2023,True,57,31,1,2,5.0,3849.0,2,False,False,Social Media,0,0.0,0,0.0,True
153.0,23.0,7,6,7,2026,True,467,55,3,1,2924.0,2375.0,7,False,False,Other,0,0.0,2,216.8,True
1.0,0.0,23,3,3,2023,True,234,24,1,1,5.0,2064.0,2,True,True,Mac,0,2.8,14,0.0,True
6.0,0.0,18,0,11,2023,False,253,44,4,3,104113.0,757.0,3,False,True,Hiring,0,0.0,0,0.0,True
469.0,66.0,0,2,5,2026,True,452,44,3,1,4068.0,10472.0,6,True,False,Developer Tools,8,294.875,8,294.875,False
12.0,2.0,7,4,6,2023,True,62,34,3,1,5.0,3743.0,6,False,False,Productivity,0,0.0,0,0.0,True
648.0,30.0,1,5,7,2023,True,57,57,3,1,42241.0,1090.0,6,False,False,Productivity,0,0.0,0,4.9,True
5.0,1.0,8,5,1,2023,False,265,48,3,1,328.0,668.0,5,True,True,Email,0,0.0,0,0.0,False
192.0,0.0,15,1,10,2023,False,243,39,4,1,5.0,2908.0,6,True,True,Productivity,0,0.0,0,0.0,True
125.0,1.0,7,4,7,2023,False,248,49,3,1,1819.0,382.0,4,False,True,Other,0,0.0,9,0.0,True
14.0,3.0,17,6,1,2023,False,248,46,3,1,871.0,2778.0,1,True,True,Design Tools,0,0.0,25,2.5,True
276.0,9.0,7,0,6,2026,True,41,34,3,3,5.0,12333.0,6,True,False,API,0,0.0,1600,279.9,True
108.0,12.0,7,1,7,2024,True,261,35,3,3,71351.0,972.0,5,False,False,API,0,0.0,302,5.7,True
12.0,3.0,7,4,7,2023,False,185,53,3,1,387.0,2620.0,4,False,False,Design Tools,0,0.0,12,2.4,True
367.0,84.0,1,2,12,2026,True,31,35,3,3,5007.0,14464.0,4,True,False,API,1,0.0,12,1.9,True
85.0,11.0,7,4,5,2023,True,230,59,3,2,58709.0,247.0,4,False,False,Other,0,0.0,379,187.1820580474934,False
108.0,33.0,7,2,7,2025,True,254,26,3,1,5.0,4506.0,7,False,False,Productivity,0,0.0,16,3.8,True
140.0,0.0,7,6,5,2023,False,179,15,2,1,1675.0,3032.0,7,False,False,Other,0,0.0,6,0.0,True
14.0,0.0,8,6,7,2023,False,269,39,3,1,5.0,2159.0,3,False,True,Other,0,0.0,0,0.0,True
5.0,0.0,7,5,5,2023,True,259,39,3,1,1390.0,319.0,5,False,False,Other,0,0.0,3021,0.8,True
131.0,90.0,7,5,10,2023,False,59,34,3,2,5.0,1582.0,2,True,False,Developer Tools,0,0.0,0,0.0,True
135.0,30.0,7,0,6,2026,True,61,57,3,1,3111.0,10822.0,9,False,False,iOS,1,1.5,19,24.7,True
110.0,35.0,7,6,7,2023,True,389,26,3,1,17.0,677.0,8,True,False,Artificial Intelligence,0,0.0,0,0.0,True
180.0,25.0,7,3,7,2026,True,46,46,2,2,344.0,445.0,4,True,False,Productivity,0,0.0,0,0.0,False
181.0,74.0,7,6,5,2026,True,50,59,3,3,572.0,7450.0,8,True,False,Other,12,0.0,4,0.0,True
76.0,5.0,7,5,5,2023,True,166,19,3,1,225.0,761.0,12,False,True,Productivity,0,0.0,0,0.0,False
386.0,52.0,7,2,7,2026,True,78,24,3,2,5485.0,10690.0,8,True,False,Other,0,0.0,0,221.3,True
19.0,2.0,0,6,5,2026,False,478,52,3,1,7071.0,18209.0,5,True,False,Other,24,412.4583333333333,24,412.4583333333333,False
3.0,0.0,7,4,3,2026,True,71,60,3,3,5.0,319.0,1,True,False,Design Tools,0,0.0,0,0.0,True
457.0,48.0,7,1,5,2023,False,82,53,3,1,50481.0,288.0,5,False,False,API,0,0.0,0,181.3,True
182.0,10.0,7,1,5,2026,True,50,39,3,1,3446.0,7761.0,6,True,False,Social Media,0,0.0,6,217.5,True
127.0,35.0,7,2,7,2026,True,45,51,3,1,5.0,28120.0,8,False,False,Other,0,0.0,169,3.6,True
137.0,21.0,7,3,7,2026,True,46,36,3,4,5544.0,546.0,6,True,False,Productivity,11,0.0,16,1.1,True
101.0,43.0,7,0,7,2026,True,300,32,3,0,4815.0,10.0,9,True,False,API,9,0.0,1602,1.5,True
7.0,2.0,7,3,5,2023,False,48,46,3,1,5.0,112.0,6,True,False,Chrome Extensions,0,0.0,0,0.0,True
4.0,2.0,15,3,7,2026,True,280,59,3,1,182492.0,2768.0,5,True,True,Design Tools,0,0.0,1607,428.5,True
174.0,3.0,1,6,7,2026,True,51,50,3,3,1827.0,13199.0,10,True,False,Other,0,287.1,12,4.0,True
92.0,4.0,7,3,7,2023,True,211,24,3,1,615.0,520.0,6,False,True,Health & Fitness,0,0.0,0,0.0,False
19.0,5.0,7,6,6,2026,False,36,36,3,2,202.0,1578.0,7,False,False,Other,0,0.0,0,0.0,False
478.0,7.0,0,6,6,2026,True,53,59,3,3,482.0,14871.0,5,False,False,Productivity,0,195.6,30,412.4,True
18.0,0.0,7,3,5,2023,True,259,32,1,1,5.0,1313.0,4,True,False,Productivity,0,0.0,22,148.0,True
488.0,25.0,7,0,7,2026,True,52,44,3,3,33408.0,2853.0,4,True,False,Productivity,0,0.0,0,0.0,True
135.0,0.0,7,4,7,2023,False,247,46,3,1,5.0,1452.0,4,False,False,SaaS,0,0.0,968,203.1,True
4.0,1.0,19,4,5,2023,False,243,23,2,1,188.0,1273.0,1,False,True,Other,0,1.3,0,2.5,True
122.0,23.0,7,6,5,2023,True,240,56,3,1,2084.0,4426.0,6,True,False,iOS,0,0.2,0,2.8,True
97.0,0.0,7,5,3,2023,True,256,26,3,2,1479.0,1350.0,8,False,False,Other,0,0.0,0,198.6,True
19.0,0.0,0,3,7,2023,True,111,25,2,3,5.0,788.0,4,True,True,Android,0,0.0,0,0.0,True
247.0,117.0,7,4,7,2026,True,51,51,3,2,5.0,4001.0,6,True,False,Artificial Intelligence,0,0.0,2,328.3,True
604.0,328.0,7,3,7,2023,True,197,58,3,5,325019.0,1922.0,8,True,False,API,0,0.0,2152,215.18029739776952,False
134.0,18.0,7,0,7,2026,True,22,36,3,2,5.0,4030.0,7,False,False,Other,0,0.0,3286,206.9,True
350.0,18.0,7,2,5,2026,True,44,49,3,3,3304.0,1879.0,6,False,False,Productivity,0,0.0,0,393.9,True
140.0,227.0,7,3,3,2023,False,67,35,2,0,5.0,624.0,3,False,False,Artificial Intelligence,0,0.0,0,0.0,True
122.0,4.0,17,0,7,2023,True,162,58,3,1,5.0,2174.0,7,False,False,Other,0,0.0,0,198.1,True
161.0,7.0,0,3,6,2026,True,56,37,3,1,182797.0,1710.0,9,True,False,Other,0,0.0,0,0.0,True
260.0,92.0,7,3,5,2026,True,44,29,3,3,132127.0,1369.0,7,False,False,iOS,0,0.0,0,0.6,True
430.0,39.0,7,4,7,2026,False,45,40,3,2,5.0,15080.0,5,True,False,Analytics,0,126.0,23,220.3,True
257.0,154.0,7,4,5,2023,True,258,25,3,2,59101.0,7905.0,4,True,False,Fintech,2,280.0,377,187.0875331564987,False
661.0,29.0,7,5,4,2023,False,58,43,3,1,5.0,116.0,6,False,False,Other,0,0.0,2616,175.3,True
119.0,30.0,7,6,7,2023,False,204,42,3,1,5.0,2703.0,4,True,True,Other,0,0.0,23,0.0,True
375.0,27.0,0,1,5,2026,True,260,49,3,1,3028.0,7850.0,7,True,False,Productivity,1,349.0,1,349.0,False
14.0,0.0,7,0,3,2023,False,258,38,3,1,2701.0,499.0,2,False,True,Marketing,0,0.0,558,0.0,True
60.0,1.0,1,0,3,2023,True,133,20,3,1,301.0,867.0,5,False,True,Android,0,0.0,0,0.0,False
150.0,30.0,7,3,12,2026,True,59,52,3,3,111478.0,794.0,4,False,False,Education,2,0.0,14,2.3,True
269.0,16.0,7,6,5,2026,True,258,31,3,2,365.0,2948.0,6,False,False,Productivity,0,0.0,3,213.9,True
20.0,0.0,12,0,5,2023,False,228,33,3,1,59477.0,354.0,1,False,True,Other,0,0.0,11,0.7,True
1.0,0.0,14,3,3,2023,False,235,42,2,1,3175.0,2880.0,3,False,True,API,0,0.4,0,0.7,True
115.0,0.0,7,3,6,2023,True,220,28,1,1,5.0,5940.0,4,True,True,Other,0,0.0,0,0.0,True
105.0,3.0,7,4,7,2026,True,218,29,3,1,329.0,463.0,11,False,False,Analytics,0,0.0,0,2.2,True
101.0,12.0,18,4,7,2023,True,247,45,1,1,406.0,3784.0,4,False,True,Other,0,0.0,0,1.7,True
77.0,7.0,7,4,7,2023,True,197,42,1,1,1350.0,3031.0,4,False,True,Productivity,1,110.0,1,110.0,False
413.0,59.0,7,5,10,2026,False,29,41,3,3,71363.0,2251.0,5,True,False,Other,0,0.0,0,201.7,True
242.0,13.0,7,0,9,2026,True,78,57,3,1,617.0,5302.0,6,True,False,Productivity,0,151.6,0,179.8,True
119.0,3.0,7,5,7,2023,False,256,58,3,1,5.0,920.0,1,False,True,Open Source,0,0.0,242,0.0,True
18.0,23.0,7,1,7,2023,False,37,37,3,1,5.0,4605.0,4,True,True,Productivity,0,130.5,40,0.3,True
312.0,88.0,7,4,6,2026,True,46,46,3,2,51.0,7087.0,6,True,False,Other,4,0.0,0,235.6,True
25.0,0.0,7,4,7,2023,False,251,33,1,2,2323.0,2451.0,5,True,True,Other,0,0.0,7,0.0,True
91.0,29.0,10,0,7,2026,True,70,58,3,1,220042.0,745.0,6,True,False,Productivity,0,0.0,3250,287.8,True
223.0,40.0,7,3,6,2026,True,69,60,3,3,1253.0,2946.0,6,True,False,Other,0,0.0,0,3.4,True
100.0,2.0,7,4,3,2026,True,209,38,3,6,203357.0,4142.0,6,False,True,Productivity,0,0.0,322,0.0,True
11.0,1.0,7,1,7,2023,False,172,57,3,1,415.0,500.0,3,False,False,Marketing,0,0.0,0,0.0,True
86.0,7.0,8,3,1,2023,True,250,56,3,1,223.0,191.0,5,False,True,Other,0,0.0,0,0.0,False
23.0,0.0,19,4,3,2023,False,215,49,3,1,2266.0,1271.0,1,False,True,Other,0,0.0,0,2.4,True
14.0,0.0,18,0,3,2023,True,149,27,1,1,386.0,891.0,3,True,True,Productivity,0,0.0,21,0.0,True
8.0,0.0,7,3,3,2023,False,243,43,3,1,5.0,593.0,1,False,True,Health & Fitness,0,0.0,12,0.0,True
15.0,0.0,15,4,7,2023,False,259,54,3,1,5.0,1648.0,2,False,True,Web App,0,0.0,129,0.6,True
5.0,2.0,7,5,3,2023,False,269,44,3,0,5.0,2821.0,2,False,True,Health & Fitness,0,0.0,0,3.0,True
94.0,1.0,7,0,7,2023,True,500,59,3,1,5.0,3734.0,6,False,True,Productivity,0,0.0,16,0.0,True
408.0,48.0,7,1,12,2026,True,58,32,3,3,1257.0,1329.0,6,False,False,Education,0,0.0,16,198.3,True
3.0,1.0,5,4,7,2023,False,253,28,3,1,1376.0,117.0,7,True,True,Design Tools,0,0.0,0,0.0,False
3.0,0.0,19,4,1,2023,False,211,38,2,1,5.0,563.0,0,False,True,Other,0,0.0,0,0.0,True
246.0,63.0,7,5,5,2026,True,439,26,3,1,2575.0,16976.0,4,True,False,Productivity,0,0.0,36,4.7,True
150.0,0.0,7,6,5,2023,True,241,43,3,1,5.0,1091.0,6,False,False,Health & Fitness,0,0.0,0,0.0,True
66.0,11.0,7,4,5,2026,True,56,51,3,3,861.0,968.0,5,False,False,Productivity,0,0.9,0,3.0,True
129.0,177.0,7,6,5,2026,True,172,41,3,1,5.0,978.0,4,True,False,Chrome Extensions,0,0.0,0,2.9,True
23.0,0.0,23,5,7,2023,False,248,45,2,1,5.0,717.0,2,False,True,Other,0,0.0,2,2.7,True
166.0,58.0,7,2,5,2026,False,76,51,3,1,153.0,2137.0,8,True,False,Web App,0,0.0,0,182.9,True
123.0,2.0,7,1,3,2026,True,47,40,3,1,2799.0,909.0,8,True,False,Android,0,0.0,0,0.0,True
85.0,53.0,7,2,8,2026,True,40,44,3,12,129998.0,2230.0,6,True,False,Productivity,0,0.0,3,1.9,True
6.0,5.0,13,4,5,2023,False,186,44,3,1,632.0,2064.0,7,True,True,Developer Tools,0,0.0,0,0.0,False
4.0,0.0,7,3,5,2023,False,262,30,2,3,5341.0,1557.0,4,False,True,Android,0,0.0,0,0.0,True
142.0,9.0,0,1,7,2026,False,41,38,3,1,1147.0,593.0,8,True,False,Other,0,0.0,9,2.2,True
5.0,0.0,14,4,5,2023,False,257,40,3,1,623.0,3432.0,1,True,True,Education,0,0.0,1179,0.1,True
145.0,15.0,7,2,5,2023,False,48,55,3,1,138621.0,3412.0,6,True,False,Other,0,0.0,24,197.5,True
158.0,19.0,7,3,5,2026,True,259,58,3,1,5.0,1138.0,5,True,True,Other,0,0.0,5,0.0,True
232.0,49.0,0,2,5,2026,True,170,55,3,1,307.0,517.0,10,True,False,Productivity,0,0.0,0,0.0,False
3.0,0.0,16,3,1,2023,False,232,41,3,1,12.0,10.0,1,False,True,Other,0,0.0,0,0.0,False
875.0,41.0,7,4,7,2026,False,230,53,1,1,2447.0,2142.0,6,True,False,Productivity,1,0.0,2,0.0,True
216.0,6.0,0,5,6,2026,True,287,34,3,1,125.0,95.0,5,False,False,Mac,0,0.0,0,0.0,False
8.0,0.0,7,3,3,2023,True,259,34,1,1,202932.0,3402.0,4,False,True,Productivity,0,0.0,1024,184.9,True
386.0,10.0,7,5,7,2023,True,223,28,3,1,5.0,1280.0,5,True,False,Other,0,0.0,625,0.3,True
1.0,2.0,13,3,5,2023,False,102,43,3,7,5.0,836.0,6,False,True,Productivity,0,0.0,3,0.0,True
83.0,0.0,22,5,3,2023,False,257,40,1,1,476.0,3498.0,2,False,True,Productivity,0,0.0,0,0.4,True
139.0,0.0,7,3,7,2023,True,263,57,2,1,841.0,1271.0,8,True,True,Design Tools,0,0.0,1,0.0,True
18.0,0.0,7,5,7,2023,True,218,37,3,1,1455.0,2428.0,4,False,False,Chrome Extensions,0,0.0,14,2.9,True
157.0,16.0,1,6,5,2026,True,269,57,3,3,205863.0,22982.0,6,True,False,Productivity,0,0.0,1,287.4,True
232.0,26.0,0,3,5,2026,True,230,52,3,1,3486.0,10067.0,4,False,False,Other,3,356.0,3,356.0,False
114.0,0.0,7,4,11,2023,False,228,30,3,2,5.0,1901.0,6,False,True,Marketing,0,0.0,17,2.8,True
316.0,4.0,7,5,3,2023,False,33,26,3,0,871.0,5030.0,6,False,False,Design Tools,0,0.0,22,0.1,True
217.0,51.0,9,4,6,2026,True,178,60,1,0,493794.0,519.0,6,False,True,Analytics,0,0.0,1,207.9,True
137.0,14.0,7,0,7,2026,False,55,55,3,2,110.0,842.0,5,False,True,Other,0,0.0,0,0.0,False
82.0,43.0,7,1,7,2026,True,54,49,2,1,2692.0,2362.0,7,True,False,Design Tools,0,0.0,16,3.0,True
1.0,1.0,12,3,3,2023,True,154,58,2,1,6226.0,4012.0,9,False,True,SaaS,0,0.0,0,0.0,True
120.0,74.0,7,3,7,2026,True,58,60,3,2,3185.0,5898.0,4,True,False,Productivity,0,0.0,9,288.0,True
3.0,1.0,9,3,7,2023,False,130,51,3,1,240.0,859.0,3,False,True,Education,0,0.0,0,0.0,False
590.0,113.0,7,4,5,2026,True,269,60,3,1,4408.0,13298.0,5,True,False,Productivity,6,391.3333333333333,6,391.3333333333333,False
257.0,70.0,7,2,6,2026,True,51,40,3,0,4260.0,3136.0,4,True,False,Developer Tools,2,1.5,0,4.6,True
228.0,31.0,7,4,9,2026,True,146,48,3,1,1474.0,2827.0,6,True,False,Other,5,0.0,14,0.0,True
8.0,0.0,22,4,1,2023,False,213,59,3,1,5.0,1008.0,1,False,True,Chrome Extensions,0,2.1,0,0.0,True
120.0,21.0,6,2,5,2026,True,451,39,3,1,255.0,61.0,5,True,False,Health & Fitness,0,0.0,0,0.0,False
4.0,0.0,7,3,7,2023,False,285,45,1,0,5.0,1197.0,0,False,True,Other,0,0.0,0,1.9,True
76.0,16.0,7,1,7,2026,True,252,31,3,1,5.0,518.0,6,False,True,Android,0,0.0,3,35.7,True
23.0,4.0,2,4,6,2026,False,457,57,3,1,396.0,1440.0,8,False,False,Other,0,0.0,0,0.0,False
275.0,7.0,7,6,7,2023,True,52,48,3,7,287203.0,6648.0,6,True,False,Design Tools,0,0.0,0,327.0,True
18.0,7.0,8,4,1,2023,False,290,59,3,1,72.0,3148.0,3,False,True,Writing,0,0.0,0,0.0,False
1.0,0.0,17,3,7,2023,True,232,33,2,0,5.0,2152.0,3,False,True,Design Tools,0,0.3,2079,0.0,True
10.0,0.0,23,0,7,2023,True,222,21,4,1,5.0,2474.0,6,True,False,Other,0,0.0,1407,0.0,True
196.0,1.0,7,0,7,2023,True,280,22,2,1,2471.0,1488.0,6,False,False,Productivity,0,0.0,0,0.0,True
10.0,0.0,16,5,5,2023,False,270,29,4,0,5.0,1234.0,3,False,True,Writing,0,0.0,0,3.4,True
94.0,0.0,7,0,5,2025,True,37,57,3,2,4218.0,2710.0,5,False,False,Fintech,0,0.0,2,0.3,True
94.0,19.0,1,1,5,2026,True,411,48,3,2,4582.0,10736.0,10,True,False,Mac,5,0.0,392,113.9,True
168.0,71.0,7,2,7,2026,True,41,51,3,1,481251.0,686.0,7,True,False,iOS,0,282.3,0,198.4,True
1.0,1.0,9,1,7,2023,False,266,19,3,1,4285.0,1095.0,1,True,True,Design Tools,0,0.0,0,0.0,True
1.0,5.0,17,5,7,2023,False,207,56,2,1,1968.0,584.0,4,True,True,Design Tools,0,0.0,0,196.8,True
7.0,81.0,7,4,7,2023,False,249,51,2,1,29154.0,4392.0,2,False,True,Design Tools,0,0.0,0,0.0,True
312.0,106.0,7,4,7,2026,False,232,56,3,2,544569.0,3077.0,6,False,False,Other,0,0.4,7,0.0,True
24.0,7.0,7,6,7,2026,False,18,18,3,1,105.0,791.0,6,False,False,Productivity,0,0.0,0,0.0,False
1.0,5.0,20,5,7,2023,False,252,58,3,1,706.0,2449.0,6,False,True,Developer Tools,0,0.0,2,0.7,True
145.0,18.0,15,3,7,2024,False,278,40,3,1,302011.0,494.0,6,True,True,Mac,0,0.0,0,4.1,True
772.0,2.0,7,1,7,2026,False,173,48,3,1,5.0,1569.0,6,True,True,Chrome Extensions,0,0.0,16,201.9,True
135.0,14.0,15,0,5,2026,True,252,60,3,1,151.0,985.0,5,True,False,Analytics,0,0.0,0,0.0,False
423.0,6.0,7,3,7,2026,True,39,53,3,1,3902.0,2501.0,4,False,False,Other,0,121.5,1765,1.5,True
77.0,24.0,7,0,7,2026,True,136,19,3,7,963.0,1982.0,4,False,False,Productivity,0,0.0,0,210.1,True
90.0,0.0,7,3,7,2026,False,182,44,3,3,5.0,537.0,7,False,False,Web App,0,0.9,12,0.0,True
10.0,0.0,5,4,1,2023,False,241,18,2,1,1614.0,5835.0,4,False,True,SaaS,0,0.0,17,2.6,True
83.0,0.0,7,1,7,2026,True,326,56,3,1,696.0,2626.0,8,True,True,Design Tools,0,0.0,21,1.9,True
86.0,0.0,7,1,5,2025,True,69,55,3,1,5.0,873.0,6,True,False,API,0,0.0,0,0.0,True
155.0,0.0,5,6,7,2025,True,65,47,3,1,5.0,4044.0,6,False,False,Mac,0,0.0,0,320.2,True
123.0,6.0,7,6,6,2023,True,253,49,3,1,5.0,760.0,7,True,False,Other,0,0.0,18,2.0,True
99.0,68.0,7,2,7,2026,True,63,59,3,1,284472.0,32513.0,8,True,False,API,0,0.0,0,304.1,True
613.0,38.0,7,4,6,2026,False,58,35,3,3,3346.0,1890.0,6,True,False,Productivity,0,0.0,14,0.0,True
1.0,9.0,14,4,7,2023,False,259,43,3,1,1284.0,1333.0,3,True,True,Android,0,0.0,17,0.0,True
7.0,4.0,10,4,7,2023,False,253,42,3,1,199.0,1129.0,3,False,True,Productivity,0,0.0,0,0.0,False
277.0,89.0,7,6,7,2026,True,468,60,3,3,291384.0,1908.0,5,False,False,Mac,0,0.0,22,0.0,True
136.0,3.0,10,4,7,2023,False,226,25,3,1,5.0,927.0,2,True,True,Other,0,0.1,0,0.0,True
7.0,1.0,12,0,5,2023,True,248,30,3,1,5.0,2197.0,4,False,True,Design Tools,0,0.0,1542,0.0,True
91.0,2.0,8,5,1,2023,True,228,47,3,1,603.0,3027.0,5,False,True,Productivity,0,0.0,0,0.0,False
147.0,12.0,7,4,7,2026,True,57,57,3,3,3835.0,10712.0,4,True,False,Productivity,1,460.0,1,460.0,False
94.0,0.0,7,3,7,2023,False,266,35,1,1,5.0,3613.0,8,False,True,Artificial Intelligence,0,0.0,22,0.0,True
9.0,0.0,11,3,7,2023,False,232,57,3,13,5.0,4257.0,1,False,True,Artificial Intelligence,1,0.0,1,0.0,True
180.0,0.0,7,2,7,2026,True,38,46,3,3,3706.0,2763.0,4,False,False,Productivity,0,170.1,34,288.0,True
132.0,39.0,7,1,7,2026,False,52,49,3,3,5.0,1251.0,4,False,False,Analytics,0,0.0,0,180.6,True
462.0,42.0,0,3,9,2023,True,147,39,3,1,162.0,1426.0,6,True,False,Chrome Extensions,0,0.0,0,0.0,False
4.0,1.0,7,1,5,2023,False,259,59,3,1,948.0,1641.0,1,False,True,Design Tools,0,0.0,0,1.1,True
183.0,0.0,16,6,7,2023,False,393,46,3,1,3152.0,3889.0,4,True,False,Design Tools,0,0.0,23,1.4,True
258.0,0.0,7,4,6,2026,True,74,43,3,3,4789.0,5882.0,6,True,False,Productivity,5,245.5,0,194.3,True
131.0,3.0,4,3,5,2023,False,42,55,2,0,5.0,5959.0,3,False,True,Other,0,0.0,0,316.9,True
104.0,5.0,7,3,7,2023,True,268,44,1,2,5.0,2153.0,6,False,False,Writing,0,0.0,423,3.7,True
107.0,3.0,7,1,7,2026,True,71,46,3,1,81.0,2390.0,6,False,False,Marketing,0,0.0,11,0.0,True
143.0,24.0,7,6,7,2023,True,449,28,3,1,5.0,2088.0,6,True,True,Productivity,0,0.0,0,0.0,True
114.0,365.0,7,2,7,2023,True,294,29,3,1,5.0,883.0,5,True,False,Productivity,0,0.0,0,348.9,True
164.0,26.0,7,4,6,2026,True,447,59,3,1,1262.0,2990.0,9,True,False,Other,1,0.0,18,369.5,True
2.0,0.0,23,3,3,2023,True,244,40,2,1,1520.0,5446.0,1,False,True,Android,0,0.0,0,166.8,True
352.0,89.0,7,4,7,2026,True,65,43,3,1,2309.0,300.0,5,True,False,Other,0,0.0,6,417.1,True
132.0,0.0,14,3,3,2023,False,271,23,3,2,3106.0,2691.0,3,False,True,Chrome Extensions,0,0.0,0,0.1,True
133.0,76.0,7,5,5,2023,True,266,49,3,2,5.0,692.0,9,True,False,Artificial Intelligence,0,0.0,0,196.6,True
19.0,0.0,2,0,7,2023,False,265,60,3,1,1315.0,500.0,6,False,True,Other,0,0.0,0,0.0,True
616.0,77.0,7,4,7,2026,True,265,33,3,3,5.0,2899.0,4,False,False,Marketing,0,0.0,0,0.3,True
15.0,0.0,10,3,5,2023,True,283,31,3,1,1195.0,2142.0,5,False,True,Other,0,0.0,0,3.9,True
139.0,3.0,7,0,3,2023,True,237,34,1,1,40.0,1739.0,3,False,True,Design Tools,0,0.0,0,0.0,True
132.0,4.0,7,4,5,2026,True,42,60,3,1,347.0,10116.0,6,False,False,Productivity,0,0.0,3875,0.0,True
134.0,0.0,7,0,6,2026,True,50,50,1,2,598.0,2142.0,6,True,True,Productivity,0,0.0,0,0.0,False
6.0,0.0,19,5,5,2023,False,139,59,3,1,1132.0,1641.0,1,False,True,Productivity,0,0.0,0,0.0,False
102.0,0.0,7,0,7,2026,False,223,52,4,1,5711.0,1050.0,12,True,False,API,0,0.0,5,144.6,True
469.0,9.0,8,4,7,2023,True,55,59,3,1,5.0,7167.0,7,False,False,Marketing,0,0.0,8,3.4,True
122.0,23.0,1,3,5,2023,False,242,47,3,1,177008.0,440.0,1,False,False,API,0,0.0,0,0.0,True
71.0,27.0,7,1,5,2026,True,491,60,3,3,5.0,293.0,7,True,False,Other,0,0.0,1597,185.4,True
1.0,2.0,8,4,1,2023,False,213,36,3,1,5.0,4707.0,3,False,True,Other,0,0.0,0,0.0,True
189.0,36.0,7,0,7,2026,True,42,40,1,1,5.0,770.0,5,True,False,Hiring,0,1.8,0,0.8,True
68.0,43.0,7,3,5,2026,True,80,30,3,2,5.0,4245.0,5,True,False,Hiring,0,0.9,0,0.0,True
26.0,0.0,3,3,5,2023,False,243,41,3,1,728.0,4326.0,3,True,True,Social Media,0,0.0,0,0.0,True
128.0,25.0,0,0,6,2026,True,353,47,3,1,100.0,2036.0,6,False,False,Other,0,0.0,0,0.0,False
131.0,24.0,7,4,6,2026,True,58,58,3,2,5.0,288.0,5,True,True,Productivity,0,0.0,0,0.0,False
12.0,0.0,7,3,5,2023,False,324,42,2,2,2269.0,2167.0,2,True,True,Android,0,0.0,406,167.4,True
153.0,5.0,7,0,7,2026,True,252,41,3,1,5.0,308.0,7,True,False,Design Tools,0,0.0,8,0.4,True
128.0,35.0,17,6,7,2026,True,61,35,3,3,1818.0,636.0,6,True,False,Social Media,18,0.0,6,1.7,True
10.0,2.0,0,5,6,2026,False,158,32,3,1,30.0,718.0,4,True,False,Marketing,0,0.0,0,0.0,False
11.0,9.0,7,4,7,2026,False,59,59,3,2,590.0,1624.0,8,True,False,Other,0,0.0,0,0.0,False
1.0,0.0,6,1,5,2023,False,256,41,4,1,2673.0,183.0,6,False,True,Hiring,0,1.7,4,0.0,True
252.0,85.0,7,0,6,2026,True,70,50,3,3,1466.0,3344.0,7,False,False,Productivity,1,0.0,7,0.0,True
1.0,0.0,6,0,1,2023,True,226,29,4,1,5.0,955.0,3,False,True,Other,0,0.0,6,5.3,True
79.0,0.0,3,4,7,2023,True,67,36,5,1,5327.0,1469.0,6,False,True,Mac,0,1.6,0,0.0,True
114.0,5.0,7,4,5,2024,True,278,46,3,1,5.0,1736.0,3,True,True,Design Tools,0,0.0,2,0.0,True
80.0,0.0,7,0,7,2023,False,261,56,3,2,1982.0,130.0,3,False,False,Web App,0,0.4,15,2.4,True
1.0,0.0,8,3,7,2023,True,264,23,1,1,270949.0,745.0,3,False,True,Design Tools,0,0.0,0,222.4,True
118.0,16.0,7,0,6,2026,True,56,45,3,1,486920.0,13843.0,8,True,False,Productivity,0,67.4,1552,209.6,True
373.0,47.0,7,6,7,2026,True,55,55,3,1,863.0,3270.0,5,True,True,API,0,0.0,0,0.0,False
18.0,3.0,13,5,7,2023,True,245,60,2,1,46340.0,825.0,2,False,True,Other,0,0.0,11,1.9,True
157.0,25.0,7,2,5,2026,True,49,52,3,3,5.0,1445.0,8,True,False,Productivity,2,0.0,1,0.0,True
121.0,11.0,7,0,5,2026,True,462,54,3,1,2111.0,1417.0,4,False,False,Marketing,0,1.2,3,206.2,True
110.0,22.0,7,4,7,2026,True,248,49,3,0,5325.0,1184.0,5,False,True,Other,0,0.0,579,0.5,True
4.0,3.0,14,3,5,2023,True,204,42,3,1,5.0,2745.0,5,True,True,API,0,1.2,0,1.4,True
61.0,1.0,20,3,1,2023,True,171,31,2,1,216.0,1031.0,4,False,True,Fintech,0,0.0,0,0.0,False
13.0,6.0,7,4,3,2023,False,281,37,2,1,5.0,2130.0,3,False,True,Other,0,0.0,0,2.2,True
223.0,5.0,7,4,7,2026,True,62,36,3,1,1074.0,1267.0,5,True,False,Other,0,0.0,256,2.2,True
12.0,2.0,7,3,5,2023,False,252,37,2,1,5.0,642.0,3,False,True,Other,0,0.0,0,4.3,True
9.0,0.0,18,1,3,2023,False,279,36,3,1,116.0,1430.0,3,False,True,Design Tools,0,0.0,8,0.6,True
105.0,3.0,22,2,7,2025,True,239,43,3,1,105.0,3149.0,8,True,False,Marketing,0,0.0,0,0.0,False
112.0,18.0,7,1,6,2026,False,51,51,3,1,412.0,4813.0,7,False,False,Productivity,0,0.0,0,0.0,False
79.0,6.0,7,1,3,2023,True,75,32,3,1,41.0,121.0,4,False,True,Other,0,0.0,0,0.0,False
149.0,3.0,7,3,5,2023,True,254,47,2,3,5.0,2009.0,6,True,False,Other,0,0.0,0,0.0,True
2.0,1.0,7,3,7,2023,False,132,24,3,1,162.0,701.0,3,False,True,Other,0,0.0,0,0.0,False
114.0,56.0,7,4,7,2023,False,494,44,2,1,305207.0,2825.0,9,False,False,Other,0,0.0,14,0.0,True
2.0,0.0,7,3,7,2023,False,212,59,3,1,454.0,1468.0,1,False,True,Design Tools,0,0.0,0,0.0,False
70.0,3.0,11,5,5,2023,True,258,55,3,1,198.0,300.0,58,True,True,Other,0,0.0,0,0.0,False
123.0,33.0,1,4,5,2026,False,54,44,3,1,2716.0,8703.0,8,True,False,Developer Tools,0,0.0,0,192.0,True
134.0,3.0,0,4,7,2023,False,251,47,3,0,4060.0,2083.0,3,False,True,Design Tools,0,4.7,7,0.0,True
128.0,29.0,7,3,7,2023,True,258,47,3,2,81933.0,1587.0,4,False,False,Productivity,0,0.0,534,215.60299625468164,False
237.0,35.0,7,2,7,2026,True,259,25,3,1,53796.0,3080.0,6,True,False,Productivity,0,0.0,0,1.2,True
61.0,5.0,7,1,7,2026,True,335,59,3,1,5.0,10.0,6,False,False,Productivity,0,0.0,0,219.1,True
22.0,0.0,7,5,7,2023,False,276,51,3,1,35817.0,5830.0,8,False,True,Other,0,0.0,13,2.2,True
321.0,21.0,23,6,6,2026,True,143,42,3,1,3777.0,7633.0,7,False,False,Other,1,357.0,1,357.0,False
1.0,17.0,7,6,3,2023,True,252,37,3,1,5278.0,2309.0,4,False,True,Developer Tools,0,0.0,1376,3.8,True
1.0,1.0,18,3,3,2023,True,261,38,2,1,3426.0,2710.0,4,False,True,SaaS,0,0.0,15,0.7,True
191.0,27.0,0,2,6,2026,True,45,58,3,1,5.0,10490.0,5,True,False,Productivity,0,351.8,0,250.5,True
355.0,5.0,0,4,7,2026,False,307,25,3,1,5.0,4945.0,6,False,False,Analytics,0,0.8,12,162.6,True
7.0,8.0,2,0,3,2023,False,258,38,3,1,147.0,2712.0,5,False,True,Mac,0,0.0,0,0.0,False
774.0,255.0,7,3,7,2026,True,51,51,3,1,976.0,18.0,7,True,False,Other,0,0.0,0,0.0,False
85.0,3.0,7,0,3,2023,True,164,52,3,1,682.0,1419.0,4,True,True,Hiring,0,0.0,0,0.0,False
179.0,31.0,7,0,7,2026,False,422,41,3,0,2972.0,19565.0,6,True,False,Artificial Intelligence,1,0.3,0,223.9,True
6.0,0.0,5,5,3,2023,False,254,41,3,1,2987.0,1752.0,4,False,True,API,0,0.0,9,0.0,True
135.0,0.0,7,6,7,2023,False,65,38,3,1,2448.0,2086.0,6,True,False,Productivity,0,0.0,333,0.0,True
142.0,3.0,7,4,6,2023,True,62,19,2,1,221864.0,751.0,6,True,True,Education,0,0.0,0,0.0,True
1.0,3.0,16,0,1,2023,False,230,60,4,1,2515.0,1928.0,3,False,True,Design Tools,0,0.0,0,0.0,True
622.0,4.0,7,4,7,2023,True,45,59,3,2,5.0,4209.0,7,False,False,Other,0,248.3,320,0.5,True
38.0,9.0,7,1,5,2026,True,45,27,3,1,2417.0,10.0,4,False,False,API,0,0.0,1419,1.8,True
30.0,2.0,7,5,5,2023,True,251,46,3,1,5.0,1425.0,4,False,False,Marketing,0,0.0,21,2.2,True
117.0,13.0,7,0,7,2026,False,57,57,3,3,59.0,1095.0,5,False,False,Other,0,0.0,0,0.0,False
264.0,13.0,7,0,3,2023,True,238,40,3,9,167487.0,2901.0,3,True,False,Productivity,0,0.0,1104,215.29710144927537,False
19.0,1.0,4,0,5,2023,True,257,46,1,1,5.0,6057.0,4,True,True,Design Tools,0,0.0,3,0.0,True
20.0,0.0,13,5,5,2023,True,248,38,3,2,2266.0,527.0,3,False,True,SaaS,0,0.0,12,1.9,True
78.0,5.0,8,5,1,2023,True,245,35,3,1,18.0,1044.0,6,False,True,Productivity,0,0.0,0,0.0,False
201.0,38.0,7,6,4,2026,True,198,50,3,1,1711.0,403.0,7,True,False,Developer Tools,0,0.0,5,195.0,True
415.0,67.0,1,6,6,2026,True,54,57,3,3,2357.0,2549.0,5,False,False,Other,0,8.7,7,347.6,True
95.0,2.0,12,0,1,2023,False,249,21,2,1,263327.0,2394.0,19,True,True,Social Media,0,0.0,0,1.6,True
7.0,0.0,7,4,7,2023,False,213,53,4,1,2634.0,4662.0,7,False,True,Chrome Extensions,0,0.0,10,1.4,True
1.0,25.0,7,4,5,2023,True,172,42,3,3,1193.0,809.0,4,False,False,Education,0,1.3,5,1.5,True
92.0,87.0,19,5,7,2023,False,361,51,2,1,5.0,4033.0,6,True,False,API,0,0.0,3,231.1,True
94.0,96.0,7,3,6,2025,False,309,44,3,1,182771.0,1092.0,5,False,False,API,0,0.0,0,0.0,True
149.0,24.0,7,4,7,2026,True,37,58,3,2,1233.0,3282.0,9,True,False,Developer Tools,0,0.0,0,2.1,True
14.0,0.0,9,3,3,2023,False,209,27,4,1,5.0,1918.0,1,False,True,Other,0,0.0,6,0.0,True
137.0,71.0,7,5,4,2026,True,247,51,3,3,5.0,2880.0,4,False,False,Social Media,0,0.0,7,1.7,True
774.0,179.0,7,6,6,2026,True,62,41,3,3,293.0,11180.0,4,True,False,Other,0,353.9,35,438.4,True
494.0,46.0,19,4,3,2023,True,135,58,3,1,192.0,585.0,9,False,False,Productivity,0,0.0,0,0.0,False
112.0,49.0,7,1,5,2026,False,47,38,3,2,6417.0,897.0,6,False,False,Other,0,0.0,1029,0.0,True
154.0,59.0,7,0,3,2023,True,250,60,3,8,180435.0,704.0,7,False,False,Other,0,0.0,1190,218.76470588235293,False
269.0,71.0,10,2,7,2023,True,254,58,3,4,216032.0,638.0,4,False,False,Other,0,0.0,1428,211.3466386554622,False
9.0,3.0,7,3,1,2023,False,286,34,2,1,2207.0,2510.0,1,False,True,Android,0,0.0,345,3.5,True
16.0,4.0,7,3,7,2025,False,65,56,2,1,471.0,4276.0,5,True,False,Artificial Intelligence,0,0.0,3,0.0,True
55.0,3.0,7,6,5,2023,True,240,53,3,1,353.0,4282.0,3,False,True,Health & Fitness,0,0.6,157,0.0,True
21.0,0.0,7,4,7,2023,True,270,47,3,3,5.0,405.0,4,False,True,Design Tools,0,0.0,0,0.0,True
78.0,43.0,7,1,5,2023,True,67,27,3,2,1414.0,10.0,6,False,False,iOS,0,0.0,0,165.4,True
130.0,14.0,7,6,7,2023,True,46,42,1,1,5.0,2521.0,6,False,False,Other,0,0.0,34,0.0,True
36.0,36.0,7,4,7,2026,False,55,55,3,1,18.0,4370.0,6,False,True,Other,0,0.0,0,0.0,False
116.0,31.0,8,3,1,2023,True,259,53,1,1,386.0,332.0,6,False,True,Productivity,0,0.0,0,0.0,False
526.0,1.0,3,6,3,2023,True,209,42,3,1,5.0,2267.0,2,True,False,Other,0,0.0,1,0.3,True
23.0,5.0,21,3,7,2023,False,287,57,5,1,5.0,2520.0,2,False,False,Health & Fitness,0,0.0,25,0.5,True
69.0,0.0,7,4,7,2023,False,244,41,3,1,2217.0,259.0,3,False,True,Web App,0,0.0,8,0.9,True
264.0,139.0,7,1,7,2025,False,47,53,3,1,5.0,528.0,6,True,False,Marketing,0,0.0,0,2.7,True
199.0,59.0,7,2,6,2026,True,57,57,3,1,147.0,351.0,4,False,False,Productivity,0,0.0,0,0.0,False
130.0,181.0,7,4,7,2023,False,201,51,3,2,3690.0,4368.0,6,False,False,Other,0,0.0,12,0.0,True
79.0,1.0,11,6,7,2023,False,64,53,4,0,2699.0,1543.0,1,False,True,Other,0,0.0,0,0.0,True
373.0,21.0,7,6,7,2026,True,54,40,3,3,1551.0,9663.0,6,True,False,Other,0,0.0,0,223.7,True
250.0,52.0,0,1,6,2026,True,485,47,3,1,468.0,292.0,4,True,False,Open Source,0,0.0,0,0.0,False
142.0,0.0,7,2,10,2026,False,261,60,3,1,5.0,2670.0,4,True,False,Other,0,0.0,0,1.9,True
4.0,0.0,7,3,3,2023,False,159,30,3,0,5.0,982.0,3,True,True,Design Tools,0,0.0,3,200.0,True
117.0,11.0,7,4,6,2026,False,37,37,1,2,756.0,106.0,7,True,True,Other,0,0.0,0,0.0,False
23.0,1.0,8,6,3,2023,False,27,36,2,1,5.0,3241.0,3,False,True,Android,0,1.7,5,0.0,True
522.0,15.0,0,4,6,2026,True,239,53,3,1,5094.0,12050.0,4,True,False,Productivity,13,324.15384615384613,13,324.15384615384613,False
7.0,0.0,9,4,5,2023,True,270,30,3,0,5.0,2785.0,3,False,True,Other,0,0.0,0,2.0,True
104.0,37.0,7,0,7,2023,False,233,60,4,0,452.0,765.0,6,True,True,Productivity,0,1.6,9,0.0,True
142.0,21.0,7,0,6,2026,False,54,54,3,2,396.0,2117.0,4,False,False,Other,0,0.0,0,0.0,False
70.0,16.0,7,4,5,2023,True,134,46,3,0,5.0,5502.0,4,False,False,Chrome Extensions,0,0.0,0,232.0,True
192.0,60.0,7,1,7,2026,True,49,49,3,1,277.0,3099.0,7,False,False,API,0,0.0,0,0.0,False
152.0,26.0,7,4,7,2023,False,243,55,3,1,69666.0,5803.0,6,True,False,Mac,0,1.4,474,4.4,True
78.0,0.0,7,5,7,2025,False,244,60,3,1,5.0,58.0,3,True,True,Chrome Extensions,0,0.0,0,0.0,True
95.0,3.0,7,3,7,2023,True,141,41,3,1,5.0,1046.0,3,False,True,Productivity,0,0.0,0,0.0,False
7.0,2.0,7,3,3,2023,False,242,60,2,1,1149.0,1503.0,1,False,True,Other,0,0.0,7,2.0,True
19.0,0.0,7,6,5,2023,False,292,44,2,1,2820.0,2128.0,2,True,True,Productivity,0,0.0,8,0.7,True
5.0,0.0,17,3,5,2023,False,227,59,2,1,2071.0,835.0,1,True,True,Other,0,0.0,0,0.0,True
1.0,1.0,7,1,3,2023,False,265,39,1,1,416.0,2306.0,3,True,True,Other,0,0.0,0,0.0,True
5.0,1.0,8,4,1,2023,False,86,38,3,0,554.0,2549.0,2,False,False,Writing,0,0.0,0,0.0,False
464.0,25.0,7,6,7,2026,True,47,26,3,2,642.0,891.0,6,True,False,API,0,0.0,0,216.4,True
283.0,23.0,7,5,7,2026,True,43,43,3,1,761.0,5866.0,8,False,False,Other,0,0.0,0,0.0,False
5.0,0.0,8,4,1,2023,False,244,38,3,1,2731.0,10.0,5,False,False,Other,0,0.0,7,4.3,True
137.0,0.0,7,4,5,2023,False,282,25,3,0,50727.0,2465.0,1,False,False,Education,0,0.0,0,0.0,True
258.0,21.0,7,4,7,2026,True,76,38,3,3,1177.0,1564.0,6,True,False,Other,6,20.6,19,0.0,True
11.0,5.0,0,6,5,2026,False,380,56,3,1,7736.0,19516.0,5,True,False,Other,25,396.72,25,396.72,False
1.0,0.0,11,4,5,2023,False,186,47,3,1,1557.0,7205.0,1,False,True,Marketing,0,0.4,4,1.1,True
1124.0,1.0,7,4,5,2023,False,192,42,3,1,1133.0,524.0,7,True,False,Other,0,0.0,0,0.0,True
2.0,0.0,2,1,3,2023,False,128,50,1,1,615.0,6403.0,1,False,True,Education,0,0.0,0,0.0,False
2.0,1.0,6,3,7,2023,False,259,12,3,3,194.0,241.0,2,False,True,Other,0,0.0,0,0.0,False
108.0,26.0,7,0,7,2026,True,61,18,3,2,13878.0,6824.0,8,True,False,Other,0,0.0,24,0.0,True
142.0,12.0,7,6,5,2026,True,33,51,3,1,264344.0,5525.0,4,False,False,Email,0,0.0,20,0.0,True
209.0,118.0,7,3,6,2026,True,62,53,3,2,68.0,673.0,6,True,False,Productivity,0,0.0,23,4.7,True
13.0,192.0,22,4,3,2023,False,241,52,3,1,988.0,2402.0,1,False,True,Productivity,0,0.0,0,0.0,True
1.0,2.0,7,3,5,2023,False,266,27,1,1,5.0,10.0,1,True,False,Developer Tools,0,0.0,9,5.2,True
1.0,3.0,22,3,7,2023,False,238,43,3,1,204261.0,1297.0,3,False,True,Web App,0,0.3,4,1.6,True
1.0,1.0,7,3,7,2023,False,211,46,4,10,5.0,864.0,5,False,True,Other,0,0.0,6,3.2,True
111.0,10.0,7,4,5,2026,False,48,48,3,2,132.0,2419.0,8,True,True,Other,0,0.0,0,0.0,False
106.0,2.0,7,1,7,2023,True,272,19,3,1,5.0,2234.0,3,True,True,Developer Tools,0,2.2,7,2.7,True
1.0,0.0,7,5,3,2023,True,262,32,1,1,506.0,2400.0,3,False,True,Other,0,0.0,2381,3.6,True
149.0,7.0,7,2,6,2023,True,186,53,3,5,5.0,2167.0,4,False,False,Writing,0,0.0,6,3.6,True
12.0,0.0,15,6,5,2023,True,254,35,3,3,1360.0,1075.0,4,False,True,Developer Tools,0,0.0,1,0.0,True
186.0,12.0,7,2,6,2026,True,39,40,3,3,252424.0,10423.0,4,True,False,Other,0,0.0,15,0.3,True
176.0,1.0,7,3,5,2023,True,264,39,1,2,5.0,512.0,4,True,False,Analytics,0,0.0,0,0.0,True
5.0,0.0,6,1,3,2023,False,259,45,3,1,5.0,1939.0,6,False,True,Other,0,1.6,0,0.0,True
76.0,2.0,8,6,5,2023,True,78,35,2,1,229.0,391.0,1,False,True,Productivity,0,0.0,0,0.0,False
108.0,0.0,6,6,7,2023,True,269,31,5,1,1895.0,2323.0,1,False,True,Chrome Extensions,0,0.0,7,3.7,True
297.0,71.0,7,6,5,2026,True,37,60,3,2,224688.0,16199.0,7,True,False,Other,0,0.8,25,309.7,True
14.0,1.0,16,3,5,2023,False,249,18,4,1,2231.0,1909.0,3,False,True,Marketing,0,0.0,1802,4.0,True
108.0,44.0,7,2,7,2023,True,401,57,3,1,5.0,11107.0,9,True,False,Productivity,0,0.0,704,297.4,True
12.0,0.0,7,5,7,2023,False,244,32,1,2,103887.0,454.0,4,False,True,SaaS,3,0.0,0,0.0,True
503.0,78.0,7,4,5,2026,True,37,26,3,1,5.0,2688.0,6,False,False,Other,0,0.0,3,215.2,True
108.0,1.0,7,6,5,2023,False,258,58,3,1,3734.0,5346.0,2,True,False,API,0,0.0,18,0.0,True
103.0,151.0,7,2,6,2026,True,64,52,3,3,4354.0,2291.0,6,False,False,Other,0,0.0,654,1.8,True
624.0,0.0,7,4,5,2023,False,37,57,3,3,5.0,403.0,6,True,False,Productivity,0,0.0,2,192.1,True
222.0,10.0,7,6,7,2026,True,62,59,3,1,3161.0,14333.0,5,True,False,Productivity,0,0.0,1083,382.1,True
27.0,4.0,7,3,7,2023,False,234,21,1,1,5.0,1196.0,1,False,True,Productivity,0,0.0,0,0.0,True
4.0,2.0,4,4,7,2023,True,251,14,1,1,1888.0,3097.0,6,False,True,iOS,0,1.9,1,204.4,True
15.0,1.0,3,3,5,2026,False,369,46,3,1,60.0,123.0,10,True,False,Android,0,0.0,0,0.0,False
119.0,3.0,7,6,7,2026,True,263,60,3,2,5.0,5044.0,8,False,False,Other,0,0.0,20,2.8,True
114.0,38.0,0,4,7,2026,True,58,32,3,3,3466.0,30048.0,9,True,False,Productivity,0,0.0,4,83.2,True
6.0,129.0,7,4,3,2023,False,136,51,3,1,5.0,871.0,6,True,False,Developer Tools,0,1.0,0,0.0,True
8.0,1.0,14,3,3,2023,False,262,47,4,1,1567.0,2337.0,1,False,True,Other,0,0.0,1612,0.0,True
128.0,51.0,7,4,5,2023,False,253,38,3,1,1348.0,1875.0,6,True,False,Other,0,0.0,9,6.5,True
3.0,47.0,9,6,5,2026,False,256,41,3,1,5.0,4469.0,4,False,True,Productivity,0,0.0,2,0.0,True
3.0,1.0,8,3,3,2023,False,89,44,4,1,596.0,1927.0,8,True,True,Android,0,0.0,10,0.0,True
168.0,0.0,7,5,7,2023,True,50,54,3,0,5.0,977.0,7,False,False,Writing,0,0.0,0,0.8,True
13.0,3.0,14,4,7,2023,False,241,38,3,0,5.0,1844.0,4,False,False,Health & Fitness,0,0.4,0,0.0,True
58.0,17.0,0,1,7,2026,False,407,58,3,1,88.0,1249.0,3,False,False,Other,0,0.0,0,0.0,False
242.0,29.0,7,2,6,2023,True,242,55,3,1,1913.0,24891.0,7,True,False,Social Media,0,2.5,6,244.1,True
5.0,1.0,7,1,7,2023,False,270,57,3,1,5.0,1392.0,8,True,False,Other,0,0.0,0,0.0,True
200.0,43.0,7,2,7,2026,True,51,57,3,1,5.0,11400.0,9,True,False,Other,10,0.0,1346,303.5,True
57.0,153.0,7,1,5,2023,False,46,37,3,1,5.0,912.0,7,True,False,Writing,0,0.0,0,3.1,True
161.0,42.0,7,4,5,2026,False,38,49,3,1,946.0,10.0,6,False,False,Other,0,139.2,16,0.0,True
219.0,31.0,7,6,7,2026,True,471,60,3,1,5.0,3978.0,6,True,False,Design Tools,0,0.0,21,0.4,True
5.0,0.0,16,5,5,2023,False,210,51,4,1,1071.0,320.0,0,False,True,Marketing,0,0.0,22,3.3,True
65.0,0.0,12,0,3,2023,True,232,58,2,1,5.0,1660.0,3,False,True,Other,0,0.0,0,0.0,True
92.0,6.0,7,4,7,2023,True,219,19,3,1,209.0,623.0,2,False,False,iOS,0,0.0,0,0.0,False
5.0,30.0,15,4,5,2023,False,260,53,1,1,265.0,1141.0,4,False,True,Other,0,0.0,0,0.0,False
16.0,0.0,10,5,5,2023,False,241,44,2,1,3074.0,1104.0,2,False,True,Artificial Intelligence,0,0.0,16,0.4,True
10.0,67.0,7,6,5,2023,False,272,47,2,1,5.0,2060.0,1,True,True,Design Tools,0,0.0,0,0.0,True
155.0,66.0,6,4,7,2026,True,48,51,3,1,118823.0,425.0,6,True,False,SaaS,0,0.3,7,2.2,True
2.0,1.0,22,4,7,2023,False,202,25,3,1,469.0,3169.0,3,False,True,Other,0,0.0,0,0.0,False
106.0,5.0,7,3,7,2023,True,219,37,3,2,77051.0,4771.0,5,True,False,Analytics,4,113.25,500,208.778,False
88.0,6.0,7,3,7,2023,True,199,43,3,1,692.0,1312.0,2,False,True,API,0,0.0,0,0.0,False
112.0,18.0,8,4,1,2023,True,183,36,3,1,258.0,3413.0,6,False,True,Writing,0,0.0,0,0.0,False
6.0,0.0,12,3,1,2023,False,135,26,1,1,645.0,120.0,17,False,True,Other,0,0.0,0,0.0,False
3.0,60.0,7,4,3,2023,True,259,38,2,1,5.0,910.0,3,False,False,Other,0,2.4,0,0.0,True
170.0,107.0,7,5,7,2026,True,40,40,3,3,142.0,2305.0,6,True,False,Productivity,0,0.0,0,0.0,False
206.0,9.0,1,5,5,2026,False,60,45,3,1,5.0,1343.0,9,True,False,Developer Tools,0,0.0,0,0.0,True
115.0,4.0,7,3,3,2023,True,251,37,4,3,5.0,2711.0,4,False,True,Other,0,0.0,0,2.5,True
7.0,4.0,7,1,3,2023,False,208,31,3,1,39346.0,1180.0,4,False,False,Other,0,0.0,0,2.8,True
234.0,50.0,7,4,7,2026,True,53,53,3,1,141.0,2852.0,4,True,True,Other,0,0.0,0,0.0,False
174.0,23.0,7,1,7,2026,False,60,40,3,1,2221.0,5092.0,8,True,False,Productivity,0,0.0,18,0.9,True
140.0,1.0,14,4,3,2023,False,264,39,3,1,5.0,930.0,3,False,True,Design Tools,0,0.0,1,0.0,True
160.0,66.0,7,2,5,2026,True,69,60,3,1,1237.0,1117.0,8,True,False,Other,0,75.2,1,4.0,True
6.0,1.0,7,4,5,2023,False,231,60,3,4,81528.0,10.0,3,True,True,Marketing,3,0.0,0,0.0,True
10.0,2.0,17,1,7,2023,False,267,40,2,0,43920.0,1136.0,3,False,True,Design Tools,0,0.0,0,2.0,True
96.0,0.0,20,3,1,2023,True,180,39,3,1,1096.0,1276.0,3,True,True,Design Tools,0,0.0,0,0.0,True
69.0,0.0,16,4,5,2023,True,34,50,2,14,1065.0,324.0,4,True,True,Other,0,0.0,0,0.0,True
90.0,3.0,7,6,7,2023,True,29,46,3,1,392.0,191.0,6,True,False,Other,0,0.0,0,0.0,True
165.0,42.0,7,6,5,2023,True,239,57,3,0,242.0,429.0,1,False,False,Productivity,0,0.0,0,0.0,False
1.0,2.0,8,4,5,2023,True,236,58,5,0,5.0,413.0,6,False,True,Android,0,2.1,948,1.4,True
10.0,0.0,5,4,3,2023,False,277,46,3,1,5.0,3882.0,3,True,True,Other,0,0.0,5,1.8,True
556.0,118.0,7,2,6,2024,True,138,30,3,1,542.0,393.0,5,True,False,Productivity,0,0.0,0,0.0,False
8.0,1.0,8,4,5,2023,False,202,32,2,1,36397.0,1926.0,3,False,True,Other,0,0.0,7,1.5,True
101.0,25.0,7,6,7,2026,True,68,49,3,1,671.0,1193.0,4,True,False,Artificial Intelligence,0,0.0,40,171.0,True
125.0,0.0,14,1,3,2023,False,340,36,2,4,5.0,2709.0,3,False,True,Android,0,1.5,0,189.0,True
106.0,16.0,7,0,5,2023,True,244,51,3,1,19632.0,5018.0,6,False,False,Productivity,0,0.0,0,0.0,True
143.0,1.0,13,5,3,2023,True,239,24,3,1,563901.0,3771.0,3,True,True,Analytics,0,1.5,19,0.0,True
513.0,17.0,7,5,7,2026,True,53,56,2,1,5.0,4886.0,4,True,False,Other,0,0.0,503,188.9,True
1.0,2.0,7,1,5,2023,True,244,57,3,1,101973.0,804.0,3,True,True,Productivity,0,0.0,22,0.0,True
82.0,5.0,7,3,7,2023,True,245,56,3,1,1064.0,2414.0,4,True,True,Email,0,0.0,0,0.0,False
86.0,18.0,7,6,3,2024,True,69,45,3,1,2209.0,22887.0,6,True,False,Developer Tools,0,0.0,4,0.0,True
15.0,0.0,7,3,5,2023,True,270,47,1,1,1917.0,411.0,1,True,True,Artificial Intelligence,0,0.0,0,0.0,True
157.0,0.0,14,4,7,2023,True,71,58,5,4,5.0,453.0,3,False,True,Health & Fitness,0,0.0,0,2.2,True
1.0,0.0,7,1,1,2023,True,234,32,4,1,1067.0,1693.0,7,False,False,API,0,1.3,0,187.4,True
13.0,1.0,10,3,1,2023,False,115,31,3,1,1733.0,959.0,1,False,True,Other,0,0.0,0,1.3,True
319.0,0.0,7,1,7,2023,True,58,56,3,1,5.0,1049.0,4,True,False,Other,0,0.0,2,191.8,True
239.0,62.0,7,0,6,2026,False,64,60,3,3,1105.0,1045.0,6,True,False,Email,0,0.7,12,0.0,True
1.0,0.0,23,1,7,2023,False,251,30,4,1,2342.0,835.0,1,False,False,API,0,0.0,0,0.0,True
6.0,1.0,7,1,5,2023,False,263,32,3,1,5.0,1108.0,3,False,True,Other,0,0.0,333,0.0,True
134.0,1.0,7,0,7,2026,True,67,41,3,2,5.0,9458.0,6,False,False,Chrome Extensions,0,0.0,9,0.0,True
1.0,0.0,10,5,5,2023,False,173,35,3,0,5.0,1633.0,3,False,True,API,0,0.0,10,6.1,True
129.0,13.0,7,1,7,2023,True,59,44,3,1,248.0,1459.0,7,False,False,Other,0,0.0,0,0.0,True
123.0,20.0,0,2,5,2026,True,492,38,3,1,232.0,557.0,11,True,False,iOS,0,0.0,0,0.0,False
4.0,0.0,7,3,7,2023,True,272,26,1,1,5365.0,5428.0,4,True,True,Other,0,0.0,7,0.9,True
4.0,1.0,21,3,7,2023,False,191,34,2,1,350.0,456.0,4,False,True,Writing,0,0.0,0,0.0,False
136.0,1.0,7,3,7,2023,False,250,36,3,1,47911.0,3774.0,6,True,False,Marketing,0,0.0,2,0.1,True
170.0,0.0,19,5,5,2023,False,254,43,1,1,2186.0,2110.0,6,False,True,Artificial Intelligence,0,0.0,0,0.0,True
2.0,0.0,11,3,7,2023,False,242,15,3,1,702.0,1212.0,1,False,True,Marketing,0,0.0,0,0.0,False
127.0,41.0,7,4,5,2026,True,253,54,3,1,5.0,708.0,5,True,False,Open Source,0,0.0,0,246.7,True
156.0,0.0,7,4,7,2023,True,251,58,3,3,5.0,6438.0,6,False,False,API,0,0.0,205,0.8,True
82.0,0.0,7,0,5,2023,True,155,44,2,1,4473.0,1870.0,4,True,True,SaaS,0,0.0,21,5.0,True
9.0,0.0,8,3,3,2023,False,265,27,3,1,5.0,4351.0,6,False,True,Open Source,0,0.0,9,1.7,True
17.0,0.0,9,3,7,2023,True,210,50,3,0,24079.0,1488.0,3,False,True,Design Tools,0,0.0,0,2.0,True
10.0,0.0,7,3,5,2023,True,100,41,4,3,2608.0,2551.0,1,False,True,Other,0,0.0,23,226.8,True
623.0,0.0,7,1,7,2023,True,60,57,3,1,1302.0,1619.0,8,False,False,Productivity,0,0.0,0,277.1,True
205.0,149.0,1,2,7,2026,True,46,56,3,1,72806.0,7651.0,8,True,False,Other,0,276.6,3,5.5,True
4.0,1.0,21,1,3,2023,False,265,41,2,1,272.0,1667.0,1,False,True,Writing,0,0.0,0,2.2,True
99.0,1.0,14,1,7,2023,True,228,60,3,1,61836.0,10.0,6,False,True,Web App,0,0.5,18,0.0,True
11.0,20.0,7,0,7,2026,False,262,30,2,3,5.0,2244.0,7,True,False,Other,0,0.0,1,0.0,True
9.0,1.0,14,3,5,2023,False,209,59,4,1,5.0,4010.0,3,False,False,Developer Tools,0,0.0,0,0.0,True
13.0,2.0,11,3,7,2023,False,257,41,3,2,88649.0,347.0,6,True,False,Other,0,0.0,579,209.8566493955095,False
3.0,2.0,7,0,5,2023,False,244,46,3,2,5.0,9996.0,3,False,True,Productivity,0,0.0,1,0.8,True
942.0,121.0,7,0,7,2026,True,60,60,3,3,111.0,926.0,6,True,True,Developer Tools,0,0.0,0,0.0,False
27.0,32.0,7,1,7,2026,True,54,19,3,1,5.0,1653.0,7,True,False,Writing,0,0.0,0,0.0,True
23.0,0.0,18,3,3,2023,False,243,55,2,0,12286.0,1095.0,3,False,True,Web App,0,0.0,9,0.0,True
13.0,1.0,15,3,1,2023,False,237,57,2,1,5.0,1049.0,1,True,True,Other,0,0.0,111,1.1,True
11.0,0.0,7,1,7,2023,False,55,30,3,1,5.0,3522.0,6,False,False,Other,0,0.0,8,216.6,True
24.0,4.0,12,3,7,2023,False,255,39,3,1,3150.0,3494.0,6,False,True,Social Media,0,0.0,0,0.0,True
1.0,0.0,22,4,5,2023,False,236,60,2,1,2032.0,793.0,3,False,True,Other,0,2.3,10,0.3,True
10.0,2.0,7,0,3,2023,False,266,58,1,0,5.0,1837.0,4,False,True,Other,0,0.0,0,0.0,True
229.0,20.0,0,5,5,2026,True,241,58,3,1,4318.0,10189.0,5,False,False,Other,10,304.8,10,304.8,False
17.0,0.0,14,1,7,2023,True,218,56,2,1,5.0,4542.0,4,True,True,Productivity,0,0.0,0,0.0,True
133.0,26.0,1,0,5,2026,True,500,28,3,1,3787.0,2661.0,6,True,False,Other,0,0.0,22,0.0,True
707.0,5.0,7,2,7,2026,True,487,58,3,3,5.0,960.0,6,False,False,Productivity,40,0.0,35,0.0,True
84.0,35.0,7,1,6,2023,True,61,37,3,1,2376.0,3668.0,6,True,False,Other,10,0.0,4,1.2,True
273.0,17.0,7,4,6,2026,True,80,57,3,1,491693.0,2977.0,6,True,False,Productivity,0,0.0,0,286.3,True
137.0,17.0,7,0,7,2023,True,70,35,3,1,5.0,6488.0,8,True,False,Productivity,0,0.0,10,0.0,True
171.0,53.0,7,5,5,2023,False,49,22,3,1,5.0,5491.0,7,True,False,Design Tools,0,0.0,14,5.4,True
17.0,0.0,23,3,7,2023,False,261,53,2,1,5.0,5619.0,2,True,True,Other,0,0.0,9,0.0,True
247.0,32.0,7,0,7,2023,True,144,32,3,1,2025.0,10.0,6,True,False,SaaS,0,0.0,0,0.7,True
97.0,52.0,7,4,10,2026,True,42,58,2,1,339013.0,17608.0,6,True,False,Developer Tools,12,0.0,11,141.2,True
11.0,0.0,4,3,5,2023,False,241,31,4,1,5.0,1100.0,1,False,True,Open Source,0,0.1,0,0.0,True
90.0,1.0,7,4,5,2023,True,48,55,5,3,1215.0,1351.0,7,True,False,Productivity,0,0.0,3,0.0,True
139.0,73.0,7,3,7,2026,False,221,56,3,1,2074.0,4067.0,4,True,False,API,0,1.5,21,0.4,True
113.0,3.0,7,3,7,2023,True,244,43,3,1,153.0,2845.0,1,False,True,Other,0,1.2,18,2.5,True
149.0,37.0,7,0,7,2026,True,60,50,3,3,1694.0,154.0,7,False,False,Marketing,0,0.3,14,0.0,True
140.0,18.0,0,3,7,2023,True,55,60,3,5,1829.0,8583.0,6,False,False,Other,11,0.8,26,185.7,True
1.0,1.0,14,5,7,2023,False,246,34,2,1,1474.0,6394.0,2,False,True,Analytics,0,0.0,0,1.5,True
148.0,8.0,7,4,5,2023,False,38,52,3,1,741.0,2824.0,7,False,False,Productivity,0,0.0,0,2.0,True
327.0,122.0,7,1,7,2026,True,35,35,3,3,408.0,1980.0,4,False,True,Other,0,0.0,0,0.0,False
14.0,0.0,16,5,3,2023,False,71,36,3,1,1608.0,850.0,1,False,True,Other,0,0.0,0,2.6,True
10.0,1.0,16,6,3,2023,True,247,28,2,1,157641.0,1148.0,4,False,True,Chrome Extensions,0,0.0,2,3.4,True
10.0,0.0,14,4,3,2023,False,199,40,2,1,4959.0,4018.0,1,False,True,Other,0,0.0,0,0.0,True
62.0,5.0,7,1,7,2026,True,73,55,3,1,64329.0,558.0,4,False,False,Other,0,0.0,1735,0.0,True
2.0,1.0,1,4,5,2023,False,157,29,3,0,166.0,1082.0,3,False,False,Productivity,0,0.0,0,0.0,False
124.0,3.0,0,2,6,2026,True,445,48,3,1,2062.0,4340.0,6,True,False,Other,0,0.0,0,0.0,False
77.0,0.0,7,5,7,2023,True,232,51,2,1,1132.0,2307.0,4,True,True,Social Media,0,0.0,0,193.1,True
10.0,0.0,19,3,1,2023,False,261,30,3,0,964.0,895.0,2,False,True,Social Media,0,0.0,0,2.5,True
309.0,45.0,7,4,10,2026,True,42,49,3,6,5627.0,19821.0,7,True,False,Other,0,260.1,15,312.6,True
116.0,9.0,7,0,5,2023,True,60,43,3,3,110246.0,1357.0,3,False,False,Other,0,0.0,24,0.0,True
106.0,0.0,5,3,7,2023,True,201,59,1,3,5.0,921.0,6,False,True,Mac,0,0.0,1826,0.0,True
220.0,11.0,7,1,9,2026,True,45,52,3,1,1270.0,2147.0,8,True,False,Social Media,0,0.0,7,224.8,True
11.0,0.0,7,6,5,2023,False,262,57,2,1,5.0,3458.0,4,False,True,Artificial Intelligence,0,0.0,0,0.0,True
81.0,17.0,15,4,7,2023,True,49,60,3,3,2971.0,353.0,6,False,False,Productivity,0,0.0,7,0.0,True
809.0,69.0,9,4,7,2023,False,47,48,3,1,199466.0,2289.0,6,False,False,Web App,0,0.0,12,0.0,True
114.0,0.0,7,6,5,2023,True,243,46,3,1,5.0,617.0,7,False,True,Design Tools,0,0.0,0,1.2,True
394.0,34.0,7,1,6,2026,False,55,45,3,3,306723.0,1998.0,7,True,False,Design Tools,1,0.0,0,0.0,True
198.0,3.0,7,2,7,2026,True,67,32,3,1,5.0,630.0,7,True,False,Other,0,0.0,20,6.4,True
274.0,3.0,7,0,11,2023,True,229,60,3,1,5.0,2721.0,8,True,False,API,0,1.6,12,0.0,True
104.0,2.0,7,5,3,2023,False,291,58,2,1,5.0,1773.0,2,False,True,Other,0,0.0,0,0.0,True
1184.0,11.0,7,0,7,2026,True,80,59,5,1,5.0,11010.0,6,False,False,API,0,0.0,1,67.3,True
24.0,12.0,10,6,5,2026,False,270,52,3,1,767.0,112.0,6,False,False,Education,0,0.0,0,0.0,False
122.0,59.0,1,2,12,2026,True,290,35,3,3,100514.0,3796.0,6,False,False,Productivity,0,0.0,7,0.7,True
215.0,48.0,1,2,6,2026,True,34,28,3,3,203677.0,6637.0,9,True,False,Productivity,0,0.0,2577,386.2,True
285.0,2.0,19,4,1,2023,False,250,53,3,1,1431.0,899.0,5,False,True,Other,0,0.0,0,221.2,True
8.0,0.0,22,4,5,2023,False,249,50,3,5,249848.0,136.0,5,True,False,Productivity,0,0.0,1652,191.62953995157383,False
27.0,0.0,10,3,5,2023,True,257,33,2,1,598.0,2824.0,3,False,True,Android,0,0.3,1,3.7,True
85.0,44.0,7,3,9,2026,True,48,42,3,1,5029.0,1660.0,8,True,False,API,0,0.0,12,193.1,True
77.0,0.0,7,5,7,2023,True,231,21,3,2,24193.0,842.0,4,False,False,Productivity,0,0.0,3067,0.0,True
128.0,0.0,11,1,5,2023,True,252,38,3,0,903.0,488.0,1,True,True,Marketing,0,0.0,4,1.2,True
115.0,30.0,15,5,5,2023,False,138,26,1,1,498.0,527.0,3,False,True,Design Tools,0,0.0,355,0.6,True
288.0,38.0,0,0,6,2026,True,51,59,3,6,67927.0,1389.0,6,True,False,Other,0,252.6,3,0.0,True
225.0,38.0,7,2,7,2023,True,56,41,3,1,1470.0,3943.0,7,False,False,Fintech,0,0.0,20,0.0,True
165.0,18.0,0,5,6,2026,True,437,41,3,1,514.0,481.0,5,True,False,Developer Tools,0,0.0,0,0.0,False
146.0,8.0,7,4,7,2026,False,57,49,3,1,1562.0,929.0,7,True,False,Other,0,0.0,0,0.0,True
101.0,151.0,1,6,7,2026,True,295,54,3,1,5.0,24513.0,6,True,False,Other,1,0.0,0,0.0,True
126.0,37.0,0,4,6,2026,True,50,42,3,8,590292.0,5832.0,8,True,False,Productivity,9,0.5,11,214.7,True
2.0,0.0,9,3,5,2023,True,355,35,2,1,5.0,2500.0,1,True,True,Analytics,0,0.0,398,1.6,True
152.0,47.0,18,1,6,2024,False,58,56,3,2,635.0,7592.0,8,False,False,Productivity,0,0.0,0,4.3,True
141.0,0.0,15,1,5,2026,False,355,52,2,1,5.0,2127.0,6,True,False,Other,1,0.0,0,2.6,True
192.0,21.0,7,3,7,2026,True,38,59,3,1,752.0,2803.0,6,True,False,Developer Tools,0,0.0,9,1.8,True
133.0,19.0,0,1,5,2026,True,150,49,3,1,432.0,100.0,8,False,False,Android,0,0.0,0,0.0,False
2.0,0.0,6,0,3,2023,False,140,33,2,1,81579.0,2303.0,3,False,True,Other,0,0.0,0,0.0,True
2.0,0.0,7,4,7,2023,False,252,59,2,3,1265.0,1780.0,1,False,True,Education,0,0.0,1,86.0,False
129.0,0.0,12,4,5,2023,False,237,58,3,1,5.0,2408.0,7,False,False,Design Tools,0,0.0,360,0.8,True
2.0,1.0,12,3,1,2023,False,244,43,1,1,47.0,2476.0,1,False,True,Education,0,0.0,0,0.0,False
1.0,1.0,9,3,7,2023,False,139,26,3,0,464.0,226.0,3,False,False,Fintech,0,0.0,0,0.0,False
277.0,16.0,7,6,7,2026,False,491,59,3,1,5.0,2399.0,7,True,False,Design Tools,0,0.0,9,0.0,True
85.0,44.0,7,6,6,2026,True,74,25,3,1,5268.0,2129.0,6,True,False,Other,0,0.0,13,1.3,True
4.0,0.0,7,4,1,2023,False,73,23,3,1,42.0,2705.0,1,False,True,Other,0,0.0,0,0.0,False
20.0,1.0,9,4,7,2023,True,260,48,3,1,2947.0,2039.0,3,False,True,Other,0,0.0,0,0.0,True
282.0,15.0,7,3,5,2023,True,367,44,3,1,2122.0,10.0,1,True,False,Analytics,0,0.0,3,1.4,True
2.0,0.0,12,3,7,2023,False,239,32,3,0,343.0,1365.0,6,True,False,Other,0,0.0,0,0.0,False
75.0,4.0,10,6,7,2026,True,479,41,3,1,883.0,1188.0,3,True,False,Other,0,0.0,885,0.0,True
275.0,66.0,7,0,6,2026,True,59,40,3,3,5.0,8015.0,5,True,False,Email,0,1.6,0,204.0,True
1.0,0.0,12,3,3,2023,False,259,24,3,1,585.0,1661.0,3,False,True,Design Tools,0,0.0,1,2.9,True
1.0,0.0,10,0,5,2023,False,198,47,4,1,5.0,3439.0,1,False,True,Other,0,0.0,0,0.9,True
207.0,15.0,7,5,6,2026,False,279,44,3,8,2333.0,14267.0,6,True,False,Productivity,0,0.0,5,230.2,True
278.0,30.0,7,2,6,2026,False,211,55,3,1,1971.0,2687.0,5,True,False,Mac,1,0.0,0,46.1,True
1024.0,10.0,7,6,7,2026,True,38,55,3,2,2119.0,2591.0,4,True,False,Other,11,0.0,0,0.0,True
1.0,0.0,17,3,5,2023,False,214,30,2,1,5.0,1976.0,7,False,True,Android,0,0.0,4,2.1,True
120.0,83.0,7,6,5,2023,True,50,20,3,9,5.0,3378.0,6,False,False,Marketing,8,0.0,0,0.0,True
264.0,64.0,7,1,7,2026,True,500,49,3,1,1299.0,6224.0,6,True,False,Web App,0,0.7,18,0.0,True
198.0,4.0,7,1,6,2026,True,492,49,3,3,124857.0,3469.0,5,True,False,Productivity,0,0.0,6,1.1,True
123.0,22.0,7,2,6,2026,True,389,56,3,2,5.0,20776.0,6,True,False,Design Tools,0,0.0,6,335.9,True
8.0,0.0,7,0,5,2023,False,44,59,3,1,894.0,732.0,6,True,False,Developer Tools,0,0.0,2564,1.4,True
139.0,6.0,19,0,5,2025,True,137,48,3,1,1576.0,4048.0,9,True,False,Artificial Intelligence,1,115.0,1,115.0,False
547.0,26.0,7,6,7,2026,True,50,21,3,3,5644.0,1548.0,5,True,False,Productivity,0,219.1,0,0.0,True
2.0,0.0,18,5,1,2023,False,253,32,3,1,332.0,1463.0,1,False,True,Other,0,0.0,0,0.0,False
133.0,26.0,7,3,6,2026,False,51,51,3,1,317.0,545.0,5,False,False,Other,0,0.0,0,0.0,False
8.0,0.0,9,3,3,2023,True,154,40,1,1,5.0,1431.0,6,False,False,Productivity,0,0.0,32,208.7,True
137.0,12.0,7,3,7,2026,False,305,58,1,3,5.0,1044.0,7,True,False,Other,0,0.0,0,0.0,True
141.0,27.0,1,6,5,2026,True,68,45,3,1,219955.0,3494.0,7,True,False,Marketing,16,0.0,0,374.9,True
3.0,2.0,11,4,1,2023,True,252,58,3,1,5.0,1643.0,4,False,True,Other,0,0.0,20,1.6,True
264.0,63.0,7,1,7,2026,False,57,50,3,3,182.0,419.0,6,False,False,Web App,0,0.0,20,0.0,True
117.0,15.0,7,5,3,2023,True,44,27,3,0,597.0,13750.0,9,False,False,Design Tools,0,0.0,16,2.9,True
1.0,3.0,10,4,7,2023,False,250,21,3,3,575.0,5257.0,4,True,True,Marketing,0,0.2,0,212.6,True
16.0,0.0,5,5,3,2023,False,243,28,4,1,5.0,7137.0,3,False,True,Android,0,0.0,1,0.0,True
104.0,1.0,7,6,5,2023,False,303,48,3,1,2803.0,1562.0,1,False,False,Design Tools,0,0.0,0,3.0,True
20.0,1.0,7,0,7,2023,False,231,21,3,1,850.0,2877.0,10,False,True,Developer Tools,0,0.0,0,0.0,True
10.0,0.0,15,5,3,2023,False,268,35,1,0,5.0,10.0,6,True,True,Education,0,0.0,16,204.7,True
12.0,2.0,7,0,7,2023,True,262,58,3,1,5.0,1213.0,1,False,True,Other,0,0.0,0,2.4,True
124.0,0.0,8,3,7,2023,False,244,38,1,4,5.0,1001.0,3,True,True,Productivity,0,1.3,0,2.7,True
157.0,0.0,19,0,3,2023,False,42,41,3,2,5.0,2424.0,2,False,True,Design Tools,0,0.0,1698,0.3,True
23.0,4.0,17,3,5,2023,False,277,49,3,1,3735.0,3415.0,1,False,True,iOS,0,0.0,2,0.0,True
596.0,22.0,7,3,8,2026,True,209,49,3,2,3306.0,586.0,8,True,False,Other,0,0.7,1,2.1,True
14.0,4.0,7,6,7,2026,False,40,40,3,2,519.0,1279.0,6,False,False,Other,1,13.0,1,13.0,False
354.0,0.0,7,3,7,2026,False,359,57,3,1,111.0,954.0,7,False,False,Productivity,0,0.7,0,0.0,True
4.0,0.0,5,3,1,2023,True,257,19,1,0,5.0,873.0,1,False,True,Design Tools,0,0.0,3,0.5,True
312.0,101.0,7,1,6,2026,False,45,52,3,3,2348.0,38161.0,9,True,False,Open Source,4,0.0,24,194.5,True
133.0,61.0,7,4,5,2023,True,137,60,3,0,743.0,679.0,6,False,False,Other,0,0.0,0,0.0,False
93.0,2.0,10,1,5,2023,False,187,41,3,1,3522.0,1479.0,7,False,False,Design Tools,0,0.0,3,1.3,True
199.0,11.0,7,3,5,2024,False,167,42,3,1,384.0,1078.0,9,True,False,Design Tools,0,0.0,0,0.0,False
134.0,1.0,7,3,7,2023,False,242,52,2,1,5.0,474.0,1,True,False,Fintech,0,0.0,0,0.0,True
1.0,1.0,14,1,3,2023,False,256,39,3,1,5.0,851.0,3,False,True,Other,0,0.0,0,0.0,True
3.0,2.0,6,4,3,2023,False,240,57,3,1,313.0,3241.0,6,True,True,Other,0,0.0,2,0.0,True
96.0,10.0,11,5,10,2026,False,176,31,3,1,5.0,1209.0,6,False,False,Productivity,0,0.0,6,0.1,True
3.0,0.0,6,4,1,2023,False,95,41,1,1,454.0,688.0,1,False,True,Other,0,0.0,0,0.0,False
3.0,1.0,9,4,1,2023,False,288,41,3,1,197.0,3432.0,6,False,True,Android,0,0.0,0,0.0,False
86.0,9.0,7,0,5,2026,True,43,54,3,2,964.0,5124.0,6,True,False,Email,0,0.0,141,1.5,True
93.0,1.0,18,0,7,2023,False,42,39,3,1,1560.0,369.0,4,True,False,API,0,0.0,950,2.2,True
411.0,0.0,7,0,7,2023,False,55,50,3,2,653.0,1902.0,9,False,False,Fintech,0,0.0,0,2.1,True
107.0,2.0,8,6,9,2023,False,259,60,2,1,5.0,2766.0,4,True,True,Design Tools,0,0.0,5,0.0,True
165.0,2.0,7,3,5,2026,False,69,42,3,1,765.0,9617.0,8,True,False,Other,0,0.0,18,215.6,True
7.0,0.0,12,1,3,2025,False,270,47,3,7,378238.0,160.0,4,False,False,Other,0,0.0,8,0.3,True
28.0,3.0,0,6,5,2026,False,247,36,3,1,7103.0,21151.0,5,True,False,Other,23,429.17391304347825,23,429.17391304347825,False
192.0,36.0,7,6,6,2026,False,176,53,3,2,3577.0,24275.0,6,True,False,Developer Tools,0,2.7,19,5.7,True
392.0,74.0,7,6,9,2026,True,71,47,3,1,2214.0,16746.0,5,True,False,Artificial Intelligence,0,0.0,25,256.4,True
202.0,126.0,1,4,6,2026,True,48,34,3,1,3081.0,10338.0,6,True,False,Other,5,247.9,0,331.5,True
1.0,6.0,8,1,7,2023,False,185,53,3,1,5.0,10.0,7,False,True,Open Source,0,1.2,342,2.3,True
107.0,32.0,7,6,5,2026,False,69,60,3,1,2357.0,473.0,6,True,False,Productivity,0,0.0,2,201.8,True
187.0,0.0,6,2,7,2023,False,30,60,3,2,5.0,1108.0,4,True,False,Other,0,0.0,8,1.0,True
16.0,2.0,7,0,7,2023,True,222,60,3,1,5.0,760.0,4,False,False,Other,0,0.0,14,2.9,True
304.0,25.0,7,6,6,2026,True,59,56,3,1,1365.0,12312.0,8,True,False,Productivity,2,0.0,5,260.8,True
1.0,4.0,18,0,7,2023,False,37,24,3,1,1235.0,281.0,1,False,False,Marketing,0,0.0,0,0.0,True
6.0,0.0,10,1,3,2023,False,255,25,3,0,3011.0,2756.0,1,False,True,Developer Tools,0,0.0,0,1.0,True
120.0,3.0,7,3,5,2023,True,70,48,1,1,2250.0,1192.0,7,True,True,Other,0,0.0,9,130.2,True
127.0,0.0,16,4,5,2026,False,210,43,3,5,57735.0,1727.0,7,False,False,Web App,0,0.0,0,3.5,True
1.0,0.0,7,3,5,2023,False,272,57,3,1,4385.0,2330.0,3,False,True,Education,0,3.5,0,0.0,True
279.0,49.0,7,6,7,2026,True,479,44,3,1,1104.0,1510.0,16,True,False,Other,0,41.3,26,191.3,True
21.0,15.0,7,6,3,2023,False,223,57,3,3,5.0,2386.0,2,True,False,Productivity,0,0.0,411,0.0,True
4.0,2.0,12,3,1,2023,True,256,30,4,1,5.0,765.0,3,False,True,Other,0,0.0,4,7.5,True
4.0,4.0,12,3,1,2023,False,225,57,2,1,2674.0,1914.0,4,False,True,Analytics,0,0.0,1,2.0,True
204.0,38.0,7,5,6,2026,True,70,56,4,1,3934.0,313.0,8,False,False,Analytics,2,0.0,0,178.6,True
124.0,13.0,7,3,7,2023,True,253,50,3,9,587279.0,958.0,4,False,False,Productivity,0,0.0,3904,209.83811475409837,False
39.0,0.0,7,4,5,2023,False,184,51,3,1,193861.0,4767.0,6,True,False,Social Media,0,0.0,0,0.8,True
1.0,0.0,21,4,1,2023,True,255,16,1,1,3329.0,980.0,3,False,True,Other,0,0.0,10,5.2,True
253.0,25.0,7,0,5,2026,True,235,46,3,1,5.0,2228.0,6,True,False,Design Tools,0,0.0,1857,193.7,True
30.0,0.0,15,4,7,2023,False,212,30,3,1,5.0,1383.0,1,False,True,Other,0,0.8,0,0.0,True
1.0,2.0,9,3,1,2023,False,181,57,3,1,3933.0,1170.0,1,True,True,Fintech,0,0.0,11,2.4,True
320.0,41.0,7,4,7,2025,False,202,57,3,3,632.0,453.0,4,False,False,Chrome Extensions,0,0.0,278,7.3,True
13.0,18.0,7,1,7,2023,False,248,39,3,3,5.0,5065.0,4,True,True,Design Tools,0,0.0,20,2.4,True
36.0,5.0,15,3,7,2023,False,180,34,2,0,5.0,934.0,1,False,True,Web App,0,0.5,0,2.3,True
5.0,1.0,21,4,5,2023,False,150,33,3,2,63343.0,1035.0,4,False,False,Education,0,0.0,412,192.08252427184465,False
133.0,0.0,7,3,3,2023,True,352,44,3,0,5.0,573.0,6,False,True,Other,0,2.1,0,0.0,True
13.0,2.0,7,4,3,2023,False,219,60,1,3,5.0,773.0,3,False,False,Design Tools,0,2.1,6,1.4,True
912.0,1.0,5,0,5,2023,False,240,36,4,3,103937.0,1265.0,6,True,False,Other,0,2.8,14,0.0,True
134.0,0.0,7,0,5,2026,True,217,50,3,0,5.0,998.0,7,True,False,Productivity,0,0.0,7,5.5,True
291.0,13.0,1,4,7,2026,True,67,60,3,1,2827.0,11837.0,10,True,False,Productivity,14,0.0,0,178.9,True
84.0,3.0,8,4,5,2023,True,118,37,2,1,133.0,3805.0,4,True,True,Social Media,0,0.0,0,0.0,False
156.0,32.0,7,1,7,2026,True,60,60,3,1,1572.0,1677.0,6,False,False,Productivity,0,0.0,5,1.2,True
112.0,101.0,7,3,4,2026,False,19,40,3,1,1026.0,1170.0,4,True,False,Other,0,0.0,2,217.6,True
2.0,1.0,7,3,1,2023,False,214,28,3,1,828.0,3378.0,2,False,True,Other,0,0.0,0,0.0,False
282.0,2.0,7,0,7,2026,True,276,57,3,1,117270.0,962.0,6,True,False,Productivity,0,0.0,0,0.0,True
157.0,9.0,7,5,7,2023,False,79,30,5,1,5071.0,1551.0,5,True,True,Education,0,0.6,0,188.1,True
364.0,55.0,7,5,6,2026,True,34,34,3,2,622.0,168.0,8,True,False,Design Tools,0,0.0,0,0.0,False
86.0,0.0,0,3,5,2023,True,237,48,4,1,5.0,956.0,4,False,False,Other,0,0.0,3,0.8,True
7.0,10.0,7,5,7,2023,True,230,35,3,1,5.0,1543.0,4,False,False,Other,0,0.0,25,2.8,True
60.0,35.0,8,4,6,2026,False,484,39,3,1,232.0,114.0,15,True,False,Android,0,0.0,0,0.0,False
136.0,2.0,15,3,3,2023,True,264,28,3,1,1550.0,856.0,3,False,True,Other,0,0.0,0,4.4,True
16.0,30.0,7,4,7,2023,False,261,21,3,1,1066.0,608.0,5,False,True,Web App,0,1.1,0,2.8,True
4.0,1.0,16,6,5,2023,False,62,40,3,0,14.0,1400.0,3,False,False,Other,0,0.0,0,0.0,False
124.0,15.0,7,2,5,2026,False,58,43,3,1,5.0,4342.0,6,True,False,Productivity,0,0.0,0,0.0,True
94.0,7.0,21,0,3,2023,True,230,42,3,3,305358.0,1045.0,4,False,True,Other,0,0.0,3,0.1,True
639.0,0.0,7,5,7,2023,True,73,33,2,1,5.0,1296.0,4,False,False,iOS,0,0.0,442,1.5,True
3.0,2.0,7,4,7,2023,False,203,33,3,1,469.0,2410.0,4,True,True,API,0,0.0,0,0.0,False
2.0,1.0,8,3,1,2023,False,270,57,1,1,3447.0,5218.0,3,False,True,Education,0,0.0,1,1.7,True
21.0,2.0,7,4,5,2023,False,243,48,3,1,5.0,45.0,6,True,False,Other,0,0.0,0,181.1,True
569.0,74.0,1,3,7,2026,True,483,60,3,15,2088.0,23551.0,6,True,False,Other,13,250.6,23,299.6,True
538.0,80.0,9,3,3,2026,True,64,46,3,1,77103.0,301.0,6,False,False,Fintech,0,0.0,2,0.2,True
148.0,33.0,7,4,9,2026,False,40,60,3,1,180810.0,19403.0,4,True,False,Productivity,0,0.2,34,540.5,True
1.0,0.0,22,3,5,2023,True,208,34,3,1,5.0,2164.0,2,False,True,Android,0,0.0,0,0.1,True
4.0,1.0,12,4,1,2023,False,112,39,3,1,370.0,2838.0,4,True,True,Other,0,0.0,0,0.0,False
160.0,11.0,7,6,7,2026,True,51,47,3,3,5.0,661.0,9,False,False,Productivity,0,0.0,0,0.0,True
184.0,9.0,0,3,5,2026,True,338,59,3,1,1972.0,4131.0,2,False,False,Email,1,184.0,1,184.0,False
117.0,0.0,3,0,7,2023,True,259,37,4,1,5.0,2588.0,1,False,True,Education,0,1.2,0,2.3,True
140.0,0.0,20,3,7,2023,True,252,43,3,1,1323.0,79.0,4,False,True,Design Tools,0,1.9,12,0.0,True
117.0,89.0,7,4,11,2024,True,59,58,3,1,742.0,1548.0,8,False,False,Design Tools,0,0.0,0,0.0,True
262.0,295.0,7,1,6,2026,True,63,60,3,1,4147.0,1125.0,5,True,False,API,17,0.4,7,0.0,True
3.0,0.0,1,3,1,2023,False,270,20,2,0,352.0,3601.0,9,False,False,Android,0,0.0,0,0.0,False
85.0,2.0,7,5,7,2026,False,280,38,3,1,5.0,990.0,5,True,True,Other,0,0.0,339,0.0,True
123.0,52.0,7,0,7,2026,False,46,30,3,1,445.0,3509.0,4,False,False,Other,1,0.0,438,0.3,True
94.0,3.0,7,4,3,2023,True,265,54,3,3,38481.0,2793.0,1,False,True,Android,0,0.0,59,0.0,True
22.0,0.0,5,4,5,2023,False,184,30,3,1,5.0,901.0,3,False,True,Other,0,0.0,0,0.0,True
122.0,1.0,7,2,5,2023,False,69,42,3,1,1920.0,676.0,4,True,True,Other,0,0.0,0,0.0,True
17.0,2.0,0,5,6,2026,False,429,44,3,1,234.0,626.0,3,False,False,Email,0,0.0,0,0.0,False
148.0,0.0,9,5,7,2023,False,248,29,4,1,5.0,634.0,4,False,True,Marketing,0,0.0,0,2.0,True
507.0,8.0,7,4,5,2026,False,54,37,3,3,1294.0,2279.0,6,True,False,Design Tools,0,0.0,7,20.9,True
12.0,2.0,7,3,7,2023,True,292,58,3,1,5.0,699.0,6,True,False,Design Tools,0,0.0,0,1.9,True
130.0,14.0,7,2,7,2026,False,31,31,2,3,665.0,3155.0,4,False,True,Productivity,1,17.0,1,17.0,False
1.0,2.0,13,0,3,2023,True,266,37,3,1,1534.0,2060.0,4,False,True,iOS,0,0.0,310,2.1,True
203.0,61.0,7,2,6,2026,False,59,58,3,2,2131.0,840.0,9,True,False,Other,0,1.2,6,263.4,True
617.0,128.0,7,6,7,2026,True,58,58,3,1,20.0,4057.0,6,True,False,Design Tools,0,0.0,0,0.0,False
158.0,8.0,7,4,7,2026,False,67,25,3,1,1861.0,2858.0,4,True,False,Other,0,0.0,0,217.7,True
37.0,2.0,7,1,7,2023,True,58,39,3,1,5.0,1072.0,6,True,False,Hiring,0,1.7,799,0.0,True
93.0,76.0,7,1,3,2023,False,30,60,3,1,2844.0,1119.0,6,True,False,Open Source,0,0.0,1552,0.5,True
14.0,1.0,0,5,6,2026,False,255,57,3,1,215.0,763.0,2,True,False,iOS,0,0.0,0,0.0,False
5.0,1.0,7,5,5,2023,False,244,56,3,1,522.0,1196.0,6,False,True,Productivity,2,5.5,2,5.5,False
429.0,33.0,7,2,6,2026,True,67,52,3,1,688.0,5227.0,6,True,False,Other,1,141.5,18,3.9,True
15.0,0.0,19,3,3,2023,False,409,49,1,1,1038.0,642.0,3,False,True,SaaS,0,0.0,370,229.3,True
195.0,35.0,7,3,7,2023,True,256,32,3,1,418.0,3400.0,4,True,True,Chrome Extensions,0,0.0,0,0.0,False
236.0,16.0,7,0,5,2026,True,56,39,3,3,3399.0,1059.0,4,True,False,Artificial Intelligence,0,0.0,10,212.4,True
2.0,0.0,7,5,7,2023,False,281,28,3,1,3046.0,2527.0,0,False,True,Marketing,0,0.0,0,0.0,True
9.0,1.0,14,4,1,2023,False,231,60,4,0,60.0,695.0,1,True,True,Design Tools,0,0.0,1,0.0,True
151.0,3.0,1,3,7,2023,True,214,34,3,6,37852.0,608.0,4,True,False,Other,0,1.4,7,0.4,True
17.0,0.0,13,3,7,2023,False,255,59,3,1,943.0,2620.0,6,True,True,Open Source,0,1.5,0,0.0,True
16.0,0.0,7,4,7,2023,False,267,43,2,1,5.0,3225.0,4,False,True,Android,0,0.0,0,0.0,True
135.0,0.0,7,5,5,2023,False,277,29,3,2,759.0,1387.0,6,False,True,Design Tools,0,0.0,0,0.5,True
302.0,89.0,0,0,6,2026,False,49,55,3,1,5.0,4389.0,4,False,False,Productivity,1,156.2,2,243.4,True
172.0,9.0,16,2,10,2019,True,102,20,3,1,217.0,1975.0,2,False,False,Other,0,0.0,0,0.0,False
211.0,0.0,7,0,5,2023,True,60,37,3,1,5.0,3514.0,4,False,False,Productivity,0,0.0,1091,218.8,True
108.0,6.0,9,1,5,2023,False,250,39,3,2,3174.0,2452.0,3,False,False,Android,0,0.1,15,0.0,True
505.0,166.0,7,2,7,2026,True,59,59,3,1,139.0,752.0,8,True,True,API,0,0.0,0,0.0,False
159.0,3.0,7,1,7,2023,False,259,45,5,1,5.0,1268.0,8,False,False,Productivity,0,0.0,0,0.0,True
113.0,0.0,13,0,3,2023,True,266,26,4,0,42.0,948.0,4,False,True,Education,0,0.0,205,0.0,True
77.0,1.0,9,1,3,2023,True,256,58,3,1,343.0,12259.0,6,True,True,Other,0,0.0,0,0.0,False
163.0,14.0,7,4,7,2026,True,42,49,3,1,881.0,13240.0,7,True,False,Design Tools,0,0.0,10,0.0,True
1.0,0.0,7,3,3,2023,False,260,41,2,1,5.0,141.0,1,False,True,Other,0,0.0,2,1.6,True
3.0,0.0,19,0,7,2023,False,279,29,3,3,5.0,1101.0,6,False,True,Design Tools,0,0.0,0,0.4,True
399.0,2.0,7,1,7,2023,False,237,28,3,1,2771.0,1917.0,3,False,True,Developer Tools,0,0.0,0,0.0,True
110.0,0.0,4,4,5,2023,True,255,32,4,1,1552.0,1242.0,5,False,True,SaaS,0,0.4,9,0.0,True
9.0,0.0,7,4,11,2023,True,226,35,1,1,2979.0,4501.0,6,False,True,Developer Tools,0,1.2,0,0.0,True
3.0,1.0,19,5,5,2023,False,132,58,3,0,97.0,2528.0,3,True,False,SaaS,0,0.0,0,0.0,False
98.0,0.0,7,4,3,2023,False,265,44,3,1,5.0,1204.0,6,False,True,Chrome Extensions,0,0.0,4,192.4,True
241.0,54.0,7,3,7,2026,False,482,55,3,1,4124.0,10.0,6,True,False,Other,8,0.0,25,0.0,True
125.0,9.0,7,1,5,2026,True,56,59,3,1,5.0,446.0,8,True,False,Fintech,0,0.0,2252,0.2,True
241.0,7.0,7,3,7,2026,False,66,57,1,2,5.0,33096.0,6,True,False,Productivity,0,0.5,13,0.0,True
163.0,3.0,7,1,7,2026,True,52,60,3,1,432.0,3529.0,8,False,False,Other,0,0.0,0,0.0,True
182.0,10.0,7,4,5,2023,True,62,58,3,1,5.0,133.0,4,False,True,Other,0,0.0,27,0.0,True
430.0,248.0,7,0,7,2025,True,67,31,3,1,4752.0,713.0,8,True,False,Developer Tools,0,0.0,7,311.8,True
225.0,0.0,7,4,5,2023,True,74,40,1,1,5.0,4746.0,6,False,False,Productivity,0,0.0,0,0.0,True
115.0,3.0,7,0,7,2023,True,58,42,3,3,1898.0,3748.0,4,False,True,Other,0,0.0,0,0.0,True
12.0,4.0,7,4,3,2023,True,248,22,1,1,5.0,866.0,1,False,True,Design Tools,0,0.0,8,3.1,True
161.0,21.0,7,4,7,2026,True,236,53,3,1,5.0,553.0,4,False,False,SaaS,0,0.0,0,1.2,True
479.0,24.0,7,4,6,2026,True,35,39,3,1,300084.0,608.0,4,True,False,Other,1,0.3,23,0.0,True
113.0,22.0,0,1,5,2026,True,282,54,3,1,218.0,844.0,4,False,False,Mac,0,0.0,0,0.0,False
4.0,102.0,7,4,5,2025,False,130,45,3,1,5.0,2864.0,6,False,True,Android,0,0.0,0,1.5,True
12.0,0.0,15,4,7,2023,True,63,54,3,1,4710.0,3050.0,8,False,True,Productivity,0,0.0,360,0.0,True
6.0,0.0,4,1,3,2023,True,194,60,2,1,1533.0,702.0,3,False,True,Design Tools,0,0.0,8,0.0,True
1.0,0.0,14,3,7,2023,False,261,14,3,1,5.0,3627.0,3,False,True,Other,0,0.0,0,0.5,True
16.0,0.0,7,0,3,2023,True,258,32,3,0,5.0,1199.0,1,False,True,Productivity,0,0.0,0,0.0,True
77.0,46.0,7,5,7,2024,False,286,46,3,0,2817.0,3142.0,3,False,False,Developer Tools,0,0.0,0,2.0,True
103.0,0.0,7,3,7,2023,False,242,48,3,1,5.0,1870.0,3,False,True,Fintech,0,0.0,27,4.2,True
6.0,1.0,12,3,3,2023,False,245,48,1,0,5.0,666.0,1,True,True,Fintech,0,0.0,0,2.0,True
1.0,0.0,18,3,7,2023,False,232,26,1,1,2862.0,1007.0,3,False,True,Other,0,0.0,0,0.0,True
285.0,2.0,7,1,6,2026,True,45,54,3,2,2018.0,10110.0,6,False,False,Productivity,0,0.0,11,0.0,True
152.0,208.0,4,5,5,2023,False,237,35,3,1,5.0,4267.0,5,True,False,Productivity,0,0.0,17,191.4,True
120.0,0.0,7,3,5,2023,False,415,34,3,1,1291.0,1829.0,6,True,False,Productivity,0,0.0,8,4.6,True
5.0,3.0,23,5,1,2023,True,157,28,2,1,924.0,661.0,2,False,True,Other,0,0.0,0,0.0,True
97.0,1.0,7,4,7,2023,False,271,36,3,1,706.0,1729.0,6,False,True,Other,0,0.0,17,0.0,True
3.0,0.0,7,3,3,2023,True,264,43,2,1,5.0,4082.0,3,False,True,Design Tools,0,0.0,3,207.2,True
4.0,0.0,7,3,7,2023,False,104,47,2,4,5.0,736.0,6,False,True,Android,0,0.0,0,0.0,True
74.0,53.0,7,3,7,2026,False,299,39,1,6,2726.0,699.0,3,False,False,Social Media,0,0.0,3150,1.5,True
2.0,0.0,23,1,7,2023,False,276,49,3,1,5.0,12662.0,4,False,True,Other,0,0.0,0,2.2,True
18.0,0.0,7,3,7,2023,False,47,60,1,1,5.0,2581.0,8,True,True,Open Source,0,0.0,0,1.2,True
248.0,63.0,7,0,6,2026,True,58,58,3,1,115.0,93.0,4,True,False,Productivity,0,0.0,0,0.0,False
101.0,0.0,7,3,7,2023,True,267,52,2,1,136272.0,971.0,8,True,True,Android,0,0.0,10,195.0,True
150.0,14.0,7,4,7,2025,True,68,45,3,0,257987.0,862.0,7,True,False,Fintech,11,0.0,2,0.0,True
21.0,0.0,7,3,3,2023,True,255,37,2,0,5.0,3617.0,2,False,True,Marketing,0,0.0,27,2.4,True
325.0,14.0,20,0,5,2026,True,65,51,3,3,5.0,12545.0,6,True,False,Productivity,0,0.0,10,0.0,True
516.0,50.0,16,5,8,2024,True,63,53,3,1,348.0,374.0,1,False,False,Productivity,0,0.0,0,0.0,False
2.0,0.0,15,3,3,2023,True,158,35,1,1,22763.0,2154.0,3,False,False,Productivity,0,0.0,0,0.0,True
148.0,22.0,7,2,7,2026,False,66,55,3,1,3913.0,213.0,5,True,False,Fintech,0,0.0,0,1.1,True
122.0,0.0,7,4,7,2023,False,254,49,5,1,5.0,2126.0,3,False,True,Health & Fitness,0,0.0,0,0.0,True
113.0,28.0,7,2,7,2023,True,39,44,4,1,473322.0,2866.0,6,True,False,Productivity,0,0.0,15,355.0,True
108.0,9.0,7,3,7,2026,False,47,47,3,3,226.0,103.0,7,False,True,Developer Tools,0,0.0,0,0.0,False
2.0,1.0,5,5,1,2023,False,181,52,3,1,940.0,523.0,3,False,True,Education,0,0.0,0,0.0,False
158.0,11.0,7,4,5,2026,True,33,44,3,7,5.0,2591.0,4,True,True,iOS,6,0.0,0,199.7,True
107.0,0.0,7,4,7,2026,True,271,60,5,1,2808.0,3250.0,6,False,True,Design Tools,0,0.0,4,3.7,True
10.0,2.0,10,5,3,2023,False,275,50,2,1,5.0,2503.0,4,False,True,Design Tools,0,2.5,5,0.9,True
77.0,7.0,8,4,1,2023,True,260,26,4,1,23.0,3460.0,3,False,True,Chrome Extensions,0,0.0,0,0.0,False
299.0,55.0,7,2,7,2023,True,246,39,5,4,199554.0,2436.0,7,False,False,Productivity,0,0.0,1317,184.20956719817767,False
272.0,42.0,7,2,6,2026,True,34,55,3,3,2754.0,12307.0,5,True,False,Other,1,0.8,1,223.7,True
108.0,43.0,7,3,5,2026,True,71,28,3,1,3415.0,768.0,7,True,False,Other,0,0.0,9,2.6,True
1.0,0.0,11,1,5,2023,True,208,44,4,0,5.0,1923.0,3,False,True,Fintech,0,0.0,16,3.2,True
296.0,105.0,1,2,6,2026,True,71,47,3,1,148.0,1693.0,6,True,False,Design Tools,0,153.6,46,3.8,True
17.0,0.0,16,3,3,2023,True,259,60,3,1,5.0,2568.0,5,True,True,Design Tools,0,0.0,13,0.0,True
259.0,11.0,1,0,7,2026,True,61,54,3,6,205606.0,7005.0,5,True,False,Other,24,1.1,241,191.6,True
272.0,7.0,7,3,7,2026,True,467,41,3,3,1097.0,2738.0,8,False,False,Design Tools,0,0.0,0,0.0,True
162.0,0.0,7,5,7,2023,False,289,46,3,1,5.0,6493.0,5,False,False,Health & Fitness,0,0.0,0,219.5,True
11.0,2.0,20,3,3,2023,True,238,55,1,1,5.0,649.0,2,False,True,Android,0,0.0,0,1.0,True
1.0,2.0,18,3,5,2023,False,179,30,4,2,5.0,4178.0,1,False,True,Other,0,0.0,9,1.7,True
123.0,2.0,7,2,5,2026,True,47,59,3,1,1310.0,2794.0,6,False,False,Fintech,0,0.0,401,1.4,True
482.0,10.0,7,4,7,2026,True,67,35,3,1,2965.0,380.0,9,True,False,Fintech,0,0.0,22,3.1,True
62.0,47.0,7,1,6,2026,False,269,58,3,1,851.0,443.0,7,True,False,Artificial Intelligence,0,0.0,0,3.2,True
28.0,0.0,7,0,7,2023,False,262,32,2,3,5.0,2216.0,1,True,True,Other,0,0.0,417,0.0,True
105.0,5.0,7,4,5,2026,False,58,28,3,1,2832.0,1912.0,5,False,False,Artificial Intelligence,0,0.0,4,0.0,True
192.0,49.0,7,0,7,2026,True,58,45,3,3,5.0,2185.0,4,True,False,Email,0,257.4,0,2.9,True
232.0,9.0,7,0,6,2026,True,62,55,3,2,5688.0,5936.0,6,True,False,Productivity,0,0.0,13,345.3,True
11.0,3.0,17,4,1,2023,False,248,55,3,1,81.0,1555.0,2,True,True,Hiring,0,0.0,0,0.0,False
10.0,0.0,17,0,5,2023,False,257,59,2,5,166956.0,2534.0,2,True,True,Android,0,0.8,0,0.7,True
91.0,1.0,7,0,5,2023,True,394,52,3,1,5.0,2155.0,5,False,False,Productivity,0,0.0,0,0.0,True
1.0,0.0,5,3,1,2023,False,249,58,1,1,4235.0,473.0,0,False,True,Other,0,0.0,8,0.8,True
365.0,103.0,7,0,7,2026,True,52,40,3,2,3806.0,3903.0,6,True,False,Productivity,0,172.1,29,0.0,True
258.0,25.0,7,4,6,2026,True,68,58,3,3,5.0,9468.0,6,True,False,Open Source,0,0.3,0,0.1,True
525.0,2.0,22,0,5,2023,True,262,51,2,1,5.0,78.0,2,False,True,Education,0,0.0,0,1.6,True
4.0,1.0,12,3,7,2023,False,149,48,3,1,718.0,17.0,3,False,True,Other,0,0.0,0,0.0,False
1.0,2.0,14,5,5,2023,False,249,58,2,1,5.0,1106.0,2,False,True,Other,0,4.1,0,0.7,True
185.0,2.0,16,4,7,2026,False,258,45,1,3,771.0,685.0,7,True,True,Productivity,0,0.0,0,0.0,True
169.0,18.0,7,0,5,2023,True,394,26,3,1,5.0,6313.0,5,True,False,Other,0,0.0,4,0.0,True
237.0,97.0,7,2,7,2026,True,249,59,3,3,91324.0,288.0,5,False,False,Other,0,0.0,8,0.4,True
289.0,9.0,1,4,5,2026,True,52,52,3,1,158.0,1221.0,6,True,False,Mac,0,0.0,0,0.0,True
190.0,15.0,7,3,7,2026,True,65,58,3,3,5.0,2591.0,6,False,False,Other,0,0.0,0,3.2,True
103.0,0.0,16,1,7,2023,True,51,60,3,3,5.0,3939.0,5,True,True,Web App,0,0.0,0,4.5,True
12.0,0.0,6,4,3,2023,False,171,36,1,1,2040.0,1046.0,1,False,True,Other,0,0.0,3,2.5,True
126.0,1.0,7,3,7,2026,True,49,56,4,1,47450.0,1868.0,3,False,True,Marketing,0,0.0,3,0.0,True
92.0,1.0,7,1,7,2026,False,51,18,3,3,183.0,1237.0,5,False,False,Other,0,0.0,0,79.5,True
22.0,4.0,17,4,5,2023,False,224,32,2,1,5.0,10.0,5,False,True,Other,0,0.1,1,2.1,True
9.0,0.0,6,3,3,2023,False,225,45,2,1,206.0,1557.0,1,True,True,Other,0,0.0,0,2.7,True
18.0,0.0,7,5,3,2023,False,161,51,3,0,5.0,5131.0,2,False,True,Design Tools,0,0.0,6,3.6,True
3.0,1.0,23,3,1,2023,False,176,41,3,1,1317.0,1411.0,2,True,True,Android,0,0.0,0,0.0,False
111.0,4.0,9,4,5,2026,False,279,51,3,1,67.0,2886.0,6,True,False,Other,0,3.3,0,0.0,True
133.0,5.0,7,4,3,2023,False,45,45,3,2,68026.0,3092.0,1,False,True,Other,0,0.0,8,227.6,True
104.0,38.0,7,3,7,2026,True,59,48,3,3,3449.0,890.0,6,True,False,Productivity,0,0.0,10,3.1,True
107.0,56.0,7,6,5,2026,True,31,36,3,1,1096.0,834.0,6,True,False,API,0,0.0,0,3.8,True
109.0,20.0,7,6,5,2026,True,47,51,3,1,4019.0,8905.0,7,True,False,Email,0,0.0,0,391.2,True
29.0,0.0,7,0,6,2026,False,42,42,1,2,85.0,896.0,7,False,False,Productivity,0,0.0,0,0.0,False
120.0,3.0,7,3,7,2023,True,241,37,1,1,4435.0,4720.0,6,True,True,Design Tools,0,1.2,18,210.2,True
17.0,2.0,7,0,7,2025,False,191,54,2,1,393.0,1805.0,6,True,True,Artificial Intelligence,0,0.0,0,0.0,True
58.0,1.0,13,3,1,2023,True,194,56,1,1,395.0,1505.0,13,True,True,SaaS,0,0.0,0,0.0,False
207.0,88.0,7,1,6,2023,True,48,40,3,3,287522.0,776.0,7,False,False,iOS,0,0.6,22,226.4,True
1.0,2.0,13,4,7,2023,True,231,54,3,1,3266.0,146.0,3,False,False,Artificial Intelligence,0,0.0,0,0.5,True
125.0,2.0,7,4,5,2023,False,210,45,3,1,2067.0,839.0,1,False,False,Design Tools,0,0.0,15,0.1,True
73.0,6.0,7,1,3,2023,True,146,48,3,1,578.0,5497.0,7,True,True,Design Tools,0,0.0,0,0.0,False
13.0,0.0,7,4,3,2023,False,148,51,2,0,167800.0,477.0,1,False,True,API,0,0.0,4,2.1,True
11.0,2.0,11,5,5,2023,False,257,37,1,1,277.0,4179.0,3,False,True,Productivity,0,0.0,0,0.0,False
146.0,5.0,16,0,5,2023,True,274,43,3,1,1160.0,913.0,3,True,False,Productivity,0,0.0,0,0.0,True
181.0,125.0,7,1,7,2023,True,453,27,3,1,371.0,2982.0,7,True,False,Productivity,0,0.0,0,0.0,True
135.0,39.0,0,6,7,2026,True,56,58,3,1,1272.0,2277.0,6,True,False,API,0,0.0,473,3.8,True
676.0,18.0,7,5,5,2024,False,47,53,3,1,5.0,5939.0,6,True,False,Other,0,42.8,408,3.0,True
17.0,1.0,7,4,1,2023,True,239,34,2,1,5.0,3517.0,3,False,True,Artificial Intelligence,0,1.8,12,0.0,True
113.0,9.0,7,1,7,2023,True,68,60,3,4,1757.0,2048.0,7,True,False,Design Tools,0,0.0,0,0.0,True
70.0,0.0,8,1,3,2023,True,252,43,1,1,1970.0,966.0,12,False,True,Productivity,0,0.0,20,2.3,True
398.0,318.0,7,4,5,2023,True,257,49,2,11,579072.0,1652.0,7,True,False,Productivity,0,0.0,3850,186.2467532467533,False
17.0,0.0,14,0,7,2023,True,233,40,3,0,1581.0,2298.0,3,False,True,Other,0,0.0,11,4.0,True
1.0,6.0,18,6,5,2023,False,267,39,4,1,5.0,1051.0,1,False,False,Other,0,0.0,1,0.9,True
11.0,1.0,9,3,5,2023,False,235,39,3,3,5.0,1082.0,3,False,True,Other,0,0.0,0,1.8,True
23.0,0.0,14,0,10,2023,False,248,45,1,1,250.0,62.0,4,False,False,Fintech,0,0.0,0,5.7,True
121.0,15.0,7,1,6,2026,False,53,53,3,3,397.0,2624.0,7,False,True,Other,0,0.0,0,0.0,False
19.0,2.0,18,6,3,2023,True,183,45,5,1,175185.0,612.0,6,False,True,Productivity,0,0.0,18,2.2,True
171.0,68.0,7,4,5,2026,False,58,46,3,2,5.0,2972.0,8,True,False,Other,0,0.0,0,1.6,True
193.0,3.0,7,1,3,2025,True,196,25,3,6,2835.0,2058.0,4,False,False,Design Tools,0,0.0,1666,0.0,True
31.0,17.0,7,6,7,2023,False,275,24,2,1,5.0,1108.0,5,False,False,Design Tools,0,0.0,530,2.2,True
13.0,3.0,7,5,6,2026,False,53,53,3,3,111.0,5064.0,7,False,False,Productivity,0,0.0,0,0.0,False
1.0,0.0,13,3,3,2023,False,236,24,4,1,3323.0,1272.0,0,False,True,Android,0,0.0,0,5.0,True
125.0,5.0,7,4,7,2026,True,146,59,3,2,1930.0,4387.0,5,False,False,API,0,0.0,0,0.0,True
121.0,26.0,20,1,5,2023,True,260,47,3,1,5.0,857.0,5,False,False,Productivity,0,0.0,1,4.5,True
80.0,263.0,12,0,6,2023,True,248,31,3,1,277054.0,1552.0,6,False,True,Developer Tools,0,0.0,0,0.0,True
143.0,0.0,6,1,3,2023,True,194,51,3,1,199404.0,2547.0,4,True,True,Android,0,0.9,27,1.9,True
20.0,1.0,16,5,5,2023,False,245,44,4,1,132317.0,1165.0,1,False,True,Other,0,0.0,1,0.0,True
86.0,9.0,8,3,1,2023,True,140,53,3,1,598.0,1962.0,7,True,True,iOS,0,0.0,0,0.0,False
194.0,40.0,7,6,6,2026,False,473,59,3,1,5478.0,29450.0,5,True,False,Productivity,6,0.0,1,2.0,True
1.0,0.0,7,4,3,2026,True,269,37,3,1,3125.0,1419.0,5,False,True,Marketing,0,0.0,8,0.0,True
200.0,44.0,7,3,7,2026,True,387,57,3,2,3672.0,27493.0,8,True,False,iOS,0,0.0,3,188.7,True
74.0,0.0,7,4,7,2023,True,275,39,3,1,5.0,1364.0,4,False,False,Web App,0,0.0,0,2.6,True
147.0,6.0,7,6,7,2023,False,245,31,3,3,5.0,1671.0,4,False,False,Other,0,0.0,10,2.7,True
477.0,72.0,7,2,7,2026,True,61,60,3,8,5.0,8531.0,6,True,False,Productivity,2,200.7,31,394.7,True
84.0,7.0,7,4,7,2023,True,253,27,3,1,310.0,2648.0,2,False,True,Artificial Intelligence,0,0.0,0,0.0,False
5.0,1.0,19,3,1,2023,False,124,32,3,0,106.0,1097.0,2,False,False,Fintech,0,0.0,0,0.0,False
7.0,0.0,7,4,7,2023,True,258,36,3,1,1498.0,2718.0,1,False,True,Hiring,0,1.0,548,0.0,True
14.0,0.0,8,0,7,2023,False,215,25,3,0,21256.0,2806.0,3,False,True,Developer Tools,0,0.0,279,3.4,True
1.0,1.0,7,3,3,2023,False,206,10,1,1,62221.0,3373.0,2,False,True,Android,0,0.0,0,0.6,True
593.0,12.0,1,3,6,2026,True,80,60,3,2,1378.0,11135.0,8,True,False,API,2,189.9,0,0.7,True
125.0,22.0,0,4,5,2026,True,343,59,3,1,144.0,2130.0,7,False,False,Developer Tools,0,0.0,0,0.0,False
138.0,44.0,17,4,7,2023,True,87,53,5,1,2881.0,546.0,6,False,False,SaaS,0,0.0,0,202.0,True
127.0,1.0,7,3,3,2023,True,235,46,1,1,143585.0,2369.0,12,False,False,Chrome Extensions,0,0.2,0,0.0,True
144.0,67.0,7,6,6,2026,True,68,44,3,3,4812.0,8263.0,9,False,False,Productivity,2,29.8,6,1.8,True
112.0,11.0,7,6,4,2023,True,147,42,3,1,544.0,747.0,3,False,False,Email,0,0.0,0,0.0,False
130.0,0.0,20,1,1,2023,False,250,47,3,1,5.0,3044.0,3,True,True,Productivity,0,0.0,17,3.7,True
269.0,10.0,7,2,9,2023,True,66,46,3,1,421.0,526.0,8,True,False,Productivity,0,0.0,0,0.0,True
130.0,4.0,7,1,7,2026,True,57,27,3,1,5.0,1697.0,6,True,False,Productivity,0,0.0,0,3.6,True
457.0,38.0,7,6,7,2023,True,109,31,1,1,5.0,2947.0,6,True,False,Chrome Extensions,0,0.0,3,0.5,True
195.0,4.0,7,4,7,2023,True,263,25,2,3,68529.0,1015.0,8,False,False,Productivity,0,0.0,6,0.5,True
168.0,4.0,0,4,5,2026,False,228,55,3,1,5.0,5573.0,9,True,False,Developer Tools,0,0.0,0,0.0,True
135.0,38.0,7,0,5,2023,True,257,28,3,3,10157.0,648.0,6,True,False,Other,0,0.0,0,166.3,True
118.0,3.0,12,3,7,2023,False,273,58,2,3,265.0,2626.0,3,True,True,API,0,0.0,0,164.7,True
2.0,1.0,7,0,7,2023,False,278,37,3,1,5123.0,727.0,6,False,True,Productivity,0,0.0,0,140.8,True
343.0,0.0,13,1,3,2023,False,248,38,3,1,84552.0,1221.0,3,False,True,Social Media,0,0.6,2,4.8,True
1.0,0.0,23,5,3,2023,False,251,59,4,1,2891.0,455.0,1,True,True,Other,0,0.5,0,0.0,True
125.0,18.0,7,1,3,2026,True,63,41,3,5,582.0,4125.0,6,True,False,Other,0,0.0,0,0.0,True
74.0,0.0,16,4,3,2023,True,176,34,3,1,48073.0,493.0,2,False,True,Marketing,0,0.0,0,0.9,True
537.0,92.0,8,4,1,2023,True,136,57,2,2,16842.0,644.0,2,False,False,Productivity,0,0.0,98,262.3775510204082,False
95.0,2.0,7,1,7,2023,True,246,58,3,1,171.0,4494.0,6,False,True,Design Tools,0,0.0,13,5.3,True
115.0,0.0,7,4,3,2023,False,257,31,3,1,319.0,445.0,1,False,False,Android,0,0.0,1836,1.0,True
241.0,49.0,7,5,6,2026,True,250,58,2,1,5.0,510.0,5,True,False,Other,0,0.0,8,0.0,True
5.0,1.0,16,6,5,2023,False,229,57,3,1,269.0,1768.0,3,False,True,Design Tools,1,4.0,1,4.0,False
54.0,2.0,7,3,7,2023,False,180,55,2,1,128.0,10000.0,6,True,True,API,0,0.0,14,0.0,True
4.0,0.0,15,4,7,2023,False,219,57,3,0,5.0,1061.0,9,False,True,Other,0,0.0,0,0.5,True
22.0,0.0,7,0,7,2023,False,272,23,2,0,571.0,968.0,3,False,True,Developer Tools,0,0.0,0,0.0,True
147.0,3.0,7,4,7,2026,False,57,59,3,4,5.0,807.0,9,True,False,Other,0,0.0,763,183.1,True
483.0,92.0,7,0,5,2026,True,317,57,3,2,1521.0,8461.0,6,True,False,Social Media,0,1.4,2040,0.0,True
2.0,0.0,19,4,5,2023,False,207,13,3,1,521.0,191.0,3,False,True,Productivity,0,0.0,0,0.0,False
13.0,4.0,9,1,7,2023,True,266,30,2,1,5.0,3640.0,3,False,True,Other,0,0.0,0,0.0,True
8.0,0.0,14,4,7,2023,False,265,60,3,1,4884.0,1961.0,3,True,True,Email,0,0.0,7,0.0,True
11.0,0.0,7,3,7,2023,True,197,56,3,1,5.0,304.0,8,True,True,Productivity,0,1.2,3,0.0,True
344.0,67.0,7,1,6,2026,True,59,59,3,3,260.0,248.0,7,True,False,Other,0,0.0,0,0.0,False
2.0,0.0,14,3,1,2023,False,248,60,1,1,90.0,2471.0,1,False,True,Other,0,0.0,0,0.0,False
110.0,1.0,9,4,5,2023,False,248,38,3,0,77361.0,2203.0,3,False,False,Other,0,0.0,1350,0.0,True
247.0,61.0,7,6,3,2023,True,349,28,3,1,5.0,1432.0,9,False,False,Chrome Extensions,0,0.0,0,0.8,True
89.0,167.0,7,1,7,2026,False,61,57,3,3,5.0,3116.0,6,True,False,Other,0,0.0,0,0.6,True
128.0,0.0,7,3,1,2023,False,425,59,2,1,1803.0,1167.0,9,True,False,Other,0,0.0,3,188.4,True
152.0,52.0,7,2,7,2026,True,494,45,3,1,5.0,2369.0,6,True,False,Productivity,0,0.0,0,2.3,True
171.0,3.0,7,0,6,2026,False,221,59,3,1,5.0,3986.0,8,True,False,Email,0,0.0,0,0.0,True
14.0,1.0,21,0,3,2023,False,225,37,2,1,5.0,543.0,1,True,True,Writing,0,0.2,0,1.8,True
148.0,24.0,7,2,6,2026,True,62,35,3,3,5.0,1051.0,6,True,False,Marketing,0,215.5,27,290.3,True
141.0,18.0,7,3,6,2023,True,205,41,3,1,5.0,1154.0,6,True,False,Design Tools,0,0.0,575,0.0,True
3.0,0.0,18,3,1,2023,False,162,54,4,1,544.0,4295.0,6,True,True,Android,0,0.0,0,0.0,False
120.0,9.0,7,4,7,2023,True,203,24,3,2,1530.0,545.0,6,False,False,Other,0,1.5,10,0.1,True
66.0,20.0,7,2,6,2023,True,57,41,3,1,181994.0,3077.0,6,False,False,Writing,0,0.0,26,1.9,True
20.0,1.0,7,3,7,2023,True,27,52,1,1,5.0,2481.0,4,False,True,Productivity,0,1.7,2,0.0,True
4.0,2.0,8,3,3,2023,False,268,45,2,1,5.0,3306.0,2,False,True,Productivity,0,0.0,14,2.0,True
109.0,1.0,7,2,5,2025,False,43,37,3,1,133252.0,1734.0,5,True,False,Marketing,0,0.0,247,0.3,True
77.0,3.0,8,3,1,2023,True,203,27,3,1,203.0,2647.0,9,False,True,Open Source,0,0.0,0,0.0,False
103.0,11.0,0,1,6,2026,True,214,47,3,1,8.0,486.0,5,False,False,Developer Tools,0,0.0,0,0.0,False
111.0,11.0,13,4,7,2026,True,228,58,3,3,5.0,635.0,2,False,False,API,0,0.0,15,194.8,True
200.0,29.0,7,4,6,2026,True,443,59,3,1,4695.0,6253.0,6,True,False,API,1,272.4,0,0.0,True
21.0,7.0,7,5,5,2023,False,250,58,3,1,1108.0,3009.0,3,False,True,Education,0,0.0,0,0.0,False
143.0,9.0,7,0,7,2026,False,57,53,3,3,5.0,3233.0,6,False,False,Other,0,0.0,18,0.4,True
8.0,0.0,2,6,5,2023,False,134,22,3,1,315.0,538.0,3,False,True,Other,0,0.0,0,0.0,False
123.0,66.0,7,1,5,2026,True,481,51,3,3,1018.0,1585.0,4,True,False,Open Source,0,0.0,0,0.9,True
148.0,10.0,7,4,3,2023,False,269,43,3,1,2539.0,4972.0,6,True,False,Education,0,0.8,22,2.7,True
140.0,57.0,9,6,6,2026,True,67,58,3,1,5.0,12707.0,8,True,False,Productivity,0,0.0,17,5.5,True
3.0,0.0,2,1,3,2023,False,135,38,2,0,1382.0,2513.0,9,False,False,Other,0,0.0,0,0.0,False
182.0,130.0,7,3,6,2026,True,37,32,3,2,1327.0,1044.0,6,True,False,Design Tools,2,360.4,10,225.7,True
25.0,0.0,20,3,3,2024,True,288,48,4,1,65545.0,553.0,2,True,True,Marketing,0,0.0,0,3.9,True
9.0,1.0,7,1,7,2023,False,245,53,3,1,81352.0,3848.0,7,False,True,Chrome Extensions,0,0.0,17,0.0,True
254.0,137.0,7,1,7,2026,True,49,49,3,3,623.0,3395.0,7,True,False,Other,1,12.0,1,12.0,False
2.0,0.0,7,4,1,2023,True,244,42,3,1,1803.0,5412.0,3,False,True,Other,0,0.0,281,0.0,True
14.0,0.0,7,3,3,2023,True,234,52,2,0,5.0,1376.0,1,True,True,Android,0,0.0,4,0.0,True
9.0,3.0,7,6,6,2026,False,35,35,3,3,814.0,1781.0,6,False,True,Other,0,0.0,0,0.0,False
130.0,22.0,7,3,5,2023,False,69,60,3,3,5.0,2909.0,8,False,False,Writing,0,0.0,0,2.2,True
224.0,6.0,7,0,7,2023,True,116,60,3,1,26017.0,878.0,4,False,False,iOS,0,0.0,15,0.0,True
12.0,2.0,7,1,3,2023,True,217,46,1,1,863.0,625.0,7,False,True,Design Tools,0,0.0,1286,0.0,True
3.0,0.0,7,6,7,2023,False,243,58,3,1,270.0,2993.0,2,True,True,iOS,0,2.0,25,4.7,True
529.0,31.0,7,0,6,2026,True,57,59,3,1,744.0,12551.0,6,True,False,Productivity,1,151.9,3431,195.6,True
117.0,0.0,10,0,7,2023,False,141,27,3,7,5.0,1999.0,6,False,True,Health & Fitness,0,0.0,0,0.0,True
2.0,2.0,11,3,3,2023,True,274,32,1,1,535.0,433.0,3,False,True,Android,0,0.0,7,1.5,True
2.0,0.0,7,1,3,2023,False,237,40,2,0,333.0,3315.0,1,False,False,Marketing,0,0.0,0,0.0,False
77.0,8.0,7,1,3,2023,True,239,49,3,1,183.0,313.0,3,True,True,Other,0,0.0,0,0.0,False
82.0,9.0,7,5,5,2023,True,207,53,3,1,341.0,587.0,7,False,True,Other,0,0.0,0,0.0,False
120.0,32.0,7,3,8,2026,True,49,45,3,8,6072.0,183.0,9,False,False,Productivity,0,0.0,6,0.2,True
81.0,4.0,7,4,5,2023,True,247,56,3,1,604.0,292.0,4,False,True,Other,0,0.0,0,0.0,False
161.0,25.0,7,3,7,2026,True,33,33,3,1,1188.0,4779.0,7,True,True,Other,1,62.0,1,62.0,False
177.0,177.0,7,4,7,2023,True,166,49,3,2,94455.0,1834.0,4,True,False,Other,0,0.0,618,206.69741100323623,False
323.0,6.0,7,2,7,2026,True,60,59,3,3,5.0,428.0,6,True,False,Other,0,0.0,348,0.0,True
164.0,45.0,7,1,7,2026,True,49,49,3,2,2503.0,5825.0,4,False,False,Developer Tools,3,220.33333333333337,3,220.33333333333337,False
11.0,1.0,23,4,5,2023,False,255,59,3,1,5.0,1678.0,6,False,False,Analytics,0,0.0,556,170.6,True
710.0,8.0,7,0,3,2023,True,207,49,3,1,5.0,10.0,8,True,False,Other,0,0.0,0,0.0,True
20.0,0.0,7,5,5,2023,True,239,46,1,1,5.0,677.0,3,True,True,Productivity,0,0.0,25,0.0,True
235.0,7.0,4,4,7,2023,True,255,44,3,5,252215.0,2317.0,7,False,True,Design Tools,0,0.0,0,202.5,True
16.0,0.0,7,3,1,2023,True,245,60,1,0,55597.0,4606.0,1,False,True,Fintech,0,0.0,18,2.7,True
9.0,0.0,7,3,3,2023,False,241,46,2,1,5.0,4951.0,3,True,False,Artificial Intelligence,0,0.1,0,191.7,True
251.0,60.0,7,3,7,2026,True,237,36,3,1,5.0,1994.0,6,False,False,Hiring,0,0.0,1220,208.5,True
317.0,39.0,0,1,6,2026,True,363,52,3,1,3931.0,9701.0,6,True,False,Other,10,267.3,10,267.3,False
30.0,0.0,20,0,5,2023,False,235,33,2,1,2445.0,2591.0,4,True,True,Other,0,0.0,0,0.0,True
113.0,13.0,0,0,6,2026,True,299,17,3,1,231.0,503.0,7,True,False,Design Tools,0,0.0,0,0.0,False
18.0,1.0,0,6,5,2026,False,123,57,3,1,8866.0,24983.0,5,True,False,Other,39,352.2307692307692,39,352.2307692307692,False
273.0,12.0,7,2,7,2026,True,65,60,3,2,3156.0,1262.0,7,False,False,Chrome Extensions,0,0.0,3215,0.0,True
2.0,1.0,7,4,7,2023,True,226,54,2,1,1960.0,370.0,5,True,True,SaaS,0,0.0,0,4.4,True
278.0,39.0,7,2,6,2026,True,52,52,3,1,71.0,1380.0,7,True,False,Other,0,0.0,0,0.0,False
93.0,4.0,14,1,7,2023,False,403,50,1,1,5.0,5160.0,3,True,True,Developer Tools,0,0.0,0,0.0,True
160.0,0.0,7,2,7,2026,True,43,37,3,2,5.0,835.0,7,True,False,Productivity,0,0.0,2,1.6,True
139.0,21.0,8,6,5,2026,False,475,60,3,1,9635.0,24827.0,5,True,False,Other,41,335.8292682926829,41,335.8292682926829,False
121.0,0.0,7,4,3,2023,False,249,29,3,1,3536.0,1237.0,2,True,True,API,0,0.0,0,0.0,True
5.0,0.0,16,3,5,2023,False,256,25,3,1,5.0,2080.0,8,False,False,Web App,0,0.0,1441,0.0,True
103.0,18.0,7,5,7,2025,False,264,48,3,3,5.0,617.0,4,True,False,Other,0,0.0,25,2.1,True
530.0,19.0,7,6,5,2026,True,71,60,3,1,469.0,922.0,5,True,False,Analytics,1,0.0,0,1.5,True
5.0,0.0,7,3,3,2023,False,168,46,3,1,5.0,3374.0,3,False,True,Open Source,0,0.0,4,0.0,True
227.0,0.0,7,4,3,2023,True,283,60,3,1,1105.0,1942.0,5,False,False,Mac,0,0.0,16,7.4,True
506.0,23.0,7,6,7,2026,True,67,54,3,1,5.0,16463.0,8,True,False,Productivity,11,137.5,6,227.8,True
9.0,0.0,16,3,7,2023,False,57,58,3,1,5.0,932.0,3,False,True,Other,0,0.0,0,2.2,True
171.0,22.0,7,0,9,2026,True,221,49,3,1,5.0,4564.0,6,False,False,Productivity,0,0.0,0,3.2,True
3.0,0.0,12,5,7,2023,False,239,36,3,1,5.0,1187.0,4,True,True,Design Tools,0,0.0,22,0.0,True
158.0,7.0,7,1,7,2026,True,71,49,3,1,2355.0,918.0,9,True,False,Other,0,0.0,0,335.1,True
18.0,2.0,9,4,5,2023,False,240,29,3,1,687.0,811.0,2,False,True,Developer Tools,0,0.0,0,0.0,True
153.0,0.0,7,6,3,2023,True,243,44,3,1,5.0,5189.0,3,False,True,Education,0,0.0,299,3.5,True
131.0,60.0,7,6,7,2026,True,49,29,3,1,3441.0,8086.0,6,True,False,Other,0,0.0,29,200.7,True
153.0,41.0,11,0,5,2023,False,223,60,3,1,5.0,893.0,6,True,True,Other,0,0.0,6,206.0,True
1.0,0.0,9,1,5,2023,False,374,45,3,1,5545.0,421.0,1,True,True,Health & Fitness,0,0.0,0,0.6,True
3.0,0.0,0,4,1,2023,False,256,55,3,1,471.0,3583.0,3,False,True,API,0,0.0,0,0.0,False
158.0,49.0,7,3,7,2026,True,39,51,3,1,5.0,2568.0,6,True,False,Other,8,0.0,389,2.1,True
108.0,95.0,7,1,4,2026,True,56,54,3,1,199.0,26441.0,6,True,False,Developer Tools,0,0.0,3,0.0,True
134.0,0.0,7,4,5,2023,True,256,38,3,1,749.0,719.0,6,False,True,Productivity,0,0.0,13,202.8,True
102.0,10.0,7,0,7,2026,True,245,49,3,1,142806.0,5355.0,8,True,False,Web App,0,0.0,17,0.0,True
20.0,0.0,7,4,7,2023,False,234,40,4,1,5.0,687.0,3,False,True,Health & Fitness,0,0.0,24,192.9,True
1.0,0.0,8,5,5,2023,False,267,34,3,1,5.0,1737.0,2,False,True,iOS,0,0.0,2,0.0,True
18.0,2.0,7,2,7,2023,True,207,34,3,1,1263.0,297.0,3,False,False,Other,0,0.0,397,0.0,True
263.0,12.0,7,2,6,2026,False,78,49,3,1,1219.0,5280.0,9,True,False,Productivity,0,0.0,15,277.7,True
272.0,70.0,0,2,7,2023,True,202,46,3,2,2603.0,5341.0,4,True,False,Design Tools,9,0.7,11,0.0,True
29.0,1.0,15,3,5,2023,False,231,35,3,1,255.0,10.0,0,False,True,Web App,0,0.0,9,0.5,True
70.0,1.0,7,4,5,2023,True,43,29,3,3,51713.0,23875.0,3,True,False,Mac,0,2.1,23,1.5,True
193.0,12.0,7,6,7,2026,True,52,50,3,2,1794.0,4431.0,7,False,False,Other,0,0.0,1307,314.3,True
249.0,284.0,7,3,7,2023,True,238,39,3,5,300460.0,7771.0,6,True,False,SaaS,11,163.45454545454547,1984,208.45362903225808,False
25.0,0.0,7,3,3,2023,True,42,53,1,3,5.0,2739.0,5,False,True,Other,0,0.0,0,0.0,True
41.0,11.0,7,4,7,2023,False,55,60,3,1,6350.0,1065.0,8,True,False,Other,0,3.8,0,0.0,True
148.0,8.0,7,5,7,2023,False,263,21,3,1,5.0,3898.0,5,True,True,Marketing,0,0.0,0,1.4,True
100.0,0.0,7,1,5,2026,True,78,31,3,3,5.0,5420.0,6,False,False,Design Tools,12,0.0,13,0.4,True
195.0,131.0,7,1,5,2026,False,208,41,3,1,5.0,2933.0,4,True,False,Other,0,0.0,0,0.0,True
140.0,42.0,7,6,7,2026,True,363,48,3,1,5.0,3605.0,8,True,False,Other,0,0.0,0,4.4,True
433.0,45.0,7,4,7,2026,True,54,41,3,1,900.0,3788.0,5,True,False,Productivity,0,0.0,0,0.0,True
119.0,0.0,7,5,5,2023,False,260,38,3,1,244643.0,856.0,4,False,True,Android,0,0.0,2756,3.3,True
71.0,84.0,7,2,7,2026,True,122,55,3,1,5.0,1105.0,6,True,False,Productivity,0,0.0,2,4.7,True
62.0,15.0,7,1,6,2026,False,341,44,3,1,92.0,1981.0,4,True,False,Other,0,0.0,0,0.0,False
220.0,81.0,7,2,7,2026,True,58,58,3,2,170.0,2757.0,5,False,False,Other,0,0.0,0,0.0,False
282.0,41.0,7,3,7,2026,True,51,54,3,3,862.0,5471.0,6,True,False,Mac,0,0.0,2985,0.6,True
120.0,0.0,7,3,7,2023,False,205,44,1,0,5.0,1974.0,4,False,True,Social Media,0,0.0,0,0.0,True
14.0,1.0,7,3,7,2023,False,249,55,2,1,5.0,1067.0,6,True,True,Other,0,0.9,8,0.0,True
5.0,8.0,7,5,7,2026,False,46,46,3,1,60.0,1470.0,6,False,False,Other,0,0.0,0,0.0,False
229.0,99.0,7,5,9,2025,True,61,55,3,1,2142.0,4471.0,5,False,False,Productivity,0,0.0,1106,0.7,True
5.0,0.0,10,4,7,2023,False,252,49,2,1,1303.0,1878.0,3,True,True,Other,0,0.8,21,0.0,True
6.0,0.0,18,1,7,2023,True,254,29,1,0,5.0,2611.0,3,True,False,API,0,0.0,0,0.0,True
105.0,23.0,7,4,7,2025,False,262,24,4,1,1313.0,440.0,2,True,True,Web App,0,75.9,3,194.1,True
8.0,1.0,8,4,1,2023,False,159,45,3,1,125.0,287.0,5,False,True,Productivity,0,0.0,0,0.0,False
649.0,3.0,7,6,6,2023,True,448,52,2,1,1713.0,785.0,8,True,False,API,0,2.6,6,0.0,True
15.0,2.0,7,6,1,2023,False,253,57,3,1,1152.0,2241.0,4,True,False,Other,0,0.3,21,0.2,True
187.0,0.0,7,2,5,2023,False,230,46,3,1,59956.0,4315.0,6,True,True,Design Tools,0,98.5,0,187.7,True
255.0,64.0,7,2,7,2026,True,57,59,3,1,245969.0,28407.0,6,True,False,Productivity,0,250.5,3,349.4,True
686.0,0.0,7,4,7,2026,True,49,49,1,2,111.0,1784.0,5,False,False,Productivity,0,0.0,0,0.0,False
323.0,202.0,8,3,1,2023,True,195,41,3,3,19966.0,603.0,5,False,False,Productivity,0,0.0,114,354.5964912280702,False
9.0,1.0,22,6,5,2023,False,220,59,3,1,786.0,1342.0,3,False,True,API,0,0.0,0,0.0,False
180.0,87.0,7,0,7,2023,True,75,59,3,1,5.0,3906.0,4,False,False,Other,0,0.0,1,0.0,True
167.0,47.0,7,4,7,2026,False,48,58,3,3,314568.0,821.0,7,True,False,Productivity,0,151.6,0,0.0,True
4.0,4.0,7,3,4,2023,True,233,29,3,1,5.0,2186.0,6,False,True,Artificial Intelligence,0,0.0,391,1.5,True
1.0,0.0,13,4,1,2023,True,239,54,5,1,43705.0,961.0,1,False,False,Mac,0,0.0,18,0.7,True
120.0,0.0,7,0,7,2023,False,252,41,2,0,5.0,7190.0,4,False,True,Android,0,0.0,0,0.0,True
87.0,5.0,10,5,1,2023,True,235,59,3,1,161.0,148.0,4,True,True,Chrome Extensions,0,0.0,0,0.0,False
8.0,0.0,14,3,7,2023,True,233,25,2,3,2388.0,819.0,5,False,True,Analytics,0,0.0,0,0.0,True
102.0,2.0,14,3,7,2023,False,250,35,2,1,2707.0,2304.0,3,False,True,Other,0,0.0,0,0.0,True
92.0,17.0,7,4,5,2023,True,203,34,3,2,62409.0,1759.0,4,False,False,Other,0,0.0,403,195.29280397022333,False
668.0,48.0,7,6,5,2026,True,53,49,3,2,5.0,11472.0,8,True,False,Productivity,5,0.0,5,336.4,True
16.0,3.0,7,4,7,2026,False,60,60,3,2,394.0,32.0,5,False,True,Other,0,0.0,0,0.0,False
187.0,27.0,0,2,5,2026,True,339,40,3,1,488.0,2950.0,7,True,False,Other,0,0.0,0,0.0,False
226.0,29.0,7,3,7,2026,True,68,55,3,3,5.0,682.0,4,False,False,SaaS,0,0.0,0,4.9,True
6.0,0.0,9,1,3,2023,False,251,41,3,0,5.0,1605.0,2,False,True,Productivity,0,0.0,0,2.5,True
126.0,0.0,7,5,5,2026,False,358,30,3,1,761.0,870.0,5,False,False,Health & Fitness,0,0.0,0,0.0,True
142.0,14.0,9,3,1,2023,False,266,48,3,6,1580.0,723.0,7,True,False,Design Tools,0,0.0,1,1.1,True
481.0,27.0,7,4,11,2026,True,66,60,3,1,1782.0,26047.0,5,True,False,Productivity,0,273.7,12,211.5,True
144.0,1.0,7,4,7,2023,True,415,54,3,1,5.0,397.0,7,False,False,Other,0,0.0,0,1.8,True
24.0,2.0,7,3,5,2023,False,257,44,2,1,25539.0,6383.0,0,False,True,Other,0,0.0,0,79.8,True
32.0,31.0,7,0,5,2026,True,259,39,3,2,5.0,3037.0,6,False,False,Productivity,0,0.0,0,0.0,True
231.0,43.0,7,5,7,2026,False,40,36,3,1,5.0,1963.0,4,True,False,Other,0,0.0,13,0.0,True
432.0,53.0,7,0,7,2026,False,49,32,4,1,5.0,5218.0,7,True,False,Design Tools,0,0.0,1661,0.0,True
3.0,0.0,7,0,7,2023,False,172,48,1,1,169467.0,1275.0,5,False,True,Productivity,0,0.0,0,0.7,True
7.0,0.0,22,1,1,2023,False,277,26,3,1,5.0,265.0,3,False,True,Design Tools,0,0.0,0,0.0,True
145.0,2.0,7,0,7,2026,True,57,43,3,1,5.0,4206.0,6,True,False,Developer Tools,0,0.0,0,0.0,True
218.0,8.0,1,2,7,2026,True,477,28,3,1,796.0,1213.0,6,False,False,Other,33,76.0,9,337.2,True
94.0,12.0,7,3,5,2023,False,207,49,3,1,1369.0,6690.0,8,False,False,Chrome Extensions,0,2.2,0,1.3,True
136.0,20.0,7,6,7,2023,True,269,38,3,1,255.0,2225.0,5,True,False,Other,0,0.0,0,0.0,True
287.0,23.0,7,3,5,2026,True,50,43,3,3,5298.0,1341.0,5,True,False,Productivity,11,0.0,1,0.0,True
13.0,0.0,22,1,5,2023,False,219,59,3,1,5.0,636.0,2,False,True,Other,0,0.0,12,2.0,True
422.0,0.0,7,3,7,2023,True,50,56,3,0,5.0,2282.0,6,False,True,Health & Fitness,0,0.0,374,3.0,True
788.0,0.0,7,5,6,2026,False,70,36,3,1,5.0,3531.0,5,True,False,Design Tools,0,0.0,0,360.8,True
115.0,120.0,0,4,11,2026,False,74,45,3,1,2505.0,613.0,8,True,False,Productivity,0,0.0,5,0.0,True
139.0,7.0,9,4,1,2024,False,56,33,3,1,5.0,713.0,6,True,False,Developer Tools,0,0.0,0,1.5,True
28.0,0.0,7,3,1,2023,False,59,58,1,1,5.0,2890.0,2,False,True,Other,0,0.0,0,0.0,True
131.0,5.0,7,3,5,2023,False,234,59,2,1,572.0,695.0,6,False,True,Other,0,0.0,0,0.0,True
142.0,12.0,13,2,5,2023,False,71,57,3,1,3775.0,10.0,7,False,False,Design Tools,0,3.4,17,0.0,True
935.0,10.0,7,2,7,2026,True,60,47,3,1,878.0,1329.0,4,True,False,Productivity,0,0.0,17,0.0,True
30.0,0.0,7,6,3,2023,False,183,33,3,1,5.0,1749.0,6,False,False,Analytics,1,0.0,0,0.0,True
1.0,0.0,7,4,1,2023,True,77,56,3,1,5.0,2108.0,4,False,False,Other,0,0.0,21,2.6,True
15.0,1.0,7,0,5,2023,True,249,27,4,1,1526.0,6749.0,3,True,True,Analytics,0,2.1,3652,1.3,True
1.0,0.0,10,3,5,2023,False,261,29,2,1,5.0,2241.0,2,True,True,iOS,0,0.0,0,0.0,True
189.0,156.0,7,3,5,2026,True,29,46,3,3,5.0,1239.0,6,True,False,Productivity,0,331.4,12,5.4,True
142.0,27.0,0,6,6,2026,True,362,59,3,1,642.0,419.0,7,False,False,Productivity,0,0.0,0,0.0,False
279.0,40.0,7,2,7,2026,True,41,59,3,3,5.0,10033.0,6,False,False,Open Source,12,269.0,9,391.9,True
94.0,1.0,7,3,5,2023,False,40,60,3,1,1520.0,1006.0,4,True,False,Other,0,0.0,0,0.0,True
5.0,5.0,18,4,5,2023,False,239,28,3,1,5.0,4599.0,2,False,True,API,0,0.0,7,0.0,True
295.0,15.0,7,5,4,2026,True,239,34,3,3,5.0,3721.0,4,True,False,Education,0,0.0,2,180.0,True
1.0,5.0,7,4,7,2023,True,106,22,3,1,5.0,1838.0,3,False,False,Other,0,0.0,0,2.9,True
58.0,6.0,7,1,7,2023,False,44,38,3,1,5.0,523.0,4,False,False,Other,0,0.0,6,1.9,True
222.0,48.0,7,6,9,2026,True,59,48,3,2,4044.0,5644.0,8,True,False,Other,10,251.4,0,378.6,True
10.0,0.0,21,0,7,2023,False,278,41,3,1,5.0,2455.0,5,False,True,Email,0,0.0,0,0.0,True
8.0,0.0,23,5,5,2023,True,238,38,3,6,114564.0,3517.0,3,False,True,Design Tools,0,0.0,5,0.1,True
126.0,2.0,8,4,3,2023,False,220,21,3,1,5.0,637.0,6,False,True,Developer Tools,0,0.0,0,0.0,True
27.0,1.0,7,5,5,2023,False,281,36,4,1,5.0,3735.0,3,False,True,Other,0,0.0,0,0.0,True
190.0,0.0,7,3,3,2026,True,51,31,3,1,5.0,4715.0,8,False,False,Hiring,0,0.0,3050,1.9,True
9.0,0.0,7,3,5,2023,False,277,33,1,1,3628.0,95.0,1,True,True,Productivity,0,0.0,481,0.9,True
147.0,24.0,7,6,7,2023,True,60,38,3,3,3328.0,3893.0,7,True,False,Chrome Extensions,0,0.0,9,0.0,True
80.0,0.0,16,4,5,2023,True,219,53,4,1,5.0,5055.0,2,False,False,Other,0,0.0,4,1.7,True
50.0,0.0,7,3,5,2023,False,245,51,3,3,5.0,2084.0,7,True,False,API,0,0.0,0,0.0,True
187.0,0.0,7,3,7,2023,True,188,42,3,1,166128.0,2043.0,8,False,True,Productivity,0,0.0,2,3.1,True
10.0,1.0,16,4,3,2023,False,260,36,4,1,585.0,725.0,3,False,True,Developer Tools,0,0.0,0,0.0,True
107.0,0.0,7,0,7,2023,True,251,51,3,1,2828.0,7069.0,3,True,False,Other,0,0.0,10,0.0,True
677.0,28.0,7,2,6,2026,False,500,60,3,1,771.0,29050.0,5,True,False,Other,3,221.5,12,296.9,True
20.0,0.0,8,5,5,2023,False,234,55,2,1,5.0,5912.0,2,False,True,Other,0,0.0,0,0.7,True
198.0,40.0,7,0,7,2026,True,237,52,3,1,5.0,1478.0,9,False,False,Other,0,23.0,0,47.0,True
74.0,3.0,7,1,3,2023,True,220,43,3,1,828.0,2495.0,5,False,True,Productivity,0,0.0,0,0.0,False
15.0,0.0,7,3,5,2023,False,246,31,4,1,5.0,2520.0,1,False,True,Chrome Extensions,0,0.5,142,0.4,True
234.0,46.0,7,1,7,2026,True,37,58,3,3,395.0,9258.0,9,False,False,Other,0,223.8,25,266.3,True
108.0,0.0,7,3,5,2023,False,233,33,4,3,31790.0,4313.0,4,True,True,Education,0,0.0,0,1.2,True
16.0,3.0,0,6,6,2026,False,267,48,3,1,65.0,4138.0,3,False,False,Web App,0,0.0,0,0.0,False
1.0,0.0,7,4,3,2023,False,288,48,4,1,2726.0,1273.0,1,False,True,Artificial Intelligence,0,0.0,0,7.3,True
473.0,42.0,7,6,5,2026,True,37,39,3,1,5.0,1000.0,6,False,False,Other,0,0.0,16,0.0,True
266.0,41.0,7,1,7,2026,False,49,51,3,3,352233.0,1218.0,5,True,False,Other,0,0.0,16,293.6,True
137.0,0.0,5,0,5,2023,False,224,40,3,1,487.0,1828.0,5,False,True,Other,0,0.0,0,0.0,True
3.0,1.0,16,3,1,2023,False,239,40,3,3,25056.0,2957.0,6,False,False,Other,0,0.0,150,309.02666666666664,False
103.0,6.0,7,3,5,2023,False,262,44,3,1,5.0,505.0,4,False,False,Other,0,0.0,0,0.0,True
290.0,16.0,21,3,5,2023,False,286,32,2,3,2637.0,2584.0,4,True,False,Other,0,0.0,0,0.0,True
573.0,29.0,7,1,7,2026,False,52,49,3,1,5.0,2114.0,6,True,False,Design Tools,0,0.0,4,351.2,True
17.0,0.0,7,4,5,2023,False,264,49,3,2,5.0,1465.0,2,False,True,Other,0,0.0,1074,0.0,True
875.0,28.0,7,4,5,2026,True,67,54,3,1,316876.0,11712.0,6,True,False,Productivity,0,0.0,0,287.9,True
151.0,1.0,7,5,7,2023,True,249,57,3,2,1840.0,2609.0,6,True,True,Other,0,0.0,8,0.0,True
8.0,28.0,7,3,3,2023,True,205,33,3,0,85787.0,2687.0,9,False,True,Design Tools,0,0.0,28,189.0,True
140.0,54.0,7,1,6,2023,True,22,21,3,3,205607.0,2342.0,6,True,False,Other,7,1.4,18,0.0,True
73.0,0.0,7,1,3,2023,True,244,56,1,1,5.0,1954.0,2,False,True,Design Tools,0,0.4,640,3.4,True
20.0,2.0,6,4,5,2023,False,238,41,5,1,1233.0,2717.0,6,False,True,Developer Tools,0,0.0,7,0.0,True
131.0,20.0,0,3,6,2026,True,231,40,3,1,498.0,777.0,6,True,False,Productivity,0,0.0,0,0.0,False
336.0,64.0,7,4,7,2026,True,65,47,3,1,5.0,1472.0,5,False,False,Productivity,0,0.0,4,0.0,True
84.0,8.0,7,3,7,2026,False,273,47,3,2,5.0,1063.0,3,False,False,Open Source,0,0.0,27,1.4,True
7.0,3.0,7,4,7,2023,False,257,34,5,0,1547.0,661.0,3,False,True,iOS,0,0.0,217,169.9,True
105.0,167.0,7,4,7,2026,False,234,48,3,3,4809.0,1785.0,5,False,False,Productivity,0,0.0,0,2.6,True
2.0,0.0,4,3,1,2023,False,298,55,3,1,417.0,307.0,2,False,True,Other,0,0.0,0,0.0,False
185.0,116.0,12,2,6,2023,True,221,46,3,3,5.0,24601.0,3,False,False,Other,0,0.0,1319,380.0,True
493.0,22.0,7,6,7,2026,False,50,58,3,1,1228.0,14645.0,4,True,False,Productivity,0,1.1,13,64.7,True
120.0,13.0,7,3,7,2023,True,124,54,3,7,322.0,408.0,3,False,True,SaaS,0,0.0,0,0.0,False
276.0,25.0,7,2,7,2026,True,79,31,3,3,413884.0,30059.0,6,False,False,Productivity,0,0.0,5,187.1,True
115.0,51.0,7,1,3,2023,True,240,36,3,3,103464.0,709.0,14,True,False,Other,0,0.0,678,197.7315634218289,False
254.0,2.0,7,4,7,2023,True,190,36,3,1,23.0,147.0,5,False,False,Other,0,0.0,4,1.1,True
1.0,0.0,20,4,5,2023,False,258,58,3,1,3914.0,522.0,1,False,True,Writing,0,0.0,9,4.0,True
202.0,36.0,9,6,6,2026,True,491,54,3,1,235.0,6472.0,8,True,False,iOS,0,0.0,0,0.0,False
2.0,0.0,20,3,1,2023,False,306,54,3,1,288.0,5352.0,1,False,True,Design Tools,0,0.0,0,0.0,False
104.0,0.0,7,4,7,2026,False,60,60,1,2,18.0,2371.0,5,False,False,Productivity,0,0.0,0,0.0,False
126.0,75.0,7,3,6,2024,True,60,54,3,1,697.0,19028.0,8,True,False,Design Tools,0,0.0,0,0.4,True
89.0,0.0,17,4,3,2023,True,272,49,3,1,2635.0,347.0,3,False,True,Other,0,0.0,0,3.4,True
1.0,0.0,0,1,7,2026,True,70,38,3,1,3938.0,10.0,9,False,False,Productivity,0,0.0,8,251.2,True
9.0,1.0,12,3,1,2023,False,211,60,3,0,352.0,3982.0,11,True,False,Other,0,0.0,0,0.0,False
7.0,0.0,6,1,3,2023,False,260,25,2,0,2121.0,2693.0,1,False,True,Other,0,0.0,0,0.0,True
353.0,14.0,7,2,6,2026,False,54,53,3,1,1503.0,1038.0,6,True,False,Design Tools,0,0.0,0,0.8,True
243.0,51.0,7,3,9,2026,True,52,40,2,1,1428.0,3420.0,4,True,False,Analytics,0,0.0,0,215.4,True
126.0,142.0,7,4,7,2026,True,46,59,3,2,1632.0,1957.0,6,False,False,Open Source,0,0.0,0,196.6,True
158.0,7.0,7,3,7,2026,True,48,44,3,3,47071.0,381.0,8,True,False,Productivity,0,0.0,0,3.5,True
420.0,0.0,7,1,5,2026,False,254,31,3,1,4362.0,882.0,6,False,False,Other,0,0.0,0,0.0,True
159.0,39.0,7,2,10,2026,True,49,60,3,1,5.0,15019.0,6,True,False,Other,0,1.2,12,231.7,True
217.0,7.0,7,0,12,2026,True,39,60,3,2,139.0,1197.0,6,True,False,Productivity,0,1.0,2475,189.3,True
148.0,0.0,12,0,5,2026,True,267,47,3,1,5.0,610.0,4,True,False,Health & Fitness,0,0.0,15,2.5,True
1.0,2.0,7,3,7,2023,False,258,43,4,0,181725.0,3124.0,2,False,True,Design Tools,0,0.0,0,0.4,True
136.0,4.0,7,3,7,2023,True,65,55,1,4,5.0,5226.0,1,False,False,Productivity,0,0.0,0,0.0,True
624.0,128.0,7,6,6,2026,True,60,45,3,1,5.0,2696.0,6,True,False,Productivity,0,140.3,10,292.9,True
204.0,34.0,0,4,6,2026,True,43,56,3,1,4839.0,9600.0,6,True,False,Other,0,213.7,15,358.2,True
247.0,6.0,7,5,7,2023,True,72,28,3,3,5.0,685.0,8,False,False,Design Tools,0,0.0,4,0.4,True
75.0,0.0,7,3,12,2023,True,47,22,3,1,5.0,10.0,4,False,False,Productivity,0,0.0,19,0.0,True
99.0,22.0,7,3,9,2026,True,169,48,2,1,5.0,720.0,9,True,True,Design Tools,0,0.0,0,0.0,True
6.0,1.0,7,3,7,2023,True,309,34,5,1,5.0,562.0,1,False,True,Artificial Intelligence,0,0.0,0,0.0,True
619.0,33.0,7,2,7,2026,True,427,26,3,1,2182.0,11279.0,5,False,False,Other,0,156.7,490,331.6,True
119.0,4.0,7,0,7,2023,True,259,42,3,10,5.0,1493.0,4,False,False,Design Tools,0,0.0,0,0.0,True
3.0,0.0,4,1,3,2023,False,246,46,3,1,40.0,1226.0,7,False,False,Other,0,0.0,0,0.0,False
15.0,0.0,4,3,7,2023,False,31,39,4,1,110995.0,1064.0,4,False,True,Android,0,0.0,2372,195.8,True
144.0,40.0,7,6,5,2024,True,40,48,3,1,1979.0,1040.0,6,True,False,API,0,0.0,0,0.0,True
120.0,140.0,1,5,7,2023,True,66,55,3,1,1429.0,4435.0,6,True,False,Productivity,0,0.0,13,0.0,True
146.0,0.0,7,5,3,2023,False,215,54,2,1,5.0,460.0,6,False,True,Other,0,0.0,0,2.1,True
96.0,2.0,9,6,7,2026,True,39,27,3,2,5.0,719.0,9,False,False,Developer Tools,0,0.0,0,3.7,True
2.0,1.0,1,5,5,2023,False,239,45,3,1,150.0,1557.0,1,False,True,Other,0,0.0,0,0.0,False
353.0,25.0,7,5,4,2026,True,22,33,3,0,97504.0,6057.0,5,True,False,Other,8,0.0,1761,418.4,True
4.0,0.0,14,1,7,2023,False,257,49,3,1,5.0,1859.0,3,False,True,Artificial Intelligence,0,0.0,20,0.9,True
226.0,20.0,1,4,5,2026,False,70,51,3,3,5.0,13314.0,4,False,False,Productivity,0,0.0,0,271.6,True
218.0,20.0,7,4,7,2023,True,119,45,3,0,119.0,9406.0,9,True,False,Developer Tools,13,166.0,0,0.0,False
4.0,0.0,10,0,3,2023,False,130,16,3,0,628.0,2466.0,1,False,False,Health & Fitness,0,0.0,0,0.0,False
125.0,0.0,7,4,12,2026,True,76,22,3,1,5.0,3127.0,4,False,False,Writing,0,0.0,13,0.0,True
115.0,11.0,11,3,6,2026,True,303,41,3,1,114.0,2474.0,4,True,False,Other,0,0.0,0,0.0,False
201.0,89.0,7,2,7,2026,True,56,46,3,2,5.0,10850.0,6,False,False,Productivity,1,1.1,0,0.0,True
70.0,2.0,11,3,5,2023,True,42,33,3,1,22680.0,1205.0,1,False,True,Design Tools,0,0.0,5,0.0,True
135.0,2.0,22,5,7,2023,False,367,15,3,1,5.0,940.0,5,True,False,Other,0,0.0,0,107.5,True
2.0,1.0,7,4,7,2023,False,250,46,3,1,192.0,476.0,1,False,True,Marketing,0,0.0,0,0.0,False
157.0,3.0,7,1,5,2026,True,221,58,3,1,245550.0,1064.0,4,True,False,Other,0,0.0,0,4.4,True
129.0,54.0,7,4,5,2023,False,274,30,1,1,1863.0,111.0,5,True,True,Analytics,0,0.0,12,172.5,True
142.0,5.0,7,3,7,2023,True,196,52,3,1,5.0,2720.0,3,False,True,Design Tools,0,0.0,0,0.0,True
80.0,1.0,14,3,7,2023,True,262,40,4,1,5.0,2275.0,6,False,True,Other,0,0.0,0,0.0,True
153.0,45.0,7,4,7,2026,True,222,52,3,3,689.0,3277.0,8,False,False,Chrome Extensions,0,0.0,0,2.2,True
228.0,27.0,7,0,7,2026,True,191,24,3,1,1723.0,4129.0,4,True,True,Open Source,0,0.0,1,1.6,True
256.0,0.0,7,0,5,2026,True,72,24,3,1,5.0,6102.0,4,False,False,Marketing,0,0.0,539,0.0,True
124.0,12.0,19,3,5,2026,True,305,25,3,1,79.0,1754.0,6,False,False,Productivity,0,0.0,0,0.0,False
19.0,5.0,7,5,7,2026,True,59,59,3,3,659.0,2509.0,8,True,False,Other,1,28.0,1,28.0,False
7.0,0.0,23,3,3,2023,False,274,37,2,1,5.0,2220.0,4,False,True,Productivity,0,0.0,16,0.5,True
481.0,26.0,7,5,7,2026,False,52,55,3,1,146226.0,3262.0,4,True,False,Other,0,255.1,0,3.1,True
606.0,13.0,7,3,5,2023,True,207,33,3,1,5.0,1273.0,4,True,False,API,0,0.0,17,0.0,True
8.0,0.0,18,4,3,2023,False,244,47,3,1,236.0,3602.0,3,True,True,Productivity,0,1.8,0,1.3,True
303.0,57.0,7,3,7,2026,True,47,47,3,3,175.0,688.0,8,True,False,Other,0,0.0,0,0.0,False
7.0,2.0,0,3,1,2023,False,99,60,3,1,302.0,52.0,2,False,True,Other,0,0.0,0,0.0,False
19.0,3.0,7,3,5,2023,True,220,60,5,1,5.0,1421.0,4,False,False,Artificial Intelligence,0,0.0,11,2.1,True
145.0,48.0,7,0,3,2023,True,250,35,4,6,148519.0,327.0,4,True,False,Chrome Extensions,0,0.0,975,221.92307692307693,False
18.0,9.0,5,6,5,2026,False,486,55,3,1,6904.0,18840.0,5,True,False,Other,18,445.94444444444446,18,445.94444444444446,False
1.0,4.0,12,3,3,2023,False,217,48,2,0,5.0,1185.0,6,False,True,Chrome Extensions,0,0.0,0,0.0,True
92.0,0.0,23,3,5,2023,False,260,21,3,1,1837.0,4046.0,3,False,True,Design Tools,0,0.0,0,1.1,True
7.0,0.0,9,4,5,2023,True,222,31,3,0,10860.0,2472.0,4,False,True,Productivity,0,0.0,0,1.0,True
17.0,1.0,7,3,5,2026,True,243,35,3,1,2602.0,1286.0,4,True,True,Web App,0,0.0,1899,0.0,True
7.0,0.0,7,5,1,2023,False,216,36,3,1,5.0,1039.0,1,False,True,Chrome Extensions,0,0.0,7,1.7,True
146.0,2.0,7,4,5,2026,False,264,49,3,1,808.0,779.0,6,False,False,Other,0,0.0,0,0.0,True
180.0,60.0,7,2,7,2026,True,31,33,3,1,2430.0,1165.0,4,False,False,iOS,0,0.0,0,0.0,True
124.0,35.0,14,5,7,2023,False,56,47,3,1,5.0,750.0,6,True,False,Productivity,0,0.7,4,0.0,True
164.0,62.0,7,4,5,2026,True,263,53,3,1,5.0,3905.0,4,True,False,Productivity,0,0.0,0,378.8,True
77.0,6.0,8,4,1,2023,True,255,45,3,3,27836.0,1554.0,5,False,False,Other,0,0.0,170,276.5176470588235,False
149.0,25.0,7,3,7,2026,False,50,50,3,2,1396.0,3094.0,4,True,False,Productivity,1,132.0,1,132.0,False
2704.0,538.0,6,3,9,2024,False,434,39,3,1,4168.0,10854.0,5,True,False,Other,11,290.3636363636364,11,290.3636363636364,False
133.0,0.0,7,4,1,2024,False,257,58,3,1,58462.0,752.0,1,True,True,iOS,0,0.0,1,0.0,True
1.0,0.0,4,5,1,2023,False,249,39,1,1,5.0,2697.0,3,False,True,Android,0,0.0,19,4.6,True
128.0,15.0,0,1,6,2026,True,372,26,3,1,294.0,300.0,4,True,False,Other,0,0.0,0,0.0,False
24.0,1.0,7,5,3,2023,False,248,16,2,0,5.0,1973.0,2,True,True,Android,0,0.0,0,0.8,True
112.0,1.0,7,1,7,2026,True,70,28,3,7,5.0,2972.0,6,False,False,Other,0,0.0,0,198.6,True
157.0,17.0,0,1,6,2026,True,136,54,3,1,372.0,1498.0,2,False,False,Open Source,0,0.0,0,0.0,False
6.0,0.0,14,1,3,2023,False,257,27,3,0,5.0,1508.0,1,True,True,Other,0,0.0,4,2.3,True
107.0,2.0,7,3,7,2026,True,195,51,4,1,5.0,4634.0,8,False,False,Design Tools,0,0.0,0,1.1,True
567.0,29.0,7,0,7,2026,True,38,55,3,1,3003.0,7089.0,5,True,False,Productivity,3,0.0,2,5.7,True
512.0,51.0,7,6,7,2026,True,255,19,3,3,5.0,2879.0,6,False,False,Productivity,0,0.0,13,0.1,True
425.0,49.0,7,2,10,2026,True,303,44,3,1,5.0,6512.0,6,True,False,Productivity,5,0.0,0,0.0,True
4.0,1.0,7,5,5,2023,False,241,55,2,1,1001.0,2548.0,7,False,True,Marketing,0,0.0,0,0.0,False
10.0,0.0,7,4,7,2023,True,238,55,3,1,3089.0,417.0,3,False,True,Chrome Extensions,0,0.0,0,1.0,True
1.0,0.0,7,1,3,2023,False,270,41,3,0,1787.0,896.0,1,False,True,Other,0,0.0,0,0.0,True
74.0,1.0,7,0,5,2023,True,180,18,3,1,170397.0,2183.0,6,False,True,Developer Tools,0,0.6,14,0.0,True
62.0,65.0,7,2,6,2026,False,48,48,3,3,131.0,1088.0,8,True,True,Productivity,0,0.0,0,0.0,False
87.0,7.0,7,1,3,2023,True,137,39,3,1,18.0,4488.0,2,False,True,SaaS,0,0.0,0,0.0,False
3.0,0.0,7,4,1,2023,False,178,60,3,1,426.0,580.0,9,False,True,Android,0,0.0,0,0.0,False
12.0,94.0,7,0,7,2026,True,47,55,3,1,78540.0,4589.0,6,False,False,Email,0,0.1,0,0.0,True
420.0,55.0,18,4,5,2026,True,500,45,3,2,5.0,508.0,5,True,False,Productivity,0,0.0,5,217.1,True
113.0,21.0,7,4,7,2023,True,260,59,3,1,123.0,10762.0,8,True,False,Other,14,169.71428571428572,0,0.0,False
6.0,85.0,19,3,7,2023,False,185,36,2,1,5.0,127.0,3,True,True,iOS,0,0.4,0,0.0,True
187.0,35.0,7,3,7,2026,True,60,60,3,2,311.0,893.0,4,True,False,Developer Tools,0,0.0,0,0.0,False
404.0,0.0,7,2,7,2026,True,31,45,3,3,2773.0,3180.0,6,False,True,Design Tools,0,0.0,0,1.8,True
109.0,3.0,7,4,7,2023,True,82,60,3,1,123158.0,3638.0,4,False,True,Design Tools,0,0.0,8,1.9,True
160.0,0.0,7,3,5,2023,True,248,12,4,1,17715.0,3545.0,6,False,False,Writing,0,5.3,0,1.4,True
20.0,3.0,11,6,3,2023,True,206,15,3,0,5.0,2194.0,6,True,True,SaaS,0,2.1,0,2.6,True
1.0,0.0,18,3,1,2023,True,252,34,2,1,2842.0,5956.0,2,False,True,Other,0,0.0,11,1.8,True
129.0,18.0,7,0,5,2026,False,42,52,3,3,5.0,1981.0,6,True,False,Health & Fitness,0,0.0,0,0.0,True
378.0,21.0,14,2,1,2025,True,62,41,3,1,2338.0,12290.0,5,False,False,Productivity,2,178.5,2,178.5,False
16.0,0.0,12,1,3,2023,False,264,29,1,0,2208.0,4310.0,3,False,True,Other,0,0.0,0,5.7,True
191.0,7.0,23,1,3,2024,True,72,51,4,1,2791.0,1065.0,4,False,True,Hiring,0,0.0,0,0.0,True
200.0,3.0,7,1,6,2026,True,55,55,3,2,198.0,18.0,6,False,False,Developer Tools,0,0.0,0,0.0,False
135.0,75.0,7,5,7,2023,True,228,60,1,1,5.0,1065.0,1,False,True,Marketing,0,0.0,0,0.0,True
183.0,134.0,7,4,6,2023,False,60,21,3,3,5.0,7752.0,6,True,False,Marketing,0,0.0,0,243.3,True
136.0,53.0,7,4,6,2026,True,33,52,3,3,1890.0,9001.0,6,True,False,Other,0,2.3,37,0.0,True
16.0,4.0,18,4,5,2023,False,256,34,4,1,3272.0,5140.0,6,True,True,Productivity,0,0.4,0,0.0,True
7.0,0.0,9,3,7,2023,False,259,33,3,1,704.0,661.0,1,False,True,Productivity,0,0.7,0,0.0,True
6.0,4.0,0,4,1,2023,False,205,45,3,1,115.0,235.0,7,False,True,SaaS,0,0.0,0,0.0,False
185.0,17.0,7,1,9,2026,False,267,60,3,1,3363.0,4320.0,7,True,False,Other,0,0.0,4,0.0,True
13.0,0.0,7,4,7,2023,True,250,52,2,3,5.0,1063.0,6,False,True,Design Tools,0,0.0,0,0.0,True
4.0,0.0,7,4,7,2023,False,240,32,3,1,358.0,910.0,3,False,False,Productivity,0,0.0,0,1.0,True
169.0,17.0,7,2,7,2026,True,57,49,3,3,5.0,31318.0,3,False,False,Productivity,0,101.5,6,0.0,True
114.0,0.0,7,1,5,2023,False,254,35,1,1,22039.0,4581.0,3,True,True,Productivity,0,0.0,5,0.0,True
192.0,0.0,7,4,7,2026,True,222,58,3,1,987.0,2575.0,6,False,False,Health & Fitness,0,0.0,8,1.0,True
1.0,0.0,7,6,5,2023,True,65,60,3,3,5.0,674.0,6,True,False,Other,0,0.0,508,0.0,True
581.0,17.0,7,3,7,2025,False,50,47,3,0,5.0,2678.0,7,False,False,Design Tools,0,0.0,0,202.9,True
7.0,0.0,3,3,3,2023,True,444,51,1,0,5.0,599.0,3,False,True,Other,0,0.0,2,1.4,True
127.0,31.0,7,1,5,2023,True,236,12,3,1,1012.0,121.0,6,False,False,Productivity,0,0.0,0,4.5,True
9.0,3.0,8,1,3,2023,False,155,39,4,5,206863.0,1353.0,5,True,False,Android,0,0.0,1368,196.69590643274853,False
171.0,0.0,7,6,6,2026,True,69,57,3,1,1791.0,8995.0,8,True,False,Developer Tools,36,0.0,27,0.0,True
9.0,5.0,7,3,3,2026,False,500,32,3,3,2493.0,5047.0,3,True,False,Other,0,0.0,7,0.0,True
91.0,0.0,11,6,5,2026,False,53,26,3,1,1630.0,674.0,2,False,True,Productivity,0,0.0,105,2.9,True
13.0,9.0,7,5,7,2026,False,34,34,3,2,64.0,1432.0,5,False,False,Other,0,0.0,0,0.0,False
1.0,0.0,15,4,3,2023,False,244,45,2,1,564.0,1065.0,1,True,True,Other,0,0.0,9,0.2,True
2.0,2.0,19,5,7,2023,False,210,24,3,1,927.0,3094.0,3,False,True,Other,0,0.0,69,0.0,True
453.0,50.0,7,0,11,2026,False,397,52,3,3,3217.0,5970.0,4,True,False,API,0,140.7,0,0.0,True
17.0,0.0,7,4,7,2026,True,43,42,3,1,5.0,689.0,6,False,False,Productivity,0,0.0,0,0.0,True
421.0,161.0,7,4,5,2023,True,247,59,3,1,5.0,4454.0,1,False,False,Marketing,0,0.0,8,0.0,True
64.0,2.0,1,0,3,2023,True,121,29,3,1,233.0,474.0,4,False,True,Fintech,0,0.0,0,0.0,False
7.0,5.0,7,4,3,2023,True,264,56,4,1,5.0,4215.0,3,False,True,Artificial Intelligence,0,0.0,32,0.0,True
119.0,5.0,7,4,7,2026,False,65,32,3,1,5211.0,3091.0,6,True,False,Android,0,0.0,15,0.0,True
129.0,11.0,7,4,7,2024,True,279,39,5,1,1995.0,2459.0,5,True,False,Marketing,0,0.0,0,0.7,True
282.0,21.0,7,5,7,2026,True,65,56,3,1,5.0,12808.0,7,True,False,Productivity,1,142.9,0,0.0,True
9.0,0.0,7,0,7,2023,True,337,42,3,2,5.0,3055.0,6,False,False,Design Tools,0,0.0,0,0.0,True
127.0,42.0,7,3,10,2023,True,263,31,3,1,6930.0,834.0,4,False,False,Other,0,0.0,0,2.7,True
1.0,1.0,7,4,3,2023,True,209,29,3,1,57959.0,10.0,9,False,True,Android,0,0.0,0,3.9,True
389.0,91.0,7,4,7,2026,True,71,50,3,1,89422.0,304.0,5,True,False,Design Tools,0,255.8,0,222.6,True
9.0,1.0,9,4,1,2023,False,182,35,3,1,200.0,14.0,5,False,True,Productivity,0,0.0,0,0.0,False
132.0,44.0,7,1,5,2026,True,343,59,3,3,5.0,1299.0,8,False,False,Other,0,0.0,0,0.0,True
96.0,10.0,0,1,3,2026,True,405,37,3,1,3359.0,7179.0,6,True,False,Productivity,1,333.0,1,333.0,False
677.0,48.0,0,3,7,2026,False,58,29,3,2,224.0,4353.0,4,True,False,Developer Tools,0,0.0,1,2.3,True
83.0,4.0,14,1,5,2026,False,236,42,3,1,5.0,3147.0,6,False,False,Artificial Intelligence,0,0.7,0,0.0,True
226.0,6.0,7,3,7,2023,True,39,33,3,1,5.0,2400.0,6,True,False,Productivity,0,0.0,0,0.0,True
13.0,2.0,23,5,1,2023,False,197,59,3,1,54.0,5585.0,5,False,True,SaaS,0,0.0,0,0.0,False
12.0,12.0,7,6,7,2026,False,56,56,3,3,101.0,1557.0,8,True,True,Other,0,0.0,0,0.0,False
1.0,1.0,14,4,5,2023,False,297,49,3,1,5.0,172.0,1,False,True,Analytics,0,0.0,0,3.5,True
128.0,21.0,7,1,7,2026,True,31,31,3,1,1307.0,3601.0,8,False,False,Other,1,117.0,1,117.0,False
126.0,6.0,7,6,7,2023,False,237,32,3,1,4564.0,3678.0,8,False,False,Other,0,0.0,33,2.4,True
14.0,0.0,7,3,1,2023,False,266,60,1,1,5.0,5182.0,1,True,True,Productivity,0,0.4,11,0.0,True
311.0,16.0,7,4,7,2026,False,252,35,3,1,2693.0,2867.0,8,True,False,Productivity,0,0.0,0,0.0,True
103.0,0.0,7,0,3,2023,True,286,33,3,3,1083.0,4093.0,3,False,True,Other,0,0.0,10,1.1,True
102.0,26.0,7,3,7,2023,True,78,36,3,2,5.0,4036.0,4,True,True,SaaS,0,0.0,10,2.3,True
24.0,2.0,7,3,3,2023,True,249,57,2,1,5.0,695.0,2,False,True,Android,0,0.0,0,2.5,True
238.0,23.0,7,2,3,2026,True,77,60,3,1,2457.0,2280.0,6,True,False,Productivity,0,0.0,0,156.3,True
2.0,8.0,7,1,5,2023,True,427,55,3,2,5.0,3962.0,7,True,False,Fintech,2,0.0,12,103.1,True
176.0,33.0,7,1,7,2026,True,53,53,3,2,120.0,1029.0,8,True,True,Other,0,0.0,0,0.0,False
8.0,0.0,7,3,7,2023,True,255,33,2,0,5.0,1271.0,1,False,True,Other,0,0.0,12,2.2,True
91.0,17.0,1,4,7,2023,False,414,47,3,1,551.0,2122.0,4,True,False,Open Source,0,0.0,0,70.8,True
238.0,38.0,7,3,6,2026,True,58,57,2,7,209.0,2882.0,6,True,False,Other,0,0.0,16,3.1,True
77.0,4.0,9,0,3,2023,True,236,43,3,1,146.0,3149.0,8,False,True,Other,0,0.0,0,0.0,False
126.0,0.0,7,0,7,2023,True,150,57,3,1,3070.0,3855.0,6,True,False,Other,0,0.0,5,170.0,True
1.0,0.0,7,3,7,2023,False,240,47,1,1,5.0,1363.0,1,False,False,Marketing,0,0.0,1,172.2,True
20.0,1.0,7,1,7,2023,False,223,56,3,0,5.0,2021.0,2,False,True,Developer Tools,0,0.0,0,0.0,True
10.0,1.0,7,1,5,2023,False,246,33,3,1,5.0,1182.0,4,False,False,Chrome Extensions,0,0.0,5,0.0,True
94.0,0.0,16,1,5,2023,False,228,60,3,0,5.0,3732.0,4,True,False,Productivity,0,0.0,1361,0.0,True
130.0,11.0,7,3,5,2026,True,257,57,1,0,5.0,141.0,3,False,True,Writing,0,0.0,0,0.0,True
121.0,1.0,9,4,7,2023,True,51,33,2,1,91642.0,8312.0,4,False,True,Other,0,0.2,6,0.0,True
264.0,34.0,7,6,5,2026,False,438,55,3,1,310416.0,3092.0,4,True,False,Productivity,9,0.0,17,355.7,True
797.0,22.0,7,0,7,2023,True,249,43,3,1,642.0,1838.0,6,True,False,Web App,0,1.4,6,192.3,True
158.0,54.0,7,4,12,2026,True,43,42,3,3,4299.0,10494.0,5,False,False,Other,4,300.2,0,0.0,True
136.0,1.0,7,4,8,2023,True,73,42,2,1,968.0,10368.0,9,True,True,Analytics,0,0.2,0,0.0,True
14.0,0.0,7,4,7,2023,True,66,37,3,1,106686.0,2101.0,4,True,True,Other,0,0.0,7,2.5,True
207.0,0.0,7,4,3,2023,False,243,34,2,1,1631.0,3516.0,9,False,True,Fintech,0,0.0,0,0.0,True
6.0,0.0,22,4,7,2023,False,171,23,4,1,2048.0,3455.0,1,False,True,Design Tools,0,0.0,0,0.9,True
471.0,126.0,7,1,7,2026,True,75,26,3,2,5.0,1443.0,6,True,False,Productivity,0,233.3,17,331.8,True
1.0,1.0,6,5,1,2023,False,169,45,3,1,336.0,572.0,5,True,True,Android,0,0.0,0,0.0,False
206.0,8.0,1,6,10,2026,True,44,23,3,1,516.0,4917.0,4,True,False,Productivity,0,170.5,0,211.1,True
301.0,35.0,7,0,7,2023,False,61,39,3,1,5.0,3678.0,6,True,False,Fintech,4,0.0,0,0.6,True
1.0,0.0,7,0,1,2023,False,253,39,3,1,804.0,1346.0,3,False,True,Education,0,0.0,0,0.2,True
107.0,22.0,8,5,1,2023,True,259,60,3,2,21042.0,1816.0,3,False,False,Other,0,0.0,126,227.2063492063492,False
10.0,4.0,9,0,5,2023,False,255,40,4,1,5.0,2655.0,1,False,True,Other,0,0.0,0,0.0,True
175.0,0.0,11,3,5,2023,False,298,30,1,1,15262.0,5447.0,7,False,True,Chrome Extensions,0,0.0,0,0.0,True
2.0,0.0,12,5,1,2023,False,225,51,2,1,153.0,1340.0,2,False,True,Marketing,0,0.0,0,0.0,False
91.0,0.0,4,5,7,2023,False,316,38,3,1,79666.0,3310.0,8,True,True,Analytics,0,0.9,0,0.0,True
11.0,0.0,22,3,3,2023,False,272,23,2,0,1539.0,4542.0,2,False,True,Developer Tools,0,0.0,0,0.0,True
70.0,0.0,7,4,3,2023,True,240,53,1,4,268.0,1444.0,7,True,True,Analytics,0,0.3,17,198.9,True
9.0,2.0,7,5,3,2023,False,255,59,2,1,75.0,1012.0,1,True,True,SaaS,0,0.0,0,0.0,True
94.0,3.0,7,5,5,2023,False,257,41,3,1,4237.0,1389.0,4,False,False,Marketing,0,0.0,0,0.0,True
165.0,138.0,7,2,5,2026,True,67,44,3,3,5.0,12008.0,6,True,False,Productivity,0,0.9,15,0.0,True
94.0,0.0,7,3,7,2026,False,258,49,3,11,29.0,3207.0,6,True,False,Other,0,0.0,11,3.1,True
4.0,4.0,8,4,3,2023,False,227,43,3,1,5.0,1017.0,1,False,True,Other,0,0.0,14,0.0,True
493.0,19.0,7,3,6,2026,True,476,37,3,2,170.0,4891.0,8,True,False,Other,1,205.8,1636,204.6,True
140.0,19.0,21,1,10,2023,False,205,58,3,1,1337.0,2052.0,6,True,False,Chrome Extensions,0,0.0,0,183.0,True
68.0,0.0,7,1,7,2023,False,405,42,3,1,2930.0,2177.0,6,True,False,Other,0,0.0,0,0.0,True
85.0,3.0,8,5,1,2023,True,202,57,4,1,608.0,2486.0,5,False,True,Android,0,0.0,0,0.0,False
131.0,4.0,9,4,7,2023,False,69,60,3,1,7181.0,1059.0,6,False,False,Other,0,0.0,7,1.8,True
247.0,37.0,1,0,6,2026,True,64,39,3,1,222428.0,4131.0,6,True,False,Productivity,0,56.4,16,394.1,True
120.0,9.0,7,4,7,2023,True,61,40,5,1,5.0,41.0,3,False,True,iOS,0,0.0,295,0.0,True
12.0,1.0,7,4,6,2023,False,247,53,2,1,2581.0,1285.0,9,False,True,Other,0,0.0,0,0.5,True
23.0,1.0,7,0,8,2023,True,224,47,4,1,5.0,1554.0,7,True,False,Analytics,0,0.9,23,233.0,True
122.0,54.0,7,2,5,2026,True,39,49,3,1,5.0,4832.0,5,True,False,iOS,0,0.0,0,0.6,True
3.0,0.0,5,4,3,2023,False,288,34,5,1,145521.0,2621.0,1,False,True,Artificial Intelligence,0,0.0,18,0.0,True
1.0,2.0,7,1,5,2023,False,253,30,3,1,4294.0,2488.0,5,True,False,Other,0,0.0,0,0.0,True
552.0,68.0,1,0,7,2026,True,267,19,3,3,629.0,26210.0,6,True,False,Productivity,1,0.0,0,0.0,True
281.0,10.0,0,4,6,2026,True,211,60,3,1,4700.0,11172.0,18,True,False,Design Tools,9,372.8888888888889,9,372.8888888888889,False
2.0,1.0,10,1,7,2023,False,249,49,3,1,5.0,10.0,6,True,True,Other,0,0.0,0,0.0,True
18.0,5.0,7,4,7,2026,False,312,52,3,1,615.0,2974.0,3,False,False,Other,0,0.0,23,0.0,True
144.0,7.0,7,6,7,2026,False,500,49,3,1,575.0,7207.0,8,True,False,Other,0,0.0,0,0.5,True
68.0,3.0,16,4,7,2023,True,227,43,3,1,143946.0,802.0,6,True,False,Other,0,0.0,0,329.5,True
535.0,99.0,7,6,7,2026,True,473,50,3,7,217.0,3533.0,5,False,False,Other,0,0.0,3,1.7,True
111.0,17.0,8,3,1,2023,True,252,29,3,1,460.0,99.0,3,False,True,Design Tools,0,0.0,0,0.0,False
110.0,5.0,7,3,7,2023,True,252,50,3,2,79492.0,788.0,10,False,False,Other,0,0.0,509,209.41257367387033,False
180.0,59.0,7,2,7,2026,True,40,42,3,4,5.0,3552.0,9,False,False,Chrome Extensions,0,0.0,14,2.2,True
78.0,12.0,7,0,5,2023,True,249,43,5,3,5.0,814.0,4,True,False,Education,0,0.0,2404,0.0,True
127.0,9.0,13,0,5,2023,True,279,24,3,1,4042.0,299.0,1,False,True,Other,0,0.0,7,0.0,True
271.0,14.0,7,2,7,2026,True,57,59,3,6,1622.0,9281.0,6,True,False,Other,0,204.4,20,328.0,True
144.0,2.0,7,6,5,2023,False,260,34,3,2,2255.0,2719.0,2,False,False,Artificial Intelligence,0,0.0,12,2.2,True
30.0,12.0,7,4,7,2026,False,55,55,3,1,228.0,383.0,4,False,True,Other,0,0.0,0,0.0,False
61.0,81.0,7,1,7,2023,True,44,58,2,1,5.0,255.0,4,True,False,Design Tools,0,0.0,4,0.0,True
633.0,123.0,7,0,6,2026,False,45,40,3,1,2234.0,5725.0,8,True,False,Other,0,0.0,0,1.1,True
12.0,5.0,7,3,3,2023,False,246,31,3,17,5.0,6242.0,6,True,True,Mac,0,0.0,15,0.7,True
297.0,5.0,7,2,7,2026,True,64,57,3,3,4106.0,2014.0,4,True,False,Other,0,171.6,13,0.5,True
73.0,29.0,7,1,7,2023,True,268,60,3,1,5.0,1259.0,6,False,False,Design Tools,0,0.6,0,5.2,True
829.0,9.0,7,0,11,2026,False,64,55,3,1,171765.0,730.0,7,True,False,Productivity,0,279.2,3,0.0,True
587.0,47.0,7,0,5,2026,True,44,26,3,1,885.0,2445.0,8,False,False,Other,0,0.0,12,0.0,True
15.0,2.0,11,3,1,2023,False,266,58,3,1,1311.0,2322.0,1,False,True,Other,0,0.0,10,0.0,True
208.0,26.0,7,2,7,2024,True,255,39,5,5,4256.0,168.0,8,True,False,Productivity,0,0.0,0,0.9,True
135.0,1.0,7,4,5,2023,True,248,40,5,1,58223.0,1109.0,4,False,False,API,0,0.0,8,0.0,True
6.0,0.0,12,0,7,2023,False,217,55,2,1,140.0,770.0,3,True,False,Email,0,0.0,0,4.4,True
114.0,5.0,6,4,7,2023,True,40,42,2,2,5.0,593.0,4,False,False,Other,0,0.0,3,190.5,True
120.0,3.0,7,4,10,2024,True,237,42,3,1,1308.0,11714.0,4,True,False,Web App,0,2.0,0,3.1,True
115.0,7.0,7,2,9,2026,True,51,36,3,3,1789.0,2664.0,6,True,False,Design Tools,0,0.0,12,190.2,True
8.0,0.0,10,3,5,2023,False,241,55,1,5,5.0,2677.0,4,False,True,Productivity,0,0.0,192,0.0,True
22.0,1.0,7,4,12,2023,False,179,58,3,0,37348.0,739.0,6,False,True,Other,0,0.0,9,0.2,True
134.0,88.0,7,3,7,2026,True,303,58,3,1,1167.0,4502.0,8,False,False,SaaS,4,0.0,5,253.8,True
86.0,3.0,0,5,5,2026,False,177,48,3,1,102.0,129.0,2,False,False,Mac,0,0.0,0,0.0,False
145.0,0.0,7,2,5,2025,False,237,21,3,1,5.0,2751.0,3,False,False,Marketing,0,0.0,0,0.0,True
132.0,14.0,7,1,7,2023,True,486,52,3,1,623.0,2253.0,5,False,False,Other,0,0.0,8,4.0,True
10.0,0.0,7,1,7,2023,True,288,31,1,1,2958.0,5773.0,2,False,True,API,0,0.0,5,0.0,True
3.0,1.0,14,4,7,2023,False,230,51,3,1,100.0,821.0,5,False,True,Marketing,0,0.0,0,0.0,False
128.0,2.0,1,5,10,2026,True,247,59,3,3,5.0,246.0,4,True,False,Design Tools,0,0.0,0,1.5,True
398.0,25.0,0,4,6,2026,True,420,38,3,6,2351.0,445.0,8,True,False,Productivity,0,0.2,4,331.0,True
1.0,0.0,6,3,1,2023,False,245,54,2,1,18987.0,1778.0,3,False,True,Other,0,0.2,0,0.0,True
154.0,14.0,7,1,6,2026,True,225,39,3,2,652.0,4489.0,8,True,False,Artificial Intelligence,0,0.0,4,2.0,True
8.0,0.0,7,3,3,2023,False,210,30,1,1,3044.0,367.0,8,False,True,Analytics,0,0.0,0,1.0,True
77.0,0.0,5,3,5,2023,False,145,37,3,1,47863.0,1271.0,7,False,False,Web App,0,0.3,17,4.3,True
21.0,1.0,9,3,5,2023,False,45,44,3,1,120.0,2836.0,1,False,True,Other,0,0.0,1,0.0,True
141.0,31.0,7,4,7,2026,True,48,59,3,1,111.0,26989.0,5,True,False,Other,0,0.6,0,214.2,True
22.0,0.0,7,0,1,2023,True,240,21,2,1,5.0,968.0,1,False,True,Other,0,0.0,1657,0.0,True
138.0,0.0,7,4,7,2023,False,37,44,3,3,942.0,2604.0,6,True,True,Health & Fitness,0,1.7,0,0.0,True
353.0,61.0,3,2,1,2025,False,206,56,3,1,121.0,287.0,1,False,False,Open Source,0,0.0,0,0.0,False
246.0,35.0,7,4,7,2026,True,69,60,3,1,5.0,1091.0,5,True,False,Productivity,0,0.0,0,196.9,True
143.0,19.0,7,5,5,2023,True,227,55,3,1,996.0,2823.0,4,False,True,Artificial Intelligence,1,68.0,1,68.0,False
18.0,0.0,17,4,3,2023,True,245,32,1,1,2237.0,5947.0,2,False,True,Other,0,0.0,0,2.0,True
91.0,6.0,5,1,5,2023,False,240,56,3,1,252805.0,2247.0,6,False,False,Fintech,0,1.1,13,0.6,True
480.0,11.0,7,1,7,2026,False,255,57,3,1,49717.0,415.0,6,True,False,SaaS,0,0.0,2,0.0,True
68.0,0.0,13,4,7,2026,True,206,39,3,1,86097.0,2411.0,7,True,True,Other,0,0.0,21,208.4,True
231.0,12.0,7,3,5,2026,False,48,59,3,3,5.0,3651.0,4,True,False,Productivity,0,0.0,18,227.8,True
220.0,116.0,1,6,6,2026,True,59,50,3,3,5143.0,10108.0,8,True,False,Productivity,0,26.2,15,3.9,True
136.0,14.0,7,3,6,2026,True,64,32,3,2,3374.0,6676.0,6,True,False,Design Tools,0,120.7,7,1.9,True
146.0,5.0,7,3,9,2023,True,249,34,3,1,309724.0,30105.0,8,True,False,Analytics,13,0.0,12,2.8,True
107.0,51.0,7,3,7,2026,True,56,56,3,1,3420.0,6100.0,7,True,False,Productivity,1,76.6,0,4.0,True
389.0,0.0,19,3,3,2023,False,153,60,3,1,3025.0,3418.0,3,True,False,Design Tools,0,2.5,9,0.0,True
139.0,5.0,7,3,4,2023,True,274,49,3,1,5.0,936.0,4,False,False,Other,0,0.0,1,0.0,True
5.0,1.0,13,4,5,2023,False,227,58,2,1,5.0,56.0,4,False,True,Productivity,0,0.0,0,0.0,False
71.0,8.0,7,0,6,2026,True,41,60,3,1,5.0,986.0,5,False,False,Other,0,0.0,6,1.8,True
16.0,23.0,7,3,5,2023,True,164,34,2,0,5.0,4260.0,9,False,False,Productivity,0,0.0,12,0.1,True
126.0,0.0,14,5,7,2023,False,265,55,3,1,5.0,2607.0,2,False,True,Other,0,0.0,0,0.0,True
125.0,21.0,7,2,7,2023,False,37,60,3,1,17422.0,1262.0,6,True,False,Other,0,0.0,0,0.0,True
447.0,5.0,1,6,6,2026,True,60,41,3,1,663.0,10623.0,5,True,False,Email,2,114.0,7,0.0,True
25.0,0.0,17,3,5,2023,True,265,22,3,1,5.0,1607.0,3,False,True,Developer Tools,0,0.0,0,0.0,True
14.0,30.0,7,4,7,2023,False,234,55,3,1,3128.0,2565.0,6,False,False,Developer Tools,0,0.0,0,0.0,True
78.0,2.0,7,0,5,2023,True,266,51,3,5,5.0,2300.0,1,False,True,Open Source,0,0.0,0,0.2,True
113.0,80.0,7,2,3,2026,True,47,57,3,1,3081.0,23238.0,5,False,False,Other,11,226.5,0,187.3,True
12.0,2.0,9,3,3,2023,True,243,60,3,0,5.0,305.0,6,False,True,Marketing,0,0.0,14,3.2,True
102.0,19.0,7,1,6,2023,True,54,34,3,2,85224.0,160.0,4,False,False,Web App,0,0.0,10,5.8,True
1.0,1.0,14,3,3,2023,True,208,33,1,0,2428.0,859.0,5,False,True,Other,0,0.0,1877,1.9,True
14.0,2.0,19,6,7,2023,False,247,34,4,1,893.0,1989.0,4,False,True,Android,0,0.0,10,0.0,True
11.0,0.0,16,4,7,2023,False,247,60,3,3,470.0,351.0,4,False,True,Other,0,0.0,0,0.0,True
290.0,0.0,7,2,5,2026,False,268,53,3,1,185505.0,1525.0,4,True,False,Chrome Extensions,0,0.0,0,196.1,True
114.0,40.0,7,2,7,2026,True,45,56,3,2,5.0,487.0,4,True,False,Android,0,0.0,10,0.0,True
106.0,18.0,7,3,6,2026,False,52,52,3,1,57.0,127.0,7,True,True,Developer Tools,0,0.0,0,0.0,False
122.0,14.0,7,1,7,2026,True,270,60,3,1,5.0,615.0,6,True,False,Marketing,0,0.0,0,0.0,True
159.0,17.0,7,4,5,2025,True,49,59,3,2,1486.0,1935.0,4,False,False,Design Tools,0,0.0,0,221.0,True
151.0,3.0,13,4,5,2024,True,238,48,3,1,20702.0,4382.0,2,False,False,Other,0,0.0,3283,1.9,True
720.0,47.0,7,4,7,2026,True,47,19,3,3,273.0,22731.0,8,False,False,Other,0,0.0,0,2.6,True
17.0,0.0,7,1,7,2023,False,258,52,3,1,1193.0,1473.0,3,False,True,Productivity,0,0.0,0,0.0,True
527.0,21.0,7,3,6,2026,False,86,51,3,2,9171.0,3219.0,5,True,False,Developer Tools,0,0.0,0,1.9,True
235.0,66.0,7,0,7,2026,True,60,38,3,1,5.0,5125.0,6,True,False,Other,0,193.1,0,0.0,True
13.0,0.0,13,5,3,2023,False,253,34,3,1,5.0,536.0,1,False,True,Mac,0,0.0,26,3.1,True
448.0,1.0,7,4,7,2023,True,247,29,1,1,249151.0,4180.0,6,False,False,Other,0,0.0,0,0.0,True
165.0,0.0,7,4,6,2026,True,43,54,3,1,184.0,1041.0,7,False,False,Other,0,278.5,0,0.0,True
86.0,86.0,16,3,7,2026,True,398,46,3,3,5.0,2385.0,6,True,False,Productivity,0,0.0,10,2.8,True
273.0,113.0,7,3,7,2023,True,70,36,2,1,313.0,1120.0,6,True,False,Email,0,0.0,25,0.0,True
114.0,1.0,7,2,10,2023,True,57,41,3,2,71217.0,1427.0,7,True,False,Productivity,0,0.0,10,0.0,True
44.0,8.0,7,4,7,2026,False,246,39,3,3,3944.0,1848.0,8,True,False,API,0,0.0,0,204.0,True
1.0,3.0,12,5,5,2023,False,256,30,3,1,5.0,1921.0,3,False,True,Other,0,0.0,8,0.0,True
91.0,0.0,7,4,6,2023,True,196,41,3,1,5.0,459.0,8,True,True,Web App,0,0.0,0,0.0,True
8.0,21.0,19,4,7,2026,True,313,33,3,1,414.0,10.0,6,False,False,Productivity,0,0.0,2,0.0,True
1.0,0.0,11,1,5,2023,True,170,36,1,1,952.0,639.0,2,False,True,Design Tools,0,0.0,4,0.0,True
1.0,0.0,8,3,3,2023,False,69,54,2,1,1720.0,1754.0,3,False,False,SaaS,0,0.0,0,2.4,True
10.0,2.0,7,0,3,2023,False,187,55,3,1,2108.0,1199.0,1,False,True,Other,0,0.0,0,0.6,True
30.0,2.0,23,4,3,2023,False,268,57,3,0,5.0,3312.0,8,False,True,Marketing,0,0.0,0,0.0,True
160.0,20.0,0,4,5,2026,False,253,22,3,1,1940.0,1989.0,6,False,False,Developer Tools,0,0.0,10,1.9,True
1.0,0.0,14,4,7,2023,False,263,32,3,1,2893.0,754.0,1,False,True,Productivity,0,0.0,0,0.0,True
191.0,57.0,8,3,1,2023,True,137,22,2,5,38912.0,590.0,4,False,False,Productivity,0,0.0,236,353.52542372881356,False
358.0,0.0,7,1,7,2026,True,408,39,3,1,484.0,3896.0,6,False,True,Productivity,0,0.0,1,0.5,True
116.0,0.0,7,4,5,2023,False,52,59,3,0,2433.0,4741.0,3,True,False,API,0,0.0,889,1.8,True
1.0,0.0,7,4,7,2023,False,228,56,1,1,127260.0,2390.0,6,False,True,Other,0,1.4,487,0.0,True
422.0,70.0,7,0,7,2026,True,270,49,3,1,5.0,1125.0,6,False,False,Other,39,0.0,8,0.1,True
109.0,33.0,9,1,5,2023,True,264,48,3,1,176854.0,223.0,4,False,False,Productivity,0,1.0,0,0.0,True
271.0,6.0,0,0,6,2026,True,43,46,3,1,103.0,9696.0,6,True,False,Artificial Intelligence,0,0.0,0,190.0,True
176.0,23.0,7,1,7,2026,True,27,57,3,3,5.0,2142.0,6,False,False,Open Source,0,0.0,0,224.2,True
1.0,1.0,7,1,5,2023,True,279,36,3,1,2581.0,719.0,1,False,True,Android,0,0.0,5,3.2,True
128.0,13.0,7,2,7,2026,False,58,58,3,3,323.0,1635.0,4,False,False,Other,0,0.0,0,0.0,False
130.0,42.0,7,6,7,2023,True,44,58,2,12,5.0,2319.0,7,True,False,Health & Fitness,0,0.3,0,218.7,True
5.0,0.0,7,4,7,2023,False,250,55,3,1,5.0,408.0,2,False,False,Productivity,0,0.0,915,0.0,True
156.0,1.0,0,3,7,2025,True,266,36,1,0,1275.0,23353.0,4,True,False,Productivity,0,0.0,0,3.9,True
166.0,13.0,7,3,7,2023,True,65,58,4,3,5.0,584.0,6,False,False,API,0,0.0,14,0.0,True
16.0,0.0,15,3,5,2023,False,192,30,2,1,5.0,433.0,3,False,True,Android,0,0.0,0,0.0,True
9.0,1.0,8,1,3,2023,False,252,58,3,2,52954.0,245.0,6,True,False,Other,0,0.0,341,197.24633431085044,False
22.0,0.0,7,0,7,2023,True,278,28,3,1,887.0,2740.0,2,False,False,API,0,0.0,0,0.0,True
6.0,0.0,15,5,1,2023,False,255,25,3,1,5.0,1609.0,1,False,True,Other,0,0.0,0,0.0,True
240.0,2.0,7,3,9,2023,True,267,60,3,1,5.0,894.0,9,False,False,Productivity,0,0.0,19,0.6,True
2.0,1.0,22,4,1,2023,False,206,33,3,1,40.0,23.0,11,True,True,Other,0,0.0,0,0.0,False
28.0,1.0,7,3,7,2023,True,232,33,1,1,5.0,1355.0,3,False,True,Design Tools,0,0.0,5,1.6,True
484.0,0.0,7,3,7,2023,False,261,52,3,1,5034.0,1128.0,4,False,True,SaaS,0,0.0,0,2.3,True
119.0,0.0,7,0,7,2023,False,69,39,3,1,5.0,146.0,6,False,False,Other,0,0.0,0,2.4,True
342.0,113.0,7,2,7,2026,True,36,30,3,1,2517.0,1877.0,6,True,False,Other,0,0.0,685,2.5,True
381.0,121.0,7,6,6,2026,True,410,31,3,1,5.0,1085.0,7,True,False,Other,0,265.1,20,383.4,True
106.0,34.0,7,6,5,2023,True,57,49,3,1,157613.0,9133.0,7,True,False,Productivity,0,0.0,0,0.7,True
162.0,79.0,0,1,7,2026,True,68,43,3,1,5.0,759.0,3,False,False,Web App,0,0.0,8,0.0,True
1.0,0.0,13,0,1,2023,True,192,22,1,1,18725.0,2931.0,3,False,False,Other,0,0.0,4,0.8,True
85.0,9.0,7,1,7,2023,True,486,50,3,3,51.0,10.0,6,False,False,Marketing,0,0.4,4,0.6,True
84.0,2.0,19,4,5,2023,False,274,28,1,0,1239.0,1432.0,3,False,True,Marketing,0,1.1,0,1.3,True
867.0,91.0,7,1,7,2026,True,55,55,3,1,6.0,425.0,7,False,False,Productivity,0,0.0,0,0.0,False
78.0,4.0,7,3,7,2023,True,78,52,3,1,15.0,295.0,7,True,True,Writing,0,0.0,0,0.0,False
111.0,3.0,7,3,7,2023,True,228,59,4,0,70.0,12593.0,1,False,False,Developer Tools,12,170.58333333333334,0,0.0,False
16.0,4.0,12,4,5,2023,False,218,47,3,0,5.0,2539.0,6,True,True,API,0,0.0,0,198.3,True
12.0,2.0,7,3,1,2023,False,195,38,4,0,5.0,848.0,1,False,True,Fintech,0,0.0,0,0.0,True
62.0,2.0,7,0,3,2023,True,244,27,4,1,408.0,40.0,7,True,True,Productivity,0,0.0,0,0.0,False
4.0,0.0,7,1,5,2023,False,248,58,3,1,1212.0,1462.0,12,False,True,Other,0,0.0,3,0.0,True
95.0,0.0,5,0,7,2023,True,193,55,3,3,5346.0,216.0,3,True,False,Other,0,0.7,32,0.4,True
88.0,0.0,14,3,5,2023,False,222,51,3,1,38463.0,2925.0,6,False,True,Android,0,0.0,0,4.2,True
122.0,2.0,21,6,7,2023,False,47,35,3,1,5.0,2609.0,6,False,False,Health & Fitness,0,0.0,31,5.9,True
4.0,0.0,7,3,7,2023,True,120,58,1,1,5.0,1071.0,3,False,True,Design Tools,0,0.0,9,1.4,True
278.0,69.0,9,2,5,2026,False,283,57,3,1,7516.0,18682.0,5,True,False,Other,28,365.7857142857143,28,365.7857142857143,False
177.0,59.0,7,2,7,2026,True,55,55,3,2,37.0,157.0,6,False,False,Other,0,0.0,0,0.0,False
1.0,10.0,7,4,5,2023,False,265,48,3,1,222333.0,112.0,3,False,False,Other,0,0.0,0,2.0,True
362.0,9.0,7,2,6,2026,True,54,23,5,3,370760.0,917.0,5,True,False,Artificial Intelligence,0,0.0,24,52.7,True
3.0,0.0,18,5,5,2023,False,184,23,4,1,262.0,833.0,6,False,True,Health & Fitness,0,0.0,4,3.4,True
15.0,14.0,9,0,5,2023,True,275,58,3,1,2098.0,1798.0,5,False,True,Design Tools,0,0.0,2,0.0,True
309.0,11.0,7,3,5,2023,True,44,41,4,1,5.0,2734.0,4,False,True,Other,0,115.5,23,85.4,True
19.0,0.0,13,0,7,2023,True,215,57,2,1,5.0,4866.0,7,False,False,Other,0,0.0,21,0.0,True
104.0,17.0,0,1,6,2026,True,364,48,3,1,53.0,2460.0,5,True,False,Developer Tools,0,0.0,0,0.0,False
305.0,5.0,7,4,7,2023,False,274,34,3,1,115954.0,5403.0,6,False,False,Productivity,0,0.0,106,0.5,True
8.0,0.0,11,4,5,2023,False,271,41,3,2,2728.0,281.0,0,False,True,Other,0,0.0,0,0.0,True
136.0,26.0,7,3,7,2026,True,259,37,3,1,120625.0,560.0,10,False,False,API,0,0.0,0,4.4,True
121.0,0.0,8,0,5,2023,False,277,56,3,1,3535.0,2240.0,4,False,True,Other,0,0.0,249,0.0,True
515.0,40.0,7,2,5,2026,False,58,57,3,1,5.0,11176.0,6,False,False,Other,4,0.0,0,0.0,True
115.0,13.0,7,1,3,2023,True,226,39,2,2,43244.0,487.0,5,False,False,Artificial Intelligence,0,0.0,277,208.22743682310468,False
16.0,1.0,7,3,7,2023,True,340,41,4,1,1363.0,305.0,7,False,True,Android,0,0.0,13,201.0,True
148.0,34.0,7,4,7,2026,False,239,51,3,1,5.0,4348.0,4,True,False,Other,0,0.0,12,2.8,True
152.0,18.0,8,3,7,2025,True,295,42,3,1,373.0,144.0,10,True,False,Other,0,0.0,0,0.0,False
137.0,0.0,7,3,5,2023,False,220,26,4,1,965.0,1792.0,1,False,True,Design Tools,0,0.0,0,0.0,True
380.0,20.0,7,3,6,2026,True,83,46,3,1,1141.0,775.0,5,True,False,Other,1,245.8,1560,455.5,True
72.0,14.0,1,2,6,2026,True,59,55,3,1,5.0,531.0,6,True,False,Other,8,0.0,2,237.4,True
114.0,258.0,7,6,7,2026,False,54,37,3,3,123.0,2271.0,6,False,True,Health & Fitness,0,0.0,0,0.0,True
85.0,40.0,0,3,5,2026,True,264,51,3,2,1364.0,1159.0,4,False,False,Other,0,0.0,4,2.0,True
174.0,133.0,7,5,5,2026,True,50,60,3,3,5.0,625.0,6,False,False,Hiring,0,0.3,23,0.0,True
14.0,3.0,9,0,7,2026,True,37,42,3,1,2628.0,1876.0,10,False,False,Developer Tools,0,0.0,0,0.0,True
1.0,2.0,9,5,3,2023,False,222,45,3,1,2859.0,1368.0,6,True,False,Fintech,0,0.0,0,0.0,True
177.0,2.0,7,4,7,2023,True,185,33,3,1,1637.0,3248.0,4,True,False,Fintech,0,0.1,0,0.0,True
104.0,5.0,7,2,7,2024,True,225,51,3,1,5.0,1087.0,8,True,False,Artificial Intelligence,0,0.0,0,0.0,True
628.0,38.0,7,6,5,2026,True,43,25,3,2,5.0,1941.0,7,True,False,SaaS,0,0.0,0,2.3,True
238.0,62.0,7,1,5,2023,True,500,45,1,1,114815.0,769.0,5,False,False,Hiring,0,0.0,28,0.0,True
24.0,0.0,12,4,7,2023,False,268,35,1,1,3701.0,5139.0,4,False,True,Other,0,0.0,16,0.0,True
150.0,1.0,6,4,5,2023,True,238,51,1,1,5.0,643.0,5,True,True,Marketing,0,1.3,7,0.0,True
26.0,3.0,12,4,5,2023,False,275,41,3,1,5.0,1451.0,3,False,True,Other,0,0.0,1300,0.0,True
1.0,11.0,15,6,5,2026,False,67,31,3,1,5.0,1350.0,4,False,False,Other,0,0.0,15,1.8,True
1.0,4.0,8,3,7,2023,True,250,45,2,1,165.0,4859.0,4,False,True,Writing,0,0.0,5,0.0,True
71.0,8.0,7,4,5,2026,True,63,56,3,1,5.0,6186.0,5,False,False,Design Tools,0,0.0,5,0.3,True
6.0,0.0,7,1,3,2023,False,258,30,1,1,1249.0,1767.0,2,True,True,Other,0,0.0,1,0.8,True
407.0,70.0,7,4,6,2026,True,36,36,3,1,4553.0,9519.0,8,False,False,Other,3,414.0,3,414.0,False
227.0,0.0,16,1,5,2023,True,246,28,3,1,1941.0,2837.0,3,True,False,Other,0,0.9,2,207.0,True
108.0,53.0,10,1,7,2023,True,61,32,1,1,2225.0,2900.0,8,True,False,Social Media,0,1.4,3017,0.0,True
9.0,0.0,14,1,5,2023,False,263,34,1,1,2673.0,2044.0,1,True,False,Productivity,0,0.0,0,4.3,True
416.0,101.0,7,4,7,2026,True,38,38,3,1,1176.0,272.0,8,False,False,Other,0,0.0,0,0.0,False
151.0,41.0,7,2,7,2026,False,42,42,3,2,168.0,1748.0,8,False,False,Productivity,0,0.0,0,0.0,False
15.0,0.0,7,5,5,2024,True,244,42,3,1,123648.0,209.0,6,True,True,Education,0,0.0,0,5.4,True
1.0,0.0,17,3,3,2023,False,248,37,1,1,211878.0,2478.0,2,False,True,Design Tools,0,1.1,0,0.9,True
404.0,46.0,7,6,7,2026,True,60,37,3,1,2342.0,3330.0,1,True,False,Analytics,0,0.0,38,280.7,True
200.0,177.0,7,4,5,2026,False,257,48,3,1,4250.0,1688.0,8,False,False,Design Tools,0,0.0,7,0.0,True
160.0,20.0,7,1,5,2023,True,254,39,3,1,5.0,4900.0,4,False,False,Developer Tools,0,0.0,20,2.5,True
8.0,8.0,7,5,6,2026,False,29,29,3,2,234.0,206.0,6,False,True,Other,0,0.0,0,0.0,False
16.0,1.0,7,6,6,2026,False,60,60,3,1,293.0,160.0,4,True,False,Other,0,0.0,0,0.0,False
2.0,0.0,11,4,1,2023,False,258,39,3,0,251.0,406.0,5,False,False,Other,0,0.0,0,0.0,False
3.0,0.0,9,0,3,2023,False,227,47,3,0,546.0,2659.0,3,False,True,Marketing,0,0.1,0,0.0,True
16.0,0.0,16,3,7,2023,True,275,21,3,1,3598.0,800.0,2,False,True,Fintech,0,0.0,0,0.0,True
83.0,2.0,7,1,3,2023,True,236,22,3,1,32.0,912.0,7,False,True,Other,0,0.0,0,0.0,False
9.0,0.0,7,3,7,2023,True,235,57,1,1,3794.0,1928.0,6,True,True,Other,0,0.0,7,2.4,True
77.0,1.0,7,6,5,2023,True,210,49,3,1,5.0,2953.0,6,True,False,Social Media,0,0.0,29,0.0,True
1.0,0.0,7,3,7,2023,True,149,41,1,1,655.0,692.0,3,True,True,Analytics,0,0.0,35,255.5,True
129.0,0.0,7,5,7,2023,True,171,42,3,1,5.0,3618.0,7,False,True,Other,0,0.0,0,2.1,True
114.0,0.0,7,5,3,2023,True,262,38,5,0,639.0,226.0,4,False,False,Education,0,0.0,0,4.8,True
67.0,224.0,0,4,7,2026,True,384,29,3,1,72990.0,1233.0,4,False,False,Web App,0,0.0,807,163.5,True
22.0,0.0,17,3,3,2023,False,183,16,3,1,2345.0,4890.0,3,False,True,Other,0,0.0,0,0.0,True
121.0,1.0,7,2,7,2026,True,44,46,3,3,5.0,4728.0,6,False,False,Other,0,0.0,31,313.7,True
114.0,8.0,13,0,3,2022,True,497,53,3,1,517.0,2307.0,6,False,False,API,0,0.0,0,0.0,False
90.0,1.0,7,3,5,2023,True,261,24,4,7,2152.0,1405.0,3,False,True,Education,0,0.0,1,1.5,True
38.0,0.0,7,3,7,2023,True,246,43,2,1,2780.0,1605.0,5,True,True,Design Tools,0,0.0,0,0.0,True
336.0,27.0,7,3,6,2026,True,238,53,3,3,199.0,2931.0,5,True,False,Other,0,232.6,16,389.1,True
251.0,0.0,7,0,5,2026,True,56,49,3,5,3020.0,461.0,6,False,False,API,0,0.0,712,185.2,True
1.0,2.0,7,1,7,2026,True,227,38,2,1,2698.0,1933.0,4,False,False,Android,0,0.6,0,1.6,True
728.0,28.0,7,2,6,2026,True,56,56,3,2,611.0,2565.0,8,False,True,Design Tools,0,0.0,0,0.0,False
104.0,85.0,7,5,5,2023,False,314,52,3,1,5.0,414.0,4,False,False,Other,0,0.0,10,0.9,True
10.0,3.0,5,5,7,2023,False,252,42,3,1,84710.0,3215.0,3,True,True,Health & Fitness,0,0.0,1,0.0,True
5.0,1.0,14,0,5,2023,True,275,48,5,1,937.0,289.0,2,False,True,Artificial Intelligence,0,0.9,0,0.0,True
109.0,0.0,23,1,5,2023,False,230,48,1,1,1573.0,2382.0,4,False,False,Developer Tools,0,0.6,232,0.0,True
4.0,0.0,23,1,3,2023,False,270,55,3,1,83014.0,131.0,3,False,False,Web App,0,0.1,6,2.1,True
1.0,0.0,0,4,7,2023,False,193,34,5,0,37.0,2203.0,1,False,False,Fintech,2,2.0,0,0.0,False
88.0,1.0,7,3,7,2023,True,189,43,3,2,5.0,1580.0,8,True,False,Productivity,0,0.0,1256,0.0,True
122.0,33.0,7,6,7,2026,True,49,49,3,1,167.0,330.0,4,False,False,Other,0,0.0,0,0.0,False
201.0,8.0,7,0,7,2023,True,56,52,4,3,24.0,4193.0,4,False,False,Other,0,0.2,0,0.0,True
101.0,51.0,7,1,6,2026,True,438,56,3,3,5.0,11563.0,5,True,False,Productivity,10,227.4,26,324.9,True
66.0,0.0,18,3,3,2023,False,242,56,4,1,85.0,1097.0,3,False,True,Android,0,0.0,923,0.0,True
263.0,22.0,1,1,7,2026,False,174,51,3,2,5.0,4622.0,5,True,False,Design Tools,0,0.0,0,0.0,True
97.0,0.0,13,3,5,2023,False,269,43,3,1,5.0,4481.0,6,True,False,Android,0,0.0,0,0.0,True
65.0,4.0,7,1,3,2023,True,196,42,2,1,927.0,40.0,6,False,True,Productivity,0,0.0,0,0.0,False
2.0,0.0,5,3,3,2023,True,265,39,2,1,38426.0,10070.0,3,False,True,Education,0,0.0,0,190.7,True
138.0,0.0,8,4,5,2023,False,266,36,3,1,207303.0,700.0,4,False,True,Productivity,0,0.8,12,1.2,True
379.0,32.0,9,0,11,2024,False,184,49,3,1,6696.0,17858.0,5,True,False,Other,12,491.5,12,491.5,False
10.0,0.0,14,1,3,2023,False,255,37,3,1,666.0,2118.0,3,False,True,Other,0,0.0,0,1.7,True
16.0,3.0,7,5,5,2023,True,160,58,1,0,889.0,695.0,4,False,True,Hiring,0,0.0,22,0.5,True
38.0,1.0,9,5,7,2023,True,230,32,3,2,5.0,716.0,3,False,True,Productivity,0,0.0,0,0.0,True
1.0,3.0,14,0,7,2023,False,250,41,3,1,5.0,2892.0,1,False,True,Design Tools,0,0.6,0,2.3,True
21.0,0.0,10,0,1,2023,True,270,33,2,1,2183.0,1831.0,2,False,True,Productivity,0,0.0,500,0.0,True
386.0,220.0,7,3,5,2026,True,258,30,3,3,1794.0,20903.0,8,True,False,Other,0,0.0,0,221.7,True
97.0,13.0,8,4,1,2023,True,234,53,3,1,320.0,621.0,4,True,True,Productivity,0,0.0,0,0.0,False
96.0,8.0,0,0,7,2026,False,64,43,3,3,2197.0,1247.0,6,True,False,Developer Tools,0,117.9,12,196.6,True
5.0,2.0,19,4,5,2023,False,236,52,4,1,131.0,595.0,6,False,True,Chrome Extensions,0,0.0,0,0.0,False
1145.0,1.0,7,6,7,2023,True,186,22,3,1,5.0,3187.0,4,True,True,Other,0,0.0,8,4.6,True
111.0,120.0,7,3,7,2026,True,71,47,3,1,4557.0,1811.0,6,False,False,Fintech,0,0.0,0,3.3,True
89.0,0.0,7,2,5,2023,False,263,60,3,1,5.0,1830.0,3,False,True,Design Tools,0,0.0,2,0.0,True
246.0,3.0,7,4,7,2023,True,261,55,3,3,5.0,5694.0,8,True,False,Design Tools,0,0.0,27,1.1,True
238.0,0.0,7,1,7,2025,True,188,49,3,1,5.0,1709.0,1,False,False,Open Source,0,0.0,1,1.6,True
10.0,0.0,11,3,7,2023,False,217,60,3,1,5.0,1198.0,8,False,True,Marketing,0,0.0,25,0.3,True
15.0,1.0,8,1,3,2023,True,255,37,1,0,5.0,10.0,3,False,False,Design Tools,0,0.0,7,1.6,True
9.0,0.0,5,6,1,2023,True,262,58,2,1,4685.0,1744.0,1,True,True,Education,0,0.0,11,2.5,True
154.0,4.0,7,0,5,2023,True,250,57,2,1,61662.0,3005.0,4,True,False,SaaS,0,124.2,0,0.7,True
207.0,26.0,7,2,7,2026,False,221,55,1,1,5.0,13425.0,9,True,False,API,0,1.4,21,3.8,True
72.0,240.0,7,6,7,2023,False,282,38,3,1,135.0,1915.0,6,True,False,API,0,0.0,0,0.0,True
66.0,47.0,7,3,7,2026,True,43,22,3,2,627.0,729.0,4,True,False,Marketing,0,0.0,1673,1.8,True
1.0,0.0,20,3,7,2023,False,180,60,3,2,93537.0,1978.0,4,False,False,Other,0,0.0,606,203.14026402640263,False
64.0,18.0,7,4,6,2026,True,428,60,3,1,79521.0,1273.0,8,True,False,Productivity,8,0.0,15,528.3,True
3.0,1.0,11,5,5,2023,False,239,59,3,1,215.0,1969.0,3,False,True,Mac,0,0.0,0,0.0,False
102.0,12.0,7,2,5,2023,False,63,50,3,1,1411.0,3847.0,4,True,False,Productivity,0,0.0,0,1.5,True
101.0,163.0,7,6,5,2023,False,245,51,3,2,5.0,614.0,7,True,False,Other,0,0.0,382,1.5,True
27.0,42.0,7,3,6,2023,False,154,38,3,1,5.0,4213.0,7,False,False,Health & Fitness,0,0.0,1912,0.0,True
137.0,0.0,7,0,7,2023,False,270,47,1,1,627.0,997.0,6,True,True,iOS,0,0.0,10,186.7,True
152.0,73.0,7,4,10,2026,False,500,57,3,5,5.0,3494.0,4,True,False,API,0,0.0,0,0.0,True
13.0,0.0,7,1,1,2023,False,167,52,3,1,3576.0,713.0,7,False,False,Other,0,0.0,16,0.0,True
175.0,18.0,7,0,7,2023,True,193,49,4,1,5.0,1034.0,6,False,True,Other,0,0.7,278,2.4,True
209.0,0.0,7,2,8,2026,True,256,32,3,1,5.0,3392.0,3,True,False,Analytics,0,0.0,4,0.6,True
183.0,23.0,9,3,4,2022,True,487,50,3,1,39.0,101.0,6,False,False,SaaS,0,0.0,0,0.0,False
108.0,22.0,7,3,5,2023,False,408,37,3,1,30525.0,3221.0,6,False,False,Other,0,0.0,0,1.1,True
12.0,0.0,6,5,5,2023,False,273,35,3,0,1622.0,10.0,1,False,True,Marketing,0,0.0,0,0.4,True
96.0,0.0,7,3,7,2023,True,365,60,5,1,5.0,1238.0,9,False,True,Other,0,0.0,0,2.3,True
18.0,0.0,6,5,1,2023,True,241,60,3,0,50573.0,345.0,1,True,True,Other,0,0.0,1,0.0,True
120.0,1.0,0,4,7,2026,False,63,54,3,2,3139.0,8714.0,4,True,False,Artificial Intelligence,0,0.0,7,211.5,True
116.0,1.0,7,0,3,2023,True,148,51,3,1,991.0,1367.0,5,False,True,Fintech,1,0.0,15,350.1,True
151.0,15.0,7,4,6,2026,True,41,41,3,2,2064.0,3328.0,5,False,False,Other,2,115.5,2,115.5,False
3.0,0.0,14,4,5,2023,False,423,56,1,1,2918.0,3125.0,3,False,True,Design Tools,0,0.0,10,0.0,True
80.0,24.0,7,4,3,2023,True,81,38,5,1,35.0,614.0,5,False,True,Marketing,0,0.0,0,1.9,True
121.0,4.0,7,3,7,2023,True,272,39,2,1,67376.0,896.0,8,False,True,Other,0,0.0,0,0.0,True
385.0,0.0,1,0,5,2026,True,275,49,3,1,180761.0,876.0,8,True,False,Education,0,0.0,0,0.0,True
91.0,54.0,7,2,6,2026,True,252,43,3,1,5.0,2371.0,3,True,False,Other,0,0.0,2,0.8,True
120.0,77.0,7,6,5,2026,True,45,34,3,3,4422.0,489.0,5,False,False,Email,0,0.0,3109,217.2,True
120.0,15.0,7,3,5,2023,False,57,42,5,0,5.0,739.0,8,True,True,Design Tools,0,0.0,0,201.1,True
22.0,0.0,6,1,5,2023,True,254,54,3,1,5.0,1840.0,4,False,False,Other,0,0.1,606,0.0,True
122.0,7.0,7,2,5,2023,True,261,48,3,1,5665.0,2438.0,6,True,False,Social Media,0,0.0,0,3.7,True
15.0,1.0,7,3,5,2023,True,246,36,2,1,5.0,825.0,3,False,True,Other,0,0.0,0,0.0,True
32.0,2.0,13,4,5,2023,False,216,37,3,1,5.0,4633.0,2,False,True,Other,0,0.5,0,0.0,True
215.0,3.0,7,6,7,2023,True,385,53,3,1,5.0,1078.0,7,False,False,Productivity,0,2.1,7,0.4,True
98.0,8.0,15,4,7,2026,True,244,35,1,1,15245.0,348.0,5,False,False,Open Source,0,0.0,0,0.0,True
103.0,11.0,20,5,7,2025,False,230,38,2,1,1667.0,846.0,1,True,False,SaaS,0,0.0,470,3.0,True
107.0,0.0,9,4,1,2023,False,230,36,2,3,5.0,1371.0,3,False,True,Marketing,0,0.0,514,3.4,True
1065.0,0.0,7,3,3,2026,True,63,51,1,1,5.0,713.0,5,True,False,Social Media,0,0.0,15,0.5,True
109.0,297.0,0,1,5,2023,False,56,58,3,2,191342.0,11124.0,6,False,False,Other,0,0.2,0,190.7,True
454.0,36.0,7,6,5,2026,True,500,48,3,1,556.0,33150.0,6,True,False,Productivity,0,94.2,0,225.2,True
137.0,48.0,7,4,7,2026,True,67,39,3,1,73766.0,1746.0,8,True,True,Open Source,0,0.0,0,3.6,True
350.0,44.0,12,4,6,2026,True,422,44,3,1,3296.0,8455.0,6,True,False,API,4,329.0,4,329.0,False
6.0,3.0,2,6,5,2023,False,181,35,3,1,105.0,710.0,3,False,True,Education,0,0.0,0,0.0,False
122.0,1.0,1,2,7,2026,False,69,60,3,1,2911.0,751.0,5,True,False,Other,0,0.0,9,0.0,True
1.0,2.0,7,3,5,2023,True,196,58,1,1,5.0,802.0,3,False,True,Productivity,0,0.0,0,0.0,True
14.0,0.0,17,4,5,2023,True,265,52,3,1,834.0,342.0,3,False,True,Marketing,0,0.9,0,0.3,True
20.0,0.0,19,3,7,2023,False,240,57,1,1,5.0,1215.0,2,True,True,Other,0,0.0,0,0.0,True
254.0,0.0,1,2,5,2026,False,65,53,3,1,5.0,4730.0,5,True,False,Email,0,0.0,0,0.0,True
6.0,27.0,7,4,7,2023,False,241,59,4,1,49904.0,1095.0,6,False,True,API,0,0.0,9,0.0,True
127.0,0.0,7,1,7,2023,False,392,60,3,1,160142.0,1988.0,6,False,False,Artificial Intelligence,0,0.0,3,2.8,True
536.0,101.0,7,3,6,2026,True,58,35,3,1,5.0,11689.0,9,True,False,Design Tools,0,96.5,0,4.5,True
162.0,110.0,7,3,6,2026,True,67,33,3,3,5.0,10.0,6,True,False,Mac,40,0.0,6,103.7,True
72.0,1.0,7,5,5,2023,True,47,25,3,1,99.0,792.0,3,False,True,Productivity,0,0.0,0,0.0,False
145.0,2.0,12,0,7,2023,False,257,21,3,4,3678.0,1092.0,2,False,True,Marketing,0,1.9,0,0.0,True
95.0,95.0,7,6,6,2026,True,479,49,3,2,274486.0,9370.0,6,True,False,Design Tools,18,0.0,5,0.3,True
27.0,1.0,17,0,5,2023,False,239,38,2,1,5.0,2269.0,3,False,True,Health & Fitness,0,0.0,0,0.3,True
370.0,39.0,7,4,7,2026,True,52,52,3,1,25.0,5156.0,8,True,False,Other,0,0.0,0,0.0,False
7.0,0.0,7,4,5,2023,False,160,50,1,1,5.0,3567.0,1,True,True,Design Tools,0,0.0,0,0.6,True
143.0,22.0,14,4,6,2023,True,57,33,5,1,1916.0,2142.0,8,True,False,Design Tools,0,0.0,0,236.4,True
133.0,9.0,7,2,7,2023,True,40,28,3,3,1818.0,1096.0,5,False,False,API,0,0.0,0,1.0,True
167.0,0.0,13,6,7,2023,False,228,26,3,1,5.0,3404.0,8,True,True,Mac,0,0.3,18,2.6,True
30.0,0.0,7,4,5,2023,False,268,44,3,1,5.0,4286.0,7,True,False,Email,0,0.0,0,0.0,True
17.0,2.0,4,5,5,2023,False,222,26,3,1,5.0,110.0,3,False,True,Health & Fitness,0,0.0,0,0.0,True
170.0,0.0,0,4,7,2023,False,465,53,2,1,169671.0,353.0,4,True,False,Artificial Intelligence,0,0.0,0,1.2,True
564.0,105.0,7,3,6,2026,True,48,48,3,2,34.0,2459.0,5,True,False,API,0,0.0,0,0.0,False
19.0,3.0,8,1,5,2023,False,262,45,2,1,192.0,955.0,1,True,True,Productivity,0,0.0,1,0.0,True
135.0,0.0,7,6,3,2023,True,243,37,2,1,5.0,944.0,6,False,True,Other,0,0.0,5,179.2,True
8.0,0.0,7,4,5,2023,False,269,52,3,1,37697.0,10.0,1,False,True,Other,0,0.0,0,0.0,True
108.0,20.0,1,1,6,2026,True,440,58,3,1,72.0,67.0,5,False,False,iOS,0,0.0,0,0.0,False
1.0,0.0,15,5,7,2023,False,259,29,3,1,5.0,2024.0,3,False,True,iOS,0,0.0,6,0.8,True
158.0,23.0,4,3,5,2026,False,286,54,3,1,626.0,1031.0,5,False,False,Developer Tools,0,0.0,0,0.0,True
135.0,2.0,7,6,5,2023,True,225,56,3,1,5.0,3344.0,5,False,False,Web App,0,0.0,1,2.5,True
67.0,1.0,7,0,3,2023,True,152,32,3,1,212.0,1543.0,1,False,True,API,0,0.0,0,0.0,False
118.0,0.0,7,6,5,2023,False,271,30,3,1,886.0,4425.0,3,True,True,Design Tools,0,0.0,10,3.3,True
22.0,14.0,14,2,6,2026,False,481,53,3,1,973.0,1580.0,9,True,False,iOS,0,0.0,0,0.0,False
16.0,0.0,16,3,3,2023,False,271,29,1,1,486.0,2750.0,3,False,True,Open Source,0,0.0,0,0.0,True
347.0,28.0,7,6,7,2026,True,36,60,3,1,3407.0,672.0,5,True,False,Design Tools,5,0.0,15,0.7,True
91.0,1.0,7,4,7,2026,True,160,40,5,1,5.0,467.0,7,False,False,Hiring,0,0.0,0,5.1,True
6.0,0.0,11,3,7,2023,False,234,54,2,0,177.0,1289.0,2,False,False,Productivity,0,0.0,0,0.0,False
310.0,31.0,7,4,5,2026,True,56,52,3,1,31998.0,1239.0,6,True,False,API,0,0.0,17,185.7,True
163.0,96.0,7,0,5,2023,False,421,44,3,1,5.0,2088.0,5,False,True,iOS,0,0.0,321,1.4,True
174.0,2.0,7,3,7,2026,True,434,53,3,1,1262.0,1549.0,4,False,False,Design Tools,0,0.0,324,0.9,True
185.0,50.0,7,1,6,2026,True,43,43,3,3,1224.0,363.0,7,True,True,Productivity,0,0.0,0,0.0,False
17.0,0.0,9,3,6,2023,False,244,28,2,1,956.0,40.0,1,False,True,Analytics,0,0.0,10,0.0,True
247.0,195.0,7,2,7,2026,True,65,55,3,1,25414.0,1471.0,6,True,False,Other,0,0.0,0,0.0,True
263.0,71.0,7,2,7,2026,True,37,37,2,2,220.0,3340.0,8,False,True,Other,0,0.0,0,0.0,False
105.0,13.0,21,3,5,2026,True,377,56,3,1,266.0,5445.0,7,True,False,Mac,0,0.0,0,0.0,False
490.0,279.0,7,1,7,2026,True,56,56,3,1,341.0,530.0,6,False,False,Other,0,0.0,0,0.0,False
122.0,6.0,7,4,7,2026,True,36,29,3,1,5.0,4728.0,6,False,False,Other,0,0.0,13,2.2,True
95.0,2.0,7,3,7,2023,True,246,57,3,1,5.0,3274.0,6,True,False,API,0,0.0,5,196.6,True
293.0,64.0,7,2,7,2026,True,50,50,3,3,137.0,640.0,6,False,True,Other,0,0.0,0,0.0,False
179.0,28.0,7,2,7,2026,True,56,56,3,3,1688.0,2137.0,4,True,False,Other,0,0.0,0,0.0,False
10.0,0.0,7,1,3,2023,False,253,57,3,1,569.0,878.0,1,False,False,Developer Tools,0,0.0,0,0.0,True
102.0,1.0,9,0,4,2023,True,38,26,3,1,5.0,147.0,4,False,True,Other,0,0.9,6,195.8,True
175.0,12.0,7,4,7,2026,True,482,47,3,2,5.0,303.0,6,True,False,Productivity,0,0.0,0,0.0,True
98.0,27.0,7,1,5,2026,True,466,48,3,2,2073.0,1790.0,6,True,False,Mac,0,0.0,3,0.0,True
12.0,0.0,17,5,3,2023,True,243,52,2,3,5.0,907.0,4,False,True,Chrome Extensions,0,0.0,13,4.4,True
298.0,126.0,7,6,7,2026,False,68,41,3,1,4530.0,4967.0,7,True,False,Design Tools,0,0.0,0,370.1,True
18.0,0.0,7,5,3,2023,False,202,30,2,1,5.0,1786.0,1,False,False,Social Media,0,0.0,0,216.7,True
237.0,2.0,5,3,7,2023,False,312,29,3,1,11133.0,3573.0,4,False,False,Other,0,0.0,0,0.0,True
5.0,2.0,11,0,3,2023,False,166,39,3,0,110.0,2932.0,5,False,False,Other,0,0.0,0,0.0,False
102.0,0.0,7,3,7,2023,False,63,59,3,4,2135.0,720.0,5,True,False,Productivity,0,0.0,5,202.0,True
192.0,30.0,7,1,7,2023,True,76,52,3,3,5.0,2006.0,7,False,False,Open Source,0,0.0,13,0.0,True
122.0,0.0,7,1,3,2023,True,279,58,3,1,46678.0,1134.0,6,True,False,Design Tools,0,0.0,17,1.3,True
473.0,183.0,7,3,7,2026,True,56,31,3,4,215245.0,765.0,6,True,False,Chrome Extensions,0,0.0,22,2.7,True
211.0,53.0,1,6,7,2026,True,436,45,3,1,2940.0,11273.0,5,True,False,Other,0,0.0,2,0.6,True
18.0,0.0,15,0,1,2023,False,261,44,1,1,55.0,1025.0,1,False,True,Other,0,0.0,0,0.0,True
7.0,3.0,10,3,3,2023,True,177,27,2,1,126.0,1704.0,2,False,True,Productivity,0,0.0,0,1.4,True
96.0,0.0,7,3,7,2023,False,234,54,3,2,4023.0,776.0,6,False,False,Design Tools,0,0.0,22,0.0,True
22.0,5.0,15,3,7,2023,False,269,51,3,1,2839.0,240.0,4,True,True,Education,0,0.0,0,1.5,True
2.0,1.0,3,3,5,2023,False,274,37,3,1,112.0,3311.0,1,False,True,Design Tools,0,0.0,0,0.4,True
276.0,71.0,7,3,7,2026,True,77,59,3,1,1343.0,1386.0,7,True,False,Design Tools,0,0.0,15,289.1,True
140.0,21.0,0,6,6,2026,True,133,36,3,1,1593.0,3927.0,3,True,False,Mac,0,0.0,0,0.0,False
126.0,7.0,7,5,5,2026,False,23,33,3,1,5.0,5507.0,7,False,False,Developer Tools,0,0.0,3,4.9,True
134.0,4.0,0,3,6,2026,True,203,57,3,1,4917.0,11923.0,5,True,False,Productivity,8,402.75,8,402.75,False
92.0,0.0,6,3,3,2023,False,245,37,2,1,5.0,1187.0,3,False,True,Other,0,0.0,0,0.0,True
181.0,281.0,7,4,7,2023,True,225,54,3,7,563293.0,12134.0,6,True,False,Other,1,321.0,3744,206.75480769230768,False
217.0,90.0,7,0,5,2025,False,54,48,3,2,114348.0,1241.0,6,True,False,Artificial Intelligence,0,0.0,0,0.0,True
245.0,9.0,7,6,7,2026,True,41,60,3,1,75175.0,5032.0,6,True,False,Other,0,0.0,0,51.1,True
65.0,5.0,10,3,3,2023,True,223,44,1,0,3398.0,2055.0,4,False,False,Open Source,0,3.4,0,231.2,True
16.0,64.0,7,1,7,2026,False,271,58,3,1,5.0,495.0,7,False,False,Web App,0,0.0,0,2.0,True
1.0,2.0,6,3,1,2023,False,238,51,2,0,469.0,758.0,3,False,True,Other,0,0.0,0,0.3,True
226.0,11.0,7,2,7,2026,False,57,46,3,1,5.0,699.0,5,True,False,Other,0,0.0,0,0.0,True
50.0,12.0,0,0,7,2026,False,490,36,3,1,5777.0,22582.0,6,False,False,Design Tools,2,0.0,0,1.2,True
81.0,54.0,7,0,5,2026,True,55,59,3,2,1949.0,13834.0,7,False,False,Other,0,0.0,0,179.0,True
74.0,1.0,10,3,5,2023,True,193,58,4,1,4522.0,3350.0,1,False,False,Writing,0,0.1,635,0.0,True
106.0,0.0,7,3,5,2023,False,141,52,1,3,4609.0,2687.0,3,False,True,Productivity,0,0.0,3,0.0,True
141.0,75.0,7,0,5,2026,True,58,26,3,1,341.0,1356.0,4,False,True,Marketing,0,0.0,0,0.0,True
125.0,19.0,7,0,6,2026,False,60,60,3,3,95.0,898.0,4,False,False,Productivity,0,0.0,0,0.0,False
121.0,0.0,7,3,7,2023,True,145,59,3,1,5.0,2150.0,5,False,False,Design Tools,0,0.0,28,1.8,True
97.0,47.0,7,2,7,2026,True,448,59,3,1,4021.0,3462.0,4,False,False,Other,0,0.0,17,0.0,True
118.0,3.0,7,4,5,2023,False,212,44,3,1,2078.0,85.0,5,True,True,Design Tools,0,0.0,6,1.3,True
109.0,38.0,7,4,7,2026,True,34,40,3,2,149071.0,1424.0,5,True,False,Other,2,0.0,201,0.0,True
310.0,46.0,7,3,7,2026,False,57,49,3,1,1813.0,2743.0,8,True,False,Other,0,0.0,0,0.3,True
234.0,80.0,5,1,7,2023,True,208,59,3,2,843.0,1027.0,8,True,False,Other,0,0.4,0,1.4,True
128.0,75.0,7,3,7,2026,False,453,35,3,1,464912.0,932.0,9,True,False,Productivity,0,0.0,5,0.0,True
106.0,1.0,7,3,7,2026,False,201,37,3,1,1561.0,777.0,5,False,False,Artificial Intelligence,0,0.0,0,1.8,True
58.0,2.0,16,4,1,2023,True,89,21,2,1,230.0,326.0,1,False,True,Web App,0,0.0,0,0.0,False
12.0,5.0,8,0,5,2023,False,234,58,2,1,5.0,2249.0,4,False,True,Web App,0,0.0,1,3.9,True
93.0,0.0,7,3,1,2023,True,292,25,4,1,33924.0,202.0,4,False,True,Marketing,0,0.8,0,0.0,True
8.0,0.0,7,6,11,2023,True,251,51,3,1,5.0,11139.0,6,False,True,Health & Fitness,0,0.0,18,0.0,True
263.0,13.0,0,3,1,2026,True,66,43,4,1,1704.0,1776.0,6,True,False,Developer Tools,0,0.5,712,0.0,True
86.0,27.0,7,4,6,2023,False,44,45,3,0,418096.0,542.0,4,False,False,Design Tools,0,0.0,7,229.2,True
123.0,8.0,5,0,7,2023,True,60,40,3,2,3094.0,5621.0,4,False,True,Education,0,0.0,1282,3.7,True
102.0,0.0,15,1,5,2023,True,256,46,3,1,5.0,1530.0,2,False,True,Other,0,0.0,0,3.1,True
120.0,46.0,7,3,5,2026,True,40,37,3,1,5.0,406.0,6,True,False,Other,0,1.9,27,0.0,True
183.0,53.0,15,1,9,2026,True,269,54,3,1,2916.0,12889.0,8,True,False,Productivity,0,0.4,1,299.2,True
23.0,27.0,7,5,7,2026,False,53,53,3,2,1042.0,1977.0,4,True,False,Other,1,49.0,1,49.0,False
106.0,29.0,7,3,7,2026,True,68,60,4,1,233.0,789.0,8,False,False,Android,0,0.0,11,0.0,True
60.0,1.0,7,1,3,2023,True,197,53,3,1,571.0,18.0,4,False,True,Education,0,0.0,0,0.0,False
4.0,0.0,6,3,5,2023,True,236,13,4,1,5.0,3575.0,2,True,True,Android,0,0.0,8,0.0,True
3.0,0.0,8,4,5,2023,False,149,31,3,1,4745.0,1290.0,4,False,True,Health & Fitness,0,0.3,1028,4.3,True
83.0,2.0,10,1,3,2026,False,245,46,3,1,5.0,4351.0,2,True,False,Productivity,0,0.0,0,1.3,True
310.0,22.0,7,3,7,2026,True,71,58,3,1,900.0,1386.0,6,True,False,Writing,0,0.0,0,3.3,True
240.0,25.0,7,0,5,2026,False,73,59,3,4,5.0,13807.0,5,False,False,Email,0,0.0,3,0.0,True
75.0,0.0,7,1,7,2023,True,187,24,3,1,5.0,166.0,6,False,False,Design Tools,0,0.0,0,2.3,True
191.0,10.0,16,5,1,2025,True,238,33,3,1,1627.0,4337.0,4,False,False,Chrome Extensions,1,159.0,1,159.0,False
1069.0,18.0,0,3,5,2026,True,58,53,3,3,72907.0,4442.0,6,True,False,Productivity,27,70.5,0,519.7,True
3.0,1.0,23,6,5,2023,False,146,48,3,1,781.0,84.0,6,False,True,Other,0,0.0,0,0.0,False
481.0,19.0,0,2,6,2026,False,56,60,3,1,5.0,2633.0,6,True,False,iOS,0,0.0,0,0.0,True
90.0,13.0,7,0,7,2026,True,64,23,3,1,2896.0,466.0,8,True,False,Other,0,0.0,8,0.1,True
47.0,8.0,7,4,7,2024,True,186,60,4,1,207747.0,188.0,2,True,True,Fintech,0,0.0,0,5.8,True
82.0,4.0,10,3,5,2023,False,256,33,3,1,5.0,99.0,3,False,True,Marketing,0,0.0,5,4.2,True
639.0,0.0,7,6,3,2023,True,59,29,3,1,404.0,837.0,6,False,False,Productivity,0,0.0,20,0.0,True
3.0,2.0,19,3,5,2023,False,224,23,3,1,2691.0,1768.0,1,True,True,Developer Tools,0,0.0,1,0.0,True
22.0,0.0,7,5,3,2023,False,197,25,4,1,5.0,1326.0,2,True,True,Marketing,0,0.0,0,0.0,True
154.0,8.0,7,6,6,2026,True,65,50,3,1,2112.0,23749.0,8,True,False,Productivity,0,0.0,2,206.2,True
5.0,4.0,5,1,7,2026,False,239,39,2,2,3657.0,1301.0,5,True,True,Productivity,0,0.6,1192,0.0,True
345.0,127.0,7,4,6,2023,False,63,29,3,1,5.0,2351.0,5,False,False,Email,0,0.6,0,0.0,True
196.0,5.0,7,5,7,2023,True,73,56,3,1,5.0,3641.0,4,True,True,Design Tools,0,0.0,6,0.0,True
95.0,10.0,7,3,7,2023,True,240,46,2,1,123.0,157.0,5,False,True,Design Tools,0,0.0,0,0.0,False
102.0,182.0,7,4,6,2026,True,244,49,3,3,269858.0,707.0,6,False,False,Productivity,0,0.0,7,2.4,True
30.0,1.0,7,3,7,2023,True,232,48,3,1,5.0,1614.0,4,False,False,Education,0,0.0,6,0.9,True
141.0,17.0,6,4,5,2023,True,50,58,1,1,2247.0,195.0,4,False,False,Other,0,0.8,0,3.9,True
4.0,1.0,23,6,5,2023,False,223,40,3,1,1025.0,764.0,3,True,True,Marketing,0,0.0,0,0.0,False
182.0,0.0,7,1,5,2023,True,49,47,3,1,1080.0,3630.0,6,True,False,Open Source,0,0.0,0,197.6,True
142.0,133.0,1,3,7,2026,True,52,52,3,1,117822.0,1937.0,5,False,False,Other,0,0.1,0,0.0,True
145.0,2.0,7,4,5,2023,True,500,56,3,1,1325.0,2440.0,6,False,False,Design Tools,0,0.0,10,0.0,True
14.0,0.0,19,3,5,2023,False,232,51,2,1,700.0,701.0,4,False,True,Open Source,0,0.0,6,0.0,True
245.0,62.0,7,6,5,2026,True,52,48,3,2,2483.0,9237.0,4,False,False,Productivity,0,0.0,6,403.4,True
18.0,6.0,9,1,7,2023,False,74,31,3,1,105738.0,178.0,6,False,False,API,0,0.0,0,0.0,True
22.0,10.0,7,4,7,2026,False,31,31,3,3,103.0,155.0,7,True,True,API,0,0.0,0,0.0,False
234.0,64.0,0,1,6,2023,False,52,50,3,2,59246.0,4113.0,8,True,False,Artificial Intelligence,5,188.8,23,218.4,True
106.0,13.0,0,2,5,2026,True,109,56,3,1,571.0,18.0,4,False,False,Open Source,0,0.0,0,0.0,False
134.0,55.0,7,3,7,2026,True,56,29,3,3,5.0,7324.0,6,True,False,Analytics,0,0.0,6,216.8,True
18.0,0.0,7,3,7,2023,False,192,58,3,1,5.0,1212.0,2,True,False,Android,0,0.0,0,0.0,True
176.0,29.0,7,4,5,2026,True,63,38,3,1,2403.0,4721.0,6,True,False,API,0,0.0,0,0.1,True
10.0,2.0,18,4,3,2023,False,236,43,4,1,300409.0,1220.0,3,False,True,Other,0,1.0,31,4.6,True
127.0,9.0,1,0,7,2026,False,46,39,3,2,277224.0,658.0,5,True,False,Other,0,0.0,0,0.0,True
151.0,1.0,7,4,7,2023,False,219,38,4,1,5.0,682.0,6,True,False,Productivity,0,0.7,11,0.0,True
141.0,1.0,7,3,5,2023,True,261,49,2,1,5.0,1132.0,2,True,False,Android,0,0.0,11,0.0,True
139.0,1.0,10,1,5,2023,False,84,54,5,7,826.0,910.0,6,False,True,Social Media,0,0.0,2063,1.7,True
148.0,5.0,7,1,5,2025,True,265,55,3,0,5.0,4795.0,5,True,False,API,0,0.0,0,0.0,True
115.0,6.0,7,4,7,2023,True,236,18,3,1,102.0,1788.0,3,True,True,Open Source,0,0.0,0,0.0,False
23.0,0.0,8,3,5,2023,False,228,58,3,0,5.0,823.0,6,False,False,Web App,0,0.0,7,0.0,True
143.0,31.0,7,5,7,2025,True,56,46,3,1,5.0,3021.0,4,False,False,API,0,0.0,0,2.8,True
154.0,12.0,0,6,5,2026,True,355,24,3,1,676.0,6201.0,19,False,False,Productivity,0,0.0,0,0.0,False
38.0,0.0,7,4,7,2023,False,245,53,3,1,1571.0,363.0,8,True,False,Social Media,0,0.0,12,0.4,True
1.0,2.0,7,6,7,2023,True,32,20,2,1,1660.0,2188.0,3,False,True,Web App,0,0.0,2,0.0,True
138.0,0.0,7,5,7,2026,True,265,55,3,1,31870.0,2373.0,6,True,True,Developer Tools,0,0.0,19,0.0,True
5.0,1.0,6,3,1,2023,False,56,20,3,1,681.0,4208.0,1,False,True,Social Media,0,0.0,0,0.0,False
98.0,141.0,1,4,8,2026,True,66,48,3,2,1501.0,421.0,6,False,False,API,1,0.0,0,196.2,True
496.0,1.0,7,0,7,2026,False,226,39,3,0,5.0,2500.0,5,True,True,Other,0,0.0,0,0.0,True
3.0,0.0,6,4,1,2023,False,129,46,3,1,1152.0,1954.0,1,False,True,Other,0,0.0,0,0.0,False
2.0,3.0,16,3,5,2023,True,239,39,3,0,118429.0,2621.0,3,False,True,Other,0,0.0,608,3.6,True
7.0,3.0,7,5,6,2026,False,31,31,3,1,837.0,777.0,7,False,True,Other,0,0.0,0,0.0,False
90.0,7.0,0,5,6,2026,True,235,60,3,1,220.0,1897.0,7,False,False,Open Source,0,0.0,0,0.0,False
158.0,142.0,7,1,7,2026,True,58,55,3,3,308.0,1546.0,6,False,False,Other,0,0.0,6,1.7,True
1.0,78.0,7,3,7,2023,True,234,24,4,1,4102.0,516.0,4,False,False,Other,0,0.0,0,58.5,True
634.0,31.0,10,5,5,2023,True,251,30,3,1,5.0,4612.0,5,False,False,Chrome Extensions,0,0.0,11,195.2,True
126.0,0.0,10,3,7,2023,False,266,48,3,1,5.0,3633.0,4,True,False,Artificial Intelligence,0,0.7,6,0.0,True
73.0,63.0,7,4,5,2023,False,63,43,3,8,57236.0,20822.0,5,True,False,API,0,0.0,0,198.8,True
114.0,0.0,7,1,5,2023,False,243,31,3,1,84612.0,2716.0,2,False,True,iOS,0,0.0,1491,0.0,True
4.0,0.0,21,3,3,2023,False,185,21,1,1,5.0,3923.0,6,False,True,Developer Tools,0,0.0,0,0.0,True
111.0,11.0,7,4,7,2025,False,335,31,3,1,5.0,1535.0,4,True,False,Artificial Intelligence,0,0.0,0,37.2,True
259.0,69.0,0,4,7,2026,True,62,43,3,3,4382.0,877.0,4,True,False,API,0,0.2,624,191.6,True
5.0,2.0,7,0,5,2023,False,271,16,3,1,21322.0,3628.0,2,False,True,Other,0,0.4,331,0.0,True
5.0,1.0,21,0,3,2023,False,255,33,1,1,118.0,113.0,4,True,True,Other,0,0.0,0,0.0,False
4.0,3.0,7,3,5,2023,False,230,37,2,3,293.0,523.0,3,False,True,Android,0,1.7,19,0.0,True
425.0,7.0,7,4,7,2026,False,83,34,3,9,225996.0,533.0,4,True,False,API,0,0.0,8,0.0,True
13.0,0.0,23,6,1,2023,True,285,53,2,1,5.0,1932.0,3,False,True,Marketing,0,0.0,9,5.3,True
13.0,2.0,7,5,6,2026,False,37,37,2,1,221.0,838.0,4,False,True,Other,0,0.0,0,0.0,False
106.0,4.0,7,3,7,2025,False,215,32,3,1,195734.0,324.0,4,True,True,Productivity,0,0.0,295,411.2,True
248.0,24.0,7,4,5,2026,True,58,31,3,2,3611.0,808.0,4,True,False,Other,0,0.0,7,291.8,True
1.0,0.0,7,4,3,2023,False,251,35,2,0,5.0,725.0,3,True,True,Health & Fitness,0,0.0,0,3.8,True
17.0,0.0,16,0,5,2023,False,231,56,4,4,429.0,858.0,1,True,True,Artificial Intelligence,0,0.5,2111,0.0,True
92.0,2.0,1,4,7,2026,False,60,59,3,1,2194.0,1631.0,7,False,False,API,0,0.0,0,203.8,True
60.0,2.0,7,5,10,2023,True,20,56,3,3,1031.0,2849.0,9,True,True,SaaS,0,2.7,13,3.8,True
3.0,1.0,20,3,7,2023,False,221,51,3,1,359.0,363.0,1,False,True,Android,0,0.0,0,0.0,False
258.0,40.0,0,0,5,2026,True,418,25,3,1,173.0,5172.0,2,True,False,API,0,0.0,0,0.0,False
137.0,47.0,7,2,7,2023,True,256,44,3,2,586.0,5243.0,4,True,False,Design Tools,0,0.0,12,4.3,True
204.0,18.0,7,3,5,2026,True,55,35,3,2,6955.0,2066.0,7,False,False,Mac,0,0.0,27,396.4,True
128.0,2.0,2,5,7,2023,False,245,42,3,3,1336.0,2450.0,4,True,True,Hiring,0,0.0,3,0.0,True
852.0,15.0,7,0,6,2026,True,44,40,3,3,1915.0,7284.0,6,True,False,Hiring,6,0.0,0,1.1,True
6.0,1.0,19,5,7,2023,False,251,18,3,1,4662.0,988.0,1,False,True,Other,0,0.0,0,0.5,True
386.0,1.0,7,5,7,2023,False,233,48,3,1,3913.0,2748.0,9,False,False,Developer Tools,0,0.0,14,0.6,True
176.0,89.0,7,4,5,2026,True,55,22,3,3,1582.0,1521.0,8,True,False,Productivity,0,0.0,19,0.8,True
110.0,10.0,7,4,7,2026,True,65,52,1,1,1823.0,2553.0,4,True,False,Other,0,0.0,35,0.0,True
379.0,11.0,7,5,6,2026,True,36,36,3,2,52.0,934.0,4,True,False,Other,0,0.0,0,0.0,False
8.0,0.0,7,5,5,2023,True,24,55,3,1,734.0,153.0,3,False,True,Other,0,0.0,17,1.1,True
131.0,4.0,7,2,6,2023,True,237,35,2,1,5.0,6134.0,2,False,False,Productivity,0,2.9,409,0.0,True
71.0,1.0,7,4,3,2023,False,248,49,1,1,5.0,441.0,3,False,True,Design Tools,0,1.0,276,0.4,True
4.0,0.0,16,6,5,2023,True,253,22,5,1,2587.0,989.0,1,False,True,Artificial Intelligence,0,0.3,27,0.1,True
167.0,234.0,7,3,7,2026,True,76,43,3,3,5.0,3600.0,8,False,False,Other,0,0.0,0,0.0,True
218.0,1.0,1,3,6,2026,False,55,26,3,3,5.0,5578.0,6,True,False,iOS,0,0.0,25,2.1,True
88.0,0.0,7,1,5,2023,True,263,36,3,1,5.0,2026.0,3,True,False,Web App,0,0.0,19,0.0,True
75.0,5.0,7,0,3,2023,True,211,31,3,1,53.0,1322.0,3,True,True,Productivity,0,0.0,0,0.0,False
119.0,3.0,7,0,5,2023,False,256,38,3,3,5.0,3448.0,4,True,True,Productivity,0,0.0,22,0.0,True
397.0,105.0,7,4,7,2026,True,76,49,3,1,3898.0,27064.0,7,True,False,Mac,0,0.0,2,208.1,True
1.0,1.0,8,3,5,2023,False,176,20,2,1,5.0,1782.0,4,False,True,Other,0,0.0,0,1.3,True
135.0,0.0,16,4,5,2023,False,238,39,1,1,1609.0,1862.0,4,True,False,Marketing,0,0.0,4,0.3,True
158.0,52.0,7,0,7,2026,False,62,30,3,2,171.0,3505.0,6,True,False,Other,0,0.0,0,1.0,True
196.0,67.0,7,2,7,2026,True,44,44,3,1,657.0,794.0,8,False,True,Other,0,0.0,0,0.0,False
139.0,16.0,7,6,7,2023,True,41,36,3,1,5.0,990.0,6,True,False,Analytics,0,0.2,5,0.0,True
18.0,0.0,21,3,3,2023,True,235,45,3,1,5.0,1470.0,3,False,True,Developer Tools,0,0.0,8,0.0,True
279.0,68.0,8,4,1,2023,True,197,45,3,7,84903.0,1215.0,4,False,False,Android,0,0.0,552,261.29347826086956,False
16.0,2.0,7,4,3,2023,False,243,53,3,1,5.0,1024.0,4,False,False,Open Source,0,3.3,0,192.2,True
188.0,25.0,7,1,5,2023,True,36,39,3,1,5.0,375.0,8,True,False,Design Tools,0,0.0,1022,0.0,True
194.0,0.0,1,4,1,2023,False,57,40,3,1,3084.0,727.0,7,True,False,Productivity,0,0.0,26,2.2,True
455.0,38.0,0,0,7,2026,True,468,58,3,2,5.0,12697.0,7,True,False,Productivity,0,0.0,1790,258.3,True
111.0,19.0,0,3,6,2026,False,340,34,3,1,173.0,744.0,1,False,False,Marketing,0,0.0,0,0.0,False
653.0,19.0,7,3,7,2023,False,193,45,3,7,625.0,3701.0,5,True,False,Web App,0,0.0,4,2.9,True
12.0,4.0,14,0,3,2023,False,213,54,3,1,14.0,1278.0,3,False,True,Open Source,0,0.0,0,0.0,False
102.0,1.0,1,3,7,2025,False,269,36,3,1,3035.0,1882.0,5,False,True,Developer Tools,0,0.0,0,2.1,True
88.0,5.0,7,0,7,2026,True,281,35,3,3,2076.0,1808.0,7,False,True,Other,0,0.0,1,162.6,True
197.0,82.0,7,3,7,2026,True,72,35,3,1,5.0,4558.0,9,True,False,Other,0,0.0,3,0.0,True
237.0,7.0,7,0,7,2023,True,244,29,2,1,5.0,781.0,5,False,False,Other,0,0.0,0,3.5,True
42.0,0.0,7,1,5,2023,True,242,50,3,1,1898.0,251.0,6,True,False,Open Source,0,0.0,0,0.0,True
18.0,8.0,7,3,3,2023,False,230,58,2,1,254689.0,808.0,1,True,True,Productivity,0,0.0,0,0.0,True
8.0,3.0,7,3,7,2023,True,41,54,4,1,44512.0,2933.0,5,False,False,Android,0,1.4,14,1.8,True
480.0,18.0,7,4,6,2026,True,38,47,3,1,5.0,3727.0,5,False,False,Other,1,0.0,8,342.0,True
1.0,1.0,6,5,1,2023,False,244,29,3,1,248.0,4127.0,4,True,True,Other,0,0.0,0,0.0,False
116.0,26.0,7,1,7,2026,True,62,54,3,3,3144.0,637.0,4,False,False,Other,6,0.0,3,1.6,True
11.0,2.0,8,4,1,2023,False,189,46,3,1,739.0,1541.0,4,False,True,Other,0,0.0,0,0.0,False
15.0,0.0,16,3,5,2023,False,254,56,1,1,1814.0,2392.0,1,True,True,Other,0,0.0,0,3.6,True
134.0,6.0,7,0,3,2023,False,213,53,3,1,109.0,844.0,8,False,True,Marketing,0,0.0,758,2.7,True
1498.0,271.0,7,2,7,2026,True,47,47,3,1,158.0,969.0,6,False,True,Productivity,0,0.0,0,0.0,False
134.0,200.0,7,4,5,2023,False,44,56,3,1,1387.0,4171.0,6,False,False,Other,0,0.0,5,2.6,True
4.0,0.0,9,4,5,2023,True,252,40,3,0,5.0,980.0,8,False,True,Other,0,0.0,0,0.0,True
117.0,3.0,7,3,5,2026,False,45,27,3,1,5.0,1203.0,6,True,False,Design Tools,0,0.0,0,0.7,True
1.0,3.0,9,3,5,2023,False,159,40,2,1,5.0,1714.0,2,True,True,Productivity,0,0.2,767,0.0,True
60.0,57.0,6,3,6,2026,False,438,53,3,1,5.0,2003.0,6,True,False,Productivity,0,0.0,0,0.0,False
171.0,6.0,4,5,7,2020,False,72,47,3,1,4420.0,8413.0,5,True,False,Other,5,275.0,5,275.0,False
6.0,0.0,7,5,5,2025,False,233,56,3,1,1497.0,1831.0,6,False,False,Marketing,0,0.0,0,3.1,True
473.0,54.0,20,2,10,2023,True,181,52,3,1,307.0,7094.0,2,False,False,API,0,0.0,0,0.0,False
123.0,1.0,7,0,7,2026,True,349,44,3,1,336.0,2808.0,6,False,False,Productivity,0,207.4,11,1.3,True
4.0,0.0,7,3,5,2023,True,215,45,1,0,5.0,1063.0,3,False,True,Android,0,1.1,29,0.0,True
179.0,50.0,7,3,6,2026,True,74,47,2,3,5.0,4196.0,10,True,False,Other,0,0.0,12,4.1,True
125.0,98.0,7,6,7,2026,True,242,60,3,1,5.0,1120.0,8,False,False,Productivity,0,0.0,24,1.3,True
12.0,0.0,7,0,6,2023,False,207,31,3,1,2733.0,409.0,2,True,True,iOS,0,0.0,0,0.7,True
454.0,3.0,7,4,7,2026,True,61,43,3,1,2929.0,1509.0,4,True,False,Design Tools,0,0.0,7,186.0,True
6.0,0.0,7,1,7,2023,True,182,59,4,1,3827.0,1958.0,5,True,True,Analytics,0,0.0,6,48.2,True
188.0,4.0,0,6,6,2026,True,69,59,3,1,1589.0,1545.0,6,True,False,Other,0,0.0,0,44.1,True
90.0,14.0,7,3,5,2026,True,375,50,3,2,179481.0,2277.0,6,False,False,iOS,0,112.4,8,351.8,True
231.0,43.0,7,4,6,2026,True,40,33,3,1,2523.0,1454.0,4,True,False,Other,0,275.3,16,361.6,True
10.0,5.0,23,3,5,2023,False,202,60,3,1,5.0,2413.0,1,False,True,Other,0,0.0,0,0.0,True
14.0,4.0,0,5,5,2026,False,474,54,3,1,8332.0,23991.0,5,True,False,Other,36,353.05555555555554,36,353.05555555555554,False
142.0,32.0,7,5,5,2023,True,255,60,3,1,354.0,5535.0,5,True,False,Hiring,1,186.0,0,0.0,False
147.0,47.0,0,3,3,2023,False,67,58,5,1,166837.0,972.0,5,True,False,Health & Fitness,0,0.0,0,187.5,True
66.0,6.0,7,1,5,2026,False,251,48,3,1,3540.0,44.0,4,False,False,Other,0,0.2,12,0.0,True
116.0,1.0,7,3,1,2023,False,277,59,3,1,5.0,1662.0,6,False,True,Other,0,0.0,0,6.2,True
334.0,16.0,0,6,5,2026,False,323,47,3,1,6839.0,17951.0,5,True,False,Other,22,433.5,22,433.5,False
108.0,23.0,7,1,7,2026,False,58,58,3,1,284.0,497.0,5,False,False,Productivity,0,0.0,0,0.0,False
106.0,12.0,8,5,1,2023,True,256,44,5,1,104.0,2401.0,7,True,True,Android,0,0.0,0,0.0,False
7.0,2.0,6,4,5,2023,False,224,58,2,0,1350.0,1702.0,3,False,False,Other,0,0.0,0,2.4,True
44.0,0.0,0,3,7,2026,True,261,47,2,2,3256.0,370.0,5,True,False,Artificial Intelligence,0,0.7,0,0.0,True
93.0,46.0,7,3,7,2026,True,466,39,3,2,212.0,660.0,6,True,False,Artificial Intelligence,12,0.0,939,232.9,True
1.0,0.0,20,1,5,2023,False,257,39,2,1,5.0,2837.0,0,False,True,Android,0,0.0,0,0.0,True
104.0,63.0,7,4,3,2023,True,32,38,3,3,5.0,821.0,6,False,False,Productivity,0,0.0,0,0.0,True
153.0,27.0,0,1,5,2026,True,71,32,3,1,293748.0,2795.0,4,True,False,Design Tools,0,0.0,3,0.0,True
1.0,1.0,7,3,1,2023,False,276,59,1,1,5.0,4323.0,3,False,True,Social Media,0,0.0,0,0.4,True
79.0,12.0,7,4,5,2026,False,182,46,3,3,38695.0,3310.0,6,False,False,Health & Fitness,0,0.0,1,0.0,True
119.0,63.0,7,4,7,2026,True,49,54,3,1,2187.0,4490.0,5,True,False,Analytics,9,0.0,40,0.9,True
13.0,5.0,19,1,5,2023,False,228,59,3,1,2607.0,464.0,5,False,True,Productivity,0,0.0,0,0.0,True
243.0,38.0,6,4,3,2023,False,235,26,3,3,5.0,5562.0,6,True,False,Health & Fitness,0,0.0,0,1.3,True
140.0,11.0,6,1,4,2026,True,258,33,3,1,858.0,1025.0,9,True,False,Mac,0,0.0,0,0.0,False
1.0,3.0,20,5,3,2023,False,243,37,3,1,5.0,303.0,3,True,True,SaaS,0,0.0,0,2.5,True
128.0,0.0,7,1,1,2023,False,247,32,4,1,1285.0,1197.0,6,True,False,Other,0,0.8,613,0.0,True
257.0,88.0,6,4,6,2026,True,47,59,3,3,308.0,34645.0,8,True,False,Chrome Extensions,0,0.0,0,172.1,True
74.0,1.0,11,3,7,2023,True,212,18,1,0,60.0,3341.0,3,True,False,Other,1,68.0,0,0.0,False
604.0,0.0,7,2,7,2026,True,78,59,3,3,2067.0,23901.0,6,True,False,Other,0,0.0,30,208.5,True
89.0,0.0,13,5,3,2023,False,289,56,3,1,1436.0,1256.0,4,False,True,API,0,0.0,1,0.0,True
82.0,0.0,9,6,3,2024,False,377,25,3,1,6294.0,2145.0,4,True,True,Developer Tools,0,0.0,0,0.2,True
1.0,1.0,7,3,3,2023,True,235,22,2,1,5.0,509.0,6,False,True,Other,0,0.0,3,217.5,True
315.0,37.0,1,3,6,2026,True,471,56,3,3,673.0,10612.0,4,True,False,Productivity,0,0.0,12,122.2,True
128.0,61.0,7,6,7,2026,True,69,13,3,2,1885.0,3167.0,4,True,False,Design Tools,0,0.0,0,0.0,True
206.0,149.0,0,4,5,2026,True,66,58,3,3,138019.0,2726.0,6,False,False,SaaS,0,0.0,17,231.8,True
109.0,2.0,7,1,5,2026,True,51,40,3,1,5.0,3609.0,7,False,False,Other,0,0.1,12,4.6,True
61.0,4.0,13,3,1,2023,True,245,30,5,1,138.0,3077.0,5,False,True,Android,0,0.0,0,0.0,False
99.0,103.0,7,0,7,2026,False,58,58,3,3,149.0,1181.0,8,True,False,Productivity,0,0.0,0,0.0,False
6.0,4.0,12,4,7,2023,True,192,47,2,0,5.0,3871.0,4,False,True,Android,0,0.0,23,1.1,True
13.0,0.0,12,3,3,2023,False,153,54,4,1,5.0,940.0,3,False,True,Other,0,0.0,0,1.6,True
289.0,29.0,7,2,5,2026,False,293,60,3,1,2126.0,1808.0,6,True,False,Web App,0,0.0,27,231.7,True
141.0,30.0,7,3,6,2026,True,159,32,3,3,7364.0,11751.0,6,True,False,Productivity,0,143.4,17,250.6,True
82.0,4.0,7,3,7,2023,True,171,36,3,1,457.0,300.0,3,False,True,Other,0,0.0,0,0.0,False
179.0,122.0,7,1,7,2026,True,46,49,3,1,2321.0,502.0,6,False,False,Other,0,0.0,24,0.0,True
130.0,53.0,7,3,7,2026,True,58,59,2,2,321394.0,1252.0,9,True,False,SaaS,0,0.0,0,0.9,True
175.0,25.0,7,4,7,2026,True,262,45,3,2,5.0,2806.0,4,False,False,Other,0,0.0,12,1.3,True
265.0,33.0,7,2,6,2026,True,45,39,3,3,2071.0,2657.0,6,False,False,Fintech,0,302.9,0,262.5,True
9.0,0.0,7,4,5,2023,True,279,30,4,1,1507.0,3817.0,3,False,True,Android,0,0.0,6,0.0,True
533.0,75.0,7,1,9,2026,True,436,35,3,1,4669.0,776.0,4,True,False,Productivity,0,0.0,27,1.8,True
683.0,92.0,7,3,7,2023,True,62,27,3,1,5.0,32.0,5,True,False,Other,0,0.0,26,3.5,True
76.0,2.0,7,3,5,2023,True,251,59,5,1,5.0,3137.0,4,False,False,Hiring,0,0.0,0,179.4,True
126.0,1.0,0,2,7,2026,False,49,52,3,22,5.0,2125.0,6,True,False,Design Tools,0,1.2,2728,0.0,True
1.0,2.0,7,4,3,2023,False,261,42,4,1,5.0,892.0,3,True,True,Mac,0,0.0,8,0.0,True
157.0,55.0,7,1,5,2026,True,58,53,3,1,1339.0,735.0,7,False,False,Other,0,0.0,0,0.0,True
10.0,0.0,7,5,3,2023,False,260,43,4,1,5.0,2305.0,1,False,True,Design Tools,0,0.0,677,4.7,True
146.0,0.0,7,3,5,2023,True,66,39,3,1,597.0,1265.0,6,False,True,Design Tools,0,0.0,13,206.3,True
121.0,0.0,14,1,3,2023,False,247,53,3,1,5.0,998.0,6,True,True,Web App,0,0.0,2,168.1,True
16.0,0.0,16,4,5,2023,False,66,46,3,1,278426.0,2378.0,3,False,True,Other,0,0.0,0,0.6,True
274.0,80.0,7,5,7,2026,True,36,36,1,1,6895.0,17390.0,8,False,False,Other,1,806.0,1,806.0,False
150.0,45.0,7,2,6,2026,True,38,36,3,1,5.0,1557.0,4,False,False,Productivity,0,0.0,17,0.0,True
35.0,14.0,7,3,5,2026,True,41,33,3,1,968.0,2343.0,8,False,False,Other,0,0.0,0,7.4,True
10.0,0.0,10,3,5,2023,False,275,47,2,1,5.0,2754.0,3,True,True,Other,0,0.0,13,0.0,True
431.0,43.0,1,2,12,2026,False,51,47,3,1,2797.0,503.0,6,True,False,Social Media,0,110.8,0,208.3,True
9.0,1.0,7,6,6,2026,False,28,28,3,1,280.0,3181.0,4,False,True,Developer Tools,0,0.0,0,0.0,False
174.0,73.0,7,1,6,2026,True,61,54,3,1,492.0,19888.0,6,True,False,Productivity,0,0.0,4,216.7,True
299.0,49.0,0,0,7,2026,True,52,57,3,3,145257.0,2622.0,6,False,False,Productivity,0,0.0,0,0.0,True
16.0,0.0,7,3,3,2023,False,151,28,2,1,5.0,2358.0,3,False,True,Writing,0,0.0,0,2.0,True
150.0,0.0,7,5,7,2023,True,263,26,3,1,5.0,10.0,3,False,False,Marketing,0,0.0,8,1.0,True
3.0,1.0,7,3,7,2023,False,49,36,1,1,5.0,826.0,11,False,True,Writing,0,0.0,0,0.0,True
194.0,4.0,7,1,7,2023,True,31,52,3,1,3152.0,1552.0,2,False,False,Education,0,0.0,1803,0.0,True
127.0,0.0,7,4,5,2023,False,227,39,3,1,1894.0,346.0,3,False,True,Marketing,0,0.0,0,0.0,True
122.0,0.0,7,3,7,2023,True,66,56,4,1,107597.0,2410.0,6,True,False,Other,0,0.7,14,187.6,True
84.0,36.0,7,4,10,2026,True,385,31,3,1,3631.0,756.0,6,True,False,Other,0,0.0,9,450.0,True
1.0,2.0,12,1,5,2023,True,259,25,1,1,3571.0,2698.0,1,False,True,SaaS,0,0.0,12,0.0,True
243.0,0.0,7,0,3,2023,True,27,60,3,3,5293.0,2759.0,7,False,False,Developer Tools,0,0.0,4,211.9,True
6.0,1.0,16,1,3,2023,False,248,45,3,1,5.0,44.0,4,True,True,SaaS,0,0.0,0,0.0,False
191.0,22.0,7,6,7,2023,True,51,29,3,3,5.0,4656.0,4,True,False,Artificial Intelligence,0,0.3,23,0.0,True
121.0,3.0,7,3,7,2023,True,182,24,3,0,232095.0,2259.0,3,False,True,Developer Tools,0,0.0,0,0.0,True
158.0,28.0,0,4,5,2026,True,473,54,3,1,3814.0,9974.0,10,True,False,Artificial Intelligence,7,314.42857142857144,7,314.42857142857144,False
261.0,32.0,7,4,7,2026,True,500,59,3,3,5.0,9525.0,6,False,False,Design Tools,2,0.0,8,0.1,True
186.0,6.0,7,0,7,2026,True,57,39,3,1,5.0,3250.0,4,True,False,Productivity,0,0.0,0,0.0,True
41.0,5.0,0,6,6,2026,False,253,46,3,1,215.0,2515.0,6,True,False,Design Tools,0,0.0,0,0.0,False
1.0,4.0,13,4,5,2023,True,197,41,3,0,159113.0,3017.0,3,True,True,Other,0,0.0,0,0.0,True
11.0,3.0,7,3,5,2023,True,247,44,3,1,330536.0,2286.0,8,True,False,Developer Tools,0,0.5,678,0.6,True
1.0,0.0,14,3,1,2023,True,177,32,4,1,1813.0,2211.0,3,False,True,Other,0,0.0,0,0.0,True
121.0,1.0,7,0,3,2023,False,278,43,3,1,5.0,1960.0,7,True,False,Design Tools,0,0.0,0,0.7,True
1.0,0.0,9,3,1,2023,True,254,19,2,1,1703.0,1414.0,2,False,True,Android,0,0.0,3,0.1,True
102.0,29.0,7,2,7,2025,True,254,50,3,1,95.0,1945.0,8,True,False,Design Tools,0,0.0,0,183.3,True
16.0,1.0,7,5,6,2026,False,43,43,2,1,265.0,1450.0,6,False,False,Other,0,0.0,0,0.0,False
35.0,8.0,7,6,7,2026,True,55,55,3,2,1266.0,1973.0,6,True,False,Other,1,58.0,1,58.0,False
3.0,1.0,8,5,1,2023,False,202,35,3,1,834.0,1791.0,1,False,True,Other,0,0.0,0,0.0,False
84.0,1.0,7,3,1,2023,True,218,55,1,3,5.0,225.0,3,False,True,Mac,0,0.0,4,0.0,True
444.0,123.0,5,0,4,2026,False,497,57,3,1,3160.0,10205.0,6,False,False,API,3,319.6666666666667,3,319.6666666666667,False
9.0,0.0,12,5,3,2023,False,277,47,3,1,861.0,1539.0,3,False,True,Other,0,0.0,5,0.0,True
748.0,28.0,7,2,7,2026,False,42,60,3,3,346636.0,3700.0,6,True,False,API,2,0.0,16,1.8,True
45.0,24.0,7,4,7,2026,False,24,24,3,2,349.0,105.0,7,False,False,Other,0,0.0,0,0.0,False
1.0,0.0,7,3,7,2023,True,246,33,1,1,4458.0,3418.0,3,True,True,Social Media,0,0.2,0,0.8,True
31.0,23.0,7,3,7,2026,False,47,47,3,3,306.0,242.0,8,False,False,Other,0,0.0,0,0.0,False
336.0,9.0,1,1,10,2026,False,57,39,3,1,5.0,2111.0,6,True,False,Productivity,0,0.0,0,0.0,True
17.0,0.0,7,4,7,2023,False,261,51,3,3,5.0,854.0,1,False,False,Developer Tools,0,0.0,0,0.0,True
2.0,0.0,0,5,5,2023,False,251,43,2,1,519.0,501.0,5,False,True,Other,0,0.0,0,0.0,False
1.0,10.0,16,6,7,2023,False,235,38,3,1,5.0,594.0,4,True,False,Design Tools,0,0.0,0,2.9,True
18.0,4.0,11,4,5,2026,False,154,57,3,1,111.0,2427.0,7,True,False,Analytics,0,0.0,0,0.0,False
128.0,38.0,1,4,7,2026,False,58,29,3,2,5.0,6858.0,6,True,False,API,5,0.0,0,51.5,True
89.0,3.0,7,4,7,2023,True,257,36,3,1,109.0,4501.0,5,False,True,Productivity,0,0.0,0,0.0,False
80.0,50.0,7,4,7,2026,True,63,60,3,1,5.0,591.0,6,False,False,Other,0,0.0,0,0.6,True
1.0,0.0,7,1,5,2023,False,327,31,3,2,430.0,5574.0,1,True,True,Developer Tools,0,0.0,0,0.0,True
291.0,10.0,7,3,7,2026,False,34,49,3,1,87195.0,3208.0,6,True,False,API,3,0.0,0,216.5,True
201.0,48.0,7,6,7,2026,False,52,59,3,3,5.0,9411.0,5,True,False,Design Tools,0,0.1,4,75.0,True
396.0,82.0,0,0,5,2026,True,348,54,3,1,8068.0,19321.0,6,True,False,Productivity,1,898.0,1,898.0,False
9.0,0.0,7,3,5,2023,False,248,51,3,1,2179.0,1729.0,2,False,True,Other,0,0.0,0,193.7,True
116.0,15.0,7,0,7,2025,False,55,41,3,1,5.0,863.0,9,True,False,Fintech,0,0.0,12,173.3,True
6.0,0.0,7,5,7,2023,True,248,51,3,1,5.0,2000.0,6,False,False,Developer Tools,0,0.0,5,1.2,True
211.0,17.0,7,3,7,2026,True,498,54,3,1,2202.0,8026.0,4,True,False,Productivity,0,0.5,5,331.0,True
124.0,18.0,0,1,7,2023,False,227,44,3,3,47474.0,2283.0,5,False,False,Other,0,0.0,23,0.0,True
197.0,50.0,7,2,6,2026,True,41,40,3,3,5.0,26878.0,6,True,False,Other,0,260.0,24,389.1,True
128.0,5.0,7,2,7,2023,False,208,33,3,3,1030.0,953.0,6,True,True,Other,0,0.0,0,0.0,True
287.0,19.0,1,6,7,2023,False,261,55,3,1,3659.0,7334.0,5,True,False,Design Tools,0,0.0,0,0.4,True
369.0,89.0,1,2,3,2026,False,229,55,3,1,617.0,1725.0,6,False,False,API,0,0.0,0,0.0,False
228.0,19.0,7,2,6,2026,True,140,34,3,3,5.0,493.0,4,False,False,Productivity,0,0.0,0,3.8,True
10.0,1.0,17,0,3,2023,True,261,27,3,1,33489.0,2553.0,4,False,True,Other,0,0.0,0,1.9,True
220.0,34.0,0,4,5,2026,True,231,31,3,1,4033.0,11053.0,8,True,False,API,9,314.22222222222223,9,314.22222222222223,False
409.0,0.0,8,4,7,2026,True,76,49,3,5,267.0,224.0,6,True,False,Productivity,0,0.0,0,195.0,True
140.0,31.0,7,0,6,2026,True,57,57,3,3,47.0,1151.0,5,False,False,Other,0,0.0,0,0.0,False
98.0,50.0,7,0,6,2023,True,436,60,3,2,1010.0,10346.0,6,True,False,Other,0,0.0,0,0.0,True
146.0,15.0,0,0,6,2026,True,497,60,3,1,76.0,650.0,10,True,False,Chrome Extensions,0,0.0,0,0.0,False
18.0,1.0,7,3,3,2023,False,271,59,3,1,5.0,3834.0,4,True,True,Productivity,0,0.0,15,0.0,True
116.0,10.0,7,0,3,2023,True,254,36,3,1,233.0,4226.0,3,True,True,Design Tools,0,0.0,0,0.0,False
10.0,1.0,20,3,1,2023,False,220,57,2,1,389.0,678.0,1,False,True,Other,0,0.0,0,0.0,False
6.0,3.0,19,5,1,2023,False,294,59,3,1,724.0,134.0,4,False,True,Hiring,0,0.0,0,0.0,False
190.0,33.0,0,2,6,2026,True,176,49,3,1,296.0,1416.0,16,True,False,Productivity,0,0.0,0,0.0,False
16.0,2.0,9,1,3,2023,False,276,45,3,1,5.0,10.0,3,False,True,Education,0,2.5,0,0.0,True
4.0,2.0,9,0,3,2023,False,183,60,3,1,170.0,1487.0,3,False,True,iOS,0,0.0,0,0.0,False
1.0,69.0,7,4,7,2023,True,176,47,1,8,5.0,602.0,6,False,False,Other,0,2.1,265,3.7,True
1.0,0.0,7,3,1,2023,False,281,60,2,1,1305.0,952.0,3,False,True,Android,0,0.0,12,4.5,True
10.0,0.0,9,4,7,2023,False,249,48,1,1,5.0,4093.0,1,False,True,Other,0,0.0,0,4.9,True
7.0,0.0,7,3,5,2023,False,240,27,1,1,2050.0,3192.0,1,False,True,Other,0,0.0,0,2.2,True
100.0,8.0,0,1,6,2026,True,181,58,3,1,751.0,1679.0,9,True,False,Productivity,0,0.0,0,0.0,False
2.0,1.0,9,3,5,2023,True,274,35,3,2,1316.0,781.0,4,False,False,Other,0,0.0,10,0.0,True
25.0,15.0,7,1,3,2023,True,166,54,1,1,5.0,1157.0,4,True,False,Developer Tools,0,0.0,0,0.0,True
2.0,0.0,12,3,7,2023,False,134,60,4,1,391.0,221.0,3,False,True,Android,0,0.0,0,0.0,False
142.0,0.0,7,4,1,2023,False,226,56,2,1,1354.0,3769.0,1,False,True,Analytics,0,0.0,0,0.0,True
119.0,100.0,7,2,7,2026,True,62,33,3,1,5039.0,1267.0,7,False,False,Productivity,0,0.0,0,0.0,True
23.0,0.0,9,3,5,2023,False,272,46,1,1,5.0,1191.0,2,False,True,Design Tools,0,0.0,0,2.2,True
47.0,0.0,7,5,5,2023,True,46,23,3,3,687.0,2000.0,9,False,True,Productivity,0,0.0,9,224.3,True
86.0,0.0,7,0,5,2023,True,398,39,5,1,142168.0,307.0,6,False,True,Mac,0,0.0,14,0.9,True
172.0,0.0,7,4,7,2026,True,37,37,1,3,35.0,1234.0,7,False,False,Productivity,0,0.0,0,0.0,False
458.0,8.0,7,5,7,2026,False,45,52,3,3,5.0,2174.0,6,True,False,Other,0,0.0,2,0.0,True
162.0,25.0,7,2,7,2026,True,56,52,3,1,379423.0,2240.0,7,True,False,Other,39,0.0,0,118.0,True
131.0,24.0,7,5,5,2023,True,496,29,3,1,45408.0,2738.0,4,False,False,Other,0,0.0,10,80.8,True
118.0,7.0,7,4,7,2023,False,39,48,1,3,5.0,1186.0,5,True,False,Social Media,0,0.0,0,0.4,True
9.0,0.0,21,4,7,2023,False,121,50,3,1,305.0,4578.0,1,False,True,Design Tools,0,0.0,22,0.0,True
123.0,14.0,7,4,5,2024,False,209,60,3,1,1331.0,4114.0,0,True,False,Artificial Intelligence,0,0.4,0,1.9,True
196.0,37.0,7,1,5,2026,True,438,50,3,1,5.0,996.0,5,True,False,Other,0,0.0,17,0.0,True
92.0,98.0,7,3,7,2026,False,57,36,3,1,1916.0,2520.0,5,True,False,Other,0,0.0,6,0.0,True
13.0,2.0,17,0,1,2023,False,243,48,3,1,3337.0,8765.0,4,False,True,SaaS,0,0.2,0,0.0,True
78.0,145.0,7,4,5,2023,True,22,52,3,3,1841.0,745.0,7,True,False,Other,0,1.3,0,5.4,True
120.0,14.0,7,6,7,2026,True,59,39,3,1,442.0,5984.0,4,True,False,Design Tools,10,0.0,15,289.2,True
24.0,1.0,20,4,7,2026,True,260,48,3,4,5.0,639.0,6,True,False,Design Tools,0,144.1,527,2.2,True
7.0,0.0,12,6,5,2023,False,164,31,4,0,374.0,4035.0,4,False,False,Chrome Extensions,0,0.0,0,0.0,False
396.0,1.0,7,1,10,2026,True,43,35,3,1,1053.0,3097.0,7,False,False,Other,0,0.0,1683,1.7,True
133.0,22.0,7,4,6,2026,True,369,33,3,3,161178.0,12252.0,6,True,False,Design Tools,0,0.0,13,173.8,True
29.0,203.0,4,4,3,2023,False,38,43,2,1,121198.0,1993.0,8,True,True,SaaS,0,0.0,4,0.0,True
5.0,1.0,8,6,5,2023,False,134,60,3,1,163.0,3586.0,7,False,True,SaaS,0,0.0,0,0.0,False
130.0,16.0,7,1,5,2026,False,44,59,3,1,2076.0,958.0,5,True,False,Productivity,0,0.0,0,0.0,True
144.0,32.0,7,3,7,2023,False,267,45,3,1,41700.0,2083.0,15,True,False,Productivity,0,0.0,1,0.0,True
67.0,2.0,14,3,1,2023,True,261,27,3,1,360.0,175.0,5,False,True,Productivity,0,0.0,0,0.0,False
263.0,46.0,7,3,7,2026,True,63,45,3,1,1248.0,3661.0,5,True,False,Productivity,0,0.0,0,248.5,True
174.0,0.0,18,3,5,2023,True,240,37,2,1,533.0,781.0,1,True,True,Artificial Intelligence,0,0.0,0,0.0,True
19.0,4.0,7,3,7,2023,True,250,42,2,1,5.0,2304.0,4,False,True,Other,0,0.0,4,197.0,True
701.0,0.0,7,3,7,2026,False,250,57,3,1,5.0,5079.0,2,True,False,Other,0,1.0,0,0.0,True
112.0,5.0,7,3,7,2023,True,257,56,3,1,5.0,1528.0,4,False,False,Developer Tools,1,0.0,0,0.0,True
225.0,0.0,7,4,5,2023,False,239,34,3,1,2122.0,1041.0,8,True,False,Design Tools,9,0.0,0,0.0,True
271.0,2.0,7,6,7,2026,True,52,57,3,3,307.0,9825.0,8,True,False,Productivity,0,0.0,2,283.5,True
76.0,0.0,7,3,7,2023,False,71,32,4,1,1360.0,648.0,3,False,False,Android,0,0.0,6,0.6,True
93.0,19.0,7,3,7,2023,True,238,33,3,5,341389.0,1338.0,3,False,False,Artificial Intelligence,0,0.0,2260,213.73451327433628,False
1271.0,7.0,7,3,7,2026,False,440,45,3,1,39170.0,4613.0,7,True,False,Artificial Intelligence,1,0.0,0,297.1,True
146.0,1.0,7,2,7,2026,True,260,46,3,1,3345.0,3340.0,5,False,False,Design Tools,16,0.0,3,5.5,True
662.0,15.0,7,6,6,2026,True,53,55,3,1,5304.0,10234.0,4,False,False,API,0,0.0,0,1.9,True
18.0,1.0,10,6,5,2024,False,255,42,3,1,1601.0,528.0,4,False,False,Other,0,0.0,9,0.0,True
7.0,0.0,7,4,3,2023,False,255,56,2,1,89876.0,1208.0,3,False,True,Marketing,0,0.0,0,1.5,True
252.0,30.0,0,1,5,2026,True,441,47,3,1,374.0,1015.0,5,True,False,Mac,0,0.0,0,0.0,False
250.0,0.0,7,0,7,2026,True,38,60,3,1,5.0,718.0,5,False,False,Marketing,0,0.0,7,0.0,True
138.0,7.0,7,3,7,2023,False,207,34,4,1,276.0,1926.0,2,False,True,Other,0,0.0,0,0.0,True
152.0,0.0,7,5,7,2023,True,253,41,3,2,5.0,1156.0,4,True,False,API,0,0.0,1,0.0,True
105.0,26.0,0,2,5,2026,True,189,52,3,1,99.0,2147.0,5,True,False,Productivity,0,0.0,0,0.0,False
479.0,19.0,7,5,5,2023,False,60,55,3,3,5.0,7183.0,5,False,False,Chrome Extensions,0,0.0,22,0.0,True
112.0,5.0,6,4,5,2026,True,70,54,3,1,1908.0,5667.0,6,False,False,Other,0,0.0,4,240.7,True
269.0,14.0,0,3,10,2026,True,354,33,3,1,5589.0,2989.0,6,True,False,Other,0,0.0,7,213.6,True
2.0,1.0,1,1,3,2023,False,17,31,3,1,301.0,703.0,3,False,True,Marketing,0,0.0,0,0.0,False
340.0,0.0,7,3,5,2023,True,230,39,5,1,91620.0,4313.0,6,False,True,Social Media,0,0.0,9,2.5,True
14.0,1.0,7,4,6,2026,False,270,40,3,1,163.0,1840.0,3,False,False,Open Source,0,0.0,0,0.0,False
263.0,7.0,0,2,6,2026,True,130,56,3,1,3044.0,9293.0,3,True,False,Android,2,340.0,2,340.0,False
8.0,4.0,15,4,5,2025,False,248,58,2,2,5.0,6126.0,1,True,False,SaaS,0,0.0,0,167.2,True
115.0,47.0,7,0,7,2026,True,63,53,3,3,115.0,1670.0,7,False,False,Developer Tools,0,0.0,12,1.1,True
80.0,13.0,10,4,7,2023,True,172,33,5,3,199483.0,9273.0,3,False,False,Web App,0,0.0,1317,202.7015945330296,False
11.0,4.0,18,3,3,2023,True,214,44,2,1,112040.0,2450.0,4,False,True,iOS,0,0.3,397,1.8,True
19.0,0.0,5,3,3,2023,False,250,42,1,1,131.0,764.0,3,False,True,iOS,0,0.2,8,2.3,True
431.0,89.0,0,3,6,2026,True,277,35,3,1,170.0,1609.0,6,False,False,iOS,0,0.0,0,0.0,False
150.0,40.0,7,1,7,2026,True,46,45,3,3,4876.0,4095.0,6,True,False,Other,1,0.0,10,263.3,True
108.0,0.0,0,1,7,2024,False,251,60,3,1,871.0,4309.0,6,False,False,Other,0,0.0,0,0.4,True
1.0,0.0,10,3,7,2023,False,238,58,3,0,595.0,447.0,6,False,False,Marketing,0,0.0,0,0.0,False
178.0,4.0,7,0,5,2023,True,241,27,4,1,2657.0,2035.0,3,False,True,Marketing,0,3.0,3,0.0,True
124.0,82.0,7,6,7,2023,True,251,40,3,6,5.0,1007.0,4,False,False,Writing,0,0.0,0,1.4,True
108.0,0.0,7,5,7,2023,True,242,31,3,0,164045.0,325.0,8,True,True,Social Media,0,0.8,0,0.0,True
289.0,35.0,7,5,7,2026,True,53,53,3,1,87.0,520.0,8,True,False,Design Tools,0,0.0,0,0.0,False
93.0,0.0,7,5,5,2023,False,52,50,3,1,4248.0,1059.0,7,True,False,Other,0,0.0,10,2.2,True
236.0,84.0,7,0,5,2026,True,48,35,3,1,325.0,12571.0,4,True,False,Developer Tools,0,293.8,4,223.4,True
281.0,12.0,7,0,5,2026,True,78,51,3,2,1291.0,9155.0,9,False,False,Design Tools,0,0.0,1,0.3,True
138.0,4.0,7,4,7,2026,False,188,43,3,3,5.0,4605.0,6,False,False,Other,0,80.4,0,1.4,True
9.0,1.0,9,4,5,2023,False,253,30,3,1,439.0,641.0,3,True,False,Other,0,0.0,0,1.2,True
373.0,45.0,7,2,5,2026,False,50,33,3,3,741.0,5328.0,8,True,False,Productivity,0,0.0,0,0.0,True
20.0,5.0,12,3,3,2023,False,272,44,1,0,2859.0,1013.0,2,True,True,Productivity,0,0.0,0,0.0,True
142.0,29.0,7,3,10,2026,False,251,49,1,4,195749.0,1578.0,4,False,True,Web App,0,0.0,0,0.0,True
247.0,4.0,7,3,7,2026,True,500,44,3,1,51024.0,789.0,5,True,False,Design Tools,0,0.0,0,302.3,True
199.0,58.0,7,2,7,2026,True,33,33,3,2,38.0,97.0,4,True,False,Other,0,0.0,0,0.0,False
3.0,0.0,7,3,7,2023,False,229,20,4,1,289.0,790.0,5,False,True,Android,0,0.0,0,0.0,False
1.0,3.0,7,0,5,2023,True,239,59,3,1,5.0,1382.0,3,False,False,Design Tools,0,0.0,0,207.8,True
68.0,0.0,7,0,7,2023,True,254,35,2,1,5.0,1080.0,4,False,False,Android,0,0.0,0,171.6,True
3.0,31.0,17,4,7,2023,False,209,60,3,1,5.0,1307.0,3,False,False,Health & Fitness,0,0.0,218,3.4,True
226.0,41.0,7,3,5,2026,True,471,52,3,5,4830.0,36281.0,6,False,False,Other,0,0.0,9,3.2,True
133.0,12.0,7,1,7,2026,False,38,23,3,1,2574.0,2205.0,4,True,False,Productivity,1,0.0,20,1.9,True
26.0,0.0,7,2,1,2023,True,368,54,3,1,5.0,678.0,6,False,False,Other,0,0.0,5,0.0,True
20.0,0.0,13,3,3,2023,False,274,46,2,3,4741.0,48.0,1,False,True,Artificial Intelligence,0,0.0,0,0.0,True
121.0,0.0,0,3,5,2026,True,62,34,3,3,910.0,961.0,6,True,False,Productivity,0,0.0,0,234.5,True
149.0,1.0,19,4,7,2023,True,278,60,5,5,581.0,10.0,5,False,False,Health & Fitness,0,0.0,4,0.0,True
163.0,4.0,16,2,10,2019,True,428,54,3,1,23.0,90.0,5,False,False,Android,0,0.0,0,0.0,False
16.0,2.0,6,5,5,2023,False,347,47,3,1,5.0,986.0,3,True,True,Marketing,0,0.0,11,0.0,True
119.0,18.0,7,5,7,2026,False,255,35,3,3,960.0,1371.0,7,False,False,Artificial Intelligence,0,0.0,539,0.0,True
250.0,18.0,7,2,7,2026,False,82,54,3,1,199977.0,32451.0,4,True,False,Fintech,0,0.0,0,0.0,True
99.0,4.0,10,4,5,2023,False,256,35,2,1,4819.0,2509.0,4,False,True,iOS,0,1.2,1096,0.0,True
517.0,113.0,7,5,7,2026,True,47,47,3,1,176.0,1845.0,4,False,True,Other,0,0.0,0,0.0,False
120.0,0.0,14,3,6,2026,True,46,58,3,1,5.0,4579.0,6,True,False,API,0,0.0,0,77.0,True
185.0,0.0,7,2,5,2026,True,61,57,3,2,5.0,3929.0,9,True,False,Productivity,7,0.8,0,0.0,True
168.0,8.0,7,1,6,2026,True,29,29,2,3,7.0,401.0,6,True,True,API,0,0.0,0,0.0,False
639.0,265.0,4,1,4,2026,False,160,53,3,1,6335.0,16261.0,5,True,False,Other,16,461.0,16,461.0,False
188.0,45.0,7,4,7,2026,True,44,44,3,3,219.0,1236.0,7,True,False,Other,0,0.0,0,0.0,False
25.0,0.0,7,3,7,2023,True,63,57,1,1,49855.0,725.0,4,False,False,Fintech,0,0.0,3,1.9,True
982.0,0.0,7,1,7,2024,True,244,30,3,2,30.0,1474.0,5,True,True,Marketing,0,0.0,18,0.0,True
408.0,208.0,7,6,5,2026,True,49,52,3,2,464411.0,1102.0,10,False,False,Productivity,0,0.0,311,0.0,True
1.0,243.0,7,1,5,2026,False,66,33,3,1,5.0,222.0,10,False,False,iOS,0,0.0,219,0.3,True
196.0,5.0,7,1,7,2023,True,77,26,3,1,1691.0,312.0,6,True,False,Productivity,0,0.0,6,0.1,True
22.0,0.0,7,1,7,2023,False,271,40,3,1,2435.0,1220.0,1,False,True,Health & Fitness,0,0.0,6,2.1,True
251.0,105.0,7,4,8,2026,True,65,60,3,1,3570.0,24358.0,6,False,False,Productivity,1,0.6,14,421.0,True
112.0,185.0,16,4,1,2023,False,51,48,3,1,499.0,1622.0,7,False,True,Design Tools,0,0.3,0,1.0,True
246.0,46.0,0,3,6,2026,True,324,46,3,1,1202.0,594.0,7,False,False,Android,0,0.0,0,0.0,False
171.0,23.0,7,0,7,2026,True,61,27,3,1,3227.0,7746.0,6,True,False,Productivity,0,0.0,14,3.9,True
156.0,40.0,7,2,7,2026,True,32,32,3,3,175.0,7207.0,5,False,False,Productivity,0,0.0,0,0.0,False
151.0,0.0,17,2,5,2026,True,238,55,3,1,5.0,4689.0,8,False,False,Other,0,0.0,0,0.0,True
286.0,15.0,7,1,5,2026,False,500,58,3,1,5.0,1261.0,6,True,False,Design Tools,0,0.0,0,0.0,True
6.0,0.0,7,0,7,2023,False,242,13,2,1,1247.0,2000.0,3,False,True,Education,0,0.0,0,1.3,True
90.0,6.0,13,4,5,2023,True,68,35,3,1,3117.0,2162.0,4,False,False,Other,0,0.0,3,0.0,True
134.0,32.0,7,3,7,2026,True,39,39,3,3,300.0,1232.0,7,True,True,Productivity,0,0.0,0,0.0,False
104.0,0.0,0,6,7,2023,True,266,35,3,1,4148.0,4982.0,5,True,False,Chrome Extensions,0,1.7,7,2.8,True
1.0,4.0,7,3,7,2023,True,260,28,3,1,236.0,1482.0,2,False,True,Marketing,0,0.0,140,0.9,True
267.0,25.0,7,1,7,2023,True,68,57,3,3,7220.0,4514.0,8,True,False,Productivity,0,0.0,0,438.6,True
159.0,0.0,7,3,7,2026,False,185,45,2,3,5.0,1236.0,4,True,False,API,0,0.0,0,2.2,True
256.0,30.0,7,6,7,2026,True,267,57,3,1,405991.0,11115.0,7,True,False,API,5,0.0,1641,302.3,True
5.0,0.0,7,3,7,2023,False,264,36,1,1,147638.0,2661.0,8,True,True,Productivity,0,0.0,0,0.7,True
130.0,0.0,7,4,5,2023,True,258,58,3,1,68.0,936.0,4,False,False,API,0,0.0,7,0.0,True
112.0,5.0,2,6,3,2026,True,420,56,3,1,253.0,1928.0,6,True,False,Fintech,0,0.0,0,0.0,False
162.0,0.0,7,2,7,2023,True,241,50,3,1,449.0,1072.0,8,False,False,Marketing,0,0.0,8,0.0,True
2.0,0.0,5,3,7,2023,False,227,26,3,1,5.0,2181.0,3,False,True,Other,0,0.0,11,5.3,True
6.0,7.0,7,5,7,2026,False,18,18,3,3,615.0,722.0,5,False,False,Other,0,0.0,0,0.0,False
87.0,5.0,7,4,5,2024,False,229,46,3,1,88366.0,705.0,6,False,True,Fintech,2,0.0,2,0.0,True
135.0,41.0,1,4,7,2026,False,30,55,3,2,35400.0,1418.0,8,True,False,API,1,0.0,0,3.3,True
276.0,77.0,7,3,3,2026,True,239,32,3,1,587.0,2046.0,4,True,False,Productivity,0,0.0,0,0.0,True
11.0,2.0,9,5,7,2023,False,271,60,3,1,5.0,308.0,1,True,True,Marketing,0,0.0,19,0.4,True
152.0,238.0,7,1,7,2026,False,349,36,3,1,5.0,2466.0,6,False,False,Open Source,0,0.0,8,3.5,True
140.0,62.0,7,0,7,2026,True,45,58,3,1,41372.0,2147.0,5,True,False,Productivity,0,275.4,29,196.8,True
697.0,88.0,0,0,5,2026,True,300,47,3,1,24.0,2997.0,9,True,False,Other,0,0.0,0,0.0,False
104.0,11.0,7,1,5,2023,False,49,15,3,3,5.0,1475.0,5,False,False,Other,0,0.0,0,1.0,True
5.0,1.0,8,3,5,2023,False,184,42,3,1,5.0,2549.0,4,False,True,Other,0,0.0,4,3.9,True
53.0,17.0,7,0,7,2026,False,53,53,3,3,14.0,2110.0,8,True,False,Other,0,0.0,0,0.0,False
769.0,46.0,7,6,7,2026,False,55,58,3,1,2069.0,997.0,6,True,False,Productivity,0,0.0,11,2.1,True
11.0,0.0,7,4,7,2023,False,265,43,1,1,5.0,4930.0,1,False,True,Social Media,0,3.7,133,0.0,True
413.0,73.0,7,6,7,2026,True,50,60,3,2,5.0,738.0,7,True,False,Other,0,0.0,681,0.0,True
317.0,28.0,7,6,12,2026,True,63,60,3,1,4928.0,15891.0,4,True,False,Productivity,0,15.7,16,0.0,True
107.0,0.0,0,0,6,2026,False,372,60,3,1,1084.0,15478.0,4,True,False,Analytics,0,0.0,10,0.3,True
19.0,0.0,7,0,7,2023,False,248,25,4,1,5.0,1225.0,3,False,True,Marketing,0,0.0,965,0.0,True
300.0,79.0,7,6,6,2026,True,64,46,3,1,38619.0,14098.0,8,True,False,Other,0,193.2,14,0.0,True
96.0,4.0,7,3,7,2023,False,284,40,4,1,2533.0,4185.0,6,False,False,iOS,1,0.0,5,4.7,True
10.0,0.0,12,5,5,2023,True,191,17,3,1,524.0,2368.0,4,False,True,Marketing,0,0.0,0,2.5,True
124.0,22.0,7,3,5,2023,True,276,37,4,1,1966.0,2652.0,4,False,True,Productivity,0,0.0,0,347.8,True
5.0,2.0,10,0,3,2023,False,247,57,3,1,282.0,497.0,1,False,True,Other,0,0.0,0,0.0,False
16.0,0.0,9,3,7,2023,False,257,41,1,1,145878.0,1214.0,2,False,True,Productivity,0,0.0,0,2.4,True
137.0,17.0,7,0,6,2026,True,57,57,3,3,519.0,153.0,5,True,False,Other,0,0.0,0,0.0,False
22.0,0.0,8,3,3,2023,False,272,20,3,0,2082.0,2108.0,2,False,True,Developer Tools,0,0.0,0,1.1,True
470.0,20.0,7,6,5,2023,False,61,30,3,1,97.0,4956.0,4,True,False,API,0,0.0,0,0.0,True
117.0,21.0,7,6,7,2023,True,272,42,3,1,5.0,542.0,5,False,True,Android,0,0.0,8,0.0,True
82.0,1.0,20,6,7,2023,False,234,53,1,1,5.0,481.0,4,False,False,Other,0,0.0,1,0.0,True
270.0,7.0,7,0,6,2025,False,341,55,3,3,1943.0,637.0,5,False,False,Writing,0,0.0,16,0.6,True
163.0,0.0,7,0,7,2023,False,251,55,1,0,5.0,2539.0,3,False,False,Health & Fitness,0,0.0,357,4.3,True
235.0,44.0,7,2,5,2026,True,43,51,3,1,136964.0,10063.0,4,True,False,Education,0,0.0,285,0.0,True
115.0,69.0,7,0,7,2023,False,255,20,3,1,5.0,700.0,7,False,False,Other,0,1.1,0,0.0,True
695.0,40.0,7,1,7,2026,True,63,55,3,1,5.0,356.0,9,False,False,API,0,0.0,0,0.0,True
236.0,55.0,14,1,7,2026,False,214,59,3,3,5.0,1763.0,3,False,False,Artificial Intelligence,0,0.0,9,0.9,True
342.0,65.0,7,3,7,2023,True,124,35,3,1,1344.0,3636.0,1,False,True,Chrome Extensions,1,126.0,0,0.0,False
129.0,7.0,7,4,7,2026,False,300,60,3,2,1282.0,2124.0,7,False,True,Other,0,0.0,1892,0.0,True
110.0,15.0,7,1,7,2026,False,56,56,3,3,954.0,4706.0,5,False,True,Other,0,0.0,0,0.0,False
158.0,15.0,7,0,7,2026,True,53,53,3,3,1027.0,66.0,5,True,False,Design Tools,0,0.0,0,0.0,False
199.0,22.0,7,6,7,2026,True,38,38,3,2,55.0,868.0,6,False,False,Other,0,0.0,0,0.0,False
137.0,22.0,7,1,6,2026,True,370,41,3,3,5.0,1015.0,5,True,False,Productivity,0,0.0,0,236.4,True
92.0,18.0,9,4,1,2023,True,257,57,3,2,17856.0,132.0,5,True,True,Analytics,0,0.0,103,263.59223300970876,False
159.0,0.0,9,3,3,2023,True,217,24,1,1,1078.0,6548.0,7,False,True,Chrome Extensions,0,0.0,0,0.7,True
1.0,0.0,7,3,3,2023,False,243,60,4,0,3623.0,2698.0,1,False,True,Android,0,0.0,0,5.0,True
100.0,1.0,7,0,3,2023,True,250,35,3,1,1083.0,346.0,5,True,True,Developer Tools,0,0.0,0,0.0,True
98.0,0.0,14,1,7,2023,True,201,46,5,1,5.0,629.0,3,False,True,Fintech,0,0.0,0,0.3,True
94.0,2.0,7,0,3,2023,True,232,59,3,1,22189.0,1180.0,6,True,False,Other,0,0.0,0,0.0,True
115.0,2.0,7,5,5,2023,False,274,52,3,1,3007.0,2459.0,5,False,False,Web App,0,0.0,23,0.0,True
827.0,4.0,7,4,7,2026,True,45,47,3,1,5.0,16035.0,6,True,False,Productivity,8,1.1,28,54.1,True
9.0,0.0,7,4,5,2023,False,256,55,3,1,1460.0,1005.0,3,False,False,Other,0,0.0,0,0.3,True
14.0,2.0,7,0,3,2023,False,249,58,4,5,79492.0,2127.0,5,True,False,Chrome Extensions,0,0.0,516,223.33333333333337,False
262.0,2.0,10,1,7,2026,True,160,52,3,2,5.0,2172.0,6,True,False,Health & Fitness,0,0.0,0,0.0,True
11.0,0.0,7,3,5,2023,True,56,31,3,1,783.0,3007.0,4,False,True,Marketing,0,0.0,13,0.0,True
175.0,43.0,7,6,6,2026,True,49,60,3,1,258.0,22722.0,6,True,False,Productivity,0,265.4,13,309.8,True
6.0,1.0,5,4,5,2023,False,227,28,3,1,4107.0,401.0,6,False,True,Android,0,0.0,0,4.4,True
152.0,6.0,7,4,7,2026,True,252,60,3,3,1316.0,3394.0,6,True,False,Design Tools,0,0.0,0,0.0,True
59.0,15.0,7,2,7,2026,False,43,43,3,3,643.0,2319.0,7,False,False,Other,0,0.0,0,0.0,False
101.0,0.0,17,3,3,2023,True,76,53,5,0,5.0,1580.0,2,True,True,Design Tools,0,0.0,2,1.9,True
27.0,10.0,7,0,9,2026,True,54,29,3,1,5.0,1778.0,4,False,False,Web App,0,0.0,9,351.5,True
459.0,47.0,7,6,6,2026,True,70,59,3,1,5.0,26496.0,5,True,False,Productivity,1,49.5,19,2.7,True
1.0,0.0,10,3,5,2023,False,264,38,3,1,2417.0,630.0,1,True,True,Artificial Intelligence,0,0.0,3,0.8,True
475.0,79.0,7,0,9,2023,False,65,33,3,1,1176.0,2144.0,3,False,False,Health & Fitness,0,0.0,0,1.5,True
2.0,1.0,6,4,7,2023,False,226,55,4,1,181.0,2565.0,9,False,True,Android,0,0.0,0,0.0,False
76.0,3.0,18,4,7,2023,False,165,50,1,1,806.0,3663.0,3,False,True,Other,0,0.0,222,3.3,True
25.0,3.0,18,6,7,2023,False,238,38,4,1,5.0,1375.0,1,True,True,Design Tools,0,1.8,23,0.0,True
127.0,0.0,7,4,7,2025,True,43,33,3,1,5.0,905.0,5,True,True,Other,0,0.0,0,0.9,True
24.0,6.0,7,4,7,2023,False,282,56,1,1,89566.0,356.0,1,True,True,Other,0,0.0,0,0.0,True
175.0,8.0,7,2,1,2026,True,29,51,3,1,883.0,2580.0,6,False,False,Productivity,0,0.0,562,0.0,True
308.0,47.0,7,6,7,2026,True,45,37,3,1,365456.0,4840.0,5,True,False,SaaS,2,0.0,4,1.9,True
208.0,0.0,7,6,7,2023,False,257,27,3,1,5.0,1492.0,4,True,False,Mac,0,0.0,1661,0.0,True
210.0,127.0,1,6,5,2026,False,228,42,3,1,5.0,2754.0,10,True,False,API,0,1.2,16,0.7,True
161.0,208.0,7,4,7,2026,True,52,40,3,1,5.0,377.0,6,False,False,Artificial Intelligence,0,264.0,12,0.0,True
131.0,355.0,6,6,7,2023,True,66,57,5,1,5.0,431.0,6,False,False,Other,0,0.0,6,0.0,True
202.0,1.0,16,4,7,2023,True,193,40,5,3,5.0,1752.0,1,False,True,Hiring,0,0.0,15,0.0,True
6.0,1.0,8,4,1,2023,False,141,60,4,1,319.0,385.0,3,False,True,Open Source,0,0.0,0,0.0,False
1.0,4.0,7,3,3,2023,True,122,31,2,0,3768.0,4419.0,6,True,True,Android,0,0.0,0,1.0,True
164.0,0.0,7,0,5,2026,True,230,36,3,0,5.0,1672.0,3,False,False,Developer Tools,0,0.0,3,0.0,True
8.0,0.0,11,1,5,2023,False,261,29,3,2,3257.0,1615.0,3,True,True,Chrome Extensions,0,0.0,0,0.0,True
1.0,0.0,7,4,1,2023,False,160,45,3,1,5.0,1955.0,1,True,True,Open Source,0,1.2,11,0.8,True
154.0,0.0,7,5,5,2023,True,247,35,3,3,5.0,2575.0,6,False,True,Design Tools,0,0.0,23,1.3,True
254.0,2.0,7,3,5,2026,True,258,39,5,1,5.0,3015.0,6,False,True,Design Tools,0,0.0,2,0.0,True
69.0,0.0,7,3,8,2023,False,63,35,2,1,1163.0,2986.0,6,False,True,Other,0,0.0,0,0.0,True
308.0,33.0,7,0,5,2026,True,48,59,3,1,1712.0,7371.0,7,False,False,Artificial Intelligence,0,0.1,27,176.6,True
141.0,76.0,1,4,3,2026,False,301,58,3,1,5.0,670.0,6,False,False,Other,0,0.0,0,3.1,True
128.0,20.0,7,0,5,2023,True,240,42,3,1,539.0,3889.0,6,False,False,Other,0,0.0,0,3.9,True
288.0,35.0,7,6,5,2026,True,53,43,3,0,1754.0,922.0,7,True,False,Artificial Intelligence,0,0.0,0,4.3,True
54.0,10.0,7,3,5,2023,False,241,49,1,3,167510.0,5376.0,1,False,True,Productivity,0,0.0,0,0.7,True
246.0,58.0,7,2,7,2026,True,47,59,3,3,5.0,1015.0,5,True,False,Productivity,32,0.0,25,80.0,True
1.0,0.0,7,4,1,2023,False,281,56,3,1,1544.0,1282.0,6,True,False,Artificial Intelligence,0,0.0,6,0.0,True
138.0,27.0,7,0,7,2026,True,72,56,3,1,1209.0,10703.0,8,True,False,Productivity,0,0.0,0,2.2,True
14.0,3.0,4,0,5,2023,True,268,35,3,1,5.0,2669.0,6,False,True,Other,0,0.8,12,199.5,True
326.0,48.0,7,4,6,2026,True,51,48,3,3,2860.0,857.0,6,False,False,Other,0,0.0,475,0.2,True
204.0,5.0,20,1,1,2020,False,334,33,3,1,2864.0,7882.0,5,True,False,Other,3,291.6666666666667,3,291.6666666666667,False
126.0,15.0,7,1,7,2023,False,258,26,3,0,336.0,988.0,4,False,True,Web App,0,0.0,0,246.2,True
1.0,1.0,7,1,5,2026,True,237,59,3,1,5.0,1887.0,3,False,True,Productivity,0,0.0,0,167.0,True
136.0,0.0,7,1,5,2023,True,64,47,3,1,85629.0,6158.0,6,True,False,Marketing,0,0.0,10,153.6,True
144.0,0.0,7,3,1,2023,False,245,50,1,7,5.0,1707.0,4,True,False,Web App,0,0.0,12,1.1,True
133.0,0.0,22,1,5,2026,True,50,22,3,1,5.0,1006.0,1,False,False,Developer Tools,0,0.0,0,188.1,True
20.0,0.0,20,4,3,2023,True,257,56,3,0,2479.0,789.0,3,False,True,Other,0,0.0,0,0.0,True
131.0,15.0,0,1,6,2026,True,420,40,3,1,185.0,3464.0,8,True,False,Design Tools,0,0.0,0,0.0,False
121.0,243.0,7,0,6,2026,False,74,43,3,1,2940.0,609.0,6,False,False,Productivity,0,0.0,0,0.0,True
66.0,17.0,7,0,5,2023,True,58,39,3,1,5.0,3060.0,4,True,False,Design Tools,0,0.0,1,0.1,True
117.0,8.0,0,1,3,2023,False,270,14,3,5,5.0,2104.0,4,False,False,Marketing,0,0.0,0,0.0,True
3.0,2.0,9,4,7,2023,False,249,56,3,6,5.0,1699.0,6,False,False,Other,0,0.0,11,0.0,True
82.0,1.0,7,0,5,2026,True,65,42,3,1,130514.0,4892.0,6,False,False,Productivity,0,0.0,10,0.0,True
139.0,4.0,7,3,7,2023,False,240,46,3,1,38005.0,1379.0,4,False,False,API,0,0.0,0,1.6,True
104.0,41.0,1,0,7,2026,True,78,60,3,1,5.0,4026.0,6,True,False,Open Source,0,0.0,1,0.4,True
119.0,12.0,8,4,1,2023,True,221,46,3,1,780.0,3879.0,1,False,True,Email,0,0.0,0,0.0,False
170.0,3.0,0,3,11,2023,False,354,35,2,1,5.0,3464.0,9,True,False,Design Tools,0,0.0,714,228.6,True
130.0,1.0,7,5,5,2023,False,274,54,3,1,5.0,569.0,5,True,False,API,0,0.0,9,0.0,True
19.0,13.0,7,4,7,2026,False,45,45,3,2,187.0,462.0,7,True,False,Other,0,0.0,0,0.0,False
1.0,4.0,23,3,5,2023,False,249,26,2,1,66877.0,4138.0,3,False,True,Productivity,0,0.0,9,0.7,True
15.0,1.0,23,5,5,2023,False,251,46,3,1,5.0,412.0,2,False,True,Other,0,0.0,0,2.3,True
262.0,4.0,8,0,5,2023,False,63,50,3,1,4626.0,956.0,7,False,False,Artificial Intelligence,0,0.0,0,0.0,True
20.0,2.0,11,3,7,2023,False,233,46,2,1,5.0,2634.0,1,True,True,Other,0,0.0,0,3.0,True
154.0,61.0,7,4,6,2026,False,66,60,3,1,5465.0,10461.0,7,True,False,Productivity,0,170.4,8,438.7,True
244.0,50.0,7,4,7,2026,True,19,19,3,3,379.0,4703.0,4,False,False,Other,0,0.0,0,0.0,False
13.0,0.0,15,0,5,2023,False,136,38,3,3,5.0,2357.0,4,True,False,iOS,0,0.0,0,0.0,True
269.0,128.0,7,2,5,2023,True,361,49,3,3,5.0,2701.0,6,True,True,Design Tools,0,0.0,0,3.9,True
121.0,73.0,7,2,5,2023,False,405,58,3,4,1026.0,11723.0,9,True,False,Design Tools,0,0.0,519,222.6,True
493.0,37.0,7,4,7,2026,False,363,36,3,4,3715.0,3468.0,4,True,False,API,0,1.9,0,233.7,True
192.0,28.0,7,6,8,2026,True,396,59,3,3,5.0,3606.0,4,True,False,Other,0,0.0,12,1.6,True
145.0,81.0,7,4,7,2026,True,264,29,3,1,2079.0,3327.0,5,False,False,Productivity,0,0.0,30,0.0,True
33.0,16.0,7,6,7,2026,True,48,48,3,1,391.0,611.0,6,True,True,Other,0,0.0,0,0.0,False
1.0,0.0,17,3,3,2023,True,221,37,1,1,342.0,3843.0,3,False,True,Marketing,0,0.0,24,0.2,True
278.0,83.0,7,2,6,2025,True,45,56,3,1,2753.0,9067.0,8,True,False,Productivity,8,0.0,0,349.1,True
127.0,0.0,7,3,7,2023,True,375,23,3,1,35881.0,624.0,5,True,True,SaaS,1,0.0,20,0.0,True
152.0,8.0,7,1,5,2023,True,41,49,2,3,5.0,785.0,8,False,False,Productivity,0,0.0,0,0.7,True
212.0,290.0,7,1,7,2023,True,258,41,5,0,144299.0,528.0,3,False,True,Productivity,0,0.0,1404,0.0,True
252.0,10.0,7,6,6,2026,True,51,49,3,1,5.0,11232.0,6,True,False,Chrome Extensions,0,173.9,0,0.0,True
252.0,0.0,7,0,7,2026,True,204,31,3,1,359.0,720.0,6,False,False,Design Tools,2,0.0,3,198.4,True
125.0,13.0,0,1,5,2026,True,354,46,3,1,414.0,45.0,11,False,False,Open Source,0,0.0,0,0.0,False
28.0,5.0,0,5,5,2026,False,361,45,3,1,288.0,2376.0,4,True,False,Android,0,0.0,0,0.0,False
230.0,84.0,7,2,6,2026,True,77,52,3,1,1618.0,25482.0,6,True,False,Other,9,0.0,1851,267.9,True
55.0,27.0,0,6,5,2026,False,417,51,3,1,420.0,616.0,7,False,False,Education,0,0.0,0,0.0,False
171.0,11.0,7,1,6,2026,True,72,51,3,2,5.0,13606.0,6,True,False,Productivity,21,0.0,12,1.5,True
201.0,6.0,7,2,7,2023,False,249,45,3,2,5.0,29361.0,8,True,False,Productivity,0,0.0,1559,0.0,True
1.0,0.0,7,4,7,2023,True,258,32,4,1,4617.0,1100.0,3,False,True,Other,0,0.0,570,7.5,True
615.0,89.0,7,6,6,2023,False,72,45,3,1,877.0,410.0,6,False,False,Productivity,0,0.0,1,0.0,True
192.0,2.0,0,3,7,2023,True,247,32,3,5,1922.0,804.0,8,True,False,Productivity,0,0.0,1336,345.0,True
11.0,117.0,22,4,3,2023,False,45,34,3,1,542.0,475.0,12,False,True,Android,0,0.0,0,0.0,True
122.0,28.0,7,3,5,2026,True,59,60,3,1,5.0,66.0,6,True,False,Other,0,0.0,7,2.0,True
104.0,0.0,7,0,7,2023,False,219,59,3,1,724.0,801.0,4,True,False,Writing,0,0.0,0,0.0,True
460.0,111.0,0,2,6,2026,True,295,60,3,1,4056.0,14368.0,6,True,False,Developer Tools,11,297.90909090909093,11,297.90909090909093,False
448.0,88.0,17,4,5,2026,False,51,55,3,1,5.0,3094.0,6,True,False,Productivity,0,0.0,3,0.0,True
248.0,30.0,0,2,5,2026,True,56,36,3,2,5.0,914.0,6,True,False,Other,0,47.8,5,356.7,True
30.0,1.0,7,6,7,2023,True,67,23,3,3,5.0,2332.0,5,True,True,Other,0,0.0,3,0.0,True
127.0,29.0,7,4,7,2026,True,47,45,3,1,5.0,386.0,8,False,False,Other,0,0.0,0,0.0,True
135.0,4.0,11,3,7,2025,True,272,42,3,1,1840.0,408.0,6,False,False,Productivity,0,0.0,0,0.0,True
703.0,193.0,7,1,6,2026,True,43,43,3,2,947.0,140.0,8,True,False,Other,0,0.0,0,0.0,False
1.0,0.0,5,4,5,2023,False,161,23,3,1,5.0,1069.0,1,True,True,Health & Fitness,0,0.0,0,0.0,True
64.0,7.0,7,0,5,2023,True,269,58,3,1,1633.0,10443.0,9,False,False,iOS,0,0.0,7,0.0,True
85.0,1.0,7,6,6,2026,True,57,34,3,1,5.0,1115.0,6,True,False,Artificial Intelligence,0,0.0,21,243.2,True
18.0,0.0,12,1,5,2023,False,212,35,3,1,175324.0,1158.0,1,False,False,Productivity,0,0.0,0,1.7,True
24.0,1.0,7,0,7,2023,False,192,33,3,3,5.0,2776.0,2,False,True,Other,0,0.0,1850,0.0,True
1.0,7.0,7,1,3,2023,True,276,24,3,1,99.0,560.0,6,False,False,Marketing,0,0.0,7,213.6,True
2.0,0.0,18,5,5,2023,False,206,52,2,0,552.0,708.0,5,False,False,Design Tools,1,2.0,0,0.0,False
332.0,3.0,7,3,9,2023,True,67,33,5,1,926.0,948.0,6,False,False,API,0,0.0,1,0.0,True
13.0,0.0,7,0,3,2023,True,238,46,2,1,5.0,1110.0,3,False,True,Other,0,0.0,0,4.2,True
153.0,12.0,7,6,7,2023,True,49,35,3,1,2055.0,32095.0,5,True,False,Other,5,0.0,1066,305.1,True
18.0,21.0,7,5,7,2026,False,58,58,3,2,31.0,472.0,8,True,False,Other,0,0.0,0,0.0,False
12.0,2.0,7,4,5,2023,False,278,45,3,3,275099.0,1232.0,1,True,True,Productivity,0,2.6,841,0.4,True
14.0,0.0,19,1,7,2023,False,266,55,1,1,5.0,1768.0,2,False,True,Android,0,0.6,4,0.0,True
440.0,35.0,7,6,6,2026,True,57,48,3,1,3050.0,13646.0,5,True,False,Other,0,71.8,2,477.7,True
93.0,0.0,0,3,5,2023,True,59,35,3,1,5.0,1854.0,6,True,False,Developer Tools,0,0.0,0,0.0,True
46.0,9.0,13,2,3,2025,False,465,43,3,1,20.0,2538.0,4,True,False,Design Tools,0,0.0,0,0.0,False
12.0,0.0,7,0,5,2023,False,254,56,3,1,2172.0,1361.0,9,False,False,Developer Tools,0,0.0,242,0.0,True
16.0,2.0,15,3,3,2023,False,230,38,2,1,1468.0,488.0,1,True,True,Education,0,0.0,0,0.0,True
117.0,6.0,7,1,5,2023,True,237,46,4,1,41605.0,2944.0,6,False,True,Other,0,0.0,0,1.6,True
251.0,91.0,7,4,7,2026,False,60,45,3,1,2718.0,471.0,5,True,False,Productivity,0,0.0,682,0.0,True
597.0,113.0,0,3,5,2026,True,471,48,3,1,285.0,4152.0,5,True,False,Marketing,0,0.0,0,0.0,False
143.0,28.0,7,2,7,2026,False,43,43,3,1,83.0,2249.0,6,True,False,Productivity,0,0.0,0,0.0,False
111.0,16.0,8,4,1,2023,True,227,41,3,1,623.0,1504.0,4,False,True,Social Media,0,0.0,0,0.0,False
1.0,0.0,7,5,3,2023,True,214,36,1,1,518.0,1896.0,2,False,True,Other,0,0.0,0,4.4,True
16.0,0.0,12,6,7,2023,False,259,11,3,1,1790.0,1263.0,3,False,True,Education,0,0.0,3,4.3,True
2.0,0.0,5,4,5,2023,False,250,25,1,1,5.0,1016.0,1,False,True,Other,0,0.0,0,0.0,False
3.0,5.0,19,5,3,2023,True,260,60,3,1,26.0,1944.0,1,False,True,Marketing,0,0.0,1825,3.2,True
18.0,0.0,22,3,7,2023,False,240,60,2,0,299.0,961.0,12,False,True,Productivity,0,0.4,0,0.0,True
86.0,10.0,8,6,5,2023,True,256,36,3,1,659.0,2811.0,4,False,True,Other,0,0.0,0,0.0,False
296.0,17.0,9,0,12,2026,True,51,33,3,2,4060.0,836.0,6,False,False,Fintech,0,0.0,16,0.0,True
115.0,128.0,7,4,5,2026,True,466,60,3,5,5.0,1469.0,4,False,True,Other,0,0.0,12,0.0,True
103.0,11.0,0,4,6,2026,True,444,54,3,1,138.0,2398.0,10,False,False,iOS,0,0.0,0,0.0,False
113.0,13.0,7,6,7,2026,True,58,58,3,3,198.0,194.0,5,True,True,Other,0,0.0,0,0.0,False
143.0,20.0,7,3,6,2026,True,227,49,3,3,250.0,6752.0,8,False,False,Design Tools,0,0.0,25,3.8,True
91.0,1.0,7,3,5,2023,True,51,42,2,1,31109.0,2867.0,11,False,False,Other,0,0.0,1950,4.6,True
209.0,79.0,7,3,5,2025,True,241,29,3,1,373540.0,31.0,5,True,False,Other,0,0.0,1820,201.3,True
18.0,2.0,9,4,3,2023,False,207,57,3,1,815.0,2017.0,6,False,True,Other,0,2.0,10,0.0,True
14.0,0.0,13,6,5,2023,False,200,32,3,1,3069.0,2295.0,2,True,False,Productivity,0,0.0,18,0.9,True
11.0,0.0,9,3,5,2023,True,335,35,1,3,242829.0,3376.0,6,False,True,Other,0,0.0,5,1.2,True
529.0,62.0,7,6,7,2026,False,50,49,3,1,1775.0,10456.0,6,True,False,Productivity,0,119.6,17,204.3,True
149.0,6.0,7,4,6,2026,True,189,47,3,1,3545.0,3970.0,6,False,False,Artificial Intelligence,0,0.0,10,191.4,True
190.0,33.0,7,6,7,2026,True,58,42,3,1,41038.0,9909.0,6,False,False,API,0,0.0,6,0.2,True
74.0,2.0,7,6,7,2026,False,259,28,3,1,653.0,1355.0,6,True,False,Productivity,0,0.0,0,1.5,True
94.0,0.0,7,0,5,2026,True,356,34,3,1,2981.0,3802.0,5,False,False,Developer Tools,0,0.0,0,0.0,True
57.0,0.0,7,1,7,2023,True,60,50,3,4,3602.0,1930.0,4,False,False,Artificial Intelligence,0,0.0,398,3.4,True
333.0,16.0,7,0,6,2026,True,49,48,3,2,1278.0,11473.0,4,False,False,Other,1,0.0,13,0.0,True
371.0,85.0,7,2,7,2026,True,43,43,3,2,8.0,1436.0,7,True,False,Productivity,0,0.0,0,0.0,False
181.0,18.0,7,1,6,2023,True,365,30,3,1,5476.0,548.0,6,True,False,Artificial Intelligence,0,0.0,16,1.3,True
20.0,0.0,7,1,5,2026,False,227,57,3,3,1514.0,2294.0,1,False,True,Other,0,0.0,0,0.0,True
1.0,0.0,12,4,1,2023,False,237,58,3,1,2455.0,649.0,0,False,True,Other,0,0.8,0,0.0,True
76.0,40.0,7,6,5,2026,True,500,48,3,1,5.0,5612.0,8,True,False,Productivity,0,0.0,0,417.7,True
353.0,0.0,7,6,5,2026,True,63,37,3,1,5.0,1786.0,4,False,False,Other,0,0.0,0,207.6,True
123.0,2.0,11,3,5,2023,False,210,49,3,1,5.0,15.0,6,True,False,Other,0,0.0,0,0.0,True
151.0,14.0,0,2,6,2026,True,185,44,3,1,568.0,2731.0,4,True,False,Other,0,0.0,0,0.0,False
90.0,8.0,7,0,3,2023,True,192,31,1,1,59.0,285.0,3,False,True,Artificial Intelligence,0,0.0,0,0.0,False
130.0,56.0,0,4,6,2026,True,72,60,3,3,485996.0,9534.0,6,True,False,Other,22,419.2,17,309.6,True
121.0,127.0,7,1,7,2026,True,54,49,3,1,5.0,830.0,6,False,False,Other,3,0.0,0,238.3,True
7.0,49.0,7,0,6,2023,False,72,29,3,3,272324.0,521.0,5,True,False,API,0,0.0,0,35.8,True
4.0,1.0,15,5,5,2023,False,250,54,3,1,649.0,2379.0,4,True,True,Design Tools,0,0.0,0,0.0,False
10.0,0.0,13,4,5,2023,False,239,33,4,1,509.0,1399.0,3,False,True,Artificial Intelligence,0,0.0,1,0.0,True
2.0,0.0,22,3,7,2023,False,228,60,3,1,78.0,1356.0,9,False,True,Other,0,0.0,0,0.0,False
203.0,13.0,7,0,5,2026,False,54,57,3,3,3215.0,2744.0,6,True,False,Other,0,0.0,0,260.1,True
528.0,4.0,7,4,5,2026,False,158,27,3,1,811.0,5263.0,6,True,False,Productivity,0,0.0,0,2.5,True
150.0,0.0,7,4,9,2026,True,377,58,3,1,5.0,4135.0,4,True,False,Other,0,0.0,8,0.0,True
489.0,11.0,7,2,7,2026,True,40,32,3,1,3168.0,8769.0,4,False,False,Chrome Extensions,3,228.4,16,54.8,True
93.0,0.0,7,1,5,2024,False,288,30,3,1,5.0,1342.0,6,False,False,Other,0,0.0,0,4.4,True
14.0,0.0,7,0,5,2023,False,218,26,3,1,2037.0,2006.0,2,False,True,Health & Fitness,0,0.0,420,1.0,True
1.0,0.0,14,3,5,2023,True,224,34,1,1,1898.0,1178.0,2,True,True,Other,0,0.0,446,0.3,True
296.0,58.0,0,4,5,2026,True,191,35,3,1,4281.0,12047.0,6,True,False,Marketing,5,410.4,5,410.4,False
15.0,0.0,7,6,3,2023,False,251,39,3,1,3323.0,1033.0,1,False,True,Analytics,0,0.0,2716,0.0,True
177.0,27.0,7,0,6,2026,True,60,60,3,3,2382.0,6591.0,8,False,False,API,0,0.0,0,0.0,False
5.0,1.0,2,5,5,2023,False,127,30,3,1,5.0,660.0,4,False,True,Open Source,0,0.0,0,0.0,False
697.0,23.0,1,4,5,2026,False,260,60,3,1,2780.0,6704.0,4,True,False,Open Source,0,0.0,1,311.1,True
15.0,1.0,4,4,6,2026,False,361,41,3,1,30.0,387.0,7,True,False,iOS,0,0.0,0,0.0,False
813.0,55.0,7,0,7,2023,True,75,24,3,3,5.0,1112.0,5,False,False,Marketing,0,0.0,17,2.4,True
18.0,0.0,9,3,5,2023,False,244,22,1,1,47532.0,1910.0,1,False,True,Productivity,0,0.0,2,7.0,True
123.0,4.0,1,0,6,2023,False,264,41,3,3,1844.0,753.0,6,True,False,Other,0,0.0,0,0.0,True
10.0,2.0,7,0,7,2023,True,270,41,3,3,5.0,1175.0,4,True,True,Writing,0,0.0,23,0.0,True
9.0,0.0,5,4,1,2023,False,134,56,3,1,1109.0,547.0,4,False,False,Design Tools,0,0.0,0,0.0,True
8.0,0.0,10,0,3,2023,False,203,33,3,1,5.0,335.0,4,False,True,Design Tools,0,0.0,1473,0.8,True
78.0,4.0,8,3,7,2023,True,55,28,3,1,2067.0,693.0,6,True,False,Design Tools,0,0.0,16,206.2,True
636.0,37.0,7,4,5,2023,True,63,48,3,3,311.0,4739.0,8,False,False,Productivity,7,0.0,0,2.0,True
13.0,1.0,23,4,7,2023,False,227,50,3,5,410809.0,945.0,2,False,False,Other,0,0.0,2728,198.0733137829912,False
147.0,26.0,7,3,10,2026,True,56,31,3,1,2637.0,18708.0,5,False,False,Hiring,22,0.0,0,0.0,True
144.0,38.0,1,4,5,2026,True,44,45,3,1,5.0,7444.0,6,True,False,Other,0,0.0,0,46.1,True
24.0,0.0,18,3,7,2023,True,262,39,4,1,1733.0,879.0,5,False,True,Other,0,0.0,0,0.0,True
227.0,11.0,7,4,3,2026,True,378,21,3,1,5.0,1558.0,6,False,False,Other,0,0.0,6,2.2,True
28.0,42.0,7,6,5,2023,False,225,42,1,1,5.0,3034.0,4,False,True,Other,0,0.0,0,4.6,True
2.0,4.0,5,1,5,2023,False,246,23,3,1,3999.0,717.0,6,False,True,Fintech,1,0.0,1345,0.0,True
166.0,19.0,7,2,5,2026,True,485,43,3,1,142693.0,11956.0,7,True,False,Other,2,176.4,0,0.0,True
217.0,15.0,7,1,5,2023,True,351,52,3,1,522.0,62.0,6,False,False,Other,0,0.0,13,3.7,True
23.0,4.0,7,5,7,2023,False,250,31,3,0,5.0,4377.0,2,True,True,API,0,0.0,0,4.7,True
282.0,15.0,7,0,3,2026,True,58,46,3,3,879.0,834.0,5,False,False,API,0,0.0,2,3.8,True
109.0,6.0,8,3,1,2023,True,135,38,3,2,9331.0,5531.0,3,False,False,Other,2,115.0,35,479.2857142857143,False
3.0,1.0,7,1,7,2023,True,268,58,3,3,2923.0,1861.0,4,False,False,Productivity,0,0.0,24,2.3,True
294.0,84.0,14,0,12,2022,False,144,52,3,1,3511.0,8878.0,5,True,False,Other,8,274.125,8,274.125,False
364.0,32.0,7,6,5,2026,True,275,60,3,1,1680.0,1848.0,4,False,True,Productivity,0,0.0,33,0.0,True
171.0,53.0,7,0,6,2026,True,66,58,3,1,3050.0,2386.0,6,True,False,Mac,1,74.7,4,174.7,True
266.0,106.0,7,0,7,2026,True,54,50,3,1,3464.0,806.0,7,False,False,Other,0,0.0,29,204.2,True
266.0,8.0,1,4,6,2026,False,56,60,3,1,5.0,17201.0,6,True,False,Productivity,14,0.0,6,0.0,True
103.0,0.0,7,3,7,2023,True,232,46,3,1,5.0,6323.0,8,True,False,Android,0,0.0,178,0.0,True
11.0,0.0,8,3,7,2023,False,227,46,3,1,1659.0,2298.0,0,False,True,Web App,0,1.7,9,0.0,True
710.0,89.0,7,6,7,2026,True,40,60,3,1,182733.0,7041.0,6,True,False,Productivity,9,0.0,30,217.6,True
131.0,3.0,18,3,5,2023,False,239,38,1,1,3050.0,2254.0,2,True,True,Developer Tools,0,0.0,0,0.0,True
81.0,57.0,7,2,7,2026,False,48,17,3,3,5520.0,2371.0,7,False,False,Open Source,8,0.0,0,354.7,True
140.0,0.0,7,3,3,2023,False,227,59,5,1,139977.0,1015.0,1,False,True,Health & Fitness,0,0.0,0,0.0,True
9.0,0.0,12,4,3,2023,False,266,57,3,1,1026.0,2351.0,1,False,True,Artificial Intelligence,0,0.0,13,0.0,True
162.0,33.0,7,2,7,2023,False,74,52,3,1,155.0,4370.0,6,True,False,Other,0,0.9,3,0.0,True
9.0,0.0,15,0,3,2023,False,279,22,3,1,5.0,1758.0,3,False,True,Design Tools,0,1.2,17,1.1,True
447.0,53.0,7,3,7,2026,True,49,27,3,2,101804.0,3104.0,8,True,False,Other,15,0.0,521,313.7,True
154.0,0.0,7,3,7,2023,False,254,44,1,1,5.0,435.0,4,True,False,Other,0,0.0,0,2.3,True
1.0,1.0,7,1,3,2023,False,162,44,3,1,1100.0,4117.0,6,False,True,SaaS,0,1.1,20,1.6,True
123.0,6.0,7,4,1,2023,False,183,57,3,1,1232.0,1877.0,4,False,False,Other,0,0.0,0,0.0,True
11.0,0.0,7,3,7,2024,False,178,53,4,0,1181.0,2971.0,3,True,True,Design Tools,0,0.0,130,0.0,True
607.0,0.0,7,4,6,2026,False,71,34,3,2,2334.0,3619.0,6,True,False,Productivity,2,0.0,22,421.9,True
119.0,25.0,7,3,5,2026,True,265,60,3,1,5.0,2154.0,4,True,False,Android,0,0.0,0,1.4,True
103.0,8.0,21,2,5,2026,True,493,36,3,1,732.0,1251.0,7,False,False,iOS,0,0.0,0,0.0,False
209.0,40.0,7,4,7,2026,False,50,46,3,3,619.0,5241.0,6,True,False,Developer Tools,0,0.0,18,1.9,True
126.0,0.0,7,4,7,2023,True,63,46,3,3,1945.0,971.0,2,False,False,Other,0,0.0,0,0.0,True
28.0,0.0,7,6,7,2023,False,57,55,3,1,120.0,1400.0,4,False,False,Other,0,0.0,0,0.0,True
106.0,2.0,7,4,4,2023,False,231,49,3,1,835.0,3741.0,6,True,True,Chrome Extensions,0,0.0,8,184.9,True
28.0,0.0,7,4,1,2023,False,310,52,3,1,1855.0,10.0,6,False,True,API,0,0.0,0,0.0,True
51.0,80.0,4,1,6,2023,True,239,14,3,1,5.0,631.0,3,True,False,Mac,0,0.0,28,0.5,True
114.0,2.0,8,4,7,2023,True,225,52,1,2,5.0,4816.0,4,False,False,Other,0,0.9,5,0.0,True
83.0,0.0,7,3,5,2024,True,53,37,3,1,5.0,735.0,5,False,True,API,0,0.0,0,1.9,True
127.0,40.0,7,5,3,2023,False,156,40,3,1,5.0,5365.0,4,True,True,Web App,0,0.0,10,2.4,True
8.0,0.0,15,1,4,2023,False,500,51,3,1,936.0,227.0,5,False,False,Web App,0,0.0,18,187.1,True
510.0,61.0,7,2,6,2026,False,76,59,3,1,310828.0,28236.0,9,True,False,API,0,0.0,12,195.4,True
161.0,0.0,7,1,7,2026,False,52,37,3,1,2642.0,3530.0,6,True,False,Open Source,0,0.0,6,2.4,True
582.0,14.0,7,3,6,2023,True,43,60,3,1,5.0,3040.0,3,True,False,Other,9,0.0,15,1.5,True
124.0,27.0,7,4,7,2026,True,40,57,3,3,1241.0,5127.0,4,False,False,Other,0,0.0,1747,0.2,True
125.0,0.0,7,4,3,2023,True,227,31,3,1,6478.0,10.0,6,False,False,Productivity,0,1.2,26,2.1,True
150.0,28.0,7,4,6,2026,True,48,60,1,1,3066.0,879.0,6,True,False,SaaS,0,0.0,0,362.6,True
749.0,6.0,7,3,12,2023,True,249,36,3,1,736.0,1006.0,9,True,False,Design Tools,0,0.0,9,0.0,True
277.0,12.0,7,6,7,2026,True,64,59,3,1,1241.0,20543.0,8,True,False,Other,0,178.8,1,152.2,True
421.0,90.0,7,6,7,2026,True,50,50,3,3,96.0,675.0,7,False,False,API,0,0.0,0,0.0,False
2.0,0.0,14,3,3,2023,True,254,34,4,1,5.0,1793.0,1,False,True,Developer Tools,0,0.0,0,0.0,True
3.0,0.0,17,3,5,2023,False,275,38,2,0,5.0,2834.0,1,False,True,Design Tools,0,0.0,275,0.0,True
126.0,4.0,7,2,7,2026,True,55,43,3,1,44675.0,949.0,6,False,False,Productivity,0,0.0,1416,0.0,True
272.0,13.0,7,3,7,2026,True,51,50,3,1,2457.0,2991.0,6,True,False,Other,8,0.0,8,485.3,True
405.0,165.0,0,3,6,2026,True,66,40,3,3,5209.0,26032.0,8,True,False,Other,12,123.2,18,467.8,True
119.0,3.0,10,0,7,2023,True,399,39,4,1,939.0,618.0,8,False,True,Marketing,0,0.0,0,3.0,True
3.0,1.0,16,0,3,2023,False,245,34,3,1,547.0,1023.0,2,False,True,Fintech,0,0.0,0,0.0,False
3.0,1.0,9,5,1,2023,False,95,49,1,1,43.0,3311.0,4,False,True,Other,0,0.0,0,0.0,False
350.0,86.0,7,3,7,2026,True,57,57,3,3,18.0,2054.0,5,False,False,Other,0,0.0,0,0.0,False
110.0,17.0,7,4,5,2023,True,208,37,1,1,214.0,964.0,4,False,True,Other,0,0.0,0,0.0,False
108.0,65.0,7,6,7,2026,True,52,56,3,3,5.0,1076.0,9,True,False,Productivity,0,0.0,21,1.5,True
1.0,1.0,4,3,7,2023,False,229,60,2,1,5.0,258.0,5,False,True,Design Tools,0,0.4,0,0.0,True
173.0,0.0,7,4,3,2023,True,302,50,1,3,658.0,4678.0,4,False,True,Education,0,0.0,8,0.0,True
224.0,0.0,7,4,7,2026,True,500,48,3,1,250498.0,3003.0,6,False,False,Other,0,0.0,1777,0.0,True
1.0,1.0,9,3,3,2023,False,473,51,3,1,5.0,10.0,3,False,True,Health & Fitness,0,0.0,276,0.0,True
6.0,128.0,7,0,7,2026,True,403,45,3,1,1042.0,369.0,4,False,False,Design Tools,0,0.0,915,200.0,True
3.0,0.0,11,4,5,2023,False,236,44,2,1,139.0,2407.0,2,False,True,Android,0,0.4,0,1.5,True
2.0,1.0,4,3,7,2023,False,38,24,3,1,372.0,1501.0,3,False,True,Design Tools,0,0.0,0,0.0,False
463.0,96.0,7,6,7,2023,False,240,23,3,1,5.0,5574.0,6,False,True,Productivity,0,0.0,2,0.0,True
446.0,58.0,1,4,7,2026,True,500,27,3,2,1105.0,15381.0,8,True,False,Design Tools,0,121.7,20,3.0,True
71.0,1.0,20,3,1,2023,True,229,51,3,1,207.0,435.0,3,True,True,Productivity,0,0.0,0,0.0,False
713.0,43.0,7,2,5,2026,True,59,56,3,3,1921.0,3850.0,6,True,False,Design Tools,0,228.6,0,265.3,True
236.0,15.0,1,2,7,2026,True,204,52,3,1,5.0,186.0,3,True,False,Writing,0,0.0,6,3.5,True
102.0,0.0,13,3,7,2023,False,320,44,4,1,5.0,355.0,6,False,True,Developer Tools,0,0.0,0,188.7,True
150.0,27.0,0,3,6,2026,False,283,56,3,1,1636.0,1085.0,2,False,False,Developer Tools,0,0.0,0,0.0,False
91.0,9.0,7,4,7,2023,True,175,59,3,1,5.0,2148.0,4,False,True,Marketing,0,0.0,0,0.0,True
128.0,12.0,7,4,7,2026,False,308,42,3,1,2704.0,2731.0,6,True,False,Fintech,0,0.0,0,201.1,True
158.0,4.0,7,3,7,2026,True,33,38,3,1,2018.0,624.0,8,True,False,Mac,0,0.0,12,1.8,True
7.0,0.0,10,5,3,2023,True,241,31,3,1,5.0,805.0,3,False,True,Analytics,0,0.0,14,1.5,True
138.0,1.0,7,3,3,2023,False,241,43,2,1,5.0,894.0,6,False,True,Android,0,0.0,0,0.0,True
6.0,0.0,16,6,3,2023,True,232,56,4,1,2237.0,2172.0,4,False,True,Design Tools,0,1.9,32,2.2,True
389.0,56.0,2,3,4,2026,False,324,58,3,1,7045.0,16299.0,5,True,False,Other,15,465.8,15,465.8,False
14.0,1.0,12,3,7,2023,False,146,39,2,0,2692.0,1147.0,1,False,True,Chrome Extensions,0,0.0,0,0.0,True
1.0,0.0,17,4,3,2023,False,260,59,2,0,5.0,2589.0,1,True,True,Android,0,0.0,891,0.4,True
134.0,33.0,7,3,7,2026,False,46,46,3,2,12.0,1428.0,5,False,True,Other,0,0.0,0,0.0,False
258.0,22.0,1,2,11,2026,True,50,59,3,1,1278.0,2009.0,8,False,False,Productivity,0,116.7,0,298.9,True
21.0,0.0,17,3,3,2023,False,250,27,4,1,5.0,4568.0,3,True,True,Hiring,0,1.9,343,0.0,True
123.0,5.0,7,6,5,2026,True,200,30,3,1,2319.0,1415.0,6,True,False,Other,0,0.0,15,6.2,True
92.0,14.0,7,1,3,2023,True,214,25,2,1,250.0,190.0,2,False,True,Artificial Intelligence,0,0.0,0,0.0,False
1.0,1.0,7,3,5,2023,True,282,47,2,1,5.0,1558.0,4,True,True,Other,0,0.0,9,0.0,True
105.0,94.0,1,1,7,2026,True,65,59,3,1,63774.0,10.0,9,False,False,Mac,0,0.0,0,160.5,True
1.0,1.0,12,3,7,2023,False,100,41,3,0,101.0,3106.0,2,False,False,Productivity,0,0.0,0,0.0,False
102.0,11.0,7,6,7,2026,True,68,24,3,1,5895.0,813.0,9,False,False,Open Source,0,0.0,19,1.0,True
115.0,18.0,4,6,5,2026,True,492,44,3,1,137.0,334.0,5,True,False,Health & Fitness,0,0.0,0,0.0,False
203.0,44.0,7,2,5,2026,True,40,60,3,1,5.0,8394.0,7,True,False,Productivity,0,0.0,6,41.0,True
261.0,9.0,7,2,5,2023,True,57,42,3,1,5.0,30439.0,4,True,False,Productivity,2,0.0,18,0.0,True
1.0,0.0,13,5,3,2023,False,230,46,1,1,5.0,1789.0,3,True,True,Design Tools,0,0.0,37,1.3,True
75.0,0.0,7,0,3,2023,False,104,25,3,1,137315.0,4756.0,2,True,True,Developer Tools,0,0.0,327,0.0,True
121.0,5.0,7,5,5,2024,True,205,55,1,1,300954.0,8113.0,5,True,False,API,0,2.1,13,2.1,True
200.0,4.0,7,3,6,2023,True,68,58,3,1,5.0,2706.0,3,False,False,Productivity,0,0.0,4,2.5,True
3.0,1.0,0,1,3,2023,False,192,19,3,1,237.0,6473.0,5,True,True,Android,0,0.0,0,0.0,False
19.0,0.0,7,3,7,2023,False,244,57,2,1,5.0,583.0,5,True,True,Analytics,0,0.1,1,0.0,True
12.0,3.0,7,6,6,2026,False,56,56,3,2,146.0,386.0,8,False,False,Other,0,0.0,0,0.0,False
64.0,0.0,7,1,5,2023,True,36,60,4,1,46069.0,1559.0,2,False,False,Design Tools,0,0.0,0,0.0,True
8.0,0.0,16,4,5,2023,True,193,54,4,1,218.0,710.0,5,False,True,Android,0,0.0,0,0.0,False
151.0,0.0,7,1,7,2023,True,380,50,3,1,1306.0,558.0,4,False,False,iOS,0,0.0,25,1.0,True
267.0,102.0,7,6,10,2026,True,62,59,3,3,53171.0,15188.0,6,True,False,Productivity,0,0.0,0,214.4,True
218.0,67.0,7,6,6,2026,True,342,46,3,2,122.0,3179.0,6,True,False,Productivity,0,4.4,3,372.3,True
182.0,50.0,7,2,6,2026,True,56,55,3,3,2503.0,387.0,6,True,False,Productivity,0,1.1,3789,179.4,True
14.0,0.0,7,5,7,2026,True,267,30,3,1,5.0,301.0,4,False,False,Other,0,0.0,0,221.9,True
147.0,2.0,21,4,5,2023,False,237,42,3,1,3878.0,1750.0,6,True,False,Design Tools,0,0.0,1,2.7,True
97.0,26.0,8,4,5,2026,True,488,52,3,1,596.0,6991.0,8,True,False,Other,0,111.6,0,378.3,True
89.0,76.0,7,4,8,2026,True,299,42,3,1,6180.0,890.0,8,True,False,Design Tools,0,0.0,17,369.3,True
8.0,4.0,7,6,7,2026,False,41,41,3,3,418.0,1517.0,6,False,False,Other,0,0.0,0,0.0,False
2.0,0.0,16,4,7,2023,False,179,24,3,1,462.0,527.0,3,False,True,Fintech,0,0.0,0,0.0,False
12.0,1.0,3,4,1,2023,False,115,21,3,2,15430.0,416.0,1,False,False,Developer Tools,0,0.0,82,285.5121951219512,False
13.0,1.0,2,3,3,2023,False,239,44,1,0,2591.0,2568.0,2,False,True,Marketing,0,0.0,16,1.6,True
134.0,34.0,7,0,5,2026,True,53,44,3,3,5.0,845.0,6,True,False,Design Tools,0,0.0,7,0.0,True
676.0,64.0,0,0,7,2026,True,34,46,3,3,2965.0,14622.0,6,True,False,Other,0,0.0,19,336.3,True
444.0,64.0,1,1,10,2023,True,244,41,3,1,271.0,395.0,3,True,False,Open Source,0,0.0,0,0.0,False
6.0,18.0,7,6,3,2023,False,272,22,1,1,69022.0,3993.0,7,False,False,Other,0,0.0,0,224.8,True
176.0,0.0,0,3,6,2026,True,54,60,3,1,1449.0,10182.0,6,True,False,Productivity,0,171.1,34,0.0,True
262.0,36.0,7,4,6,2026,True,61,50,3,1,1633.0,3106.0,5,True,False,Productivity,0,1.1,36,211.3,True
63.0,3.0,12,5,5,2023,True,227,32,3,0,63.0,2917.0,11,True,False,Artificial Intelligence,2,4.5,0,0.0,False
230.0,65.0,7,4,7,2026,True,50,29,1,1,663.0,5036.0,6,False,False,Other,0,1.8,12,0.0,True
2.0,1.0,10,3,7,2023,False,188,59,3,1,605.0,1095.0,4,False,True,Productivity,2,3.5,2,3.5,False
396.0,5.0,7,4,5,2026,False,72,53,3,1,1583.0,176.0,7,True,False,Artificial Intelligence,0,119.2,16,0.0,True
16.0,40.0,7,4,5,2023,True,254,27,1,1,5.0,1160.0,4,False,False,Mac,0,0.0,0,1.5,True
102.0,12.0,7,4,7,2023,True,39,60,3,1,5.0,863.0,4,False,False,Open Source,0,0.0,0,222.9,True
127.0,44.0,7,5,6,2023,True,287,32,3,1,3554.0,4390.0,6,True,False,Analytics,0,0.0,17,1.0,True
369.0,0.0,7,4,7,2023,True,344,59,3,1,27713.0,3246.0,3,True,True,Other,0,0.0,1337,0.0,True
150.0,35.0,7,3,7,2023,True,257,57,3,4,247935.0,344.0,3,False,False,Productivity,0,0.0,1635,217.451376146789,False
98.0,0.0,11,6,5,2023,True,262,34,3,1,3633.0,2396.0,2,False,True,Productivity,0,0.0,0,0.9,True
144.0,60.0,7,1,6,2023,True,447,35,3,1,371.0,2633.0,5,True,False,Design Tools,0,0.0,18,164.4,True
199.0,49.0,7,3,7,2026,True,64,59,3,3,5.0,4709.0,6,True,False,Design Tools,7,0.0,2,340.1,True
144.0,8.0,7,4,7,2026,True,187,41,3,1,1223.0,2057.0,5,True,False,Email,0,0.0,109,1.1,True
129.0,169.0,7,6,7,2023,False,42,41,3,2,3132.0,11196.0,8,True,False,API,0,0.0,1314,4.4,True
135.0,0.0,7,4,5,2026,True,322,34,3,1,5.0,572.0,5,False,False,Hiring,0,0.0,0,0.0,True
1.0,3.0,7,4,3,2023,True,233,55,3,1,872.0,1374.0,2,False,True,Design Tools,0,0.0,326,0.0,True
247.0,17.0,7,3,7,2026,True,357,32,3,4,5.0,11441.0,9,True,False,Health & Fitness,45,0.0,0,0.0,True
22.0,0.0,20,0,5,2023,False,315,26,3,1,5.0,6012.0,4,True,True,Other,0,0.0,2,194.6,True
12.0,1.0,7,5,1,2023,False,254,37,2,1,63585.0,2259.0,1,False,True,Other,0,0.0,0,0.3,True
30.0,11.0,7,6,6,2026,True,48,48,3,1,43.0,7908.0,8,True,False,Other,0,0.0,0,0.0,False
120.0,10.0,7,4,6,2026,False,44,44,3,2,132.0,4950.0,4,False,True,Developer Tools,0,0.0,0,0.0,False
124.0,6.0,7,4,7,2023,False,416,51,3,3,3365.0,966.0,6,True,False,Mac,0,2.4,3,0.0,True
575.0,179.0,7,2,7,2025,True,71,59,3,1,173712.0,743.0,7,True,False,Artificial Intelligence,0,0.0,0,0.0,True
17.0,1.0,7,0,3,2023,False,233,31,3,0,5.0,651.0,4,False,True,Design Tools,0,0.0,13,2.6,True
124.0,2.0,7,6,7,2023,True,60,58,3,1,788.0,503.0,5,False,False,Productivity,0,0.0,0,0.0,True
171.0,1.0,7,4,7,2023,True,242,47,2,1,224962.0,877.0,4,False,False,Other,0,0.0,0,0.0,True
117.0,3.0,7,3,5,2026,True,37,32,3,1,5.0,5285.0,4,True,False,Other,0,0.0,0,3.8,True
268.0,12.0,7,4,7,2026,True,62,56,3,3,5.0,11142.0,6,True,False,Other,0,0.0,16,0.1,True
79.0,2.0,21,1,7,2023,False,252,30,2,2,385.0,4317.0,5,False,False,Productivity,0,0.0,0,0.0,True
2.0,1.0,5,4,7,2023,False,247,58,1,1,256.0,1026.0,2,False,True,SaaS,0,0.0,0,0.0,False
14.0,7.0,7,5,7,2026,True,44,44,3,1,190.0,194.0,4,False,False,Other,0,0.0,0,0.0,False
5.0,1.0,6,4,5,2026,False,239,38,3,1,212818.0,125.0,3,False,True,Web App,0,0.0,19,0.0,True
165.0,51.0,7,4,5,2023,True,250,27,4,1,39.0,207.0,4,True,False,Design Tools,0,0.0,0,0.0,False
23.0,15.0,7,1,3,2023,False,173,53,3,1,49854.0,824.0,6,False,True,Productivity,0,0.0,1,3.0,True
205.0,38.0,7,2,7,2026,True,46,57,3,0,5.0,14238.0,7,True,False,Other,0,0.0,11,3.1,True
8.0,0.0,7,3,5,2023,True,247,50,3,3,1679.0,1369.0,6,False,True,SaaS,0,0.0,0,0.2,True
18.0,0.0,7,3,5,2023,False,247,34,2,1,608.0,1449.0,3,False,True,Other,0,0.0,0,0.0,True
11.0,0.0,7,4,5,2023,False,268,56,4,1,131.0,2044.0,1,False,True,Other,0,0.0,0,0.4,True
115.0,18.0,7,3,7,2026,True,272,24,1,1,5.0,4477.0,5,True,False,Productivity,0,37.8,3,372.1,True
8.0,1.0,9,5,5,2023,False,237,48,3,3,3223.0,1818.0,1,False,True,Other,0,0.0,5,2.2,True
76.0,148.0,0,6,7,2026,False,209,40,3,1,358278.0,938.0,8,True,False,Analytics,0,0.0,13,2.7,True
10.0,0.0,7,4,7,2023,False,187,46,3,0,3797.0,2095.0,5,False,True,Productivity,0,0.0,0,0.0,True
241.0,16.0,7,2,7,2023,True,72,36,3,3,66987.0,32012.0,5,False,False,Health & Fitness,4,0.0,0,0.5,True
186.0,0.0,7,5,5,2026,True,35,36,3,1,2320.0,679.0,4,False,False,Mac,0,0.0,8,442.5,True
7.0,0.0,9,5,5,2023,False,280,57,3,1,362.0,723.0,1,False,True,Other,0,0.0,0,0.0,True
125.0,3.0,7,4,7,2023,True,236,25,3,1,635.0,1279.0,8,False,False,iOS,0,1.7,0,0.0,True
173.0,13.0,7,3,7,2023,True,251,50,3,3,5.0,2073.0,6,False,False,Productivity,0,0.0,1313,0.0,True
107.0,16.0,0,4,6,2026,True,448,41,3,1,19.0,2648.0,6,True,False,Chrome Extensions,0,0.0,0,0.0,False
4.0,1.0,8,5,1,2023,False,151,46,3,1,192.0,3148.0,3,False,True,Design Tools,0,0.0,0,0.0,False
1.0,1.0,5,5,7,2023,True,263,42,1,1,2539.0,1159.0,2,False,True,Other,0,0.0,0,0.0,True
87.0,0.0,7,4,3,2023,True,267,26,5,1,85.0,5558.0,3,False,False,Developer Tools,0,0.0,250,0.0,True
1.0,1.0,3,4,3,2023,False,225,49,3,3,648.0,2903.0,1,True,True,API,0,0.0,5,0.0,True
150.0,5.0,7,4,7,2023,True,234,50,5,1,5.0,109.0,6,False,False,Other,0,0.0,1896,0.0,True
74.0,2.0,15,5,5,2023,False,253,49,3,1,415048.0,568.0,3,False,False,Android,0,2.2,12,2.4,True
17.0,0.0,10,3,5,2023,True,263,44,3,1,5.0,978.0,2,False,True,Other,0,0.0,4,1.4,True
136.0,0.0,0,4,5,2024,False,86,35,3,3,5.0,2341.0,4,True,False,API,0,0.0,0,3.6,True
214.0,0.0,7,6,7,2023,False,199,42,3,3,126018.0,1979.0,3,False,True,Other,0,0.0,14,4.2,True
16.0,2.0,4,3,3,2023,False,243,55,2,1,2764.0,755.0,6,False,True,Productivity,0,0.0,5,0.0,True
134.0,0.0,7,4,7,2024,True,418,48,3,1,5.0,822.0,6,True,True,Other,0,0.0,4,0.2,True
217.0,39.0,10,1,7,2023,True,79,25,3,3,5.0,1226.0,4,False,False,Productivity,0,0.0,10,2.1,True
108.0,3.0,7,4,7,2023,True,64,5,3,1,5.0,2034.0,4,True,True,Design Tools,0,0.0,79,0.0,True
362.0,12.0,7,3,7,2026,True,500,53,3,3,5455.0,534.0,4,True,False,Other,4,0.0,20,4.7,True
3.0,1.0,23,4,1,2023,False,144,46,3,0,568.0,838.0,3,False,False,Health & Fitness,0,0.0,0,0.0,False
130.0,4.0,0,5,6,2026,True,155,53,3,1,318.0,1933.0,3,False,False,Artificial Intelligence,0,0.0,0,0.0,False
966.0,4.0,7,4,5,2026,True,56,50,3,1,5.0,4168.0,6,False,False,Design Tools,0,0.8,21,1.8,True
122.0,15.0,0,0,6,2026,True,171,55,3,1,688.0,1162.0,3,False,False,Other,0,0.0,0,0.0,False
12.0,5.0,7,1,7,2023,True,159,24,1,5,805.0,10.0,4,False,True,Health & Fitness,0,1.3,0,1.1,True
67.0,2.0,10,3,7,2023,True,253,44,3,1,5.0,2413.0,4,False,True,Other,0,0.0,0,0.0,False
89.0,6.0,7,1,5,2023,True,157,40,3,3,4058.0,104.0,6,False,False,Other,0,0.0,8,0.0,True
196.0,10.0,7,1,7,2026,True,49,54,3,1,5.0,992.0,4,False,False,API,0,0.0,0,0.0,True
137.0,8.0,7,5,5,2023,True,255,58,3,1,214.0,7423.0,3,False,False,Open Source,7,206.0,0,0.0,False
115.0,0.0,7,3,5,2023,False,50,58,4,1,5.0,1486.0,5,False,False,Android,0,0.3,7,4.3,True
103.0,157.0,7,0,7,2023,True,490,25,3,10,5.0,767.0,4,True,True,API,0,0.0,23,0.0,True
147.0,41.0,7,3,7,2026,False,59,59,3,2,5.0,547.0,7,True,False,Developer Tools,0,0.0,0,0.0,False
1.0,0.0,8,4,5,2023,False,171,46,3,1,2724.0,1093.0,9,False,True,Productivity,0,1.4,29,2.3,True
114.0,9.0,7,0,7,2023,False,52,37,3,1,2869.0,434.0,5,False,False,Fintech,0,0.0,3,0.0,True
51.0,65.0,7,1,6,2023,False,247,55,2,1,218574.0,28.0,4,False,False,Other,0,0.0,15,1.6,True
94.0,0.0,7,4,7,2026,True,425,30,3,1,1648.0,452.0,8,False,False,Other,0,0.0,876,0.7,True
225.0,52.0,7,0,7,2026,False,46,37,3,1,2372.0,11240.0,7,True,False,Other,0,0.0,15,220.1,True
285.0,116.0,7,4,7,2026,False,47,41,3,1,5.0,2192.0,6,False,False,Other,0,0.0,2,2.7,True
127.0,1.0,3,3,3,2023,True,68,20,5,1,5.0,659.0,1,False,True,Android,0,0.0,0,0.0,True
11.0,0.0,17,4,7,2023,False,282,36,3,1,5.0,3399.0,2,False,True,Design Tools,0,2.2,815,0.0,True
19.0,0.0,16,3,7,2023,False,229,50,2,1,5.0,824.0,1,True,False,Analytics,0,0.0,2,0.5,True
173.0,127.0,1,1,7,2026,False,53,47,3,1,570065.0,5069.0,5,True,False,Other,0,121.8,7,0.2,True
340.0,79.0,7,2,7,2026,True,32,32,3,2,126.0,3481.0,6,True,False,Design Tools,0,0.0,0,0.0,False
785.0,123.0,13,1,5,2023,False,231,38,3,1,27022.0,1726.0,9,False,False,SaaS,0,0.0,1590,5.0,True
64.0,0.0,7,1,5,2023,False,260,27,3,1,152029.0,2628.0,3,False,True,API,0,3.0,5,0.0,True
6.0,0.0,8,3,5,2023,False,221,47,1,1,5.0,4690.0,3,False,True,Artificial Intelligence,0,0.0,0,0.0,True
124.0,3.0,7,5,7,2023,False,257,60,3,1,5.0,744.0,4,False,True,Writing,0,1.4,702,210.6,True
11.0,0.0,16,0,7,2023,True,222,27,1,1,5.0,1157.0,2,True,True,Developer Tools,0,0.0,4,183.7,True
84.0,4.0,7,4,5,2023,False,212,32,3,1,1921.0,10.0,0,True,False,Artificial Intelligence,0,2.7,0,207.5,True
223.0,60.0,7,5,5,2023,True,163,50,3,3,129380.0,493.0,4,False,False,Other,0,0.0,852,186.33098591549296,False
226.0,56.0,7,6,6,2026,True,60,49,3,1,5.0,12720.0,6,True,False,Mac,7,0.0,22,216.8,True
22.0,0.0,16,4,7,2023,False,229,60,3,1,5.0,3030.0,5,True,True,Other,0,0.0,4,191.7,True
5.0,3.0,8,4,5,2023,False,123,18,3,1,51.0,1483.0,7,False,True,Other,0,0.0,0,0.0,False
15.0,2.0,14,4,5,2023,False,236,26,3,1,5288.0,1993.0,8,False,True,Productivity,0,0.0,30,0.0,True
9.0,0.0,8,3,1,2023,True,250,32,2,1,5.0,1468.0,2,True,True,Health & Fitness,0,3.9,19,2.1,True
460.0,115.0,7,6,7,2023,True,418,31,3,1,1844.0,688.0,5,True,False,Other,6,0.0,0,265.1,True
98.0,3.0,0,3,7,2023,True,255,37,3,1,325714.0,1763.0,5,False,False,Design Tools,0,0.0,7,5.2,True
21.0,0.0,7,3,3,2023,True,231,43,1,1,710.0,814.0,2,False,True,Design Tools,0,0.0,5,3.5,True
577.0,189.0,7,2,7,2026,True,246,54,3,1,778.0,298.0,6,True,False,Productivity,0,0.0,0,0.0,True
1.0,0.0,14,5,7,2023,False,150,27,1,0,5.0,1164.0,3,False,True,Android,0,0.0,0,3.1,True
132.0,18.0,7,2,7,2026,False,44,44,3,3,1287.0,659.0,7,False,True,API,0,0.0,0,0.0,False
4.0,0.0,7,4,5,2023,False,233,38,3,1,1414.0,1262.0,3,False,True,Productivity,0,0.0,436,0.0,True
73.0,7.0,7,1,5,2023,False,270,36,3,1,5.0,2814.0,4,False,False,Web App,0,0.0,0,0.0,True
2.0,1.0,7,5,1,2023,False,207,21,2,1,238.0,1266.0,1,False,True,Other,0,0.0,0,0.0,False
4.0,1.0,7,3,7,2023,False,217,60,3,1,5.0,205.0,11,False,True,Other,0,0.2,0,0.4,True
662.0,48.0,1,6,6,2026,True,232,22,3,1,5221.0,353.0,8,False,False,Other,0,0.0,4,4.7,True
105.0,63.0,7,6,9,2026,True,45,38,3,1,877.0,2504.0,5,True,False,SaaS,10,0.0,9,4.3,True
72.0,40.0,7,0,6,2026,False,68,41,3,1,5.0,14919.0,7,True,False,Marketing,4,0.0,5,0.8,True
111.0,24.0,7,0,7,2026,True,22,55,3,3,5.0,2879.0,7,False,False,Other,0,0.0,37,1.8,True
14.0,0.0,7,0,5,2023,True,253,49,5,17,5.0,824.0,4,True,False,Artificial Intelligence,0,0.0,0,0.0,True
226.0,18.0,7,5,7,2026,True,410,54,3,1,1251.0,1024.0,5,False,False,Mac,0,0.0,0,0.0,True
121.0,74.0,7,2,7,2026,True,39,47,3,2,3161.0,267.0,7,False,False,Productivity,0,0.0,0,2.1,True
4.0,1.0,7,3,7,2023,False,262,56,3,2,5.0,348.0,3,False,True,Open Source,0,0.0,4,2.9,True
1.0,0.0,7,5,7,2023,True,238,54,3,1,1403.0,1582.0,1,True,True,SaaS,0,0.0,1183,1.4,True
239.0,4.0,7,4,7,2026,False,54,43,3,1,3664.0,1911.0,6,False,False,Open Source,0,0.0,0,0.0,True
102.0,29.0,7,6,6,2026,True,52,57,3,3,221906.0,971.0,6,True,False,Other,0,0.0,608,456.4,True
237.0,74.0,0,6,5,2026,False,50,31,3,1,5.0,5041.0,7,True,False,Productivity,0,0.0,9,0.0,True
235.0,84.0,7,0,6,2026,True,77,29,3,3,2420.0,21517.0,8,False,False,Productivity,0,0.0,13,224.1,True
195.0,0.0,7,4,7,2026,True,40,57,3,1,5.0,874.0,4,True,False,Health & Fitness,0,0.0,0,0.0,True
210.0,68.0,7,2,7,2026,False,451,27,3,1,477.0,681.0,7,False,False,Other,0,0.0,0,0.7,True
143.0,50.0,7,6,1,2023,True,67,56,3,1,809.0,228.0,5,True,False,API,1,0.0,0,4.2,True
126.0,22.0,7,4,7,2026,True,56,58,3,3,2113.0,2206.0,7,False,False,Open Source,0,0.0,894,179.2,True
80.0,2.0,7,1,3,2023,True,254,38,3,1,490.0,1317.0,3,False,True,Mac,0,0.0,0,0.0,False
154.0,0.0,7,6,5,2026,True,364,30,3,1,1099.0,4320.0,6,True,False,API,0,0.0,0,0.3,True
9.0,83.0,12,1,3,2023,True,61,44,4,2,2227.0,1046.0,7,False,False,Marketing,0,0.0,16,3.3,True
211.0,18.0,1,4,6,2026,False,56,60,3,1,5.0,6457.0,6,True,False,Productivity,1,0.0,1046,312.8,True
148.0,0.0,7,6,3,2023,False,234,60,2,1,5.0,2550.0,6,True,True,Productivity,0,0.0,8,0.0,True
134.0,8.0,16,2,10,2019,False,179,33,3,1,251.0,3017.0,4,False,False,Productivity,0,0.0,0,0.0,False
26.0,74.0,7,2,10,2023,False,37,22,3,1,2624.0,5655.0,6,True,False,Productivity,0,0.0,9,3.6,True
14.0,0.0,18,4,5,2023,True,244,52,4,1,223.0,3790.0,6,False,True,Other,0,1.0,8,1.7,True
139.0,0.0,8,3,3,2023,False,218,50,4,1,2097.0,1696.0,6,False,True,Other,0,0.9,1197,0.0,True
118.0,3.0,15,4,7,2023,False,225,44,3,1,792.0,33485.0,1,False,False,Other,0,1.6,221,4.8,True
1.0,2.0,8,3,7,2023,False,302,37,3,0,2806.0,2842.0,1,False,True,Design Tools,0,0.0,0,0.0,True
93.0,70.0,7,4,3,2023,True,157,48,3,1,5.0,508.0,6,False,False,Marketing,0,0.2,425,3.1,True
18.0,1.0,7,0,5,2023,False,263,28,1,1,78409.0,4792.0,2,True,True,Marketing,0,0.0,0,0.0,True
135.0,11.0,7,2,5,2026,True,32,60,3,1,1493.0,12220.0,7,False,False,Productivity,0,0.0,10,203.7,True
136.0,0.0,7,2,7,2026,True,144,34,3,1,5.0,8956.0,8,True,False,Web App,0,0.0,11,0.0,True
29.0,0.0,17,1,7,2023,False,275,59,3,1,2130.0,1819.0,4,False,True,Design Tools,0,1.1,12,0.0,True
26.0,17.0,7,4,7,2026,False,49,49,3,2,376.0,129.0,5,False,True,Other,0,0.0,0,0.0,False
8.0,3.0,7,4,5,2023,True,245,50,3,1,264.0,272.0,3,False,True,Other,0,1.9,187,0.0,True
2.0,5.0,7,0,7,2023,True,117,30,2,1,75696.0,405.0,4,False,False,Other,0,0.0,1504,0.0,True
137.0,146.0,9,2,7,2026,True,250,25,3,1,1131.0,16269.0,6,False,False,Design Tools,0,0.0,0,0.0,True
82.0,8.0,7,4,7,2023,True,257,51,2,1,109.0,6593.0,5,False,True,Writing,0,0.0,0,0.0,False
109.0,10.0,0,4,6,2026,True,195,47,3,1,58.0,1541.0,4,False,False,Mac,0,0.0,0,0.0,False
15.0,0.0,7,4,7,2023,False,233,51,2,0,8414.0,2817.0,2,False,True,Other,0,0.0,0,0.0,True
3.0,1.0,15,4,7,2023,False,247,54,3,2,103393.0,176.0,2,True,False,Web App,0,0.0,678,199.16666666666663,False
106.0,17.0,0,1,7,2026,True,166,31,3,1,195.0,260.0,5,False,False,Mac,0,0.0,0,0.0,False
514.0,142.0,7,2,11,2026,True,68,31,3,3,251990.0,24208.0,5,True,False,Productivity,0,0.0,8,285.1,True
7.0,1.0,4,5,7,2023,False,222,57,3,1,723.0,3659.0,1,False,True,Marketing,0,0.0,217,2.3,True
5.0,0.0,9,3,3,2023,False,247,24,2,0,5.0,4460.0,1,False,True,Artificial Intelligence,0,0.0,0,0.0,True
129.0,2.0,7,0,7,2026,True,242,28,3,1,284.0,233.0,4,True,False,Open Source,0,25.1,0,1.7,True
234.0,19.0,7,4,6,2026,True,68,56,3,1,6566.0,18094.0,4,True,False,Productivity,1,204.2,19,201.8,True
333.0,25.0,7,3,5,2023,True,53,29,3,1,5.0,2478.0,6,True,False,Other,0,0.0,1,0.0,True
1.0,0.0,4,6,7,2023,True,267,43,3,7,5.0,944.0,5,True,True,Other,0,0.0,2,4.8,True
87.0,1.0,7,4,7,2023,False,67,43,3,3,1298.0,2718.0,6,False,False,Other,0,0.0,0,2.8,True
107.0,26.0,7,1,7,2023,True,40,57,3,1,443464.0,2170.0,5,True,False,Analytics,1,1.0,13,194.3,True
13.0,0.0,15,4,1,2023,True,184,25,1,0,30.0,1665.0,3,False,True,Productivity,0,0.0,0,0.0,True
164.0,15.0,7,2,5,2026,True,286,32,3,1,19791.0,880.0,7,True,False,SaaS,0,0.0,0,0.2,True
98.0,7.0,8,6,5,2023,True,103,44,3,0,882.0,1174.0,3,False,False,Marketing,0,0.0,0,0.0,False
332.0,13.0,0,2,5,2026,True,52,34,3,2,3714.0,2384.0,5,True,False,API,0,0.0,8,6.2,True
95.0,119.0,7,1,7,2023,True,41,34,3,1,1511.0,3694.0,4,False,False,Design Tools,0,1.2,3,0.0,True
153.0,11.0,7,1,6,2026,True,38,38,2,2,1438.0,221.0,6,False,False,Other,0,0.0,0,0.0,False
195.0,66.0,7,1,7,2023,False,47,33,3,2,64748.0,1819.0,7,False,False,Other,0,0.0,0,183.7,True
155.0,49.0,7,3,7,2026,True,66,37,3,1,5.0,87.0,6,False,False,Other,0,0.0,0,0.2,True
15.0,1.0,12,6,7,2023,True,252,34,2,1,690.0,1039.0,2,False,True,Other,0,0.0,23,5.5,True
191.0,31.0,7,0,5,2024,False,255,46,3,0,5.0,887.0,0,True,False,Design Tools,0,0.0,0,1.9,True
16.0,0.0,13,3,7,2023,False,217,37,4,1,5.0,1516.0,1,False,True,Design Tools,0,0.0,11,0.8,True
297.0,4.0,16,6,7,2023,True,395,40,3,0,3503.0,752.0,6,False,True,Other,0,0.0,0,0.0,True
19.0,0.0,11,5,5,2023,False,181,51,1,1,5.0,1925.0,3,False,True,Other,0,0.0,23,5.4,True
88.0,52.0,0,4,7,2026,True,387,60,3,3,5.0,7853.0,8,True,False,Artificial Intelligence,1,0.0,6,0.1,True
345.0,47.0,14,3,3,2024,False,152,51,3,1,161.0,1573.0,5,False,False,Productivity,0,0.0,0,0.0,False
381.0,111.0,1,2,6,2026,False,69,25,3,1,1698.0,1209.0,6,True,False,Productivity,0,3.0,1,0.0,True
135.0,20.0,7,2,7,2023,True,297,51,3,1,721.0,1036.0,4,False,False,Mac,0,0.0,0,262.8,True
1.0,0.0,6,3,3,2023,False,248,48,2,0,4387.0,117.0,1,False,True,Other,0,0.0,300,1.9,True
154.0,1.0,7,0,7,2023,True,155,47,3,1,5.0,6338.0,6,False,False,Other,0,0.0,0,0.0,True
8.0,0.0,7,4,3,2023,True,242,27,1,1,5.0,1985.0,1,False,True,Other,0,0.0,0,1.5,True
89.0,0.0,5,3,5,2023,False,276,60,1,1,2596.0,2441.0,6,True,True,Design Tools,0,0.0,0,4.0,True
8.0,0.0,7,4,5,2023,False,217,36,5,3,5.0,1658.0,3,True,True,Other,0,0.0,3,2.6,True
170.0,65.0,7,2,5,2023,True,229,41,3,0,129366.0,4751.0,9,False,False,Other,0,0.0,1110,1.2,True
1.0,0.0,7,3,5,2023,True,267,36,3,1,5.0,517.0,1,False,True,Marketing,0,0.0,4,2.4,True
14.0,3.0,7,0,5,2023,False,211,31,2,1,5.0,2946.0,2,False,False,Other,0,0.0,854,1.3,True
28.0,12.0,7,6,6,2026,False,39,39,2,2,138.0,8569.0,5,False,False,Other,0,0.0,0,0.0,False
88.0,10.0,7,4,5,2023,True,246,45,4,1,328.0,60.0,3,False,True,Health & Fitness,0,0.0,0,0.0,False
136.0,0.0,7,4,5,2026,False,257,60,3,1,2633.0,2445.0,4,False,False,API,0,0.0,0,0.0,True
233.0,50.0,0,1,6,2026,True,52,48,3,1,4364.0,1562.0,6,False,False,API,0,0.1,3,47.1,True
10.0,0.0,4,0,7,2023,True,172,36,3,1,716.0,3195.0,2,False,True,Design Tools,0,0.0,1614,0.5,True
99.0,8.0,7,0,3,2023,True,258,25,3,1,9.0,853.0,3,False,True,Chrome Extensions,0,0.0,0,0.0,False
245.0,18.0,7,4,7,2026,True,55,39,3,1,3727.0,13712.0,5,True,False,Design Tools,0,0.0,3,0.0,True
1.0,11.0,7,6,5,2023,False,269,60,3,3,5119.0,747.0,5,False,False,Developer Tools,0,0.0,0,1.9,True
1.0,19.0,7,6,7,2023,False,147,35,3,1,2165.0,17632.0,7,False,False,Developer Tools,0,0.0,0,0.0,True
27.0,0.0,7,4,7,2023,False,60,59,3,3,5.0,2094.0,6,True,False,API,0,0.0,0,0.0,True
175.0,0.0,7,1,7,2026,True,79,39,3,1,19.0,2669.0,6,False,False,Productivity,0,0.0,1,0.0,True
18.0,2.0,5,6,7,2023,False,257,57,3,1,994.0,2462.0,3,False,False,Design Tools,0,0.0,0,0.0,True
246.0,83.0,7,4,7,2026,True,261,55,3,1,1766.0,1369.0,8,True,False,Productivity,0,0.0,0,0.9,True
10.0,5.0,8,3,1,2023,False,250,37,3,1,67.0,837.0,2,False,True,Productivity,0,0.0,0,0.0,False
100.0,25.0,14,3,5,2026,False,59,59,3,1,2633.0,2792.0,7,True,False,Analytics,0,0.2,0,0.0,True
73.0,149.0,7,3,5,2026,True,77,35,3,1,2276.0,16751.0,6,True,False,Productivity,0,60.5,0,1.5,True
544.0,0.0,7,2,7,2026,True,56,55,3,1,5.0,1194.0,7,True,False,Productivity,0,0.0,0,0.0,True
7.0,2.0,7,0,5,2023,False,272,44,3,1,165451.0,1110.0,5,False,True,Developer Tools,0,0.0,0,0.0,True
69.0,21.0,7,0,3,2023,True,242,56,3,1,5.0,1947.0,0,False,True,Productivity,0,0.0,21,4.4,True
129.0,29.0,0,1,6,2026,False,412,47,3,1,11013.0,30502.0,5,True,False,Other,57,299.4035087719298,57,299.4035087719298,False
121.0,18.0,7,3,1,2026,False,58,37,1,2,5.0,2272.0,4,True,False,Design Tools,0,1.3,1542,0.0,True
177.0,0.0,7,2,7,2023,True,198,60,3,8,5.0,2396.0,3,False,False,iOS,0,0.0,29,1.0,True
348.0,46.0,7,4,7,2026,True,66,58,3,3,92490.0,1777.0,6,True,False,Other,0,0.0,23,321.4,True
196.0,106.0,7,5,6,2026,False,63,42,3,1,2961.0,4978.0,7,True,False,Artificial Intelligence,1,0.0,7,203.4,True
146.0,20.0,0,6,5,2026,True,79,58,3,3,2281.0,11081.0,8,True,False,Other,0,0.5,0,267.8,True
75.0,15.0,7,2,8,2023,True,46,33,2,1,6045.0,22777.0,4,False,False,Mac,0,0.0,1,2.2,True
13.0,3.0,0,6,6,2026,False,235,49,3,1,270.0,3425.0,1,False,False,Web App,0,0.0,0,0.0,False
125.0,25.0,10,0,7,2025,False,238,57,3,1,5.0,1671.0,9,False,True,Other,0,0.0,0,1.5,True
76.0,3.0,7,6,3,2023,True,240,32,3,1,1917.0,10.0,1,False,True,Other,0,0.0,0,1.1,True
212.0,9.0,7,3,6,2023,True,171,23,3,3,2215.0,5602.0,6,True,False,Mac,0,0.0,18,1.7,True
148.0,2.0,7,2,7,2026,False,42,43,3,1,5.0,641.0,8,True,False,API,0,0.2,8,1.2,True
177.0,0.0,7,4,5,2023,False,74,58,3,1,5.0,1400.0,6,True,False,Design Tools,0,0.0,21,4.0,True
96.0,96.0,7,1,7,2026,True,230,40,3,1,5.0,864.0,6,True,False,Android,0,0.0,10,209.6,True
5.0,0.0,9,6,7,2023,False,245,38,3,1,2384.0,1740.0,4,False,True,Other,0,0.0,1974,4.3,True
368.0,45.0,7,0,7,2026,True,67,54,3,8,929.0,20043.0,1,True,False,Design Tools,0,0.0,214,0.5,True
153.0,43.0,0,0,6,2026,True,249,49,3,3,2649.0,2598.0,6,True,False,Productivity,3,1.0,0,433.6,True
104.0,0.0,7,4,7,2023,False,245,51,3,3,5.0,1501.0,4,False,True,Other,0,0.9,12,3.7,True
4.0,1.0,3,4,5,2023,False,255,60,3,1,33.0,758.0,3,False,True,Marketing,0,0.0,0,0.0,False
8.0,0.0,3,3,3,2023,True,176,48,1,1,3829.0,2188.0,0,False,True,Android,0,4.1,14,0.0,True
94.0,12.0,0,4,6,2026,True,60,33,3,3,5526.0,10.0,8,True,False,Hiring,0,0.0,0,298.3,True
113.0,0.0,7,5,5,2023,True,52,30,3,0,5.0,2457.0,8,True,True,Design Tools,6,0.0,7,0.0,True
32.0,0.0,7,6,5,2023,True,46,22,3,1,5.0,2310.0,4,False,True,Productivity,0,0.0,0,265.6,True
215.0,139.0,7,1,9,2026,True,59,49,3,3,5.0,8145.0,9,False,False,Productivity,0,0.4,0,375.8,True
106.0,27.0,7,2,7,2023,True,49,35,3,2,5.0,808.0,5,True,False,API,0,0.0,6,0.0,True
217.0,25.0,0,4,6,2026,True,52,58,3,2,165329.0,4305.0,4,False,False,Other,0,0.0,602,200.2,True
115.0,0.0,23,0,5,2023,False,239,33,3,1,5.0,2796.0,1,False,True,Marketing,0,0.0,0,0.0,True
937.0,0.0,7,0,1,2023,True,255,18,1,0,86607.0,403.0,2,False,True,Developer Tools,0,0.0,0,0.0,True
141.0,41.0,7,2,5,2026,False,48,21,3,1,5.0,8450.0,7,False,False,Other,0,0.0,22,194.0,True
1.0,0.0,13,3,3,2023,False,271,25,4,0,1991.0,2398.0,2,False,True,Android,0,0.0,3,1.3,True
123.0,0.0,7,4,1,2024,False,224,49,5,1,24079.0,328.0,1,False,True,Developer Tools,0,0.0,0,3.1,True
22.0,2.0,8,4,5,2023,False,246,41,5,1,198760.0,603.0,6,False,True,Artificial Intelligence,0,0.0,2235,0.0,True
1.0,0.0,12,6,3,2023,False,161,27,1,1,96.0,542.0,3,False,True,API,0,0.0,0,0.0,True
503.0,21.0,0,4,7,2026,True,72,38,5,7,715.0,3705.0,6,True,False,Productivity,0,0.0,0,0.7,True
624.0,76.0,7,3,5,2023,True,52,50,3,3,5.0,1352.0,6,True,False,Developer Tools,7,0.0,0,0.0,True
290.0,12.0,7,4,7,2026,False,275,29,3,2,2456.0,3138.0,8,True,False,Other,0,0.0,0,4.1,True
11.0,0.0,8,5,5,2023,True,272,22,3,1,17925.0,3326.0,3,False,True,iOS,0,0.0,0,2.5,True
27.0,8.0,7,0,3,2023,False,249,60,3,7,183668.0,159.0,7,False,False,Productivity,0,0.0,1212,218.5148514851485,False
160.0,119.0,7,5,7,2026,True,54,54,3,1,489.0,1034.0,7,False,False,Other,0,0.0,0,0.0,False
90.0,2.0,7,3,5,2023,True,252,30,1,1,1657.0,983.0,8,True,False,Other,0,0.0,31,0.0,True
346.0,0.0,7,3,7,2026,False,245,57,3,1,5.0,4589.0,6,True,False,Hiring,0,0.0,0,0.3,True
181.0,45.0,7,1,6,2026,True,44,44,3,1,149.0,414.0,5,True,False,Productivity,0,0.0,0,0.0,False
66.0,2.0,7,0,7,2026,False,33,25,4,14,1690.0,3451.0,5,False,False,Health & Fitness,0,0.0,0,2.1,True
173.0,0.0,7,4,7,2023,False,69,60,1,1,2444.0,1255.0,4,True,False,Mac,0,0.0,7,1.8,True
141.0,0.0,7,3,7,2023,False,250,42,3,1,1333.0,4222.0,4,False,False,Design Tools,0,0.0,0,0.0,True
5.0,0.0,7,3,5,2023,True,252,33,1,1,5.0,632.0,3,True,True,Productivity,0,0.0,0,0.0,True
180.0,15.0,7,2,7,2023,True,71,42,3,1,5.0,13428.0,8,False,False,iOS,0,0.0,12,0.5,True
274.0,1.0,7,1,7,2026,False,270,51,3,1,3824.0,684.0,4,True,False,Education,0,0.0,5,188.5,True
12.0,0.0,17,6,5,2023,False,252,28,3,1,5.0,2595.0,2,False,True,Other,0,0.0,1,0.0,True
205.0,10.0,7,2,6,2026,False,61,25,3,1,96.0,6102.0,5,True,False,Other,0,0.0,6,1.2,True
9.0,4.0,17,5,3,2023,True,240,22,3,1,80722.0,1173.0,3,False,True,Other,0,0.0,1,1.4,True
9.0,0.0,7,0,7,2023,True,172,26,1,1,5.0,2520.0,3,False,True,Android,0,0.0,0,0.0,True
194.0,11.0,7,1,7,2023,True,79,58,3,2,89352.0,1964.0,4,False,False,Other,0,0.0,0,359.9,True
826.0,10.0,7,4,7,2026,False,493,36,3,1,4515.0,16513.0,6,True,False,Other,0,0.9,21,1.5,True
17.0,0.0,14,4,3,2023,True,237,58,3,1,5.0,4647.0,5,False,True,Open Source,0,0.0,0,196.5,True
21.0,0.0,7,3,7,2023,False,117,59,1,0,5.0,1056.0,2,False,True,Health & Fitness,0,0.0,0,0.0,True
14.0,1.0,8,3,5,2023,True,279,52,1,0,2723.0,636.0,2,True,True,Productivity,0,0.0,420,0.0,True
18.0,0.0,10,3,5,2023,False,253,58,2,1,5.0,1177.0,1,False,True,Android,0,1.5,2,0.0,True
67.0,30.0,7,4,7,2023,False,243,51,3,1,231977.0,253.0,6,False,False,Other,0,0.0,0,2.3,True
8.0,45.0,7,4,5,2026,False,427,36,3,1,79298.0,3923.0,5,True,False,Hiring,0,45.1,9,0.0,True
948.0,281.0,0,2,5,2026,True,464,57,3,1,2475.0,10260.0,7,False,False,Artificial Intelligence,2,175.0,2,175.0,False
8.0,0.0,7,5,1,2023,False,167,40,2,1,255387.0,2346.0,4,False,True,Other,0,0.0,0,2.9,True
109.0,0.0,7,1,3,2026,True,250,50,3,1,5.0,3193.0,7,False,True,Productivity,0,0.0,0,0.0,True
127.0,3.0,7,6,5,2023,True,44,37,3,3,5.0,3760.0,6,False,False,SaaS,0,0.0,0,224.2,True
317.0,26.0,0,6,6,2026,True,401,27,3,1,1135.0,64.0,4,False,False,Other,0,0.0,0,0.0,False
789.0,10.0,7,2,7,2026,True,59,41,3,3,5.0,15110.0,9,True,False,Marketing,0,0.0,33,297.0,True
136.0,32.0,7,2,3,2023,True,190,50,1,3,68612.0,2500.0,4,True,False,Hiring,0,0.0,516,0.0,True
7.0,0.0,7,3,3,2023,False,224,53,2,1,1220.0,1366.0,1,False,True,Chrome Extensions,0,0.0,12,2.3,True
92.0,4.0,7,0,3,2023,False,251,57,4,1,5.0,942.0,1,False,True,Other,0,0.0,0,3.8,True
11.0,1.0,14,4,7,2023,True,269,22,3,1,5.0,1318.0,2,False,True,Other,0,0.0,15,1.2,True
709.0,0.0,7,4,5,2023,False,54,30,1,1,1757.0,1009.0,6,True,False,Social Media,0,1.4,9,0.0,True
26.0,0.0,17,0,7,2023,False,54,60,3,3,5.0,2762.0,6,True,False,Other,0,0.0,26,1.2,True
85.0,2.0,7,3,7,2023,True,220,19,3,1,491.0,39.0,3,False,True,Education,0,0.0,0,0.0,False
105.0,2.0,7,1,7,2026,False,187,44,3,1,5306.0,1821.0,6,False,False,Education,0,0.0,0,0.0,True
1.0,3.0,9,4,3,2023,True,254,53,3,0,368.0,2166.0,2,False,True,Marketing,0,0.0,0,6.7,True
98.0,143.0,7,1,5,2023,True,364,47,3,2,5.0,1193.0,5,True,False,Other,0,0.3,0,0.0,True
327.0,46.0,7,6,6,2026,True,41,41,3,2,462.0,410.0,7,True,False,Other,0,0.0,0,0.0,False
14.0,3.0,7,0,3,2023,False,64,32,4,0,635.0,10.0,6,False,False,Productivity,0,0.8,6,0.0,True
3.0,0.0,7,1,3,2023,False,249,56,2,1,5.0,2457.0,4,False,True,API,0,2.9,5,2.3,True
2.0,1.0,4,3,7,2023,False,31,12,1,1,58.0,20.0,3,True,True,Marketing,0,0.0,0,0.0,False
122.0,22.0,7,3,5,2023,False,426,59,3,1,5.0,2484.0,6,False,False,Open Source,0,0.0,9,5.8,True
3.0,0.0,6,4,5,2023,False,84,45,3,0,384.0,5870.0,3,True,False,Other,0,0.0,0,0.0,False
2.0,0.0,9,4,1,2023,False,249,39,3,1,133.0,1399.0,9,False,True,Marketing,0,0.0,0,0.0,False
181.0,16.0,7,1,6,2026,True,44,44,3,2,11.0,2768.0,5,True,False,Productivity,0,0.0,0,0.0,False
359.0,109.0,7,2,7,2026,True,33,33,3,3,4883.0,12568.0,4,True,False,Productivity,8,411.375,8,411.375,False
101.0,0.0,7,4,3,2023,True,446,32,3,1,3594.0,2867.0,4,False,True,Other,0,0.0,6,2.7,True
179.0,110.0,8,1,7,2026,True,41,25,3,1,365.0,2718.0,4,True,False,Chrome Extensions,0,0.2,14,0.0,True
90.0,6.0,7,3,7,2023,True,230,29,3,4,254743.0,3348.0,6,True,False,Analytics,0,0.0,1683,214.6114081996435,False
64.0,0.0,14,4,5,2023,True,259,43,4,2,62462.0,3384.0,6,False,False,Android,0,0.0,406,194.4064039408867,False
127.0,0.0,20,3,5,2023,True,64,57,3,1,277213.0,1824.0,6,False,True,Education,0,0.0,0,0.0,True
1.0,0.0,19,3,5,2023,True,286,21,2,1,5.0,2700.0,1,False,True,Other,0,0.0,0,0.0,True
713.0,128.0,7,0,7,2026,True,45,45,3,2,4541.0,10862.0,5,False,False,Productivity,6,396.5,6,396.5,False
4.0,1.0,6,4,1,2023,False,201,23,3,1,619.0,1506.0,2,False,True,Other,0,0.0,0,0.0,False
119.0,172.0,8,4,7,2026,True,49,52,3,1,2612.0,1937.0,6,False,False,Other,0,1.8,15,0.0,True
133.0,7.0,0,0,5,2026,True,473,42,3,1,27.0,2794.0,4,True,False,Web App,0,0.0,0,0.0,False
24.0,0.0,21,1,5,2023,False,233,30,3,1,5.0,1372.0,6,False,True,Design Tools,0,0.0,0,5.9,True
130.0,17.0,7,3,7,2023,False,248,42,3,0,382.0,2160.0,6,False,False,Other,0,0.0,21,0.0,True
101.0,0.0,7,4,3,2023,False,241,29,5,1,5.0,2944.0,3,False,True,Productivity,0,1.1,731,2.9,True
113.0,25.0,7,3,7,2023,True,188,28,3,1,175.0,255.0,2,False,True,Analytics,0,0.0,0,0.0,False
122.0,9.0,0,0,6,2026,True,114,49,3,1,314.0,1087.0,5,True,False,Artificial Intelligence,0,0.0,0,0.0,False
118.0,0.0,9,3,7,2023,False,246,36,2,1,59831.0,385.0,3,False,True,Analytics,0,0.0,0,3.2,True
147.0,0.0,7,3,7,2023,True,263,47,4,9,5.0,483.0,6,False,True,Design Tools,0,0.0,0,0.0,True
483.0,0.0,12,2,7,2026,True,53,30,3,3,16808.0,25823.0,6,True,False,Other,0,0.0,0,0.0,True
111.0,0.0,7,0,7,2026,False,500,60,3,1,1615.0,1105.0,6,False,False,Other,0,0.0,16,0.0,True
22.0,0.0,23,3,3,2023,False,263,55,4,1,5.0,3193.0,3,True,True,Design Tools,0,0.0,145,0.0,True
125.0,3.0,7,1,9,2023,True,280,34,5,0,5.0,32.0,5,False,False,Other,0,1.1,24,0.0,True
210.0,52.0,7,0,7,2026,True,67,37,3,2,5.0,11123.0,7,True,False,Mac,0,0.0,0,348.3,True
24.0,0.0,22,3,5,2023,False,221,38,3,1,169439.0,6200.0,3,False,True,Developer Tools,0,0.0,10,0.9,True
119.0,0.0,7,4,7,2023,False,210,29,3,1,1677.0,807.0,4,False,False,Marketing,0,0.0,2,0.5,True
4.0,3.0,7,0,3,2023,False,269,34,2,1,3248.0,2689.0,3,False,True,Marketing,0,0.0,0,0.0,True
23.0,0.0,15,4,5,2023,False,223,35,3,1,5.0,2390.0,3,False,False,Other,0,1.0,28,1.3,True
249.0,58.0,7,0,7,2026,True,39,39,3,1,176.0,1601.0,5,False,False,Other,0,0.0,0,0.0,False
231.0,23.0,7,2,7,2026,True,500,48,3,2,5.0,5298.0,6,True,False,Productivity,0,237.1,19,421.0,True
19.0,0.0,10,5,7,2023,False,208,42,3,1,5.0,1839.0,1,True,True,Marketing,0,0.0,1917,0.8,True
27.0,0.0,4,1,5,2023,False,220,25,4,1,39599.0,2484.0,2,False,True,Productivity,0,0.0,0,0.0,True
93.0,0.0,7,1,5,2023,True,54,22,3,1,2776.0,917.0,4,False,False,Productivity,0,0.0,4,0.0,True
92.0,43.0,7,3,6,2026,True,63,60,3,3,5.0,18178.0,4,False,False,Health & Fitness,0,0.0,269,5.6,True
2.0,0.0,19,1,3,2023,True,284,24,3,1,632.0,1769.0,4,False,False,Android,0,0.0,0,0.7,True
164.0,2.0,22,4,5,2026,False,61,45,3,0,5.0,729.0,5,True,False,Design Tools,0,0.0,0,2.7,True
98.0,104.0,9,4,5,2023,False,50,56,3,1,4042.0,1117.0,6,True,True,Design Tools,0,0.0,485,201.3,True
7.0,0.0,10,3,1,2023,False,263,40,3,1,817.0,2605.0,3,False,True,Other,0,0.2,0,5.1,True
230.0,73.0,0,3,7,2026,True,38,56,3,1,5.0,14471.0,6,True,False,Other,4,256.4,17,350.0,True
134.0,26.0,7,6,7,2023,True,62,56,3,1,5.0,1957.0,8,True,False,Artificial Intelligence,0,0.8,0,0.0,True
117.0,85.0,7,1,5,2026,True,45,42,3,3,86.0,8120.0,6,True,False,Other,0,1.0,11,4.7,True
237.0,240.0,7,4,7,2026,True,48,60,3,1,5.0,1309.0,4,True,False,Web App,1,23.8,15,362.1,True
1.0,0.0,21,4,5,2023,False,261,54,3,1,3057.0,10456.0,8,False,False,Developer Tools,0,0.0,0,2.7,True
2.0,2.0,15,3,1,2023,True,124,57,1,1,58550.0,169.0,3,False,True,Other,0,1.4,499,2.0,True
175.0,0.0,7,0,3,2026,False,56,40,1,1,5.0,1265.0,6,True,False,Mac,0,0.0,8,0.0,True
2.0,0.0,18,3,7,2023,True,271,21,2,0,1740.0,376.0,4,False,True,Design Tools,0,0.9,0,0.9,True
164.0,41.0,7,2,7,2026,False,60,60,3,3,14.0,431.0,7,False,True,Productivity,0,0.0,0,0.0,False
286.0,42.0,7,3,7,2023,True,231,47,3,3,18170.0,1162.0,6,False,False,Marketing,0,0.0,2804,3.3,True
22.0,0.0,9,3,3,2023,False,261,20,4,0,5.0,2777.0,3,False,True,Other,0,0.0,0,0.0,True
1.0,0.0,18,3,5,2023,False,257,47,3,1,3080.0,539.0,8,False,False,Education,0,1.3,0,0.1,True
22.0,81.0,7,3,7,2026,True,73,56,4,2,195065.0,2412.0,5,True,False,Developer Tools,0,0.0,5,0.0,True
117.0,114.0,7,4,6,2023,True,68,28,3,1,356233.0,919.0,4,False,False,API,0,0.0,8,0.0,True
3.0,1.0,11,1,3,2023,False,243,39,3,1,348.0,181.0,3,False,True,Other,0,0.0,0,0.0,False
126.0,17.0,0,2,6,2026,True,294,53,3,1,11.0,1724.0,5,False,False,Productivity,0,0.0,0,0.0,False
281.0,39.0,7,6,6,2026,False,441,49,3,1,140672.0,6589.0,6,True,False,Productivity,0,0.0,0,207.1,True
1.0,107.0,7,5,7,2023,False,259,14,3,1,3343.0,1479.0,4,False,True,Other,0,0.0,0,0.1,True
753.0,28.0,7,6,7,2026,True,73,59,3,1,299147.0,8214.0,8,False,False,Design Tools,0,189.2,23,4.7,True
895.0,68.0,7,2,7,2026,True,52,52,3,1,92.0,1212.0,5,False,True,API,0,0.0,0,0.0,False
18.0,0.0,7,4,7,2023,False,266,50,4,1,5.0,576.0,6,False,True,Other,0,0.0,0,1.3,True
179.0,86.0,7,0,7,2026,True,65,54,3,1,1065.0,13913.0,5,True,False,Android,0,0.0,7,380.2,True
86.0,15.0,7,4,5,2026,True,63,39,3,1,1824.0,2581.0,7,True,False,iOS,0,0.4,458,0.0,True
145.0,0.0,15,3,6,2024,False,264,58,3,1,116845.0,2289.0,4,True,False,API,0,0.0,0,0.0,True
136.0,23.0,7,2,7,2026,False,47,47,3,3,190.0,929.0,8,True,True,Other,0,0.0,0,0.0,False
13.0,1.0,7,0,3,2025,False,256,53,3,1,31555.0,1298.0,6,True,False,Other,0,0.0,0,0.0,True
175.0,14.0,7,6,7,2023,True,54,59,3,1,4767.0,481.0,7,False,False,Productivity,0,188.0,5,111.4,True
299.0,31.0,7,0,7,2026,True,138,57,3,1,5.0,1032.0,6,True,False,Other,0,0.0,0,269.9,True
262.0,1.0,7,6,1,2023,True,244,28,4,3,2495.0,1036.0,5,True,False,Other,0,0.0,0,3.6,True
398.0,2.0,7,6,5,2026,False,44,60,3,3,5.0,10103.0,5,False,False,Other,1,0.0,0,6.5,True
209.0,117.0,7,1,5,2026,False,57,41,3,1,6767.0,3038.0,8,False,False,Other,0,0.0,21,0.0,True
87.0,0.0,14,4,5,2023,True,275,38,2,2,5.0,2808.0,6,True,True,Mac,0,0.0,4,1.5,True
181.0,23.0,7,1,3,2023,True,98,30,3,1,1033.0,6426.0,4,True,True,Design Tools,0,0.0,0,0.0,False
214.0,86.0,23,4,5,2026,False,52,34,3,1,51159.0,673.0,5,False,False,Other,0,0.3,14,137.2,True
8.0,1.0,4,3,7,2023,False,222,58,3,2,74132.0,3695.0,3,False,False,Fintech,0,0.0,482,211.30497925311204,False
65.0,43.0,6,2,7,2023,False,55,29,3,0,6036.0,2071.0,4,False,False,API,0,0.0,0,0.5,True
68.0,88.0,0,3,5,2026,True,64,18,3,2,1591.0,1193.0,5,False,False,Productivity,0,0.0,1646,394.3,True
124.0,42.0,7,4,6,2026,True,269,40,3,2,2733.0,2177.0,7,False,False,Education,0,0.9,0,0.0,True
253.0,91.0,7,6,6,2026,True,42,34,3,3,2122.0,786.0,7,True,False,Other,0,272.5,30,2.1,True
125.0,0.0,7,3,7,2026,False,276,59,3,3,46448.0,3592.0,8,True,True,Fintech,0,0.0,7,0.0,True
416.0,34.0,0,3,6,2026,False,37,52,3,2,260.0,11028.0,6,True,False,API,8,326.0,11,237.3,True
128.0,1.0,7,4,5,2023,True,280,34,3,1,2327.0,183.0,1,False,True,Design Tools,0,0.0,0,0.0,True
347.0,57.0,9,6,7,2026,True,249,48,3,1,2151.0,1193.0,5,True,False,Other,0,0.0,2221,192.5,True
94.0,21.0,12,0,3,2023,True,255,32,2,3,67935.0,2085.0,16,True,False,SaaS,0,0.0,440,206.2,False
456.0,110.0,7,2,7,2026,True,42,42,3,3,702.0,51.0,5,False,False,Productivity,0,0.0,0,0.0,False
20.0,0.0,7,0,3,2023,False,265,60,3,1,35.0,824.0,3,False,True,Other,0,0.0,0,0.0,True
5.0,2.0,12,0,5,2023,True,252,51,4,1,354.0,769.0,3,False,True,Education,0,0.0,1,4.0,True
19.0,0.0,14,3,1,2023,False,219,46,1,0,5.0,5205.0,1,False,True,Android,0,0.0,4,2.1,True
127.0,24.0,0,3,5,2026,True,480,44,3,1,498.0,15.0,5,True,False,Productivity,0,0.0,0,0.0,False
294.0,24.0,7,2,6,2026,True,64,58,3,3,5.0,7942.0,6,True,False,Health & Fitness,0,115.3,0,277.2,True
274.0,26.0,7,4,7,2024,True,357,32,3,1,5.0,2405.0,7,False,False,Marketing,0,0.0,0,225.8,True
95.0,0.0,8,6,5,2023,False,232,58,3,1,3843.0,1668.0,6,True,False,Fintech,0,2.1,1732,213.1,True
29.0,11.0,7,6,7,2026,True,47,47,3,3,3317.0,7326.0,5,True,True,Other,2,316.0,2,316.0,False
258.0,99.0,7,4,11,2026,True,500,51,3,1,3815.0,7157.0,4,True,False,API,0,0.0,16,4.3,True
103.0,14.0,7,4,7,2023,True,209,42,3,1,111.0,52.0,4,False,True,Other,0,0.0,0,0.0,False
188.0,96.0,7,1,7,2026,True,56,29,3,1,198209.0,1317.0,7,True,False,Productivity,0,0.0,5,332.3,True
20.0,12.0,0,6,5,2026,False,325,56,3,1,161.0,302.0,6,True,False,Productivity,0,0.0,0,0.0,False
94.0,24.0,7,3,11,2023,True,206,40,4,1,5.0,627.0,5,True,False,Marketing,0,0.0,24,223.0,True
176.0,13.0,7,1,3,2023,True,159,30,4,7,236044.0,13115.0,6,False,False,Productivity,1,264.0,1548,212.34883720930233,False
116.0,3.0,7,4,7,2023,True,138,59,3,0,191125.0,2193.0,1,False,False,Fintech,0,1.4,25,0.8,True
270.0,102.0,7,2,5,2026,True,35,56,3,2,131958.0,786.0,6,True,False,Productivity,2,0.0,28,193.7,True
125.0,7.0,7,2,6,2026,False,56,56,3,1,757.0,542.0,4,False,True,Other,0,0.0,0,0.0,False
129.0,86.0,14,0,3,2023,True,243,23,2,1,5.0,322.0,8,True,False,API,0,0.7,0,0.0,True
313.0,79.0,13,1,5,2026,True,241,49,3,1,2943.0,7997.0,8,True,False,Other,6,254.5,6,254.5,False
414.0,20.0,7,1,5,2026,True,49,58,3,1,5.0,2667.0,9,True,False,Other,2,0.0,2,1.1,True
269.0,7.0,0,4,5,2026,True,398,60,3,1,3518.0,10345.0,6,True,False,Other,1,411.0,1,411.0,False
639.0,8.0,8,4,7,2023,True,62,34,3,3,1362.0,2312.0,9,True,True,Social Media,0,0.0,0,188.3,True
117.0,122.0,7,4,6,2026,True,51,48,3,1,3026.0,10747.0,6,True,False,Other,0,34.9,8,227.7,True
7.0,1.0,13,3,1,2023,True,241,39,4,1,1804.0,1189.0,2,False,True,Android,0,0.0,240,0.0,True
120.0,5.0,7,5,5,2026,False,241,56,3,1,1090.0,1221.0,2,False,False,Productivity,0,0.0,149,0.2,True
5.0,3.0,19,0,3,2023,False,195,47,3,0,1387.0,2150.0,10,False,False,Design Tools,0,0.0,0,0.0,False
84.0,74.0,7,2,7,2026,True,48,57,3,1,1067.0,638.0,6,False,False,Other,0,0.0,0,1.8,True
126.0,9.0,7,3,7,2023,True,257,41,3,1,436.0,301.0,2,True,True,Chrome Extensions,0,0.0,0,0.0,False
98.0,21.0,7,4,6,2026,True,62,49,3,1,2530.0,893.0,5,True,False,Open Source,2,0.0,3,214.7,True
13.0,0.0,12,6,5,2023,True,270,28,4,6,1530.0,2254.0,5,True,False,Marketing,0,0.0,34,0.0,True
18.0,2.0,9,4,5,2023,False,227,37,4,0,5.0,1217.0,3,False,True,Other,0,0.0,2,2.6,True
278.0,44.0,7,2,6,2026,False,55,26,3,1,240112.0,37376.0,9,True,False,Other,0,259.6,10,301.9,True
6.0,0.0,10,1,3,2023,False,201,21,2,2,57401.0,1398.0,1,False,False,Productivity,0,0.0,369,191.0514905149051,False
17.0,0.0,9,4,3,2023,False,342,32,2,1,5.0,1601.0,3,True,True,Artificial Intelligence,0,0.0,20,0.0,True
28.0,6.0,12,1,3,2026,False,500,44,3,1,155.0,127.0,10,True,False,Other,0,0.0,0,0.0,False
126.0,27.0,0,0,10,2026,True,62,52,3,1,5.0,19220.0,6,True,False,Productivity,1,0.0,0,0.7,True
6.0,0.0,14,4,3,2023,False,261,36,2,1,2437.0,2998.0,3,False,True,Productivity,0,0.0,439,0.2,True
178.0,2.0,14,4,5,2026,True,65,33,2,5,5.0,690.0,5,False,False,Other,0,0.0,1,0.9,True
22.0,0.0,3,4,5,2023,False,156,48,3,3,2286.0,3298.0,3,False,True,Open Source,0,0.0,6,0.0,True
119.0,20.0,7,0,7,2026,True,43,41,3,3,218827.0,1184.0,4,False,False,Developer Tools,0,0.0,5,225.5,True
539.0,58.0,7,5,7,2023,True,230,28,3,4,1079.0,328.0,8,False,False,Open Source,0,0.0,11,3.0,True
222.0,23.0,7,3,5,2023,False,66,57,3,0,402.0,6245.0,4,False,False,API,0,1.2,4,0.1,True
339.0,92.0,7,3,11,2025,True,64,16,3,1,4302.0,8630.0,8,False,False,Chrome Extensions,5,181.6,0,306.7,True
86.0,0.0,7,1,1,2023,False,268,32,3,1,2262.0,1821.0,3,True,False,Other,0,0.0,0,0.0,True
82.0,0.0,7,3,7,2023,True,278,59,3,1,1275.0,149.0,1,True,True,Productivity,0,0.0,0,0.0,True
225.0,1.0,7,3,7,2023,True,251,25,2,1,1211.0,5549.0,6,False,True,Other,0,0.0,0,3.4,True
182.0,0.0,12,3,7,2023,False,71,58,3,1,5.0,1089.0,5,False,True,Design Tools,0,2.7,0,3.9,True
24.0,0.0,16,3,5,2023,False,252,49,1,1,173369.0,2118.0,3,False,True,Productivity,0,0.0,0,1.3,True
255.0,32.0,7,4,7,2026,True,299,59,3,2,5.0,2975.0,6,False,False,Other,0,0.0,0,0.0,True
1.0,0.0,7,3,1,2023,False,199,55,3,4,3354.0,1053.0,4,False,False,Android,0,0.0,0,0.0,True
6.0,0.0,13,5,5,2023,False,260,25,2,1,5.0,1180.0,3,False,True,Other,0,0.0,0,0.0,True
9.0,3.0,8,0,5,2023,False,271,57,2,1,558.0,348.0,3,False,True,Other,0,0.0,4,0.0,True
1.0,0.0,5,3,3,2023,False,270,18,2,1,1022.0,2178.0,2,False,True,Android,0,0.0,0,0.3,True
141.0,0.0,7,0,6,2026,True,240,60,3,1,542.0,1813.0,4,True,False,Design Tools,0,0.0,2,0.0,True
129.0,76.0,7,4,9,2023,False,257,60,3,1,74000.0,972.0,6,True,False,Other,0,0.0,0,0.0,True
118.0,37.0,7,4,5,2026,False,458,39,3,1,1695.0,840.0,7,True,False,Productivity,0,203.5,0,0.4,True
16.0,0.0,15,5,1,2023,False,146,31,3,0,852.0,2235.0,0,True,True,Other,0,0.0,20,2.3,True
123.0,67.0,7,3,5,2023,True,235,50,3,1,5.0,711.0,3,False,True,Productivity,0,0.0,0,0.0,True
215.0,72.0,7,4,7,2026,True,63,49,3,2,5374.0,2417.0,6,False,False,Productivity,1,0.0,1,193.6,True
16.0,0.0,7,3,3,2023,False,137,48,1,0,2735.0,197.0,2,True,True,Android,0,0.0,0,0.0,True
11.0,3.0,7,3,7,2023,False,201,38,1,1,5.0,1285.0,7,True,True,Hiring,0,1.0,0,0.0,True
6.0,0.0,5,3,5,2023,False,224,48,3,1,5.0,1357.0,1,False,True,Education,0,0.0,6,3.4,True
5.0,0.0,12,4,5,2023,False,243,47,3,1,2425.0,815.0,2,False,True,Other,0,0.0,17,0.0,True
8.0,0.0,9,4,5,2023,False,190,55,3,1,5.0,3333.0,1,False,True,Chrome Extensions,0,0.0,0,0.0,True
113.0,48.0,8,0,7,2026,False,54,40,3,1,5.0,5803.0,13,False,False,Artificial Intelligence,0,0.0,0,0.0,True
2.0,1.0,21,4,7,2023,False,192,53,3,0,78.0,2315.0,1,False,False,Design Tools,0,0.0,0,0.0,False
46.0,4.0,16,5,7,2023,True,210,41,3,1,73.0,589.0,3,False,False,Artificial Intelligence,0,0.3,0,2.6,True
173.0,21.0,7,6,7,2026,True,42,41,3,1,5.0,846.0,8,True,False,Artificial Intelligence,13,0.0,0,1.2,True
99.0,5.0,7,1,1,2023,False,240,38,2,0,1203.0,118.0,1,False,True,Developer Tools,0,0.0,0,0.8,True
115.0,15.0,7,0,5,2026,False,46,30,3,1,5.0,5844.0,6,True,False,Chrome Extensions,4,0.0,0,0.0,True
731.0,76.0,7,4,7,2026,False,27,55,3,1,154302.0,6704.0,5,True,False,Chrome Extensions,0,0.0,0,316.8,True
256.0,5.0,7,1,5,2026,True,38,55,3,2,354634.0,12625.0,8,True,False,Productivity,0,0.0,18,303.9,True
11.0,0.0,17,3,5,2023,False,253,48,1,3,2984.0,492.0,4,True,True,SaaS,0,0.0,3,0.0,True
157.0,22.0,7,3,7,2026,True,55,55,3,3,113.0,81.0,6,False,False,Other,0,0.0,0,0.0,False
253.0,0.0,7,6,5,2026,True,181,28,3,1,2210.0,1511.0,9,False,False,Hiring,0,1.3,0,0.0,True
9.0,0.0,7,1,5,2023,False,237,46,1,1,5.0,1300.0,1,False,True,Design Tools,0,2.0,17,1.3,True
90.0,1.0,7,5,5,2023,True,246,58,4,1,5.0,2227.0,5,False,True,Other,0,0.0,0,2.2,True
174.0,5.0,7,2,5,2026,True,252,47,3,1,5.0,2595.0,5,False,False,Productivity,0,0.0,28,0.0,True
133.0,3.0,14,4,1,2023,True,250,34,3,0,103.0,5418.0,2,False,False,Other,0,0.0,0,0.0,False
191.0,64.0,7,4,7,2023,True,254,57,3,1,1173.0,60.0,5,True,True,Productivity,0,0.0,0,0.0,False
679.0,233.0,10,6,5,2023,True,77,35,3,3,5.0,5506.0,6,False,True,Chrome Extensions,0,0.6,15,0.0,True
18.0,0.0,7,4,7,2026,False,53,53,1,1,90.0,101.0,5,False,False,Productivity,0,0.0,0,0.0,False
79.0,16.0,9,4,7,2023,True,252,59,3,1,38.0,1475.0,7,True,True,Productivity,0,0.0,0,0.0,False
94.0,3.0,7,6,5,2023,True,257,57,2,1,86.0,2394.0,4,False,True,Other,0,0.0,14,2.6,True
17.0,2.0,0,5,6,2026,False,498,54,3,1,418.0,1635.0,4,False,False,SaaS,0,0.0,0,0.0,False
169.0,25.0,0,3,5,2026,True,44,58,3,1,2838.0,4268.0,6,True,False,Design Tools,0,0.0,5,4.3,True
71.0,1.0,7,5,5,2023,True,246,58,3,1,392.0,1306.0,3,False,True,Web App,0,0.0,0,0.0,False
195.0,18.0,0,1,12,2025,True,387,28,3,1,589.0,1597.0,5,True,False,Other,0,0.0,0,0.0,False
95.0,3.0,0,4,5,2026,True,59,42,3,1,5.0,1757.0,4,True,False,Design Tools,0,0.0,0,2.9,True
122.0,42.0,1,3,5,2026,True,52,42,3,3,5.0,895.0,6,True,False,Analytics,2,0.0,0,1.3,True
194.0,20.0,7,1,7,2026,True,53,44,3,3,35041.0,409.0,5,False,False,Design Tools,2,0.0,0,4.1,True
310.0,0.0,7,5,7,2023,True,283,47,3,1,140361.0,268.0,6,False,True,Other,0,0.0,0,3.9,True
116.0,10.0,7,2,7,2026,False,54,54,3,1,607.0,441.0,5,True,False,Other,0,0.0,0,0.0,False
116.0,43.0,7,6,6,2023,True,81,55,3,6,5.0,7427.0,6,False,False,SaaS,0,0.0,394,0.0,True
482.0,30.0,7,5,5,2023,False,289,39,3,1,91439.0,5574.0,5,False,True,API,0,0.0,13,0.0,True
5.0,1.0,7,3,7,2023,False,174,32,2,1,5.0,5983.0,6,True,True,Android,0,0.0,0,1.0,True
9.0,0.0,3,5,3,2023,False,256,26,1,2,5.0,1866.0,3,True,True,Hiring,0,0.0,19,0.0,True
114.0,1.0,7,0,5,2026,True,49,44,3,1,5.0,399.0,8,False,False,Health & Fitness,0,0.0,0,1.2,True
198.0,135.0,7,4,7,2026,True,459,59,3,2,5.0,8374.0,6,False,False,Other,0,0.9,10,0.0,True
104.0,18.0,0,1,5,2026,False,372,59,3,1,19735.0,2640.0,4,False,False,Productivity,0,0.0,1050,0.7,True
92.0,18.0,7,4,7,2023,True,250,40,3,3,196842.0,1935.0,4,True,False,Social Media,0,0.0,1294,204.51159196290573,False
102.0,2.0,8,4,7,2023,False,210,60,3,1,72398.0,10.0,5,False,False,Marketing,0,0.0,452,0.0,True
19.0,0.0,9,4,5,2023,False,283,58,3,0,1306.0,303.0,3,True,True,Other,0,0.0,0,0.0,True
15.0,0.0,12,3,3,2023,False,271,59,4,0,878.0,1416.0,2,False,True,Health & Fitness,0,0.0,0,1.1,True
228.0,45.0,7,3,7,2026,True,75,29,3,1,1578.0,704.0,4,False,False,Design Tools,0,0.0,0,0.0,True
4.0,1.0,2,0,3,2023,False,59,57,2,1,286.0,4931.0,1,False,True,Productivity,0,0.0,0,0.0,False
95.0,3.0,7,5,7,2023,True,254,21,3,1,1989.0,817.0,6,False,True,Marketing,0,0.0,0,4.4,True
1.0,1.0,7,4,5,2023,True,219,30,3,1,1626.0,2613.0,2,False,True,Other,0,0.2,358,0.0,True
15.0,0.0,8,1,7,2023,False,249,40,3,1,5.0,321.0,4,False,True,Design Tools,0,0.0,0,0.0,True
8.0,2.0,10,0,3,2023,True,346,59,1,1,68638.0,1962.0,2,False,True,Other,0,0.0,0,0.0,True
134.0,16.0,7,6,6,2026,True,47,49,3,1,3442.0,3053.0,8,False,False,Other,0,0.0,18,318.2,True
4.0,1.0,14,4,5,2023,False,249,49,2,1,196425.0,3249.0,1,False,True,Other,0,0.0,0,0.0,True
91.0,5.0,7,3,1,2023,False,203,52,3,1,5.0,2911.0,4,False,False,Design Tools,0,0.3,0,1.1,True
85.0,4.0,7,1,7,2023,False,47,60,3,1,3753.0,12900.0,7,False,False,Other,0,0.0,0,0.0,True
128.0,11.0,7,0,7,2023,True,71,51,3,1,246.0,423.0,6,True,False,Other,0,0.0,17,180.0,True
295.0,59.0,7,6,7,2026,True,74,51,3,1,210877.0,1086.0,4,False,False,Design Tools,0,0.0,2,0.0,True
16.0,0.0,22,3,7,2023,True,53,39,3,1,2921.0,2743.0,4,False,True,Fintech,0,0.0,0,1.3,True
591.0,53.0,7,3,5,2026,False,187,59,3,3,75360.0,5065.0,6,True,False,Productivity,0,1.1,5,0.0,True
1.0,1.0,10,1,3,2023,False,240,53,3,1,2290.0,2219.0,1,False,True,Productivity,0,0.0,4,0.0,True
199.0,25.0,7,2,5,2026,False,55,47,3,1,1856.0,18616.0,8,True,False,API,6,0.0,1066,218.7,True
74.0,57.0,7,4,7,2026,False,68,45,3,1,5.0,857.0,4,True,False,Other,0,0.1,0,291.0,True
176.0,9.0,0,0,6,2026,True,183,58,3,1,2203.0,6877.0,6,True,False,Open Source,5,167.4,5,167.4,False
277.0,36.0,7,1,6,2026,True,49,42,3,3,214.0,2496.0,4,False,False,Productivity,0,0.8,1,0.0,True
136.0,27.0,7,4,7,2024,True,236,49,3,2,42140.0,680.0,9,False,True,Other,0,2.2,19,0.0,True
75.0,0.0,7,3,5,2023,False,138,49,1,1,2268.0,991.0,4,True,True,Productivity,0,0.0,0,165.0,True
150.0,29.0,9,0,7,2023,True,248,41,2,0,5.0,12929.0,5,True,True,Hiring,0,0.0,16,0.0,True
122.0,27.0,7,0,7,2026,False,48,48,3,2,138.0,436.0,6,False,False,Developer Tools,0,0.0,0,0.0,False
16.0,0.0,4,5,1,2023,True,267,57,1,0,5.0,721.0,3,False,True,Design Tools,0,0.0,2,2.9,True
109.0,0.0,7,0,5,2023,False,225,42,3,1,456.0,270.0,2,False,False,Education,0,0.0,4,0.0,True
147.0,45.0,7,4,6,2026,True,262,59,3,3,5.0,907.0,6,False,False,Other,0,0.0,0,413.3,True
152.0,0.0,7,0,5,2023,True,263,51,3,1,5.0,599.0,4,False,True,Productivity,0,0.0,433,1.4,True
3.0,1.0,3,1,3,2023,False,260,49,3,1,298.0,708.0,1,False,True,Productivity,0,0.0,0,0.0,False
18.0,0.0,7,1,7,2023,True,139,35,2,3,220.0,2232.0,3,False,True,Health & Fitness,0,2.3,9,2.3,True
123.0,18.0,0,3,5,2026,False,189,45,3,1,7754.0,19957.0,5,True,False,Other,31,348.19354838709677,31,348.19354838709677,False
120.0,0.0,10,4,7,2023,False,223,58,3,1,2326.0,1766.0,4,False,False,Other,0,0.0,1,0.0,True
83.0,0.0,0,0,5,2023,False,256,58,3,3,5.0,4499.0,2,False,False,Other,0,0.0,9,0.0,True
20.0,0.0,13,5,5,2023,False,255,29,3,1,5.0,6313.0,2,False,False,Productivity,0,0.0,4,0.0,True
235.0,76.0,1,2,6,2026,True,54,41,3,2,503.0,12575.0,7,True,False,Productivity,0,234.6,18,0.8,True
78.0,21.0,7,0,3,2023,True,251,51,3,1,1164.0,1546.0,5,False,True,Health & Fitness,0,0.0,0,0.0,False
109.0,1.0,17,4,5,2023,False,251,47,3,1,479.0,1308.0,8,False,True,Other,0,0.0,6,1.4,True
1.0,0.0,9,1,7,2023,False,239,37,2,1,2891.0,3195.0,3,False,True,Android,0,0.0,2581,3.8,True
174.0,102.0,7,3,4,2026,True,47,53,3,1,589689.0,2392.0,7,True,False,Productivity,10,215.7,0,384.5,True
8.0,0.0,7,4,7,2023,True,60,27,1,1,1421.0,1183.0,6,True,True,Analytics,0,0.0,0,2.1,True
3.0,1.0,7,6,5,2023,True,272,48,4,1,11043.0,2146.0,5,True,True,Developer Tools,0,0.0,12,0.0,True
105.0,33.0,7,6,6,2023,True,61,46,3,3,5.0,3869.0,8,True,False,Open Source,0,0.0,13,2.6,True
340.0,77.0,7,3,7,2026,True,46,42,3,3,4196.0,5154.0,6,True,False,Developer Tools,0,0.0,0,0.0,True
149.0,74.0,0,0,7,2026,True,313,53,3,1,2586.0,1073.0,6,True,False,Mac,0,0.0,2048,4.5,True
176.0,11.0,7,3,6,2026,True,500,43,3,1,88776.0,796.0,6,True,False,Other,0,0.0,0,127.7,True
1.0,3.0,7,1,7,2023,True,268,44,2,1,83790.0,4709.0,1,False,True,Other,0,0.0,15,3.9,True
296.0,87.0,23,6,5,2020,False,497,54,3,1,2853.0,7513.0,5,True,False,Other,4,269.75,4,269.75,False
15.0,35.0,7,2,5,2023,True,43,49,3,1,5.0,2995.0,6,False,False,Other,0,0.0,0,0.0,True
127.0,27.0,7,2,6,2026,False,56,56,3,3,114.0,670.0,5,False,False,Other,0,0.0,0,0.0,False
93.0,3.0,7,5,5,2023,True,207,48,3,1,222.0,616.0,9,True,True,Other,0,0.0,0,0.0,False
279.0,2.0,1,4,5,2023,False,279,37,3,1,3950.0,6705.0,5,False,False,SaaS,0,0.0,15,0.0,True
98.0,3.0,0,3,5,2026,False,60,46,3,1,166403.0,719.0,4,False,True,Productivity,0,0.0,0,1.0,True
195.0,29.0,0,3,6,2026,True,495,53,3,1,304.0,884.0,7,True,False,Other,0,0.0,0,0.0,False
412.0,99.0,7,6,6,2026,True,44,44,3,2,375.0,1767.0,4,False,False,Productivity,0,0.0,0,0.0,False
10.0,1.0,4,5,7,2023,True,66,54,1,1,4200.0,689.0,4,False,False,iOS,0,0.0,0,4.6,True
144.0,0.0,7,4,7,2024,False,259,58,3,1,4931.0,2980.0,6,True,True,Marketing,0,0.0,2385,218.3,True
113.0,25.0,7,0,6,2023,True,34,26,3,3,10330.0,2493.0,4,False,False,Other,0,0.0,0,0.0,True
97.0,25.0,7,1,3,2023,True,241,55,3,5,139932.0,188.0,9,False,False,Fintech,0,0.0,920,198.4,False
93.0,4.0,9,0,7,2023,False,138,42,3,1,5.0,6111.0,4,False,False,Analytics,0,0.0,444,0.0,True
205.0,140.0,0,4,7,2026,False,66,34,3,2,70223.0,801.0,3,True,False,Chrome Extensions,0,0.0,849,193.8,True
196.0,23.0,7,6,5,2026,True,261,45,3,1,1448.0,486.0,7,False,False,Mac,0,0.0,16,238.1,True
3.0,0.0,6,3,3,2023,True,191,30,3,0,191696.0,688.0,4,False,True,Productivity,0,0.0,4,236.6,True
156.0,28.0,0,4,6,2026,True,484,46,3,1,83.0,757.0,4,False,False,Developer Tools,0,0.0,0,0.0,False
6.0,2.0,7,6,3,2023,True,245,59,3,1,5.0,4587.0,1,False,False,Other,0,0.0,0,237.6,True
89.0,16.0,9,5,1,2023,True,163,36,2,1,213.0,706.0,2,True,True,Developer Tools,0,0.0,0,0.0,False
226.0,90.0,7,6,7,2026,True,58,53,3,1,346564.0,4396.0,8,True,False,Fintech,8,0.0,623,1.6,True
21.0,33.0,7,4,7,2026,False,259,56,3,1,5.0,2856.0,8,False,False,Other,0,0.0,0,0.0,True
162.0,84.0,1,0,6,2026,True,59,30,3,1,5.0,16084.0,4,False,False,Design Tools,0,0.0,0,0.0,True
720.0,7.0,7,3,7,2026,False,254,60,3,3,5337.0,5650.0,4,True,False,Design Tools,0,0.0,7,0.2,True
11.0,1.0,7,1,5,2023,False,224,43,1,1,5.0,1632.0,2,False,True,Design Tools,0,4.3,2,1.8,True
106.0,22.0,7,0,3,2023,True,145,54,1,1,68333.0,1737.0,4,False,True,Other,0,0.0,290,0.0,True
120.0,2.0,7,4,5,2023,False,225,60,3,1,1732.0,409.0,4,False,False,Other,0,1.0,0,1.8,True
271.0,10.0,7,4,5,2023,True,238,52,3,1,4812.0,1100.0,6,True,False,Social Media,0,0.0,0,0.0,True
15.0,0.0,3,4,3,2023,False,282,36,5,1,5.0,3221.0,2,False,True,Mac,0,0.0,7,0.0,True
601.0,185.0,0,2,6,2026,True,48,36,3,1,2867.0,6257.0,7,True,False,Open Source,2,258.0,2,258.0,False
3.0,0.0,12,3,3,2023,True,241,21,3,1,1091.0,3304.0,1,False,True,Other,0,0.0,1006,3.3,True
669.0,10.0,7,4,6,2026,True,57,40,3,1,1077.0,10359.0,9,False,False,Other,0,0.0,26,216.3,True
114.0,11.0,7,4,5,2023,True,182,60,1,1,161.0,5634.0,6,True,False,Design Tools,4,187.5,0,0.0,False
157.0,0.0,10,4,3,2023,False,289,35,3,1,1866.0,820.0,1,True,False,Other,0,0.0,0,0.0,True
117.0,63.0,7,4,6,2026,False,269,31,3,1,67913.0,4209.0,8,False,False,Other,0,0.0,0,0.0,True
120.0,6.0,7,6,3,2025,False,40,40,3,1,5.0,1815.0,2,False,False,Productivity,0,0.0,17,0.0,True
105.0,2.0,7,1,5,2026,True,54,35,3,1,5.0,13492.0,8,True,False,Design Tools,0,0.0,0,0.0,True
128.0,42.0,7,3,5,2023,False,55,57,2,3,3504.0,10.0,5,False,False,Mac,0,0.0,17,0.0,True
3.0,1.0,19,4,5,2023,False,231,60,3,1,258.0,1351.0,3,True,True,Productivity,0,0.0,0,0.0,False
113.0,0.0,10,4,7,2026,False,258,58,1,3,5.0,602.0,13,False,True,Productivity,0,0.0,0,0.0,True
396.0,25.0,7,4,5,2026,True,500,41,3,1,4056.0,12140.0,8,True,False,Other,0,0.0,20,402.3,True
216.0,35.0,7,3,5,2023,True,230,36,3,4,5.0,892.0,6,True,True,SaaS,0,0.0,0,7.0,True
467.0,4.0,7,5,5,2023,True,245,25,3,1,393.0,1771.0,3,True,True,Education,0,0.0,4,0.0,True
182.0,0.0,7,6,7,2026,True,365,51,3,1,3161.0,867.0,7,True,False,Other,0,0.0,0,0.0,True
408.0,35.0,7,3,5,2026,False,53,59,3,1,5.0,4971.0,6,True,False,Productivity,0,47.8,0,0.0,True
143.0,110.0,7,5,7,2026,False,54,59,3,2,2028.0,1798.0,11,False,False,Developer Tools,0,0.0,7,0.1,True
11.0,0.0,8,3,5,2023,False,117,23,2,1,156674.0,2720.0,3,False,True,Other,0,0.0,11,0.0,True
330.0,67.0,7,4,3,2025,True,43,59,2,1,3373.0,2594.0,6,True,False,SaaS,0,1.6,0,196.4,True
370.0,18.0,7,6,7,2026,True,43,35,3,1,636.0,1991.0,6,False,False,Other,6,0.0,0,0.0,True
93.0,5.0,7,1,7,2026,True,474,42,3,1,5.0,10.0,8,True,False,Other,0,0.0,0,0.3,True
244.0,12.0,0,1,6,2026,True,259,29,3,1,52374.0,11379.0,9,True,False,Web App,0,282.7,36,1.5,True
132.0,121.0,7,6,7,2026,True,66,50,3,1,2074.0,1774.0,4,True,False,Productivity,0,0.0,28,8.3,True
280.0,31.0,7,4,6,2026,True,74,46,3,3,1359.0,5933.0,6,True,False,Other,28,195.9,0,0.0,True
416.0,0.0,7,3,5,2026,False,48,41,3,1,47369.0,458.0,4,False,False,Other,0,0.0,0,200.9,True
90.0,13.0,7,3,6,2026,False,41,41,3,3,87.0,151.0,8,False,False,Productivity,0,0.0,0,0.0,False
1.0,0.0,9,1,3,2023,False,64,48,2,1,561.0,988.0,4,True,True,Other,0,0.0,0,0.0,True
120.0,53.0,7,4,9,2023,False,228,57,3,1,126213.0,7073.0,6,True,False,Marketing,0,0.0,502,1.1,True
16.0,22.0,14,4,5,2026,True,428,57,1,1,169316.0,4542.0,4,True,False,Design Tools,0,0.0,0,0.0,True
4.0,0.0,15,4,5,2023,False,259,42,3,1,5.0,2609.0,1,False,True,Productivity,0,0.0,2991,3.9,True
30.0,6.0,13,1,7,2023,False,279,57,3,3,1063.0,10.0,1,False,True,Design Tools,0,0.0,0,0.9,True
78.0,2.0,7,5,5,2023,True,166,48,4,1,28.0,1220.0,6,False,True,Android,0,0.0,0,0.0,False
132.0,2.0,7,4,5,2023,True,266,30,5,2,5.0,5826.0,1,False,True,Design Tools,0,0.0,4,2.0,True
231.0,9.0,7,6,7,2026,True,42,59,3,3,604.0,3238.0,4,True,False,Productivity,3,75.5,8,0.0,True
86.0,0.0,7,3,7,2023,False,222,25,3,0,4093.0,4105.0,6,False,False,API,0,0.0,0,6.7,True
1518.0,0.0,7,1,7,2023,False,251,60,3,1,1408.0,1227.0,4,True,False,Other,0,0.0,0,309.1,True
235.0,35.0,7,0,6,2023,True,261,38,3,1,3340.0,526.0,5,True,False,Design Tools,0,0.8,0,0.0,True
118.0,0.0,7,3,7,2023,False,232,32,1,1,1287.0,1061.0,3,False,True,Productivity,0,0.6,0,0.0,True
448.0,0.0,7,2,6,2026,True,69,60,3,1,1451.0,4011.0,5,False,False,Other,0,0.0,21,215.2,True
213.0,9.0,7,0,7,2026,False,242,41,3,1,5.0,3007.0,5,True,False,Productivity,0,0.0,0,4.4,True
122.0,39.0,7,3,7,2026,False,56,26,2,1,5.0,2648.0,6,False,False,Fintech,0,0.0,0,4.1,True
281.0,47.0,7,0,6,2026,False,298,53,5,4,1098.0,1045.0,6,False,False,API,0,0.0,28,183.5,True
106.0,0.0,7,1,5,2023,True,280,34,3,1,4553.0,637.0,6,False,True,Android,0,0.0,1445,0.8,True
43.0,65.0,7,4,5,2026,False,259,46,3,1,185612.0,564.0,6,True,False,Other,0,0.0,0,265.4,True
344.0,16.0,9,1,7,2023,False,61,59,3,3,5.0,1722.0,15,False,False,Other,0,0.0,0,0.0,True
16.0,23.0,7,4,1,2023,False,226,42,3,1,79095.0,2254.0,0,True,True,Chrome Extensions,0,0.0,9,189.9,True
62.0,0.0,12,5,5,2024,False,254,36,3,1,690.0,360.0,3,False,True,Developer Tools,0,0.0,0,0.1,True
51.0,0.0,7,1,5,2023,True,299,30,3,1,582.0,601.0,6,True,True,Android,0,0.0,381,193.8,True
11.0,0.0,7,1,3,2023,True,185,42,3,1,471.0,390.0,3,False,True,Other,0,3.0,0,0.0,True
136.0,2.0,7,3,1,2025,False,196,60,3,3,5.0,4119.0,5,True,True,Web App,0,0.0,0,0.0,True
2.0,0.0,11,3,7,2023,False,255,59,3,1,695.0,477.0,9,False,True,Other,0,0.0,0,0.0,False
11.0,0.0,12,0,7,2023,False,226,32,2,1,5.0,3344.0,1,False,True,Productivity,0,0.0,0,0.0,True
129.0,43.0,7,0,7,2024,True,324,42,5,0,5.0,773.0,8,True,True,Other,0,0.0,1792,2.9,True
4.0,1.0,8,1,3,2023,False,188,48,3,1,358.0,719.0,3,False,True,Productivity,0,0.0,0,0.0,False
3.0,0.0,8,1,3,2023,False,69,33,5,1,1526.0,5716.0,8,True,True,Android,1,3.0,1,3.0,False
8.0,0.0,7,1,5,2023,False,265,57,4,1,2036.0,512.0,2,False,True,Chrome Extensions,0,0.0,0,0.0,True
234.0,42.0,7,4,7,2026,True,59,57,3,1,5.0,11819.0,6,True,False,Chrome Extensions,0,200.9,1,312.3,True
198.0,6.0,7,0,5,2023,False,250,30,3,3,861.0,2211.0,3,True,False,Design Tools,0,0.0,9,0.1,True
7.0,2.0,0,5,5,2026,False,430,28,3,1,354.0,3378.0,7,False,False,Productivity,0,0.0,0,0.0,False
86.0,1.0,7,3,5,2023,False,217,50,4,1,5.0,105.0,6,False,True,Hiring,0,0.0,0,0.0,True
9.0,0.0,7,3,5,2023,False,247,47,2,1,94657.0,4751.0,4,False,True,Design Tools,0,0.0,0,0.0,True
1.0,2.0,7,4,5,2023,False,261,49,2,1,68980.0,2001.0,4,False,True,Education,0,0.0,0,3.8,True
13.0,1.0,7,6,6,2026,False,55,55,3,3,277.0,89.0,6,False,True,Productivity,0,0.0,0,0.0,False
74.0,5.0,8,6,5,2023,True,247,42,3,1,178.0,1776.0,2,False,True,Other,0,0.0,0,0.0,False
2.0,0.0,7,0,7,2023,True,251,30,1,1,5.0,866.0,6,False,True,SaaS,0,0.0,5,212.7,True
16.0,0.0,13,3,3,2023,False,284,43,3,1,1079.0,942.0,5,False,True,Other,0,0.0,4,201.2,True
67.0,4.0,14,0,7,2023,False,201,52,3,3,182646.0,1725.0,4,True,True,Design Tools,0,2.7,0,0.0,True
816.0,26.0,7,4,7,2026,True,72,46,3,1,972.0,991.0,6,True,False,Other,0,52.0,13,3.9,True
3.0,1.0,22,4,5,2023,False,189,26,3,2,64645.0,1155.0,5,False,False,Education,0,0.0,417,189.86810551558753,False
124.0,48.0,7,3,5,2026,True,52,34,2,1,2973.0,502.0,7,True,False,Artificial Intelligence,0,0.0,7,0.0,True
25.0,0.0,16,0,5,2023,False,271,42,3,1,61642.0,1501.0,2,False,True,Education,0,0.0,0,0.0,True
123.0,21.0,7,6,11,2023,False,52,58,3,3,2430.0,1023.0,6,True,False,Productivity,0,0.0,0,0.0,True
70.0,3.0,7,0,3,2023,True,174,52,3,3,61975.0,108.0,2,True,True,Android,0,0.0,400,220.0,False
208.0,39.0,16,4,5,2026,False,221,53,3,1,5.0,778.0,4,True,False,Other,0,0.0,0,0.0,True
114.0,0.0,8,3,3,2023,True,232,47,1,1,899.0,860.0,1,True,False,Marketing,0,0.4,24,0.0,True
183.0,95.0,7,3,7,2023,True,70,58,3,2,2844.0,992.0,4,False,False,Android,0,0.7,10,2.9,True
126.0,20.0,8,0,3,2023,True,228,50,4,2,34683.0,35.0,1,False,False,Chrome Extensions,0,0.0,216,208.7314814814815,False
510.0,24.0,7,2,6,2026,True,370,58,3,4,930.0,11085.0,5,True,False,Productivity,0,0.0,15,199.4,True
174.0,30.0,7,6,7,2026,True,500,43,3,1,193485.0,496.0,6,False,False,iOS,0,0.0,15,0.6,True
265.0,74.0,7,6,7,2026,True,72,60,3,1,5.0,11069.0,6,False,False,Other,0,0.0,3,208.2,True
454.0,44.0,7,6,6,2026,True,54,54,3,3,61.0,588.0,7,True,False,Developer Tools,0,0.0,0,0.0,False
13.0,0.0,6,3,3,2023,False,237,49,2,0,583.0,1235.0,3,True,True,Other,0,0.0,0,0.4,True
341.0,53.0,1,4,6,2026,True,73,56,3,3,3485.0,2703.0,8,True,False,Productivity,0,0.0,0,505.0,True
211.0,45.0,7,5,7,2026,True,45,45,3,3,460.0,5186.0,7,True,False,Productivity,0,0.0,0,0.0,False
392.0,137.0,7,4,7,2026,True,469,38,3,1,5.0,31325.0,9,True,False,Developer Tools,0,0.0,7,0.0,True
2.0,1.0,16,3,7,2023,False,258,51,1,1,462.0,422.0,5,True,True,Artificial Intelligence,0,0.0,0,0.0,False
4.0,188.0,7,2,5,2026,False,49,27,3,1,2112.0,2580.0,3,False,False,Other,0,0.0,0,0.0,True
139.0,5.0,0,0,5,2023,True,41,27,3,1,223639.0,5051.0,6,True,False,Chrome Extensions,0,0.0,353,216.8,True
1.0,0.0,7,4,7,2023,False,165,59,3,1,1492.0,732.0,2,False,False,Other,0,0.0,0,0.0,True
1.0,0.0,5,3,7,2023,False,252,39,3,1,3242.0,5180.0,3,False,True,Other,0,0.0,0,3.0,True
105.0,29.0,7,1,6,2026,False,54,55,3,1,5.0,4044.0,6,True,False,Productivity,0,0.0,5,0.6,True
69.0,1.0,7,0,3,2023,True,226,44,2,1,10.0,1285.0,2,True,True,Other,0,0.0,0,0.0,False
19.0,0.0,12,0,5,2025,False,239,53,3,0,5.0,4499.0,6,False,False,Writing,0,0.5,0,205.1,True
105.0,5.0,8,3,5,2023,True,295,29,3,3,2025.0,623.0,6,False,True,Hiring,0,0.0,0,2.7,True
115.0,11.0,0,0,5,2026,False,351,55,3,1,199.0,211.0,8,False,False,Productivity,0,0.0,0,0.0,False
152.0,20.0,7,6,6,2026,True,49,57,3,3,118755.0,900.0,6,False,False,Other,0,0.0,7,222.4,True
1.0,0.0,6,3,7,2023,True,270,30,2,1,5.0,3882.0,1,False,True,Other,0,0.0,2753,5.3,True
696.0,31.0,7,4,6,2026,False,460,30,3,1,683.0,8413.0,9,True,False,Chrome Extensions,0,259.6,14,310.2,True
32.0,0.0,8,3,3,2023,False,266,33,3,0,1717.0,701.0,3,False,True,Chrome Extensions,0,0.0,0,0.0,True
144.0,109.0,7,6,6,2026,True,397,21,3,1,1129.0,7823.0,7,True,False,Other,0,0.0,2408,261.5,True
132.0,19.0,7,3,6,2026,True,483,40,3,1,716.0,2979.0,5,True,False,Email,0,0.0,0,0.0,False
132.0,1.0,7,5,7,2023,False,265,55,3,1,5.0,813.0,6,True,False,Email,0,0.0,10,0.0,True
29.0,54.0,7,1,7,2026,True,62,26,3,1,95461.0,1610.0,6,False,False,Developer Tools,0,0.0,0,3.9,True
23.0,0.0,7,5,5,2023,False,233,32,3,1,5.0,638.0,2,False,True,Marketing,0,0.0,11,0.0,True
641.0,7.0,0,1,5,2023,False,180,45,3,1,5.0,1807.0,6,True,False,Artificial Intelligence,0,2.4,3,0.0,True
25.0,12.0,7,4,7,2026,False,58,58,2,1,146.0,246.0,6,False,False,Productivity,0,0.0,0,0.0,False
5.0,4.0,11,1,5,2023,True,191,19,1,1,501.0,771.0,8,False,True,Productivity,0,0.0,7,0.0,True
86.0,3.0,8,6,5,2023,True,235,35,2,2,67483.0,205.0,1,False,False,Productivity,0,0.0,437,184.49656750572083,False
3.0,6.0,12,1,3,2023,False,228,42,2,1,92012.0,4497.0,4,False,True,Android,0,0.0,27,2.8,True
3.0,21.0,7,1,5,2026,True,151,45,3,1,78.0,645.0,8,True,False,Health & Fitness,0,0.0,1,0.0,True
83.0,0.0,21,0,3,2026,False,240,60,3,1,386.0,1652.0,6,True,False,Other,0,0.0,2,0.0,True
3.0,0.0,19,1,3,2023,False,187,60,2,1,156.0,220.0,5,True,True,Developer Tools,0,0.0,0,0.0,False
19.0,0.0,7,4,3,2023,True,269,60,2,1,1612.0,2537.0,3,False,True,Other,0,0.0,3,0.0,True
7.0,0.0,7,5,3,2023,False,241,32,1,3,3733.0,860.0,3,False,True,Productivity,0,0.0,1966,0.1,True
300.0,52.0,7,2,5,2026,True,66,58,3,1,1565.0,1371.0,6,True,False,Productivity,0,0.0,31,0.0,True
1.0,89.0,7,5,7,2023,True,271,57,2,2,5.0,1184.0,5,True,False,Writing,0,0.0,0,1.9,True
559.0,6.0,7,0,10,2026,False,179,50,3,1,1109.0,1292.0,4,False,False,Other,0,0.0,0,0.0,True
188.0,4.0,7,4,7,2024,True,242,31,3,1,3442.0,1465.0,4,False,False,Artificial Intelligence,0,0.0,0,3.0,True
123.0,33.0,7,3,6,2026,False,48,48,3,1,62.0,2341.0,6,False,True,Other,0,0.0,0,0.0,False
10.0,0.0,6,3,3,2023,False,242,27,1,1,2808.0,3129.0,2,False,True,Android,0,0.0,15,0.0,True
176.0,52.0,7,0,3,2023,True,198,59,3,3,59851.0,732.0,5,True,False,Other,0,0.0,386,222.39896373056996,False
82.0,1.0,11,4,5,2023,True,233,58,3,1,5.0,800.0,6,False,True,Chrome Extensions,0,0.0,10,182.9,True
111.0,5.0,7,1,5,2026,True,256,21,3,8,1288.0,70.0,20,True,False,Design Tools,0,0.0,1432,2.8,True
73.0,0.0,21,1,5,2023,False,61,42,1,0,2470.0,396.0,4,False,False,Open Source,0,1.6,0,0.5,True
172.0,1.0,7,0,7,2025,False,224,57,3,1,100922.0,534.0,4,True,False,Other,0,0.0,0,210.5,True
3.0,1.0,23,3,1,2023,False,230,32,1,1,41.0,1048.0,1,False,True,Productivity,0,0.0,0,0.0,False
202.0,68.0,7,3,6,2026,True,40,40,3,3,959.0,186.0,4,True,True,Productivity,0,0.0,0,0.0,False
1.0,4.0,8,3,5,2023,True,216,30,2,1,5.0,2124.0,0,False,True,Android,0,0.0,0,0.0,True
1.0,5.0,7,3,3,2023,False,273,32,1,1,939.0,840.0,9,True,True,Artificial Intelligence,0,0.0,0,1.5,True
145.0,14.0,7,0,6,2026,True,46,23,3,1,3559.0,5976.0,4,True,False,Design Tools,0,0.0,16,15.0,True
3.0,1.0,13,0,3,2023,False,88,45,2,0,743.0,16.0,2,True,False,Design Tools,0,0.0,0,0.0,False
1.0,2.0,9,0,3,2023,True,280,48,1,1,4718.0,56.0,2,False,True,Productivity,0,0.0,2,0.0,True
85.0,1.0,7,3,7,2023,True,173,32,3,1,41344.0,422.0,6,True,True,Productivity,0,0.0,5,0.0,True
1.0,0.0,6,5,3,2023,True,236,57,4,1,5.0,1122.0,3,False,True,Android,0,0.0,0,3.3,True
69.0,6.0,1,3,5,2023,False,408,59,1,2,5.0,10.0,3,True,True,Open Source,0,0.0,3,0.0,True
11.0,0.0,7,3,7,2023,False,260,52,3,1,2325.0,2608.0,3,True,True,Artificial Intelligence,0,0.0,0,0.0,True
95.0,26.0,7,4,7,2026,False,200,34,3,1,5.0,1448.0,6,False,False,Other,0,0.0,1166,0.0,True
9.0,0.0,7,3,7,2023,False,240,48,2,1,5.0,454.0,4,False,True,Design Tools,0,0.2,0,0.0,True
131.0,11.0,7,6,5,2026,True,49,53,3,2,5.0,3475.0,4,False,False,Other,0,0.0,0,2.0,True
163.0,46.0,7,4,7,2023,True,158,50,2,1,565.0,1801.0,5,False,True,Other,1,2.0,1,2.0,False
4.0,0.0,14,3,3,2023,False,234,58,4,1,2110.0,2292.0,0,False,True,Design Tools,0,0.0,14,0.0,True
25.0,1.0,4,0,5,2023,True,255,49,3,1,2506.0,949.0,5,True,False,Design Tools,0,0.0,0,0.0,True
8.0,0.0,17,4,7,2023,False,247,19,2,1,5.0,1259.0,2,False,True,Other,0,0.0,0,0.0,True
122.0,0.0,4,3,5,2023,False,251,34,3,1,577.0,752.0,6,False,False,Web App,0,0.0,12,2.3,True
779.0,0.0,7,3,5,2026,True,63,59,3,1,5.0,1125.0,6,True,False,Other,0,0.0,15,3.7,True
9.0,14.0,7,0,3,2026,False,54,34,3,1,3170.0,22605.0,8,True,False,Productivity,0,0.0,0,2.6,True
390.0,12.0,7,2,6,2026,False,69,47,3,1,5.0,6932.0,6,True,False,Productivity,0,0.0,0,4.2,True
9.0,0.0,8,0,3,2023,True,268,34,2,0,5.0,2977.0,2,False,True,Other,0,0.0,0,1.6,True
81.0,1.0,7,3,7,2023,True,152,35,3,1,127.0,317.0,4,True,True,Analytics,0,0.0,0,0.0,False
5.0,1.0,14,5,4,2023,False,231,40,2,1,3683.0,1042.0,6,False,False,Artificial Intelligence,0,0.3,11,1.4,True
106.0,0.0,14,3,7,2023,True,249,59,3,1,5.0,1413.0,6,False,False,Education,0,0.0,9,189.8,True
66.0,4.0,8,3,1,2023,True,253,56,5,0,287.0,666.0,2,True,False,Other,0,0.0,0,0.0,False
231.0,98.0,7,4,3,2025,True,268,27,3,2,5.0,480.0,3,False,False,Other,0,0.0,10,0.0,True
10.0,5.0,9,4,7,2023,False,245,60,3,1,5.0,339.0,6,False,False,Other,0,0.0,0,0.0,True
113.0,19.0,7,4,7,2023,False,65,53,3,1,5.0,640.0,6,False,False,Design Tools,0,0.0,0,4.3,True
118.0,14.0,7,2,7,2023,True,213,58,2,0,5.0,781.0,6,True,False,Mac,0,0.0,17,0.0,True
526.0,62.0,0,4,7,2026,True,65,39,3,3,5.0,1119.0,6,True,False,Other,1,0.0,7,2.5,True
333.0,10.0,7,6,7,2026,False,56,59,3,3,5.0,926.0,4,False,False,Other,4,0.0,0,66.4,True
126.0,0.0,7,3,3,2023,True,53,27,2,1,101369.0,827.0,5,True,False,API,0,0.0,25,0.0,True
3.0,1.0,10,5,5,2023,False,252,59,3,1,425.0,1124.0,1,False,True,Email,1,4.0,1,4.0,False
53.0,45.0,7,6,7,2026,False,364,48,3,2,64.0,10.0,6,True,False,Other,0,0.0,0,0.0,True
3.0,1.0,9,6,5,2023,False,70,30,1,0,877.0,930.0,2,False,False,Marketing,0,0.0,0,0.0,False
104.0,0.0,7,1,3,2026,False,38,58,3,3,5.0,1017.0,6,False,False,Other,0,0.0,14,4.0,True
104.0,1.0,7,1,7,2023,True,264,41,3,1,146369.0,840.0,9,False,False,Other,0,0.0,20,0.0,True
104.0,7.0,7,4,7,2023,True,263,37,4,0,5.0,819.0,3,False,True,Writing,0,0.0,0,1.4,True
7.0,3.0,9,5,5,2023,True,249,49,3,1,50884.0,4384.0,2,False,True,Developer Tools,0,0.0,0,3.4,True
220.0,10.0,7,5,7,2026,False,470,58,3,1,100899.0,447.0,7,True,False,Android,0,0.0,8,0.0,True
30.0,12.0,7,6,5,2023,True,45,18,3,5,5.0,2552.0,6,False,True,Health & Fitness,0,0.0,0,0.0,True
99.0,1.0,0,1,7,2026,True,258,47,3,1,495451.0,1350.0,3,False,False,Design Tools,0,0.0,0,1.2,True
119.0,193.0,19,6,7,2023,True,252,58,3,1,1249.0,1523.0,6,False,False,Other,0,0.0,0,219.3,True
281.0,96.0,7,4,5,2026,True,277,59,3,1,1487.0,24887.0,4,False,False,Productivity,31,0.5,20,181.5,True
18.0,3.0,7,3,3,2023,True,309,30,3,1,5.0,4357.0,6,False,False,Other,0,0.0,11,0.2,True
6.0,0.0,7,4,7,2023,True,195,39,1,1,973.0,2105.0,1,False,False,Other,0,0.0,12,0.2,True
3.0,1.0,17,0,3,2023,False,233,59,3,1,47.0,89.0,3,False,True,Other,0,0.0,0,0.0,False
4.0,1.0,11,0,3,2023,False,215,58,3,1,105.0,698.0,3,False,True,Other,0,0.0,0,0.0,False
6.0,40.0,22,4,3,2023,True,250,32,3,1,5.0,686.0,9,False,True,Other,0,0.0,0,0.0,True
305.0,13.0,15,1,1,2020,True,445,59,3,1,495.0,544.0,2,False,False,Other,0,0.0,0,0.0,False
189.0,9.0,7,2,9,2026,True,36,37,3,4,2008.0,5917.0,6,True,False,Other,2,230.7,6,177.9,True
6.0,2.0,14,3,1,2023,False,119,40,2,6,5.0,1135.0,2,False,False,Android,0,0.3,15,0.0,True
249.0,72.0,7,4,11,2023,True,59,38,3,10,5.0,8922.0,6,False,False,Productivity,0,0.0,3896,315.0,True
800.0,4.0,7,4,5,2023,True,261,39,3,1,171917.0,317.0,2,False,True,Other,0,0.0,0,0.5,True
144.0,0.0,7,3,7,2023,True,242,51,2,1,5.0,1159.0,6,True,False,Android,0,0.0,0,0.0,True
142.0,1.0,7,6,5,2026,False,229,27,3,1,685.0,3289.0,6,True,False,Other,0,0.0,22,217.1,True
251.0,8.0,9,6,3,2023,True,251,45,3,2,1306.0,2666.0,8,False,False,Design Tools,0,3.6,0,0.0,True
173.0,29.0,7,3,5,2026,True,273,51,3,3,5.0,546.0,5,True,False,Other,0,0.0,944,1.3,True
142.0,95.0,1,2,5,2026,False,22,60,3,3,1678.0,2638.0,5,True,False,Analytics,0,0.0,0,0.4,True
170.0,8.0,0,2,6,2026,True,247,55,3,1,5346.0,13843.0,6,True,False,Other,14,331.5,14,331.5,False
1.0,0.0,7,3,4,2023,True,230,60,3,1,5.0,1368.0,6,True,False,Other,0,2.0,11,0.0,True
4.0,2.0,18,4,7,2023,False,65,36,1,0,1477.0,3344.0,3,False,False,Productivity,0,0.0,854,3.8,True
116.0,4.0,7,1,5,2023,True,260,37,3,0,5.0,10.0,6,False,False,Writing,0,0.0,0,3.7,True
24.0,3.0,7,4,5,2023,True,232,45,3,1,33290.0,2478.0,7,False,True,Other,0,0.0,20,202.7,True
196.0,233.0,0,6,11,2026,True,38,59,3,1,1079.0,9923.0,6,False,False,Productivity,37,0.0,1,290.0,True
12.0,0.0,5,3,1,2023,False,254,39,3,1,261.0,1850.0,4,True,False,API,0,0.0,0,0.0,True
252.0,0.0,7,1,7,2026,True,72,45,3,2,2047.0,2129.0,9,True,False,API,0,0.0,325,0.0,True
266.0,55.0,7,5,5,2026,True,479,48,3,4,2896.0,9175.0,9,False,False,Productivity,1,0.0,0,1.8,True
5.0,0.0,9,0,3,2023,False,250,27,2,1,752.0,2112.0,3,False,True,Marketing,0,0.0,462,0.0,True
156.0,16.0,7,6,7,2026,True,58,25,3,4,1816.0,4050.0,8,True,False,Productivity,0,0.0,0,5.0,True
40.0,0.0,7,0,10,2026,False,41,58,3,2,2059.0,1193.0,7,True,False,Other,0,0.0,13,328.5,True
214.0,45.0,7,5,7,2023,True,49,23,2,1,58.0,357.0,5,True,False,Marketing,0,0.0,16,257.5,True
9.0,0.0,7,3,5,2023,True,273,60,3,1,743.0,10.0,6,True,False,Other,0,0.0,4,1.6,True
14.0,3.0,7,3,5,2023,False,247,41,3,1,2695.0,372.0,3,False,True,Developer Tools,0,0.0,5,0.0,True
70.0,0.0,4,3,5,2023,True,234,40,2,3,5.0,1667.0,3,True,False,Android,0,0.0,0,0.0,True
105.0,35.0,7,0,7,2026,True,47,60,3,3,104854.0,1648.0,6,True,False,Other,0,0.0,0,1.5,True
1.0,0.0,7,4,5,2023,False,81,17,3,1,4021.0,234.0,8,False,True,Artificial Intelligence,0,0.0,0,0.0,True
77.0,13.0,7,4,7,2025,True,62,36,3,1,5.0,3657.0,4,False,False,API,0,0.0,0,0.6,True
427.0,195.0,7,2,3,2026,True,52,50,3,2,885.0,6745.0,6,True,False,Productivity,0,181.5,13,329.6,True
652.0,0.0,13,5,7,2023,False,231,46,1,1,123294.0,2431.0,8,True,False,Marketing,0,1.7,0,0.0,True
138.0,10.0,7,4,7,2023,True,51,43,3,1,5.0,900.0,6,False,False,Artificial Intelligence,0,0.0,3,0.0,True
430.0,203.0,7,1,3,2023,True,227,44,3,11,363553.0,4912.0,8,False,False,Productivity,0,0.0,2410,205.7095435684647,False
3.0,1.0,6,4,1,2023,False,246,26,3,1,116.0,1151.0,4,False,True,Other,0,0.0,0,0.0,False
1.0,2.0,7,3,3,2023,True,158,59,4,0,61040.0,4361.0,4,False,True,Android,0,0.0,3639,2.8,True
63.0,34.0,7,3,7,2023,True,243,46,3,1,1392.0,1216.0,4,True,False,Design Tools,0,0.7,0,0.2,True
610.0,64.0,6,6,7,2026,True,42,39,3,1,5.0,6724.0,4,False,False,Other,6,0.0,0,221.7,True
365.0,2.0,0,4,3,2023,True,227,30,3,1,5.0,1725.0,6,False,False,Other,0,0.0,7,2.9,True
735.0,75.0,0,6,7,2026,True,400,37,3,1,74096.0,1414.0,7,True,False,Productivity,0,177.1,6,303.2,True
417.0,118.0,1,3,6,2026,True,22,60,3,1,1833.0,5950.0,8,True,False,Productivity,0,0.0,6,0.2,True
95.0,0.0,21,3,7,2023,False,151,51,4,1,516.0,1567.0,6,False,True,Design Tools,0,0.0,10,1.4,True
7.0,1.0,18,4,1,2023,False,233,58,3,1,5.0,4616.0,2,False,True,Open Source,0,0.0,0,0.0,False
129.0,35.0,7,2,7,2026,False,43,43,3,2,102.0,1003.0,7,False,False,Other,0,0.0,0,0.0,False
95.0,27.0,7,3,10,2026,True,45,53,3,1,6120.0,3186.0,8,True,False,Productivity,10,0.0,16,208.8,True
138.0,0.0,7,4,7,2023,True,188,31,3,0,16762.0,763.0,3,False,False,Other,0,0.0,33,0.5,True
1.0,0.0,7,3,3,2023,False,207,33,4,0,749.0,1580.0,2,False,True,Other,0,0.0,257,3.8,True
104.0,17.0,7,3,7,2023,True,251,32,2,5,333221.0,350.0,3,True,False,Productivity,0,0.0,2204,216.52631578947367,False
176.0,84.0,7,2,7,2026,True,72,35,3,1,5.0,760.0,6,True,False,Other,8,229.5,2,314.9,True
170.0,1.0,7,3,7,2023,True,278,41,3,1,2488.0,3005.0,5,True,False,Email,0,0.0,9,0.0,True
109.0,2.0,0,5,6,2023,True,62,50,3,1,2836.0,18360.0,4,False,False,Other,0,0.0,1336,205.5,True
9.0,2.0,8,5,3,2023,True,248,28,3,1,848.0,1440.0,4,False,True,Other,0,0.0,6,4.9,True
283.0,18.0,7,3,7,2023,True,257,30,3,1,5.0,701.0,7,False,False,Other,0,0.0,0,0.0,True
371.0,14.0,7,6,10,2026,True,53,60,3,1,676.0,2670.0,6,True,False,Other,0,0.0,4,236.7,True
151.0,11.0,7,1,7,2023,True,67,34,3,1,2806.0,1548.0,6,False,False,Other,0,0.0,6,0.5,True
199.0,7.0,7,4,7,2026,True,69,26,3,3,5974.0,13816.0,6,True,False,Productivity,0,35.8,21,271.2,True
93.0,0.0,7,6,5,2023,False,246,46,1,1,2750.0,2272.0,6,True,True,Analytics,0,0.0,0,0.0,True
6.0,0.0,11,0,3,2023,True,238,55,4,1,5.0,1421.0,1,False,True,Design Tools,0,0.0,7,0.0,True
1.0,4.0,23,3,5,2023,False,238,52,3,1,1342.0,1412.0,2,True,True,Other,0,0.0,4,0.0,True
155.0,0.0,23,1,3,2024,True,363,53,4,3,1149.0,221.0,4,True,True,Other,0,0.0,0,214.3,True
95.0,0.0,7,3,5,2023,True,249,59,2,3,5.0,438.0,4,False,True,Other,0,0.0,14,0.0,True
92.0,0.0,7,2,7,2026,False,239,57,3,1,3011.0,996.0,6,False,False,Productivity,0,0.0,5,1.5,True
67.0,14.0,12,3,5,2023,True,240,38,3,2,1419.0,4770.0,6,False,True,Health & Fitness,2,0.0,0,0.0,True
311.0,39.0,7,2,6,2026,True,43,35,3,3,3492.0,23355.0,6,True,False,Productivity,0,0.0,4227,323.5,True
289.0,22.0,7,6,7,2026,True,52,24,3,1,5.0,14452.0,5,True,False,API,13,0.2,1573,0.0,True
268.0,81.0,7,1,6,2026,True,57,57,3,3,602.0,244.0,6,True,False,Productivity,0,0.0,0,0.0,False
16.0,4.0,7,0,7,2023,False,239,38,3,1,2096.0,1054.0,2,True,False,Developer Tools,0,0.0,12,195.0,True
118.0,6.0,8,1,6,2026,True,399,60,3,1,114.0,1504.0,3,False,False,Other,0,0.0,0,0.0,False
90.0,0.0,7,0,7,2023,True,203,36,2,1,5.0,731.0,6,False,True,Other,0,1.3,1725,0.0,True
19.0,4.0,12,3,3,2023,False,227,38,2,0,5.0,984.0,2,False,True,Other,0,0.0,26,3.6,True
167.0,44.0,10,4,7,2023,True,455,43,5,3,1770.0,2138.0,4,False,False,Mac,0,0.4,16,70.3,True
100.0,56.0,8,6,3,2023,False,74,35,3,1,1147.0,2523.0,6,False,False,SaaS,0,0.0,26,4.1,True
102.0,0.0,7,6,5,2023,False,50,34,3,2,5.0,2863.0,5,False,False,Android,0,0.0,799,2.4,True
154.0,24.0,7,4,7,2026,True,48,48,3,2,1819.0,7336.0,5,True,False,Other,4,139.25,4,139.25,False
321.0,79.0,8,6,5,2023,True,72,58,3,1,91.0,3141.0,5,True,True,Other,0,0.0,0,0.0,False
224.0,3.0,7,6,7,2023,True,278,58,3,1,5.0,4710.0,4,False,False,Productivity,0,0.0,3551,198.7,True
8.0,0.0,7,1,5,2023,False,285,27,3,1,1196.0,233.0,3,False,True,Design Tools,0,0.0,0,0.7,True
186.0,0.0,9,0,10,2023,False,246,52,3,1,187447.0,3035.0,5,False,False,Developer Tools,0,0.0,0,0.0,True
27.0,4.0,0,6,6,2026,False,470,45,3,1,21.0,1404.0,1,False,False,Web App,0,0.0,0,0.0,False
122.0,12.0,7,1,5,2023,True,238,36,3,1,22031.0,2412.0,5,False,False,Marketing,0,1.2,8,4.6,True
230.0,56.0,7,4,7,2026,True,60,23,3,1,26365.0,356.0,4,False,False,Other,0,0.0,0,214.2,True
116.0,25.0,7,4,5,2026,True,57,57,3,1,5.0,6307.0,8,False,False,Other,0,0.0,3,2.7,True
24.0,0.0,8,1,3,2023,False,258,37,3,1,1172.0,278.0,2,False,True,Analytics,0,0.0,0,0.0,True
1.0,0.0,11,0,1,2023,False,243,46,1,19,5.0,4557.0,1,False,True,Design Tools,0,0.0,0,5.0,True
218.0,22.0,7,6,6,2026,False,48,53,3,6,23778.0,2342.0,5,True,False,Artificial Intelligence,8,0.0,1523,1.9,True
241.0,23.0,1,2,6,2026,True,52,45,3,3,1861.0,9230.0,6,True,False,Open Source,3,196.7,33,331.8,True
330.0,175.0,7,1,7,2026,False,397,24,3,3,5.0,2142.0,12,False,False,Productivity,7,0.0,6,4.0,True
654.0,10.0,23,1,6,2023,True,181,45,3,1,190.0,612.0,3,True,False,Artificial Intelligence,0,0.0,0,0.0,False
19.0,1.0,21,4,6,2026,False,149,57,3,1,411.0,2000.0,7,True,False,Android,0,0.0,0,0.0,False
106.0,8.0,0,3,6,2026,False,209,33,3,1,9624.0,30238.0,5,True,False,Other,47,310.3829787234043,47,310.3829787234043,False
15.0,1.0,13,4,5,2023,False,281,48,3,1,33.0,1494.0,4,False,True,iOS,0,0.0,2838,214.5,True
181.0,0.0,6,4,11,2023,True,73,48,3,0,2807.0,664.0,9,True,True,API,0,0.0,4,0.8,True
299.0,13.0,7,4,7,2026,True,64,43,3,2,39918.0,1310.0,4,True,False,Email,1,0.0,13,0.2,True
105.0,26.0,7,1,6,2026,False,44,44,3,1,522.0,7336.0,5,True,True,Productivity,0,0.0,0,0.0,False
30.0,0.0,9,3,7,2023,False,251,39,3,1,5.0,1777.0,3,True,True,Design Tools,0,0.0,0,0.0,True
700.0,13.0,7,4,5,2026,False,40,58,3,1,77725.0,5949.0,6,True,False,Other,11,163.0,0,240.6,True
90.0,33.0,7,4,5,2023,True,253,51,3,2,61949.0,1050.0,6,True,False,Other,0,0.0,402,195.5547263681592,False
155.0,0.0,7,4,7,2023,False,227,48,1,1,1199.0,1009.0,3,False,True,Other,0,0.0,377,2.6,True
6.0,1.0,12,0,3,2023,False,182,39,3,1,149.0,2107.0,1,False,True,Other,0,0.0,0,0.0,False
1.0,0.0,7,0,7,2023,False,272,26,3,0,2315.0,710.0,3,False,True,Other,0,0.0,509,0.8,True
125.0,35.0,7,3,5,2026,True,249,35,3,1,5.0,3312.0,6,False,False,Other,0,0.0,0,222.0,True
132.0,39.0,7,3,7,2023,True,252,58,3,6,399012.0,30.0,4,True,False,Other,0,0.0,2645,216.3931947069943,False
24.0,1.0,8,3,7,2023,False,280,47,1,1,1979.0,693.0,3,False,True,Android,0,0.0,24,0.9,True
125.0,0.0,11,4,7,2023,False,232,54,3,1,5788.0,1198.0,1,False,True,iOS,0,0.0,0,0.7,True
59.0,15.0,0,2,5,2026,False,371,37,3,1,21.0,1169.0,7,True,False,Other,0,0.0,0,0.0,False
287.0,17.0,7,1,9,2026,True,250,50,3,6,5.0,1887.0,5,True,False,Productivity,0,0.0,20,0.0,True
339.0,3.0,18,1,3,2023,False,126,38,2,1,5.0,1214.0,3,False,True,Productivity,0,0.0,20,0.2,True
1.0,0.0,22,1,10,2023,False,239,42,2,1,1275.0,3032.0,5,False,True,Other,0,0.0,4,0.0,True
365.0,57.0,7,2,6,2026,True,65,60,3,2,1830.0,7937.0,6,True,False,Other,1,0.0,0,309.3,True
2.0,19.0,7,3,7,2024,True,133,31,1,1,5.0,443.0,2,True,True,Design Tools,0,0.6,23,1.2,True
77.0,14.0,7,5,10,2023,True,59,35,3,1,110198.0,506.0,2,False,True,Email,0,0.0,0,0.0,True
3.0,1.0,6,1,3,2023,False,246,57,3,1,23.0,17.0,2,False,True,Other,0,0.0,0,0.0,False
372.0,4.0,7,3,6,2026,True,169,48,3,1,5.0,10791.0,7,False,False,Productivity,0,0.0,729,446.9,True
194.0,70.0,7,2,6,2026,True,309,49,3,1,2432.0,2926.0,6,True,False,Other,0,61.1,0,266.2,True
23.0,25.0,7,5,7,2026,False,47,47,3,1,57.0,139.0,4,False,False,Other,0,0.0,0,0.0,False
88.0,3.0,7,0,5,2023,True,266,58,2,1,1973.0,1066.0,9,False,True,Other,0,0.0,2,0.0,True
86.0,5.0,7,5,5,2023,True,240,33,3,1,53.0,311.0,3,False,True,Other,0,0.0,0,0.0,False
128.0,40.0,1,3,6,2026,True,73,43,3,1,1620.0,1209.0,5,True,False,Productivity,8,61.5,25,313.7,True
98.0,1.0,7,3,5,2023,False,280,37,3,1,5.0,4360.0,6,True,True,Design Tools,0,0.0,19,0.0,True
1.0,4.0,15,3,5,2023,False,191,20,3,1,5.0,2035.0,1,False,True,Other,0,0.9,12,2.3,True
223.0,179.0,7,4,7,2026,True,58,43,3,1,3579.0,10845.0,4,True,False,Mac,11,0.0,477,170.0,True
5.0,0.0,7,3,7,2023,False,318,37,3,1,1226.0,118.0,2,False,True,Fintech,0,0.0,0,0.0,True
17.0,3.0,7,6,7,2026,False,27,27,3,2,184.0,1996.0,4,True,False,Other,0,0.0,0,0.0,False
251.0,24.0,7,3,5,2026,True,63,47,3,2,5.0,21811.0,6,True,False,Other,0,1.0,0,247.1,True
146.0,0.0,10,0,5,2023,False,146,57,1,3,5.0,5371.0,4,False,True,Android,0,0.0,4,0.0,True
252.0,171.0,7,1,5,2024,True,228,37,3,1,5.0,4133.0,6,False,False,Developer Tools,0,0.0,0,0.5,True
141.0,0.0,7,2,3,2025,True,44,29,3,0,5.0,2603.0,9,False,True,Mac,0,0.0,0,0.0,True
79.0,5.0,7,2,7,2023,False,263,60,2,1,5.0,2514.0,4,False,True,Writing,0,0.0,0,1.6,True
91.0,18.0,7,0,6,2026,True,386,59,3,13,117226.0,4969.0,9,True,False,iOS,0,0.0,0,186.5,True
19.0,76.0,21,4,7,2026,False,70,60,3,1,162469.0,3434.0,6,False,False,Productivity,0,0.9,9,199.0,True
127.0,2.0,7,3,7,2023,False,187,24,3,1,3190.0,5024.0,7,True,False,Mac,0,0.9,0,1.0,True
503.0,8.0,0,3,5,2026,True,82,51,3,1,566837.0,12851.0,6,True,False,Other,8,212.3,365,356.1,True
205.0,2.0,18,5,7,2023,False,279,49,3,1,2557.0,333.0,4,True,False,Android,0,0.0,0,1.3,True
51.0,17.0,7,1,7,2026,False,49,49,3,3,66.0,262.0,4,False,True,Productivity,0,0.0,0,0.0,False
119.0,32.0,7,6,7,2026,True,469,23,3,2,5.0,87.0,6,True,False,iOS,0,0.0,0,1.8,True
88.0,1.0,15,4,5,2023,False,274,15,3,2,2300.0,7565.0,6,True,True,Developer Tools,0,0.0,0,0.4,True
19.0,2.0,5,3,3,2023,False,315,31,2,1,5.0,2791.0,1,True,True,Other,0,0.0,0,0.0,True
11.0,1.0,7,0,5,2023,False,248,44,3,1,369.0,3358.0,2,False,True,Other,0,0.5,6,0.0,True
129.0,3.0,8,0,5,2023,True,275,34,3,1,528.0,2114.0,3,False,True,Health & Fitness,0,0.0,0,0.0,True
17.0,0.0,7,0,1,2023,True,260,59,2,1,5.0,5922.0,4,True,True,Productivity,0,0.0,196,0.0,True
5.0,0.0,16,3,3,2023,False,239,32,3,0,5.0,926.0,1,False,True,Chrome Extensions,0,0.0,9,1.9,True
1.0,0.0,6,3,7,2023,False,150,44,3,0,13.0,2483.0,2,True,False,SaaS,3,24.0,0,0.0,False
4.0,0.0,10,1,3,2023,False,198,43,1,1,111.0,389.0,1,False,True,Marketing,0,0.0,0,0.0,False
178.0,33.0,7,4,3,2023,True,60,55,3,2,1955.0,618.0,8,False,True,Other,0,0.2,3955,57.6,True
100.0,0.0,7,0,5,2026,False,239,51,3,1,193962.0,1650.0,6,False,False,Health & Fitness,0,0.0,374,2.4,True
5.0,0.0,14,1,3,2023,True,282,22,3,1,5.0,6179.0,3,False,True,Social Media,0,0.0,0,2.2,True
1.0,0.0,7,4,5,2023,True,56,49,3,1,5.0,2655.0,2,False,True,Other,0,0.0,1,2.9,True
69.0,0.0,7,5,7,2026,False,152,59,2,1,5.0,1601.0,1,False,True,Web App,0,2.1,15,0.0,True
186.0,48.0,7,4,7,2023,True,62,50,3,1,3307.0,3210.0,9,True,False,Developer Tools,0,1.3,0,0.0,True
78.0,2.0,7,4,5,2023,True,285,31,3,1,62039.0,349.0,2,False,False,Mac,0,2.8,10,2.6,True
14.0,1.0,3,3,7,2023,True,251,49,5,1,998.0,3969.0,1,False,True,Web App,0,0.0,2,3.4,True
149.0,2.0,7,4,7,2023,False,435,39,3,1,5.0,661.0,3,False,False,API,0,0.0,0,5.1,True
5.0,3.0,7,5,7,2023,True,232,31,3,0,1997.0,2030.0,4,False,False,Other,0,0.0,1,0.1,True
117.0,1.0,13,3,5,2023,False,200,34,3,1,5.0,4547.0,4,False,True,Design Tools,0,0.0,8,0.0,True
110.0,3.0,6,1,3,2023,False,255,60,3,1,5.0,392.0,4,True,True,Other,0,0.0,0,0.0,True
6.0,0.0,7,5,3,2023,False,243,54,3,1,5.0,2316.0,3,False,True,Hiring,0,0.0,0,0.0,True
101.0,0.0,15,0,5,2023,True,290,36,3,1,1232.0,1847.0,5,True,False,Email,0,0.0,0,3.3,True
236.0,80.0,7,4,5,2026,True,68,41,3,1,2729.0,1047.0,4,False,False,Other,0,0.0,22,0.0,True
1.0,1.0,5,3,3,2023,False,121,29,3,1,5.0,255.0,1,True,True,Fintech,0,0.0,8,207.5,True
107.0,16.0,7,4,5,2024,True,255,37,3,1,5.0,2581.0,4,True,False,Chrome Extensions,0,0.0,262,0.9,True
153.0,25.0,7,5,11,2026,True,70,54,3,1,5.0,1126.0,6,False,False,Android,0,0.0,19,0.0,True
4.0,2.0,9,4,7,2023,False,166,41,3,1,861.0,3061.0,2,False,True,Other,0,0.0,0,0.0,False
185.0,28.0,7,1,7,2026,True,490,53,3,1,413.0,6664.0,9,True,False,Other,0,0.0,104,0.1,True
32.0,16.0,7,6,7,2026,True,48,48,2,1,359.0,189.0,6,True,False,Other,0,0.0,0,0.0,False
1.0,0.0,13,3,5,2023,False,237,56,3,1,3393.0,497.0,1,True,True,Design Tools,0,0.0,0,0.0,True
132.0,13.0,7,5,7,2023,False,37,59,3,1,686.0,1942.0,6,True,False,Developer Tools,0,0.1,696,0.0,True
10.0,0.0,13,3,3,2023,True,236,37,2,1,5.0,6125.0,0,False,True,Other,0,0.0,17,4.5,True
706.0,162.0,7,4,7,2023,False,261,60,3,1,2734.0,5903.0,5,True,False,Other,0,0.0,4,0.0,True
6.0,1.0,17,4,1,2023,False,257,30,1,1,115.0,37.0,3,False,True,Other,0,0.0,0,0.0,False
11.0,0.0,18,4,7,2023,True,306,60,3,3,5.0,484.0,1,True,True,Design Tools,0,0.0,0,0.7,True
207.0,1.0,7,3,5,2026,True,159,49,3,1,5.0,2688.0,4,True,False,Other,0,0.0,0,2.7,True
138.0,12.0,7,2,3,2026,True,351,41,3,1,153.0,373.0,7,True,False,Productivity,0,0.0,0,0.0,False
19.0,1.0,14,1,1,2023,False,269,41,3,1,1762.0,2156.0,3,False,True,Artificial Intelligence,0,0.0,0,0.0,True
9.0,1.0,13,5,7,2023,False,264,40,3,1,1224.0,1927.0,0,False,False,API,0,0.3,0,1.9,True
29.0,0.0,21,5,5,2023,False,229,50,2,1,5.0,394.0,3,True,True,Productivity,0,0.0,29,176.8,True
28.0,5.0,7,0,5,2023,False,256,55,3,1,5.0,3097.0,3,True,False,Other,0,0.0,7,1.5,True
65.0,3.0,12,4,5,2023,False,203,47,1,1,5.0,1792.0,0,False,True,Other,0,0.0,0,4.5,True
274.0,71.0,7,0,7,2026,True,280,53,3,3,5.0,20095.0,6,True,False,Other,0,0.0,0,0.0,True
429.0,7.0,0,2,7,2026,True,246,38,3,2,468.0,11729.0,8,True,False,Productivity,5,0.0,4,186.6,True
7.0,2.0,11,6,5,2023,False,238,38,3,1,542.0,1057.0,3,False,True,Design Tools,0,0.0,0,0.0,False
253.0,24.0,7,0,7,2026,True,52,52,3,3,302.0,126.0,6,False,True,Other,0,0.0,0,0.0,False
2.0,49.0,0,1,7,2023,True,285,25,3,1,587.0,2263.0,6,True,True,Health & Fitness,0,0.0,342,0.0,True
140.0,65.0,0,4,6,2026,True,81,43,3,1,1564.0,9701.0,8,False,False,Design Tools,6,0.0,16,331.2,True
99.0,1.0,7,1,5,2023,True,251,24,3,1,5.0,293.0,5,True,True,Other,0,0.0,0,0.0,True
173.0,176.0,7,0,6,2026,True,66,47,3,1,54858.0,2321.0,8,False,False,Design Tools,0,185.1,1411,277.4,True
174.0,0.0,7,3,10,2026,False,500,42,3,3,62134.0,703.0,4,False,False,API,2,0.0,0,0.0,True
127.0,341.0,0,6,3,2023,False,71,48,2,1,2004.0,1847.0,4,False,True,Web App,0,0.0,13,0.0,True
111.0,37.0,7,1,7,2023,True,38,19,3,2,5.0,1212.0,8,True,False,Other,0,1.2,8,2.3,True
166.0,5.0,7,5,3,2023,False,183,60,3,1,5.0,415.0,6,False,False,Analytics,0,0.0,8,5.0,True
21.0,2.0,8,6,5,2023,True,145,29,2,1,5.0,2647.0,2,False,True,Design Tools,0,0.0,10,1.3,True
134.0,1.0,7,3,1,2023,False,269,35,3,1,4701.0,1984.0,6,False,True,Android,0,0.0,213,0.0,True
536.0,3.0,7,2,7,2026,True,477,60,3,1,867.0,1203.0,8,True,False,Hiring,0,0.0,0,252.9,True
258.0,72.0,7,0,5,2026,False,63,42,3,1,188491.0,1490.0,6,True,False,Marketing,0,0.0,1,3.4,True
186.0,12.0,7,3,7,2026,True,54,35,3,1,5.0,778.0,4,True,False,Design Tools,0,0.0,1252,0.2,True
1.0,2.0,15,3,3,2023,False,166,55,2,1,1268.0,3172.0,3,True,True,Social Media,0,0.8,0,0.0,True
143.0,0.0,7,4,5,2023,False,244,28,2,1,1882.0,139.0,5,False,False,Artificial Intelligence,0,0.0,6,2.0,True
180.0,0.0,7,3,5,2026,False,500,55,3,1,3499.0,2140.0,4,True,False,Fintech,0,0.0,0,3.3,True
1455.0,43.0,7,4,5,2023,True,237,21,3,1,3242.0,3520.0,5,False,False,Hiring,0,0.0,25,2.6,True
105.0,0.0,11,3,5,2023,True,151,38,3,3,5.0,894.0,7,False,True,Other,0,0.0,0,0.1,True
20.0,0.0,7,4,7,2025,False,260,40,1,1,347436.0,1703.0,3,False,True,Design Tools,0,0.0,0,0.0,True
116.0,14.0,7,5,6,2026,True,62,57,3,1,2381.0,4296.0,9,False,False,Web App,0,0.0,21,0.0,True
13.0,2.0,7,3,3,2023,False,359,42,2,1,30322.0,545.0,3,False,True,Other,0,0.0,0,0.7,True
276.0,34.0,7,6,5,2026,True,63,52,3,3,74518.0,2522.0,6,True,False,Productivity,35,70.2,14,427.2,True
1.0,0.0,9,3,3,2023,False,279,31,4,1,715.0,911.0,3,False,True,Other,0,0.0,0,0.0,True
3.0,2.0,21,3,3,2023,False,170,48,3,1,84702.0,354.0,3,False,True,Other,0,0.0,21,0.0,True
14.0,0.0,7,3,1,2023,False,258,34,3,3,5.0,618.0,3,True,True,Fintech,0,0.0,0,0.0,True
149.0,0.0,7,6,5,2023,False,57,27,3,1,5289.0,833.0,4,False,False,Productivity,0,0.0,28,330.5,True
33.0,26.0,7,5,7,2026,True,55,55,3,2,244.0,64.0,5,False,False,Productivity,0,0.0,0,0.0,False
19.0,2.0,7,4,7,2023,False,203,60,3,1,5.0,6231.0,3,False,False,Artificial Intelligence,0,0.5,11,1.7,True
110.0,12.0,7,4,5,2023,True,113,53,3,1,243.0,636.0,3,False,True,Hiring,0,0.0,0,0.0,False
183.0,12.0,4,4,7,2025,True,57,30,3,3,114.0,8174.0,6,True,False,SaaS,0,0.0,0,4.8,True
77.0,19.0,7,3,5,2026,True,278,49,2,9,5.0,4457.0,6,False,False,Design Tools,0,0.0,18,0.0,True
10.0,1.0,18,1,3,2023,False,256,42,3,1,133.0,1826.0,4,False,True,Other,0,0.0,0,0.0,False
120.0,0.0,7,0,7,2023,False,256,46,3,1,3617.0,564.0,3,False,True,API,0,0.0,0,0.0,True
93.0,1.0,7,4,5,2023,True,47,29,2,1,5.0,3563.0,4,False,True,Hiring,0,0.0,0,0.0,True
302.0,18.0,7,6,5,2026,True,47,34,3,1,6272.0,4936.0,6,True,False,Productivity,0,0.0,1,297.1,True
5.0,0.0,20,4,1,2023,False,174,35,3,1,13.0,693.0,3,False,True,Other,0,0.0,0,0.0,False
261.0,1.0,17,5,3,2026,False,69,59,3,1,5.0,4657.0,6,True,False,Education,0,0.4,10,0.0,True
19.0,0.0,4,5,7,2023,True,228,32,1,0,80.0,3057.0,6,False,True,Other,0,0.0,0,1.0,True
130.0,18.0,7,0,7,2024,True,267,49,3,1,2197.0,305.0,8,True,False,API,0,0.0,0,0.0,True
1.0,2.0,7,4,7,2023,False,271,29,3,1,329279.0,2222.0,5,False,True,Web App,0,0.9,516,0.0,True
145.0,68.0,7,4,7,2026,True,71,48,3,1,5.0,952.0,6,True,False,API,0,0.0,0,2.3,True
8.0,4.0,12,0,3,2023,False,58,50,1,1,180.0,3388.0,2,False,True,Productivity,0,0.0,0,0.0,False
129.0,18.0,0,1,6,2026,True,357,53,3,1,696.0,1675.0,6,True,False,SaaS,0,0.0,0,0.0,False
73.0,5.0,8,5,1,2023,True,293,45,3,1,49.0,6916.0,2,False,True,Other,0,0.0,0,0.0,False
17.0,0.0,7,2,5,2023,True,290,41,3,1,524.0,1020.0,4,False,True,Web App,0,0.0,0,0.0,True
366.0,56.0,1,3,6,2026,True,63,45,3,1,156.0,10112.0,6,True,False,Artificial Intelligence,0,0.0,0,208.2,True
137.0,3.0,18,3,7,2023,False,187,51,4,1,66326.0,843.0,4,False,False,Other,0,0.0,433,0.4,True
58.0,36.0,7,4,6,2026,False,37,37,2,1,20.0,2171.0,7,True,True,Productivity,0,0.0,0,0.0,False
109.0,8.0,7,0,7,2026,True,45,57,3,1,495.0,32210.0,7,False,False,Productivity,15,0.0,3032,0.0,True
60.0,13.0,7,6,6,2026,True,31,31,3,1,800.0,96.0,5,True,False,API,0,0.0,0,0.0,False
128.0,9.0,7,6,7,2026,True,52,27,3,19,1860.0,619.0,4,False,False,Design Tools,0,0.0,419,0.0,True
268.0,5.0,7,5,5,2023,True,275,50,3,1,93026.0,67.0,4,False,False,Productivity,0,0.0,12,0.0,True
8.0,1.0,7,3,3,2023,False,228,53,4,2,831.0,2077.0,3,False,True,Other,0,0.0,23,1.5,True
308.0,21.0,7,3,7,2026,True,74,60,3,3,5.0,9570.0,8,True,False,Productivity,11,103.9,4,324.9,True
63.0,0.0,7,3,7,2023,True,61,53,3,0,1478.0,1571.0,2,False,False,Design Tools,0,2.3,0,0.0,True
68.0,1.0,17,1,7,2023,False,78,52,3,0,5.0,3162.0,6,False,False,Android,0,0.0,0,0.0,True
112.0,14.0,7,6,5,2026,True,60,47,3,3,512.0,972.0,5,False,True,Health & Fitness,0,2.6,17,206.7,True
3.0,2.0,21,3,1,2023,False,247,48,2,1,5.0,1819.0,1,False,True,Design Tools,0,0.0,0,0.0,True
146.0,27.0,7,0,3,2023,True,174,52,3,1,773.0,4075.0,4,False,False,Other,1,133.0,0,0.0,False
69.0,0.0,7,1,7,2023,True,362,33,4,1,1138.0,135.0,1,True,True,Chrome Extensions,0,0.0,0,1.6,True
12.0,13.0,7,6,6,2026,False,49,49,3,1,80.0,586.0,8,False,False,Other,0,0.0,0,0.0,False
1.0,3.0,13,1,7,2023,False,236,58,2,1,2224.0,5063.0,3,True,True,Other,0,0.1,0,0.9,True
221.0,50.0,7,2,9,2026,True,61,50,3,1,3387.0,19418.0,7,True,False,Productivity,28,119.5,1,205.1,True
4.0,2.0,15,3,5,2023,False,250,47,3,1,1780.0,1262.0,4,False,True,Web App,0,0.0,0,0.0,True
145.0,31.0,7,6,7,2026,True,39,60,3,1,5.0,2557.0,6,True,False,Design Tools,0,28.1,6,446.1,True
307.0,66.0,1,6,6,2026,True,370,37,3,3,5.0,890.0,4,True,False,Other,0,0.0,0,216.5,True
16.0,3.0,20,1,3,2023,False,252,40,3,1,5.0,1164.0,2,False,True,Design Tools,0,1.3,0,0.0,True
10.0,1.0,7,3,5,2023,False,255,54,2,1,5.0,1272.0,3,False,True,SaaS,0,0.0,0,3.7,True
10.0,0.0,6,3,7,2023,True,271,36,3,0,5.0,865.0,3,False,True,Open Source,0,0.0,7,0.0,True
135.0,27.0,0,0,6,2026,True,329,32,3,1,235.0,160.0,7,True,False,Developer Tools,0,0.0,0,0.0,False
72.0,39.0,7,1,7,2025,True,187,24,3,3,3971.0,2220.0,6,False,False,Productivity,0,0.0,695,0.0,True
252.0,25.0,7,2,10,2026,True,51,60,3,1,708.0,2939.0,4,False,False,Web App,0,0.0,0,0.0,True
105.0,0.0,8,1,10,2023,False,43,45,3,1,5.0,787.0,1,False,False,Chrome Extensions,0,0.0,7,0.3,True
85.0,1.0,7,4,7,2023,True,224,29,3,1,5.0,4325.0,3,False,True,Analytics,0,0.0,0,0.0,False
21.0,0.0,8,4,3,2023,False,268,29,4,4,217308.0,2918.0,3,False,True,Design Tools,0,0.0,0,0.0,True
233.0,46.0,1,0,7,2026,True,42,45,3,3,45894.0,1116.0,6,True,False,Email,0,0.4,2,0.8,True
406.0,82.0,0,1,6,2026,True,477,29,3,1,151.0,2005.0,7,True,False,Productivity,0,0.0,0,0.0,False
106.0,122.0,7,4,5,2023,False,81,25,3,3,17715.0,646.0,6,False,False,Other,0,0.0,11,408.5,True
25.0,3.0,7,3,5,2023,True,234,58,4,1,5.0,924.0,3,False,False,Marketing,0,0.0,0,2.5,True
164.0,9.0,7,5,5,2026,False,63,59,3,1,1661.0,1280.0,5,False,False,Other,0,0.0,23,2.3,True
23.0,0.0,16,4,7,2023,False,268,34,2,1,5.0,930.0,2,False,True,Android,0,0.0,15,1.3,True
103.0,25.0,7,4,7,2026,True,52,45,3,1,5.0,12745.0,8,True,False,API,0,0.0,13,1.2,True
3.0,0.0,23,3,1,2023,False,260,48,2,1,192.0,79.0,3,True,True,SaaS,0,0.0,0,0.0,False
2.0,1.0,12,5,1,2023,False,276,51,3,1,190.0,55.0,3,False,True,Design Tools,0,0.0,0,0.0,False
98.0,1.0,7,6,5,2023,True,26,27,3,1,62695.0,8465.0,7,True,False,Productivity,0,0.0,20,214.3,True
114.0,0.0,7,5,3,2023,False,249,56,1,1,118973.0,2520.0,4,False,True,Developer Tools,0,0.0,0,1.4,True
77.0,18.0,7,0,3,2023,True,207,40,3,1,14.0,1183.0,4,False,True,Other,0,0.0,0,0.0,False
218.0,9.0,7,4,6,2026,True,46,44,3,1,1617.0,2449.0,6,True,False,Open Source,0,0.0,0,417.7,True
15.0,0.0,18,3,3,2023,False,245,54,2,1,5.0,2137.0,1,False,True,Design Tools,0,0.0,0,3.0,True
322.0,34.0,7,3,6,2026,True,31,33,3,1,5.0,14983.0,6,True,False,Productivity,1,270.2,14,325.9,True
92.0,0.0,19,0,3,2023,False,240,17,2,1,3211.0,1622.0,3,False,True,Marketing,0,0.0,188,1.0,True
301.0,29.0,7,4,6,2026,True,500,51,3,3,5.0,34060.0,6,True,False,Other,8,160.2,6,331.4,True
201.0,262.0,0,4,6,2026,False,216,57,3,1,149369.0,3603.0,5,True,False,Artificial Intelligence,0,0.0,8,0.0,True
63.0,72.0,7,1,5,2024,False,257,38,3,1,5.0,1438.0,4,False,False,Other,0,0.0,1036,1.3,True
91.0,0.0,7,5,5,2023,False,204,23,3,1,248017.0,2047.0,3,False,True,Marketing,0,0.0,428,0.0,True
261.0,21.0,7,2,8,2026,True,58,48,3,6,69358.0,32329.0,10,True,False,iOS,1,115.7,0,362.2,True
8.0,1.0,16,4,1,2023,False,49,57,2,1,520.0,994.0,2,False,True,Artificial Intelligence,1,5.0,1,5.0,False
387.0,5.0,7,0,7,2026,False,277,28,3,3,708.0,2535.0,4,True,False,Open Source,0,0.0,0,5.7,True
1.0,2.0,7,3,3,2023,False,248,35,2,1,23206.0,915.0,3,False,True,Mac,0,0.0,2,1.7,True
102.0,4.0,7,5,7,2023,False,312,43,2,2,2802.0,103.0,6,True,True,Fintech,0,1.7,7,0.0,True
78.0,2.0,7,1,7,2026,True,71,40,3,0,5.0,1040.0,19,False,False,Other,0,0.0,0,0.0,True
101.0,77.0,0,1,5,2026,False,399,60,3,3,77913.0,11667.0,5,False,False,Developer Tools,0,0.0,15,338.6,True
1.0,1.0,21,3,3,2023,False,255,42,3,0,3796.0,1205.0,2,False,True,API,0,0.0,14,1.2,True
2.0,0.0,0,0,5,2023,True,202,55,3,3,196735.0,1372.0,4,False,True,Health & Fitness,0,0.0,0,1.5,True
3.0,12.0,7,5,5,2023,False,259,37,3,1,5064.0,1395.0,1,False,True,Productivity,0,1.6,13,0.0,True
16.0,1.0,7,4,5,2026,False,215,51,1,3,5.0,3152.0,5,False,False,API,0,0.0,6,1.0,True
188.0,10.0,7,2,5,2026,True,458,59,3,1,316790.0,2030.0,7,False,False,Other,0,0.0,0,0.9,True
89.0,29.0,9,5,1,2023,False,169,57,3,1,703.0,1111.0,6,True,False,Other,0,0.0,15,200.8,True
65.0,1.0,14,4,5,2023,True,236,35,2,2,62649.0,1075.0,5,False,False,Artificial Intelligence,0,0.0,407,194.08599508599508,False
101.0,0.0,7,0,3,2023,True,151,40,3,1,5.0,866.0,6,True,True,Design Tools,0,0.6,0,208.2,True
8.0,0.0,16,5,7,2023,False,262,53,1,1,3747.0,2763.0,3,False,True,Android,0,0.0,0,0.3,True
22.0,2.0,3,3,7,2023,True,267,54,2,1,5.0,3192.0,3,False,True,Android,0,0.0,7,1.5,True
98.0,82.0,7,2,9,2026,True,449,40,3,1,1844.0,3461.0,6,True,False,Other,0,1.0,17,0.0,True
88.0,1.0,5,4,5,2023,False,241,57,1,1,5.0,10.0,6,False,True,Other,0,0.0,0,0.0,True
19.0,0.0,15,4,3,2023,False,224,59,5,1,5.0,1621.0,1,False,True,Other,0,0.0,2,5.3,True
57.0,0.0,7,3,5,2023,False,104,41,3,1,5.0,10.0,4,True,False,Marketing,0,0.0,0,0.0,True
1.0,0.0,16,3,3,2023,True,163,51,4,2,1120.0,4006.0,6,False,True,Other,0,1.2,12,1.4,True
11.0,1.0,18,5,7,2023,False,229,48,3,1,1077.0,6179.0,2,False,False,Open Source,0,0.0,23,3.6,True
212.0,6.0,19,3,7,2023,False,52,29,2,1,4557.0,540.0,2,False,False,Artificial Intelligence,0,0.0,2,0.0,True
1.0,0.0,20,1,7,2023,True,337,39,3,3,5.0,24.0,3,True,True,Other,0,2.0,253,2.8,True
104.0,21.0,14,3,7,2026,True,60,59,3,3,1092.0,537.0,4,True,False,Design Tools,0,0.0,2,0.0,True
15.0,1.0,18,4,7,2023,False,259,29,3,1,5.0,104.0,1,False,True,Web App,0,0.0,0,1.6,True
98.0,27.0,7,3,3,2023,True,68,36,3,1,658.0,1097.0,6,True,False,Design Tools,0,0.9,22,1.6,True
32.0,0.0,7,0,6,2026,False,59,59,1,1,1379.0,3265.0,7,True,False,Productivity,0,0.0,0,0.0,False
68.0,2.0,15,4,3,2023,False,206,40,3,1,1467.0,3959.0,9,False,True,Education,0,0.9,0,0.0,True
144.0,6.0,22,2,7,2026,True,44,52,3,2,1021.0,5713.0,8,True,False,Other,0,0.0,1,210.1,True
87.0,65.0,7,1,7,2026,True,45,58,3,1,804.0,575.0,8,False,False,Other,0,0.0,1,0.0,True
11.0,11.0,7,3,3,2023,False,281,46,3,0,2855.0,1685.0,2,True,True,Design Tools,0,0.0,2,0.0,True
130.0,0.0,7,3,7,2023,True,220,41,1,17,1094.0,5047.0,3,True,True,Other,0,0.0,0,0.0,True
433.0,66.0,0,1,5,2026,True,65,27,3,1,3237.0,9647.0,6,True,False,Other,3,229.5,20,2.3,True
160.0,2.0,7,6,5,2023,False,243,40,3,1,5.0,1064.0,1,False,False,Productivity,0,0.0,22,204.1,True
57.0,25.0,7,4,7,2026,True,53,53,3,3,181.0,645.0,7,False,False,Other,0,0.0,0,0.0,False
76.0,1.0,7,5,5,2023,True,255,30,3,0,5.0,2490.0,1,False,False,Other,0,0.0,0,0.0,False
87.0,4.0,7,3,7,2023,True,260,40,3,1,2333.0,134.0,5,True,True,Health & Fitness,0,0.0,4,0.0,True
54.0,1.0,7,4,5,2023,True,253,39,1,3,5.0,841.0,3,False,False,Other,0,0.0,0,1.0,True
5.0,0.0,7,4,3,2023,False,246,22,4,1,5.0,992.0,1,False,True,Android,0,0.0,0,0.0,True
124.0,13.0,8,3,1,2023,True,134,45,3,1,352.0,10.0,5,False,False,Productivity,0,0.0,0,0.0,False
218.0,125.0,7,2,7,2026,True,46,56,3,1,4743.0,4969.0,4,True,False,Productivity,0,0.0,4,0.8,True
140.0,18.0,7,0,6,2026,True,59,47,3,1,78052.0,4522.0,4,False,False,Social Media,0,0.0,15,206.1,True
4.0,2.0,19,3,7,2023,False,158,37,3,1,546.0,5051.0,4,False,True,Other,0,0.0,119,0.8,True
623.0,145.0,22,6,2,2026,True,336,60,3,1,404.0,1201.0,5,True,False,Other,0,0.0,0,0.0,False
119.0,3.0,0,0,5,2026,True,488,45,3,1,24.0,2248.0,3,False,False,Open Source,0,0.0,0,0.0,False
157.0,11.0,13,5,1,2023,True,317,36,3,1,1951.0,1469.0,3,False,False,Productivity,0,0.0,587,0.0,True
17.0,0.0,11,4,7,2023,True,160,43,4,3,80747.0,5124.0,6,False,True,Fintech,0,0.0,0,1.2,True
13.0,2.0,13,0,1,2023,True,257,27,3,0,2288.0,197.0,1,False,True,Other,0,0.0,0,0.0,True
12.0,1.0,8,6,1,2023,False,457,29,3,0,2905.0,265.0,8,False,True,Productivity,0,0.0,19,4.0,True
143.0,4.0,7,1,7,2023,False,263,37,4,1,5.0,1547.0,5,False,False,Other,0,0.0,6,2.8,True
117.0,18.0,0,0,6,2026,True,345,51,3,1,652.0,1948.0,7,False,False,Social Media,0,0.0,0,0.0,False
205.0,26.0,7,6,7,2026,True,49,29,3,1,5.0,1786.0,8,True,True,Other,0,0.0,20,0.8,True
22.0,0.0,12,3,5,2023,False,234,38,4,1,5.0,3570.0,4,True,False,Productivity,0,0.3,756,0.0,True
2.0,5.0,7,1,7,2026,True,262,32,1,1,35.0,896.0,6,False,False,Design Tools,0,1.4,22,3.7,True
595.0,60.0,1,3,6,2026,True,55,47,3,1,5.0,8546.0,5,True,False,Other,0,0.0,12,0.0,True
134.0,8.0,21,0,10,2024,False,352,56,3,1,205.0,89.0,7,False,False,Health & Fitness,0,0.0,0,0.0,False
119.0,0.0,4,6,7,2023,False,243,43,1,1,5.0,585.0,3,False,True,Other,0,0.0,426,0.0,True
26.0,0.0,9,4,3,2023,False,239,32,2,1,1656.0,5143.0,0,False,True,Design Tools,0,0.0,0,0.0,True
2.0,1.0,6,4,7,2023,False,190,32,2,1,1235.0,856.0,5,False,True,Other,0,0.0,0,0.0,False
9.0,20.0,7,1,7,2023,False,73,48,3,1,5.0,1438.0,6,True,False,Productivity,0,0.0,0,1.9,True
2.0,0.0,14,4,5,2023,False,211,58,2,0,144.0,1874.0,5,False,False,Other,0,0.0,0,0.0,False
607.0,165.0,14,0,5,2026,True,476,57,3,1,136.0,1438.0,6,True,False,SaaS,0,0.0,0,0.0,False
149.0,304.0,7,3,7,2026,False,37,35,3,1,5.0,3699.0,4,True,False,Mac,0,0.0,15,4.6,True
83.0,10.0,7,1,3,2023,True,249,27,2,1,472.0,909.0,6,False,True,iOS,0,0.0,0,0.0,False
2.0,0.0,7,3,7,2023,False,266,57,1,1,2294.0,1981.0,4,False,True,Developer Tools,0,0.0,0,151.9,True
78.0,4.0,7,0,5,2023,False,128,50,3,2,5.0,809.0,6,False,False,Other,0,0.0,10,0.5,True
17.0,0.0,15,3,1,2023,True,273,43,1,1,2127.0,3900.0,3,True,True,Productivity,0,0.0,2,2.8,True
270.0,56.0,7,5,7,2026,True,44,35,3,1,393763.0,856.0,5,True,False,Other,0,0.0,17,2.3,True
218.0,2.0,7,4,10,2026,True,56,35,3,2,887.0,6254.0,6,False,False,Other,0,0.0,7,77.2,True
20.0,2.0,20,1,7,2023,False,71,40,3,1,114979.0,1098.0,4,False,False,Web App,0,0.1,0,0.3,True
116.0,1.0,7,3,5,2023,True,219,60,2,0,39.0,2697.0,2,True,True,Other,0,0.0,0,3.0,True
16.0,2.0,7,4,5,2023,False,208,38,3,1,1617.0,1239.0,7,True,True,Social Media,0,0.0,8,0.0,True
127.0,0.0,7,5,7,2023,True,240,52,1,1,1693.0,866.0,7,True,True,Mac,0,2.8,19,1.8,True
13.0,12.0,7,0,7,2023,False,129,40,2,1,225360.0,860.0,2,False,True,Health & Fitness,0,0.5,11,0.0,True
12.0,3.0,0,5,5,2026,False,398,60,3,1,86.0,1121.0,4,False,False,Design Tools,0,0.0,0,0.0,False
721.0,24.0,7,0,5,2026,True,49,30,3,2,2033.0,1452.0,8,True,False,Social Media,0,0.0,2773,0.0,True
2.0,0.0,16,4,7,2023,False,206,55,1,1,391.0,65.0,1,False,True,Developer Tools,0,0.0,0,0.0,False
71.0,3.0,7,5,5,2023,True,247,46,3,8,108104.0,1394.0,6,False,True,Other,0,0.4,17,0.0,True
234.0,10.0,7,4,7,2026,True,46,56,3,1,899.0,35776.0,6,True,False,Productivity,0,0.0,28,462.0,True
96.0,19.0,7,5,7,2023,True,148,60,3,2,5.0,1950.0,7,True,True,Productivity,0,0.0,10,1.6,True
161.0,0.0,7,2,6,2026,True,58,36,3,1,5.0,1836.0,6,False,False,Design Tools,0,0.1,880,0.0,True
301.0,19.0,7,6,7,2026,True,188,35,3,1,5.0,491.0,8,True,False,Productivity,9,0.0,0,336.7,True
151.0,37.0,19,3,7,2026,True,55,49,3,2,5.0,3055.0,6,True,False,API,0,0.0,1573,0.0,True
1.0,4.0,7,1,4,2023,True,81,37,3,0,5.0,1484.0,8,True,True,Health & Fitness,0,0.0,0,1.4,True
147.0,7.0,0,4,5,2026,True,114,49,3,1,73.0,48.0,5,True,False,Other,0,0.0,0,0.0,False
135.0,1.0,7,4,5,2023,True,60,59,3,0,5.0,1351.0,6,False,False,Social Media,0,1.2,0,0.0,True
179.0,117.0,7,1,7,2026,True,48,40,3,1,71.0,1868.0,6,False,False,Productivity,0,0.0,7,0.0,True
173.0,36.0,7,2,6,2026,True,61,47,3,1,2768.0,10948.0,6,True,False,Mac,0,137.4,5,410.0,True
5.0,0.0,16,4,3,2023,False,257,32,3,1,3818.0,838.0,4,False,True,Android,0,0.0,297,1.4,True
150.0,36.0,7,3,7,2026,True,36,36,3,3,332.0,111.0,8,False,False,API,0,0.0,0,0.0,False
843.0,35.0,7,3,5,2025,False,43,49,1,1,5.0,952.0,5,False,False,Productivity,0,0.0,0,0.0,True
17.0,3.0,10,6,7,2023,True,264,51,3,3,5.0,2136.0,3,False,True,Design Tools,0,0.0,4,0.0,True
17.0,0.0,9,4,7,2023,False,238,49,3,5,5.0,1035.0,3,False,True,Marketing,0,0.0,0,205.8,True
89.0,12.0,7,0,7,2026,True,210,48,3,3,345020.0,12057.0,4,True,False,Other,0,0.0,2,0.9,True
1.0,2.0,6,3,5,2023,False,244,48,2,13,133.0,8991.0,1,True,False,Other,0,0.0,8,179.6,True
131.0,41.0,7,6,5,2026,True,66,30,1,3,40869.0,965.0,6,True,False,Other,0,0.0,2092,3.2,True
9.0,2.0,7,5,7,2023,True,252,58,1,1,5.0,1122.0,4,False,True,Other,0,0.0,0,0.0,True
101.0,1.0,7,3,5,2023,True,264,59,2,1,123257.0,4250.0,4,False,False,Productivity,0,0.0,0,0.0,True
11.0,18.0,11,3,3,2023,True,68,54,5,1,329425.0,984.0,4,False,False,Productivity,0,0.0,17,2.6,True
97.0,25.0,0,3,5,2026,False,204,32,3,1,770.0,138.0,6,True,False,Other,0,0.0,0,0.0,False
155.0,0.0,7,4,7,2026,False,411,58,3,1,59036.0,2127.0,8,True,False,Other,0,0.0,0,3.7,True
16.0,2.0,9,5,5,2023,True,261,58,3,1,5.0,1777.0,2,False,True,Health & Fitness,0,0.0,227,0.9,True
70.0,19.0,7,0,7,2026,False,60,40,3,0,1964.0,1741.0,6,False,True,Design Tools,0,0.0,2,178.3,True
249.0,13.0,7,0,7,2026,True,65,60,3,1,5.0,8197.0,6,False,False,Productivity,0,0.0,13,1.0,True
209.0,60.0,7,3,7,2026,True,78,47,3,3,1892.0,4466.0,6,True,False,Design Tools,2,168.1,597,482.8,True
18.0,0.0,17,4,3,2023,True,218,37,3,1,1777.0,1531.0,3,False,True,Other,0,0.0,3,2.1,True
115.0,32.0,7,2,5,2026,True,426,31,3,3,5.0,1441.0,8,True,False,Other,5,0.0,31,0.0,True
84.0,0.0,7,4,7,2023,True,279,54,2,1,5.0,262.0,6,False,False,Other,0,0.6,3,0.8,True
521.0,1.0,7,0,1,2026,True,249,32,3,1,89734.0,3437.0,4,False,False,Other,0,0.0,4,0.0,True
1.0,0.0,13,4,7,2023,False,242,23,1,0,5.0,1842.0,6,False,False,Analytics,0,0.0,0,3.5,True
2.0,1.0,16,3,7,2023,False,209,42,4,1,181.0,740.0,3,False,True,Productivity,0,0.0,0,0.0,False
229.0,4.0,7,4,5,2026,True,40,45,3,3,496.0,630.0,6,False,False,Health & Fitness,3,0.0,12,273.0,True
47.0,0.0,19,4,3,2024,False,243,49,3,1,5.0,32.0,5,True,True,Artificial Intelligence,0,0.0,2,0.1,True
5.0,2.0,20,3,1,2023,False,257,58,3,1,41.0,4923.0,1,False,True,Open Source,0,0.0,0,0.0,False
3.0,1.0,19,0,5,2023,False,269,33,2,1,5.0,3213.0,3,False,True,Other,0,0.0,0,0.0,True
14.0,0.0,12,5,7,2023,False,211,34,3,1,2136.0,660.0,1,True,True,Android,0,0.8,0,2.7,True
869.0,24.0,7,4,7,2026,True,265,47,3,1,205929.0,720.0,6,False,False,Other,0,0.0,10,275.3,True
98.0,0.0,8,3,3,2023,True,246,36,2,1,2997.0,719.0,8,False,True,SaaS,0,0.0,0,197.1,True
5.0,0.0,7,3,5,2023,False,288,28,3,1,269976.0,2531.0,3,False,True,Marketing,0,0.0,527,0.0,True
3.0,1.0,13,0,3,2023,False,245,58,4,1,1782.0,739.0,3,False,True,Android,0,0.0,0,0.0,False
169.0,57.0,7,1,6,2026,True,34,33,3,3,1074.0,2980.0,6,False,False,Web App,0,0.0,19,226.6,True
69.0,87.0,7,0,9,2026,True,418,52,3,1,3525.0,1931.0,6,True,False,Other,0,107.7,11,0.3,True
4.0,0.0,9,3,5,2023,False,247,56,2,0,267941.0,1160.0,6,False,True,SaaS,0,0.0,0,4.8,True
130.0,0.0,6,4,3,2023,False,268,26,1,1,737.0,1292.0,2,False,True,Design Tools,0,0.2,0,0.0,True
249.0,73.0,1,4,6,2023,True,61,60,3,1,3894.0,25980.0,5,True,False,Productivity,0,68.4,4,261.5,True
1.0,0.0,16,6,7,2023,False,241,34,2,1,5.0,2869.0,1,True,False,Other,0,1.3,27,2.9,True
225.0,21.0,16,2,10,2019,True,138,55,3,1,540.0,5255.0,5,False,False,iOS,0,0.0,0,0.0,False
134.0,2.0,6,1,7,2026,True,60,32,3,1,5.0,1125.0,6,True,True,Design Tools,0,0.0,2,0.0,True
90.0,14.0,0,2,5,2026,True,248,53,3,1,328.0,170.0,7,True,False,Mac,0,0.0,0,0.0,False
274.0,92.0,7,2,5,2026,True,398,48,3,1,4560.0,5160.0,5,True,False,Productivity,0,0.0,26,0.0,True
144.0,104.0,7,4,7,2026,True,50,58,3,1,1720.0,14183.0,6,False,False,Other,0,0.0,30,4.6,True
279.0,69.0,7,2,5,2026,True,58,46,3,2,85073.0,11597.0,7,True,False,Other,0,208.1,7,472.8,True
633.0,12.0,7,4,7,2026,True,33,58,3,1,2941.0,10846.0,5,True,False,Other,12,0.0,9,372.6,True
18.0,4.0,10,5,3,2023,False,252,34,3,1,1790.0,1735.0,1,False,True,Design Tools,0,0.0,0,0.2,True
102.0,0.0,7,3,5,2023,True,230,60,2,1,1257.0,873.0,3,False,False,Analytics,0,0.0,0,0.6,True
230.0,0.0,7,6,7,2026,True,53,22,3,1,1400.0,2102.0,6,False,False,Other,5,0.0,14,0.0,True
111.0,4.0,0,1,6,2026,True,490,56,3,1,377.0,5255.0,5,True,False,Other,0,0.0,0,0.0,False
178.0,31.0,7,1,8,2023,True,218,38,3,1,3309.0,1409.0,4,False,False,Other,0,0.0,0,2.7,True
27.0,0.0,15,2,5,2023,False,62,51,3,1,293106.0,949.0,4,True,False,Productivity,0,0.0,5,1.0,True
125.0,26.0,7,0,7,2026,True,73,43,3,1,928.0,1850.0,6,True,False,Other,0,0.0,6,171.6,True
221.0,25.0,7,4,7,2026,True,50,60,3,2,5500.0,2814.0,8,True,False,Other,0,30.2,14,1.5,True
28.0,2.0,7,0,5,2023,False,273,50,3,1,5.0,5810.0,1,True,True,Health & Fitness,0,0.0,0,0.0,True
128.0,0.0,7,0,7,2026,False,47,41,1,0,5.0,6324.0,4,False,False,Productivity,0,0.9,0,2.4,True
606.0,175.0,1,4,6,2026,True,55,34,3,5,1430.0,8812.0,6,True,False,Productivity,0,0.0,1528,3.1,True
3.0,0.0,6,1,3,2023,False,232,59,3,1,657.0,177.0,6,False,True,Design Tools,0,0.0,0,0.0,False
201.0,0.0,7,4,7,2026,False,284,37,3,1,3481.0,766.0,4,True,False,Artificial Intelligence,0,0.0,13,0.0,True
132.0,8.0,0,2,6,2026,True,299,27,3,1,342.0,3596.0,4,False,False,Design Tools,0,0.0,0,0.0,False
13.0,0.0,16,3,3,2023,False,236,29,4,1,5.0,982.0,3,False,False,Design Tools,0,0.0,0,2.9,True
7.0,0.0,11,3,5,2023,True,247,19,4,1,5.0,1735.0,2,False,True,Developer Tools,0,0.0,0,0.0,True
193.0,21.0,0,4,6,2026,False,87,51,3,1,9898.0,31013.0,5,True,False,Other,49,308.1020408163265,49,308.1020408163265,False
1.0,1.0,7,4,7,2023,False,162,53,3,1,374.0,307.0,3,False,True,Education,0,0.0,0,0.0,False
15.0,1.0,13,6,3,2023,False,241,33,4,1,5.0,3261.0,1,True,True,Marketing,0,0.4,14,0.0,True
12.0,0.0,7,0,5,2023,False,235,44,3,1,1656.0,2420.0,5,True,True,Design Tools,0,0.0,20,0.0,True
22.0,2.0,7,1,5,2024,False,260,37,2,1,5.0,617.0,9,True,True,Design Tools,0,0.0,0,1.1,True
482.0,98.0,7,3,6,2026,True,59,59,3,1,630.0,4002.0,7,True,True,Productivity,0,0.0,0,0.0,False
160.0,3.0,0,3,5,2026,False,79,49,3,1,1987.0,7587.0,4,False,True,Productivity,0,0.0,4,0.0,True
115.0,4.0,7,6,4,2025,False,246,30,3,5,599.0,432.0,3,False,True,Health & Fitness,0,0.0,18,1.5,True
120.0,4.0,7,1,3,2023,True,247,46,3,5,166131.0,4506.0,4,False,False,SaaS,0,0.0,1092,209.5201465201465,False
123.0,63.0,0,4,7,2023,False,40,42,3,1,770.0,1404.0,6,True,False,Productivity,0,0.0,13,2.7,True
107.0,0.0,7,6,7,2023,True,279,48,2,3,2300.0,221.0,6,False,True,Other,0,0.0,8,0.0,True
116.0,1.0,7,0,5,2023,False,169,40,3,1,1883.0,2219.0,3,False,True,Marketing,0,1.4,16,2.4,True
147.0,0.0,13,1,7,2023,False,249,39,3,1,92168.0,771.0,3,False,True,Social Media,0,0.0,150,0.0,True
47.0,0.0,7,4,5,2023,True,239,38,3,1,14780.0,507.0,1,False,True,Hiring,0,0.8,0,0.0,True
8.0,1.0,15,5,7,2023,False,255,42,3,1,5.0,4038.0,3,True,True,Other,0,0.0,0,0.0,True
1.0,3.0,15,3,3,2023,False,254,44,1,1,5.0,2039.0,3,False,True,Education,0,0.0,0,0.8,True
138.0,13.0,7,1,9,2026,False,50,60,3,1,4840.0,359.0,7,True,False,Other,0,0.0,0,3.3,True
74.0,13.0,7,5,5,2023,True,251,39,3,1,773.0,217.0,5,False,True,Android,0,0.0,0,0.0,False
175.0,1.0,7,3,7,2023,False,251,45,3,1,5.0,1257.0,6,False,False,Health & Fitness,0,0.0,6,0.0,True
17.0,0.0,7,3,6,2023,False,228,37,5,1,191471.0,2318.0,0,True,True,Artificial Intelligence,0,0.0,18,5.1,True
25.0,68.0,7,4,3,2023,True,135,57,2,1,5.0,130.0,5,True,False,Productivity,0,1.2,0,0.0,True
113.0,13.0,7,0,1,2023,False,241,27,2,2,809.0,669.0,5,False,False,Design Tools,0,0.0,0,0.2,True
182.0,21.0,7,1,5,2026,False,384,17,3,1,5.0,2638.0,8,True,False,API,0,0.0,29,111.7,True
220.0,24.0,7,4,5,2026,True,413,60,3,1,1401.0,471.0,6,False,False,iOS,0,0.0,38,200.7,True
168.0,0.0,7,2,7,2026,True,43,31,3,3,406.0,1331.0,5,False,False,Artificial Intelligence,0,0.0,8,2.2,True
131.0,53.0,7,1,7,2026,False,60,58,3,1,4958.0,6610.0,8,True,False,Productivity,0,0.0,15,0.8,True
2.0,0.0,5,4,7,2023,False,250,15,1,0,69.0,1749.0,1,False,False,Other,0,0.0,0,0.0,False
102.0,31.0,7,3,7,2023,True,177,39,3,1,5.0,813.0,9,False,False,SaaS,0,0.0,23,0.0,True
118.0,0.0,7,5,7,2023,True,83,57,3,3,2842.0,244.0,6,False,False,Social Media,0,0.0,0,0.0,True
15.0,1.0,23,0,3,2023,False,228,58,2,1,5.0,1806.0,8,False,True,Design Tools,0,0.6,0,0.0,True
121.0,4.0,7,3,7,2023,True,62,58,3,3,5.0,226.0,6,False,False,Hiring,0,0.0,0,0.0,True
314.0,59.0,7,1,7,2026,True,55,59,3,1,5.0,7928.0,6,False,False,Productivity,0,0.0,17,0.0,True
12.0,1.0,7,5,3,2023,False,273,45,3,1,199678.0,1706.0,5,False,False,Design Tools,0,0.0,9,3.0,True
334.0,35.0,0,4,5,2026,True,450,60,3,1,2669.0,8011.0,6,True,False,API,3,236.66666666666663,3,236.66666666666663,False
83.0,1.0,0,1,7,2023,False,240,58,3,1,21754.0,3814.0,7,True,False,Other,0,0.0,0,180.3,True
145.0,49.0,8,1,3,2023,False,17,60,3,1,252.0,879.0,5,True,False,Mac,0,1.3,0,0.0,True
6.0,0.0,8,0,7,2023,True,260,59,1,1,5.0,567.0,3,False,False,Education,0,0.0,0,0.0,True
8.0,0.0,8,5,3,2023,False,186,19,1,0,5.0,1319.0,3,True,True,Analytics,0,0.3,16,0.0,True
90.0,3.0,7,2,3,2023,True,49,39,3,1,5.0,1989.0,6,False,False,Productivity,0,0.0,0,3.2,True
11.0,0.0,13,3,3,2023,False,142,49,1,0,5.0,1723.0,3,False,True,Other,0,0.8,1,4.2,True
130.0,24.0,7,3,7,2023,True,183,60,3,2,83082.0,2904.0,7,True,False,Other,0,0.0,542,218.04981549815497,False
233.0,22.0,7,0,7,2026,True,29,29,3,3,612.0,40.0,5,True,True,Other,0,0.0,0,0.0,False
219.0,0.0,7,1,5,2023,True,61,34,3,1,5.0,1216.0,7,False,False,Open Source,0,0.0,0,0.0,True
6.0,2.0,3,4,3,2023,False,255,41,2,1,73292.0,426.0,3,False,True,Productivity,0,0.0,0,0.0,True
582.0,6.0,12,1,5,2023,True,51,49,3,1,5.0,1147.0,5,True,False,Design Tools,0,0.0,17,4.2,True
1.0,0.0,17,3,1,2023,True,158,31,3,0,930.0,850.0,3,False,True,Developer Tools,0,0.0,7,4.2,True
103.0,14.0,7,1,5,2026,False,500,56,3,2,2674.0,173.0,4,True,False,Productivity,0,70.2,4,206.4,True
155.0,5.0,7,3,7,2023,True,57,23,4,1,5.0,809.0,6,False,True,Other,0,2.1,0,0.0,True
21.0,1.0,17,6,7,2023,False,130,57,3,1,5.0,3024.0,3,True,True,Other,0,0.0,29,3.0,True
254.0,25.0,7,6,5,2026,True,68,52,3,3,5.0,7561.0,8,True,False,Productivity,0,0.0,20,0.7,True
154.0,57.0,7,2,5,2026,True,39,37,3,3,3534.0,7356.0,6,True,False,Productivity,0,141.3,29,422.3,True
186.0,15.0,7,2,7,2026,True,54,48,3,3,5.0,642.0,6,True,False,Productivity,0,0.6,116,0.9,True
128.0,45.0,3,0,7,2025,True,55,47,3,2,2122.0,3812.0,5,True,False,Marketing,15,0.0,0,194.6,True
10.0,1.0,7,3,7,2023,False,261,55,4,1,3084.0,8148.0,6,False,True,Productivity,0,1.8,0,0.0,True
349.0,39.0,0,0,5,2026,True,429,46,3,1,273.0,308.0,5,True,False,Productivity,0,0.0,0,0.0,False
11.0,0.0,7,3,5,2023,False,116,33,1,3,2248.0,542.0,3,False,True,Social Media,0,0.0,6,0.3,True
65.0,0.0,7,3,5,2023,True,271,38,4,1,5.0,4569.0,4,False,False,Other,0,0.0,20,173.4,True
221.0,96.0,12,2,7,2026,True,59,29,3,2,1249.0,2445.0,4,False,False,iOS,0,0.0,0,201.1,True
143.0,9.0,0,6,5,2026,True,477,58,3,1,750.0,790.0,5,True,False,Mac,0,0.0,0,0.0,False
2.0,0.0,15,1,5,2023,False,237,24,3,0,5.0,329.0,3,False,True,Other,0,0.2,0,4.7,True
1.0,0.0,9,3,1,2023,False,271,35,3,0,500.0,4234.0,2,False,True,Education,0,0.0,0,207.0,True
325.0,0.0,7,2,3,2026,False,61,34,3,1,5.0,2725.0,6,True,False,Design Tools,0,0.0,0,173.4,True
2.0,0.0,12,4,7,2023,False,185,36,3,1,438.0,981.0,1,False,True,Design Tools,0,0.0,0,0.0,False
93.0,4.0,5,5,7,2023,True,263,59,3,1,5.0,1349.0,1,False,True,Open Source,0,0.0,1,0.0,True
6.0,2.0,9,5,1,2023,False,251,60,3,1,169.0,619.0,1,False,True,Productivity,0,0.0,0,0.0,False
11.0,2.0,18,3,7,2023,False,174,49,3,1,405.0,1253.0,3,False,True,Productivity,0,0.0,0,0.0,False
6.0,0.0,10,0,7,2023,False,461,34,1,1,612.0,1792.0,4,True,True,Design Tools,0,0.0,0,0.4,True
21.0,22.0,7,5,7,2026,False,47,47,3,1,18.0,120.0,6,False,False,Other,0,0.0,0,0.0,False
210.0,29.0,0,0,7,2026,True,52,53,3,1,1570.0,4524.0,4,True,False,Design Tools,0,0.0,496,307.9,True
105.0,3.0,7,2,5,2026,True,183,46,3,1,53.0,982.0,7,True,False,iOS,0,0.0,0,0.0,False
82.0,2.0,8,4,5,2023,True,182,32,1,1,78.0,2069.0,1,False,True,Productivity,0,0.0,0,0.0,False
160.0,33.0,7,0,5,2024,True,467,52,3,1,35136.0,758.0,6,False,False,API,1,0.0,5,0.0,True
153.0,0.0,7,0,6,2026,True,48,48,1,2,266.0,2200.0,7,False,True,Productivity,0,0.0,0,0.0,False
133.0,11.0,0,4,6,2026,True,389,40,3,1,1389.0,404.0,5,True,False,Open Source,0,0.0,0,0.0,False
1211.0,20.0,7,5,7,2023,True,221,53,3,1,264.0,642.0,9,False,True,API,0,0.0,7,0.0,True
214.0,85.0,7,3,6,2026,False,44,60,3,3,1545.0,28084.0,9,True,False,Android,9,165.4,20,321.4,True
5.0,0.0,8,4,7,2023,True,241,60,3,1,5.0,1660.0,4,False,True,Other,0,0.0,978,0.3,True
93.0,64.0,7,4,3,2026,True,282,57,3,1,1831.0,3921.0,4,False,False,Writing,0,0.0,0,0.0,True
211.0,31.0,7,3,6,2026,True,500,41,3,2,5.0,8592.0,6,True,False,Other,0,0.0,0,336.0,True
22.0,0.0,7,3,5,2023,True,254,44,1,1,293.0,1752.0,1,False,True,Android,0,0.0,1,0.0,True
27.0,0.0,5,1,7,2023,False,267,57,3,1,692.0,2430.0,3,False,True,Design Tools,0,0.0,13,0.0,True
1.0,0.0,3,0,7,2025,True,233,29,1,0,6055.0,10.0,6,False,False,Web App,0,0.0,0,2.0,True
15.0,0.0,7,3,7,2026,False,340,54,2,1,3136.0,351.0,10,False,False,Other,0,0.0,0,0.0,True
3.0,1.0,4,4,5,2023,False,234,59,3,1,172.0,4479.0,6,True,True,Other,0,0.0,0,0.0,False
92.0,0.0,5,0,5,2023,False,280,37,3,1,6035.0,223.0,2,False,True,Chrome Extensions,0,0.0,0,0.0,True
187.0,0.0,7,2,5,2026,True,49,57,3,1,2562.0,951.0,4,False,False,Chrome Extensions,0,0.0,0,0.4,True
19.0,0.0,14,3,3,2023,False,281,59,3,14,5.0,498.0,1,False,True,Developer Tools,0,0.0,541,1.4,True
142.0,157.0,1,6,7,2026,True,75,44,3,1,66449.0,10691.0,5,True,False,API,1,0.0,0,209.3,True
129.0,3.0,13,5,7,2023,True,263,60,3,1,5.0,728.0,6,True,True,Artificial Intelligence,0,0.0,7,187.9,True
21.0,0.0,5,3,7,2023,True,282,60,3,1,5.0,1312.0,4,True,False,Artificial Intelligence,0,0.0,0,0.0,True
95.0,0.0,7,4,7,2023,True,395,32,1,1,1231.0,2460.0,3,True,True,Web App,0,0.0,3,339.3,True
175.0,22.0,8,5,1,2023,True,204,30,3,1,130.0,521.0,4,False,True,Productivity,0,0.0,0,0.0,False
4.0,0.0,14,4,5,2023,False,198,30,3,1,167.0,436.0,1,False,True,Other,0,0.0,0,0.0,False
267.0,20.0,7,0,6,2026,True,49,41,3,3,5.0,908.0,6,True,False,Other,0,104.2,498,168.9,True
20.0,1.0,7,4,5,2023,False,156,37,3,1,3961.0,2422.0,7,False,True,Other,0,0.0,6,0.0,True
104.0,0.0,18,3,3,2023,True,123,33,4,1,35784.0,2023.0,2,True,False,Android,0,2.1,4047,187.5,True
160.0,68.0,7,2,7,2026,True,62,42,3,1,5.0,3399.0,8,False,False,Productivity,0,0.0,0,0.5,True
148.0,0.0,7,3,5,2023,False,270,59,3,1,1667.0,1833.0,6,True,False,Productivity,0,0.0,0,0.0,True
547.0,41.0,7,3,5,2025,True,279,50,3,1,5.0,2420.0,8,True,False,Other,0,0.0,0,0.3,True
13.0,0.0,7,5,7,2023,True,236,50,3,1,5.0,1371.0,2,False,True,Android,0,0.0,2310,0.0,True
107.0,1.0,7,1,7,2023,False,48,34,2,2,71246.0,1989.0,6,True,False,Health & Fitness,0,0.0,20,0.0,True
335.0,5.0,18,6,7,2023,False,225,43,3,1,5.0,5770.0,4,True,False,Education,0,0.0,30,0.5,True
13.0,3.0,7,3,7,2023,False,55,55,3,1,5.0,4709.0,7,True,False,Fintech,0,0.0,0,2.3,True
170.0,130.0,7,3,7,2023,True,191,24,3,1,5.0,1089.0,5,True,False,Productivity,0,0.0,0,2.1,True
524.0,0.0,7,6,7,2026,False,58,51,3,3,175430.0,3977.0,6,True,False,Other,0,0.0,0,0.0,True
190.0,4.0,7,2,7,2026,True,446,36,3,1,5.0,1315.0,6,True,False,Productivity,0,28.1,769,1.2,True
76.0,13.0,7,0,5,2026,True,39,45,3,2,171882.0,2392.0,6,False,False,Productivity,0,0.2,2,1.9,True
119.0,2.0,17,5,7,2023,False,242,45,3,0,1742.0,2577.0,8,False,True,Design Tools,0,0.0,0,0.4,True
11.0,1.0,9,3,3,2023,True,264,43,4,0,818.0,3430.0,3,False,True,Other,0,0.0,1,216.8,True
254.0,7.0,16,2,10,2019,True,158,45,3,1,105.0,358.0,5,False,False,Analytics,0,0.0,0,0.0,False
1.0,97.0,7,3,3,2023,False,252,45,4,1,5.0,2093.0,1,True,True,Android,0,0.0,13,0.0,True
303.0,47.0,0,0,6,2026,False,166,33,3,1,10912.0,28506.0,5,True,False,Other,55,303.0181818181818,55,303.0181818181818,False
14.0,0.0,13,4,7,2023,True,45,39,2,1,5.0,6617.0,1,False,True,Other,0,0.0,3,0.0,True
8.0,0.0,7,3,7,2023,False,208,55,3,0,2399.0,100.0,3,False,False,Other,0,0.0,0,5.0,True
69.0,7.0,7,0,3,2023,True,241,28,3,1,132.0,111.0,2,False,True,Design Tools,0,0.0,0,0.0,False
11.0,0.0,7,3,5,2023,False,375,38,3,1,696.0,1703.0,4,False,False,Fintech,0,0.0,7,5.6,True
210.0,5.0,9,3,5,2023,False,196,25,4,8,3660.0,2278.0,4,False,True,Education,0,1.1,0,0.0,True
93.0,15.0,8,1,3,2023,True,231,49,3,4,161666.0,949.0,5,False,False,Email,0,0.0,1065,193.80281690140845,False
15.0,3.0,13,3,3,2023,False,271,17,4,1,3392.0,3396.0,3,True,True,Other,0,0.0,0,0.8,True
21.0,0.0,12,4,3,2023,False,234,44,2,1,90925.0,4106.0,0,False,True,SaaS,0,0.0,0,1.5,True
124.0,0.0,7,1,7,2023,False,192,60,3,1,229279.0,1466.0,6,False,False,Open Source,0,0.0,25,64.4,True
107.0,27.0,7,6,5,2026,True,485,40,3,2,3048.0,1825.0,6,False,False,Other,0,0.0,18,0.1,True
3.0,1.0,9,1,3,2023,False,220,53,4,1,209.0,3001.0,12,False,True,Android,0,0.0,0,0.0,False
15.0,1.0,7,4,3,2023,False,243,52,2,0,73841.0,2640.0,3,False,True,Other,0,0.0,99,0.0,True
81.0,1.0,7,3,7,2023,True,45,38,1,3,5.0,1003.0,8,False,True,Other,0,0.0,0,0.0,True
108.0,6.0,0,4,6,2026,False,83,49,3,1,2373.0,5861.0,9,False,False,Artificial Intelligence,4,182.25,4,182.25,False
122.0,11.0,7,6,7,2026,False,72,40,3,2,2525.0,12446.0,6,True,False,Other,1,0.0,0,4.6,True
100.0,61.0,7,4,4,2026,True,297,25,3,3,356503.0,12306.0,6,False,False,Productivity,0,0.0,0,0.0,True
13.0,4.0,7,4,5,2023,False,231,60,3,1,5.0,2325.0,5,False,False,Design Tools,0,0.0,13,0.0,True
18.0,5.0,7,5,6,2026,False,41,41,3,1,317.0,2276.0,4,False,False,Other,0,0.0,0,0.0,False
124.0,57.0,19,3,7,2026,True,260,37,3,1,1707.0,999.0,4,True,False,Productivity,0,0.0,0,1.6,True
3.0,1.0,15,3,7,2023,False,198,36,3,1,19.0,725.0,3,False,True,Other,0,0.0,0,0.0,False
297.0,32.0,7,0,7,2026,True,67,51,3,1,5.0,1196.0,8,True,False,Marketing,0,0.0,32,3.4,True
125.0,6.0,7,0,6,2026,True,65,37,3,1,343.0,2322.0,4,False,False,Other,0,0.0,26,196.3,True
128.0,15.0,7,5,7,2026,True,245,38,3,1,22483.0,502.0,6,False,False,API,0,0.0,31,0.0,True
25.0,0.0,7,5,1,2023,True,271,49,3,1,4151.0,1585.0,3,True,True,Other,0,0.0,2,0.0,True
3.0,1.0,4,4,1,2023,False,119,38,1,1,6.0,407.0,1,False,True,Other,0,0.0,0,0.0,False
130.0,19.0,7,4,5,2026,False,177,59,3,2,2715.0,8964.0,8,True,False,Productivity,0,224.7,5,0.9,True
98.0,27.0,7,0,3,2023,True,41,41,3,1,159.0,1612.0,2,False,True,Design Tools,0,0.0,0,0.0,False
2.0,2.0,7,5,3,2023,False,130,60,3,1,5.0,1410.0,1,False,True,Productivity,0,0.0,9,0.0,True
171.0,131.0,7,3,3,2023,True,276,44,3,6,5.0,585.0,6,True,False,Other,0,0.0,15,2.4,True
221.0,0.0,7,0,7,2024,False,184,43,3,3,150.0,3668.0,8,True,False,Analytics,0,0.0,0,0.2,True
99.0,0.0,7,5,5,2026,True,237,39,1,1,11.0,298.0,3,False,False,Health & Fitness,0,0.0,11,0.0,True
2.0,1.0,3,5,5,2023,False,249,35,3,0,125.0,6459.0,5,False,False,Health & Fitness,0,0.0,0,0.0,False
123.0,15.0,7,4,7,2026,True,68,59,3,1,5.0,2946.0,4,False,False,Other,0,0.0,13,0.0,True
101.0,94.0,7,0,7,2026,False,259,60,3,1,62744.0,1684.0,6,True,False,Other,0,0.0,8,0.0,True
96.0,17.0,7,0,5,2026,True,459,49,3,1,1017.0,1290.0,4,False,False,Marketing,0,0.0,33,0.0,True
6.0,0.0,23,5,1,2023,False,202,43,2,1,5.0,1089.0,2,False,True,Other,0,0.0,0,0.0,False
12.0,7.0,14,3,7,2023,False,259,38,3,2,5.0,1094.0,2,False,False,Artificial Intelligence,0,0.0,18,3.4,True
91.0,13.0,7,4,6,2026,True,71,32,3,1,3879.0,4884.0,7,True,False,Email,0,279.2,0,194.4,True
105.0,0.0,7,4,7,2026,False,45,45,1,1,573.0,984.0,7,False,True,Productivity,0,0.0,0,0.0,False
1.0,0.0,9,3,5,2023,True,217,34,2,0,5.0,1528.0,1,False,True,Android,0,0.0,5,2.2,True
6.0,0.0,7,6,5,2023,False,162,58,1,3,5.0,1463.0,2,False,True,Writing,0,0.3,21,234.2,True
99.0,14.0,0,0,5,2026,True,48,47,3,1,647.0,2976.0,8,True,False,Productivity,0,236.4,13,103.2,True
38.0,13.0,0,2,5,2026,False,386,46,3,1,278.0,748.0,7,True,False,Other,0,0.0,0,0.0,False
9.0,1.0,0,2,6,2026,True,228,55,3,1,160.0,654.0,5,True,False,Other,0,0.0,0,0.0,False
4.0,13.0,15,5,7,2023,False,258,40,3,1,607304.0,1655.0,5,False,False,Other,0,0.0,1,205.5,True
1.0,0.0,22,5,5,2023,False,278,50,1,1,641.0,948.0,2,False,True,Other,0,0.0,0,0.0,True
25.0,0.0,21,1,1,2023,False,238,57,3,1,5.0,2566.0,1,False,True,Other,0,0.0,429,0.0,True
201.0,20.0,7,6,6,2026,True,61,59,3,1,2661.0,31566.0,9,True,False,Chrome Extensions,3,0.0,2,194.8,True
168.0,69.0,7,2,5,2026,True,53,57,3,1,2331.0,1031.0,6,True,False,Other,0,0.0,0,186.0,True
29.0,7.0,7,1,3,2023,False,240,50,3,1,569.0,69.0,5,True,True,Writing,0,0.0,0,0.0,False
232.0,67.0,7,3,7,2023,True,160,46,3,1,161.0,1654.0,7,False,True,Other,0,0.0,0,0.0,False
101.0,10.0,15,0,4,2020,True,246,52,3,1,716.0,225.0,4,False,False,Web App,0,0.0,0,0.0,False
81.0,5.0,7,3,7,2023,True,257,46,4,1,217.0,134.0,5,True,True,Web App,0,0.0,0,0.0,False
6.0,0.0,9,4,1,2023,False,136,46,3,3,33618.0,1634.0,3,False,False,Other,0,0.0,208,261.9423076923077,False
495.0,135.0,7,1,3,2023,True,259,55,3,11,208.0,87.0,7,True,False,Productivity,0,0.0,0,0.0,False
210.0,12.0,7,3,5,2026,True,75,31,3,1,5.0,716.0,5,True,False,Design Tools,0,0.0,0,0.3,True
105.0,71.0,7,1,7,2026,False,48,59,4,1,7.0,851.0,6,False,False,Other,0,0.0,0,0.0,True
243.0,53.0,14,3,7,2026,True,201,36,4,1,78.0,518.0,6,False,False,Other,0,162.3,18,171.0,True
304.0,9.0,7,0,7,2026,True,84,59,3,1,5.0,16186.0,6,True,False,Email,0,144.0,0,0.0,True
418.0,1.0,7,1,5,2023,False,274,47,3,1,1577.0,1399.0,4,False,False,Other,0,0.0,2,0.0,True
3.0,0.0,13,1,3,2023,False,250,43,3,1,17.0,1204.0,2,True,True,Education,0,0.0,0,0.0,False
13.0,1.0,7,3,3,2023,True,147,45,2,1,5.0,5312.0,3,False,True,Other,0,0.0,7,0.0,True
109.0,3.0,7,1,5,2023,True,253,26,3,1,44344.0,3204.0,6,True,True,Developer Tools,0,0.0,3,0.0,True
26.0,0.0,13,0,5,2023,False,211,46,4,1,5.0,2577.0,1,False,True,Marketing,0,0.0,0,0.0,True
197.0,0.0,7,4,7,2026,True,40,40,1,3,1272.0,2866.0,5,False,False,Productivity,1,116.0,1,116.0,False
5.0,1.0,14,4,5,2023,False,110,58,1,2,63427.0,670.0,3,False,False,Other,1,5.0,411,192.39172749391727,False
154.0,11.0,21,1,7,2023,False,167,27,3,1,5.0,2689.0,2,True,False,Other,0,0.0,3428,1.2,True
14.0,0.0,16,3,5,2023,False,264,59,3,1,5.0,10.0,3,False,True,Writing,1,0.0,0,0.5,True
265.0,24.0,10,4,5,2025,False,57,57,3,1,18210.0,4079.0,3,True,False,Other,0,0.0,0,0.0,True
5.0,2.0,10,3,1,2023,False,272,37,3,1,484.0,430.0,4,True,True,Other,0,0.0,0,0.0,False
219.0,138.0,7,4,6,2026,True,48,44,3,3,1818.0,8570.0,7,True,False,Productivity,0,0.1,495,495.8,True
7.0,1.0,7,5,6,2026,False,37,37,3,1,119.0,1576.0,8,True,False,Other,0,0.0,0,0.0,False
78.0,3.0,8,3,1,2023,True,208,50,3,1,132.0,959.0,2,False,True,Hiring,0,0.0,0,0.0,False
141.0,12.0,7,4,5,2023,False,82,37,3,1,509236.0,5500.0,4,True,False,API,0,0.0,0,0.0,True
17.0,1.0,12,3,3,2023,False,273,48,2,1,5.0,987.0,4,False,False,Artificial Intelligence,0,0.0,0,4.1,True
1.0,0.0,9,3,7,2023,False,150,46,3,0,62.0,4448.0,3,True,False,Developer Tools,0,0.0,0,0.0,False
206.0,10.0,7,3,5,2026,True,88,55,3,1,5.0,10162.0,8,False,False,Productivity,0,0.0,0,0.0,True
1.0,2.0,7,6,7,2023,False,131,50,1,1,5.0,2369.0,4,True,True,Other,0,0.0,5,2.2,True
25.0,25.0,7,5,7,2026,False,41,41,3,1,58.0,854.0,4,False,True,Productivity,0,0.0,0,0.0,False
7.0,0.0,7,3,7,2023,False,238,42,1,0,173197.0,863.0,3,False,True,Marketing,0,0.0,20,212.6,True
339.0,11.0,16,2,10,2019,False,197,48,3,1,387.0,4515.0,4,False,False,Productivity,0,0.0,0,0.0,False
6.0,2.0,11,3,3,2023,False,241,18,3,1,2831.0,469.0,1,False,True,Design Tools,0,0.0,380,2.2,True
588.0,0.0,7,3,6,2023,False,248,52,3,5,1764.0,1973.0,5,True,False,Chrome Extensions,0,0.0,0,0.0,True
18.0,71.0,7,3,3,2023,False,263,41,3,1,3850.0,829.0,4,True,True,Other,0,0.0,0,0.0,True
99.0,3.0,7,3,5,2023,True,209,40,1,1,1701.0,2342.0,3,False,True,Other,0,0.0,900,1.6,True
258.0,20.0,9,2,7,2026,True,67,50,3,3,2521.0,1062.0,8,True,False,Design Tools,0,10.0,18,0.0,True
106.0,6.0,7,4,7,2026,True,266,41,3,3,5.0,2881.0,8,True,False,Other,0,0.0,1,166.9,True
1.0,0.0,7,3,3,2023,True,272,41,2,1,199055.0,2100.0,1,False,True,Design Tools,0,0.0,0,3.7,True
6.0,1.0,10,4,1,2023,False,220,39,3,1,424.0,381.0,2,False,True,Other,0,0.0,0,0.0,False
77.0,5.0,8,6,5,2023,True,230,40,4,1,44.0,1910.0,8,False,True,Android,0,0.0,0,0.0,False
222.0,43.0,0,5,7,2026,True,74,50,3,1,5.0,3814.0,6,False,False,Email,0,0.6,0,207.9,True
455.0,4.0,7,4,7,2026,False,57,48,3,1,5054.0,3258.0,9,True,False,Other,0,0.9,22,0.0,True
147.0,18.0,7,4,7,2026,True,44,44,3,2,30.0,183.0,4,False,False,Other,0,0.0,0,0.0,False
657.0,72.0,7,3,5,2023,False,30,58,3,1,385.0,1696.0,7,False,False,API,0,0.0,0,3.6,True
187.0,32.0,7,4,6,2026,True,65,51,3,3,3005.0,10322.0,5,True,False,Other,0,144.0,4091,189.1,True
248.0,5.0,7,5,5,2026,True,362,22,3,1,5.0,742.0,5,True,False,Writing,20,0.0,3,0.0,True
414.0,53.0,1,4,6,2026,True,67,30,3,1,1057.0,770.0,8,True,False,Other,0,215.3,11,0.0,True
1.0,3.0,7,3,7,2023,False,257,40,3,1,1033.0,1373.0,4,True,True,Design Tools,0,0.0,0,0.0,True
11.0,0.0,7,0,5,2023,False,262,36,3,1,5.0,1351.0,6,True,False,Marketing,0,0.0,0,0.8,True
345.0,27.0,7,6,5,2026,True,310,56,3,1,4523.0,8094.0,4,True,False,Other,0,0.8,1142,391.9,True
76.0,5.0,7,4,5,2023,True,252,39,4,1,501.0,598.0,5,False,True,Android,0,0.0,0,0.0,False
297.0,33.0,7,6,7,2026,True,402,52,3,1,2726.0,143.0,6,True,False,API,0,0.0,9,204.8,True
98.0,0.0,20,5,3,2023,False,266,39,2,1,307.0,1882.0,5,False,True,Other,0,0.0,2,0.0,True
73.0,9.0,13,3,1,2023,True,301,60,3,1,406.0,2442.0,3,False,True,Productivity,0,0.0,0,0.0,False
1.0,0.0,4,3,3,2023,False,270,35,3,1,2685.0,123.0,6,False,True,SaaS,0,0.0,1,0.0,True
116.0,1.0,7,5,5,2023,False,212,39,2,1,194591.0,4620.0,2,True,True,Artificial Intelligence,0,0.0,13,0.0,True
105.0,1.0,7,4,5,2024,True,237,52,3,1,5.0,2799.0,6,False,False,Design Tools,0,0.0,361,224.5,True
1.0,4.0,17,3,1,2023,False,275,36,2,1,5.0,1666.0,2,True,True,API,0,0.0,0,0.0,True
450.0,65.0,7,1,6,2026,True,53,53,3,3,607.0,1005.0,8,True,True,Other,0,0.0,0,0.0,False
184.0,121.0,7,1,7,2026,True,40,40,3,3,45.0,1172.0,6,False,False,Other,0,0.0,0,0.0,False
159.0,3.0,22,3,3,2023,True,257,59,5,0,5.0,266.0,7,False,False,Other,0,0.0,596,0.0,True
2.0,0.0,8,1,3,2023,False,256,18,4,1,46.0,804.0,8,False,False,Productivity,0,0.0,0,0.0,False
1176.0,27.0,7,6,5,2026,True,45,47,3,3,5.0,3541.0,4,True,True,Other,12,115.2,21,0.0,True
138.0,0.0,8,1,3,2024,False,228,41,2,8,5.0,242.0,6,True,True,Design Tools,0,0.0,2,0.0,True
297.0,63.0,7,5,3,2023,True,247,53,3,1,5.0,775.0,6,False,False,Productivity,0,0.7,4,0.0,True
4.0,4.0,7,6,3,2023,False,267,22,1,1,263.0,3043.0,2,False,True,Other,0,0.0,198,4.7,True
1.0,0.0,7,3,7,2023,True,267,50,4,4,5.0,599.0,7,True,True,Developer Tools,0,0.0,14,1.7,True
2.0,1.0,15,3,7,2023,False,259,35,3,1,152.0,2009.0,5,False,True,Education,0,0.0,0,0.0,False
1.0,3.0,8,4,1,2023,False,215,42,3,1,106136.0,1165.0,1,False,True,Other,0,0.0,0,0.0,True
120.0,39.0,7,1,7,2023,True,43,47,3,8,2338.0,586.0,6,False,False,Education,0,1.3,0,0.0,True
3.0,1.0,10,4,7,2023,False,257,54,3,1,105.0,3116.0,3,False,True,Marketing,0,0.0,0,0.0,False
155.0,84.0,7,4,7,2026,True,457,24,3,1,69302.0,4043.0,6,True,False,Productivity,10,0.0,0,0.0,True
203.0,10.0,7,2,7,2026,False,70,40,3,1,57760.0,8670.0,5,False,False,Productivity,3,1.7,2,0.0,True
151.0,37.0,0,4,7,2026,True,26,26,3,3,498.0,1397.0,6,True,False,Productivity,0,3.1,11,2.4,True
91.0,12.0,7,4,7,2026,True,475,50,3,2,1093.0,6535.0,6,False,False,Productivity,0,0.0,18,163.5,True
233.0,65.0,16,4,7,2026,True,402,55,3,1,5.0,945.0,4,False,False,Other,0,0.0,16,0.0,True
241.0,2.0,7,3,6,2026,True,45,28,3,3,5.0,590.0,5,True,False,Hiring,0,381.6,0,200.5,True
199.0,33.0,7,6,6,2026,True,59,59,3,2,243.0,2417.0,4,False,True,Productivity,0,0.0,0,0.0,False
525.0,14.0,0,2,6,2026,True,40,53,3,1,1264.0,21853.0,5,True,False,iOS,0,0.0,4,0.0,True
71.0,0.0,7,3,7,2023,False,241,52,2,1,714.0,549.0,4,False,True,Education,0,0.0,19,4.5,True
1.0,0.0,12,5,5,2023,True,245,46,2,1,2565.0,1581.0,3,False,True,Artificial Intelligence,0,0.0,0,216.1,True
6.0,3.0,19,3,5,2023,False,245,45,1,1,188.0,544.0,2,False,True,Design Tools,0,0.0,0,3.7,True
3.0,0.0,10,6,5,2023,False,251,49,3,1,155.0,1324.0,1,False,True,Productivity,0,0.0,0,0.0,False
150.0,113.0,7,0,7,2026,True,59,50,3,1,5.0,925.0,4,False,False,Developer Tools,0,0.0,22,2.2,True
684.0,103.0,7,0,7,2026,True,52,52,3,2,59.0,309.0,4,False,True,Other,0,0.0,0,0.0,False
224.0,45.0,7,2,6,2026,True,68,57,3,2,726.0,14644.0,8,True,False,API,0,0.0,21,252.7,True
1.0,1.0,10,3,7,2023,False,178,60,3,0,246.0,1119.0,8,True,False,Fintech,0,0.0,0,0.0,False
28.0,0.0,7,1,5,2023,True,168,58,3,1,22793.0,10.0,7,True,False,Health & Fitness,0,0.0,0,0.0,True
9.0,0.0,16,1,3,2023,False,275,28,3,1,4275.0,4699.0,3,False,True,Other,0,0.0,3,2.9,True
166.0,28.0,7,3,6,2026,True,57,57,3,1,380.0,1537.0,7,False,False,Developer Tools,0,0.0,0,0.0,False
139.0,0.0,7,5,3,2023,True,265,58,3,1,5.0,1691.0,4,True,True,Design Tools,0,0.0,0,0.2,True
236.0,27.0,7,6,5,2026,True,67,33,3,6,2729.0,26521.0,4,False,False,SaaS,0,0.0,21,363.6,True
94.0,12.0,7,4,10,2023,True,60,21,3,1,5.0,6196.0,4,False,False,Productivity,0,0.0,1915,1.7,True
2.0,0.0,6,4,7,2023,False,239,30,1,1,42.0,424.0,1,False,True,Health & Fitness,0,0.0,0,0.0,False
1.0,0.0,9,3,3,2023,False,253,32,3,0,525.0,1351.0,1,False,True,Other,0,0.0,0,1.4,True
1.0,0.0,15,3,7,2023,False,234,17,3,1,5.0,1898.0,3,False,True,Developer Tools,0,0.0,3,0.6,True
361.0,254.0,7,4,5,2026,False,231,35,3,1,5.0,2452.0,6,True,False,Developer Tools,0,0.0,17,184.2,True
1.0,0.0,13,3,5,2023,False,229,27,2,1,625.0,1376.0,3,False,True,Android,0,0.0,200,2.5,True
20.0,0.0,7,4,3,2023,True,266,39,2,1,5.0,720.0,3,False,True,Productivity,0,0.3,0,0.0,True
10.0,4.0,7,5,7,2026,False,42,42,3,1,740.0,2235.0,4,False,False,Productivity,0,0.0,0,0.0,False
147.0,21.0,7,2,5,2026,True,63,52,3,3,3049.0,2649.0,8,True,False,Productivity,25,0.0,0,0.0,True
218.0,21.0,4,1,9,2024,False,137,60,3,1,428.0,2268.0,1,False,False,Artificial Intelligence,0,0.0,0,0.0,False
21.0,0.0,13,5,3,2023,False,268,40,3,1,3535.0,585.0,1,False,True,Design Tools,0,0.0,0,0.0,True
122.0,12.0,7,4,10,2026,False,47,40,3,1,152800.0,29911.0,6,True,False,Mac,0,0.0,6,0.0,True
128.0,20.0,23,2,8,2022,True,252,49,3,1,3334.0,9889.0,7,True,False,API,1,388.0,1,388.0,False
410.0,46.0,7,6,7,2026,True,41,60,3,2,5.0,5356.0,6,True,False,Other,0,0.0,3,231.4,True
17.0,0.0,12,1,3,2023,False,258,30,2,1,4117.0,2336.0,4,False,True,Other,0,0.0,0,0.0,True
104.0,9.0,7,0,7,2023,False,48,39,3,1,3524.0,10.0,6,True,False,Developer Tools,0,0.0,0,333.9,True
287.0,90.0,7,2,5,2026,True,52,49,3,1,491960.0,647.0,6,True,False,Other,0,0.1,0,219.4,True
17.0,0.0,17,1,3,2023,False,176,56,3,1,5.0,3490.0,1,False,True,Design Tools,0,0.0,29,1.6,True
1.0,2.0,12,4,7,2023,True,261,56,3,1,93362.0,1273.0,3,False,True,Android,0,0.0,17,0.0,True
137.0,45.0,7,6,7,2026,True,55,52,3,7,3650.0,729.0,4,True,False,Other,0,0.0,2,446.3,True
9.0,4.0,7,0,7,2023,True,208,31,3,1,405.0,2892.0,6,False,True,Android,0,0.0,0,5.2,True
154.0,15.0,7,1,7,2026,False,43,38,3,1,1066.0,661.0,4,True,False,Productivity,3,0.0,5,0.7,True
214.0,19.0,7,2,10,2026,True,50,30,3,3,5.0,13474.0,6,True,False,Productivity,0,0.0,0,2.1,True
132.0,0.0,18,6,7,2026,True,231,23,2,3,5.0,2780.0,4,True,False,Android,0,0.0,17,0.8,True
88.0,15.0,7,5,5,2023,True,201,28,3,1,159.0,1272.0,1,False,True,Other,0,0.0,0,0.0,False
15.0,3.0,13,3,3,2023,False,269,40,2,1,5.0,399.0,4,True,True,Other,0,0.0,0,4.8,True
14.0,0.0,15,3,7,2023,False,229,56,2,0,5.0,3186.0,3,False,True,Other,0,0.0,480,0.0,True
149.0,22.0,15,0,7,2023,True,273,26,3,1,5.0,294.0,8,False,False,Productivity,1,0.0,0,0.0,True
139.0,1.0,19,6,6,2023,False,63,21,3,1,5.0,5318.0,7,True,False,Marketing,0,0.0,0,0.0,True
379.0,34.0,7,2,6,2026,True,74,34,3,1,5.0,77.0,4,False,False,Marketing,6,320.1,2,352.3,True
14.0,1.0,7,4,9,2023,False,239,55,3,1,5.0,2256.0,2,True,False,Other,0,0.0,0,0.0,True
343.0,27.0,0,0,6,2026,True,49,47,3,3,35831.0,1022.0,8,True,False,Mac,6,0.8,16,190.1,True
108.0,75.0,7,4,5,2023,False,145,57,3,1,5.0,3099.0,6,False,True,Writing,0,0.0,0,0.0,True
2.0,0.0,7,4,7,2023,False,229,58,3,1,73.0,1163.0,2,False,True,Email,0,0.0,0,0.0,False
11.0,62.0,7,5,3,2023,True,289,44,3,0,5.0,1954.0,5,False,True,Analytics,30,0.0,17,4.1,True
105.0,7.0,0,2,5,2026,True,464,49,3,1,519.0,113.0,7,True,False,Health & Fitness,0,0.0,0,0.0,False
765.0,15.0,7,4,7,2023,True,79,60,3,2,408.0,2426.0,3,True,False,Design Tools,0,0.0,0,0.0,True
144.0,74.0,7,2,7,2026,True,41,60,3,1,5.0,920.0,6,True,False,iOS,0,0.0,9,289.4,True
159.0,138.0,8,5,1,2023,True,153,40,2,1,21.0,1575.0,9,True,True,Productivity,0,0.0,0,0.0,False
119.0,68.0,7,2,7,2026,True,251,47,3,1,5.0,1758.0,5,False,False,Chrome Extensions,0,0.0,0,0.0,True
96.0,12.0,7,3,7,2026,True,257,39,3,2,5.0,2322.0,6,True,False,Productivity,0,0.0,13,3.9,True
33.0,10.0,2,4,5,2023,False,247,57,3,1,1164.0,2296.0,5,True,True,Health & Fitness,0,0.0,0,0.0,False
345.0,27.0,0,0,6,2026,True,434,54,3,1,4779.0,11811.0,8,True,False,Productivity,12,348.25,12,348.25,False
14.0,1.0,7,4,5,2023,False,59,35,3,1,1167.0,2556.0,1,False,True,Productivity,0,0.0,72,2.5,True
133.0,5.0,7,4,7,2023,True,300,37,3,1,5.0,1611.0,9,False,True,Developer Tools,0,0.0,10,0.0,True
91.0,4.0,7,4,7,2023,True,242,37,3,2,34.0,2838.0,8,False,True,Productivity,0,0.0,0,0.0,False
108.0,38.0,7,4,7,2023,False,234,55,3,1,4734.0,2959.0,1,False,False,SaaS,0,0.0,0,0.8,True
96.0,96.0,7,1,7,2023,True,50,15,3,1,389229.0,6358.0,4,False,False,Productivity,0,0.8,26,2.8,True
195.0,0.0,7,3,5,2026,True,276,32,3,2,5.0,708.0,6,True,False,SaaS,0,0.0,0,0.0,True
38.0,3.0,18,1,3,2026,False,352,58,3,1,129.0,2858.0,8,True,False,Chrome Extensions,0,0.0,0,0.0,False
105.0,12.0,7,4,5,2023,True,229,49,5,1,5.0,974.0,4,False,True,Other,0,0.0,0,0.0,True
6.0,0.0,17,5,1,2023,False,122,21,3,1,481.0,644.0,3,False,True,Other,1,2.0,1,2.0,False
222.0,15.0,7,0,7,2023,False,271,49,3,1,5.0,1852.0,4,False,True,Other,0,0.0,0,1.0,True
197.0,7.0,0,4,5,2026,True,65,55,3,3,227417.0,969.0,3,True,False,Other,0,0.0,2129,1.3,True
205.0,27.0,1,2,6,2026,False,67,58,3,1,2810.0,26537.0,5,True,False,Productivity,13,248.6,25,301.6,True
523.0,7.0,1,6,7,2026,True,265,54,3,1,33420.0,3881.0,6,False,False,Productivity,0,0.0,9,238.2,True
208.0,29.0,7,1,7,2026,True,30,36,3,3,1568.0,1775.0,9,True,False,Design Tools,0,0.3,3,0.0,True
165.0,0.0,6,4,7,2023,False,83,57,3,1,3440.0,856.0,7,False,False,Web App,0,0.0,0,1.1,True
147.0,0.0,10,5,3,2023,False,225,59,3,3,2749.0,3236.0,5,True,False,Design Tools,0,0.7,26,199.9,True
1.0,0.0,5,4,1,2023,False,274,31,1,1,5427.0,3346.0,3,False,True,Other,0,0.0,17,0.2,True
6.0,1.0,15,1,3,2023,False,120,60,1,1,640.0,216.0,3,False,True,Other,0,0.0,0,0.0,False
1.0,3.0,13,1,5,2023,False,263,41,2,1,5.0,512.0,3,False,True,Productivity,0,0.0,0,0.8,True
17.0,1.0,8,3,5,2023,False,246,58,4,1,635.0,503.0,3,True,True,Productivity,0,0.0,0,0.0,True
290.0,70.0,7,4,5,2026,True,29,45,3,3,135.0,837.0,6,True,False,Other,0,0.0,9,427.8,True
103.0,0.0,7,4,7,2023,False,247,44,1,1,5.0,1590.0,8,False,False,Mac,0,0.0,24,0.0,True
19.0,1.0,8,3,3,2023,True,182,33,2,1,5.0,1288.0,3,True,True,Android,0,0.0,8,185.3,True
1.0,0.0,18,3,3,2023,True,70,40,4,1,57.0,830.0,2,True,True,Other,0,0.0,5,0.1,True
32.0,12.0,7,0,3,2023,False,186,47,3,2,170.0,919.0,5,False,True,Productivity,0,0.0,0,0.0,False
164.0,30.0,7,2,5,2026,True,389,32,3,1,5.0,28924.0,6,False,False,Artificial Intelligence,0,0.0,2,0.0,True
147.0,17.0,7,5,6,2026,True,59,59,3,1,197.0,868.0,4,False,False,Other,0,0.0,0,0.0,False
11.0,0.0,9,3,3,2023,False,248,35,2,1,2643.0,2617.0,0,False,True,Other,0,0.0,10,2.7,True
412.0,26.0,10,0,5,2023,True,233,40,3,1,4249.0,887.0,8,True,False,Writing,0,0.6,17,0.1,True
8.0,0.0,8,3,7,2023,False,40,27,3,1,5.0,2221.0,9,True,True,Developer Tools,0,2.4,30,0.0,True
10.0,0.0,7,4,5,2023,True,231,36,3,1,5.0,2590.0,3,False,True,Productivity,0,0.0,7,2.1,True
110.0,3.0,7,3,3,2023,False,262,59,1,1,71512.0,554.0,8,True,True,Android,0,0.0,0,0.7,True
7.0,1.0,0,5,5,2026,False,382,52,3,1,137.0,1190.0,7,False,False,Other,0,0.0,0,0.0,False
257.0,16.0,7,4,7,2026,True,50,41,3,2,5.0,7183.0,5,True,False,Mac,0,2.1,10,3.3,True
171.0,32.0,7,4,5,2023,True,278,51,1,1,74453.0,286.0,6,True,False,Mac,0,0.0,0,0.0,True
27.0,2.0,7,5,6,2026,False,43,43,3,3,59.0,7109.0,4,True,False,Productivity,0,0.0,0,0.0,False
334.0,20.0,7,1,5,2026,True,242,56,3,1,5.0,2169.0,6,False,False,Other,0,0.0,15,0.5,True
23.0,0.0,12,4,5,2023,True,237,35,3,1,101.0,1873.0,10,False,False,Open Source,0,0.8,16,0.6,True
133.0,3.0,7,2,5,2026,True,49,59,3,1,5.0,663.0,5,True,False,Productivity,0,0.0,0,1.1,True
3.0,0.0,5,0,3,2023,False,125,26,1,1,654.0,285.0,2,False,True,Other,0,0.0,0,0.0,False
120.0,20.0,7,6,3,2026,False,63,50,3,1,882.0,2427.0,3,True,False,Other,0,0.0,0,2.2,True
12.0,4.0,7,6,7,2023,False,254,37,3,1,220.0,250.0,4,True,True,Artificial Intelligence,0,0.0,20,0.0,True
121.0,76.0,7,2,7,2026,True,64,31,3,1,1679.0,4499.0,8,True,False,Productivity,0,0.0,0,0.9,True
115.0,43.0,7,0,4,2026,True,65,58,3,2,3510.0,157.0,8,True,False,Chrome Extensions,0,0.0,18,178.1,True
4.0,2.0,7,1,7,2023,False,153,30,3,9,127500.0,812.0,2,False,False,Other,0,0.0,3,0.0,True
110.0,93.0,7,5,6,2026,False,73,41,3,1,1009.0,8103.0,6,False,False,Productivity,0,0.0,12,0.0,True
144.0,96.0,7,2,7,2023,False,37,58,3,1,417483.0,11115.0,4,False,False,Other,0,0.0,3508,0.0,True
19.0,0.0,8,3,3,2023,True,303,25,1,1,4645.0,956.0,3,True,True,Design Tools,0,0.0,13,0.0,True
226.0,27.0,7,0,5,2025,False,276,59,3,1,2698.0,771.0,4,True,False,Artificial Intelligence,0,0.0,2957,2.1,True
8.0,1.0,21,3,7,2023,False,216,32,3,1,390.0,48.0,2,True,True,Other,0,0.0,0,0.0,False
90.0,0.0,10,1,5,2023,True,194,60,3,1,660.0,3549.0,4,False,True,Design Tools,0,0.0,3351,0.0,True
1.0,0.0,15,3,7,2023,False,255,50,2,1,392.0,814.0,1,False,True,Analytics,0,0.0,0,0.0,False
1.0,0.0,18,3,1,2023,False,172,59,1,1,4152.0,1676.0,4,False,True,SaaS,0,0.0,1,214.6,True
78.0,0.0,7,4,3,2023,False,244,50,3,1,5.0,1611.0,16,True,True,Design Tools,0,0.0,0,0.0,True
25.0,0.0,19,3,3,2023,False,223,45,4,1,5.0,2964.0,3,True,True,Web App,0,2.4,4337,0.0,True
261.0,17.0,14,6,6,2023,True,263,58,5,2,3657.0,795.0,8,False,False,Other,0,0.0,16,339.4,True
49.0,5.0,7,1,6,2026,False,47,47,2,1,148.0,1165.0,7,True,False,Other,0,0.0,0,0.0,False
1568.0,417.0,5,3,5,2026,False,435,60,3,1,7824.0,20582.0,5,True,False,Other,33,331.1515151515151,33,331.1515151515151,False
114.0,26.0,0,3,6,2026,False,168,55,3,1,9847.0,24961.0,5,True,False,Other,46,314.6521739130435,46,314.6521739130435,False
91.0,0.0,7,4,7,2026,False,56,56,1,1,209.0,1388.0,7,False,False,Productivity,0,0.0,0,0.0,False
156.0,18.0,7,0,7,2026,True,35,47,3,2,2397.0,13747.0,4,True,False,Other,0,0.0,0,413.8,True
95.0,7.0,7,3,7,2023,True,257,50,3,1,252.0,2660.0,3,False,True,Productivity,0,0.0,0,0.0,False
9.0,11.0,7,6,7,2023,False,145,47,3,1,5.0,2867.0,3,True,True,Design Tools,0,0.0,0,0.9,True
773.0,9.0,1,2,6,2026,False,81,44,3,2,1102.0,2407.0,6,True,False,Email,0,0.0,0,0.0,True
1.0,6.0,7,3,3,2023,False,247,28,4,1,822.0,10.0,4,False,True,Productivity,0,0.0,0,0.0,True
7.0,0.0,19,1,5,2023,False,255,38,3,0,4086.0,3611.0,1,False,True,Design Tools,0,0.0,0,0.5,True
17.0,0.0,7,3,5,2023,True,259,37,5,1,5.0,1927.0,5,True,True,Analytics,0,0.0,0,0.2,True
71.0,26.0,7,6,5,2026,True,73,50,3,1,1633.0,11713.0,7,True,False,Productivity,0,0.0,0,211.5,True
143.0,5.0,7,6,7,2026,True,80,59,3,4,1698.0,7930.0,7,False,False,Artificial Intelligence,13,0.0,0,34.7,True
174.0,17.0,7,3,7,2026,True,42,42,3,2,14.0,689.0,5,False,False,Productivity,0,0.0,0,0.0,False
72.0,0.0,12,3,5,2023,True,225,55,2,1,5.0,118.0,4,False,True,SaaS,0,0.0,0,2.1,True
5.0,1.0,14,5,5,2023,False,240,29,3,1,18.0,226.0,3,False,True,Productivity,0,0.0,0,0.0,False
15.0,0.0,7,3,5,2023,False,237,60,2,1,5.0,2429.0,1,False,True,Productivity,0,0.0,0,1.2,True
4.0,0.0,4,3,7,2023,True,240,44,4,1,5.0,4403.0,1,False,True,Design Tools,0,0.0,624,2.6,True
266.0,46.0,7,3,7,2026,True,47,47,3,1,189.0,1890.0,8,False,False,Design Tools,0,0.0,0,0.0,False
532.0,45.0,0,4,7,2023,True,284,59,3,1,68212.0,3155.0,8,False,False,Web App,0,0.0,0,5.7,True
148.0,2.0,7,5,7,2026,True,222,44,3,1,5.0,860.0,2,False,True,Fintech,0,67.4,3438,2.7,True
9.0,5.0,11,3,7,2023,False,148,42,3,2,88451.0,28.0,6,False,False,Other,0,0.0,578,210.20415224913495,False
196.0,38.0,7,3,7,2026,True,66,56,3,3,457.0,9308.0,8,False,False,Android,0,0.0,0,0.0,True
202.0,64.0,7,2,7,2023,True,233,39,3,4,207565.0,1156.0,5,True,False,Developer Tools,0,0.0,1371,200.2516411378556,False
9.0,2.0,7,5,3,2023,False,246,38,3,1,3722.0,920.0,3,True,False,Android,0,0.0,1569,0.5,True
140.0,13.0,0,4,6,2026,True,460,55,3,1,1902.0,907.0,5,True,False,Other,0,0.0,0,0.0,False
118.0,3.0,7,4,5,2023,True,246,40,2,1,5.0,2694.0,3,True,True,Other,0,1.4,2,0.0,True
1.0,0.0,23,3,5,2023,False,234,51,3,0,495.0,2080.0,3,False,True,Other,0,0.0,0,7.0,True
17.0,1.0,10,1,3,2023,False,215,58,4,0,130351.0,3625.0,1,False,True,Design Tools,0,0.0,0,0.2,True
243.0,9.0,7,6,5,2026,False,68,46,3,1,3504.0,8934.0,6,True,False,Chrome Extensions,0,0.0,3,0.0,True
119.0,16.0,7,1,7,2023,True,51,37,3,4,5.0,1168.0,4,False,False,iOS,0,41.4,319,1.9,True
202.0,112.0,7,1,7,2026,True,57,57,3,2,535.0,212.0,4,False,False,Other,0,0.0,0,0.0,False
211.0,12.0,7,0,5,2026,True,239,55,3,1,216544.0,877.0,4,False,False,Mac,0,0.0,29,214.7,True
5.0,0.0,7,1,7,2023,True,239,27,4,0,137689.0,940.0,2,False,True,Analytics,0,0.2,0,0.0,True
4.0,0.0,19,6,5,2023,False,218,38,3,1,705.0,4086.0,3,True,True,Education,0,0.0,0,0.0,False
216.0,24.0,1,6,5,2026,False,47,57,3,1,1182.0,5060.0,4,True,True,Other,0,1.1,3,0.0,True
120.0,25.0,7,5,5,2026,True,63,60,3,2,5.0,616.0,8,True,False,Developer Tools,0,0.0,0,170.1,True
127.0,22.0,7,4,7,2026,False,64,59,3,2,5.0,1012.0,6,True,False,Other,0,0.0,13,0.0,True
90.0,111.0,7,4,8,2026,False,148,56,3,1,233.0,12848.0,3,True,False,Productivity,1,0.0,0,3.5,True
276.0,1.0,7,1,5,2026,True,260,59,3,1,5.0,1256.0,9,True,False,Android,0,0.0,2413,2.6,True
149.0,4.0,7,0,3,2026,True,48,55,1,4,5.0,10273.0,9,False,False,Productivity,0,248.4,1859,0.0,True
72.0,52.0,7,0,5,2026,True,65,57,3,1,3208.0,469.0,4,False,False,Other,0,0.0,7,0.9,True
123.0,0.0,7,6,7,2023,False,416,38,3,2,3128.0,2369.0,4,False,True,Design Tools,0,0.0,27,3.3,True
6.0,0.0,10,6,3,2023,False,274,16,1,1,5.0,1770.0,5,False,True,iOS,0,0.0,4,3.5,True
252.0,29.0,0,2,7,2026,True,68,50,3,3,243959.0,2096.0,6,True,False,Developer Tools,0,0.0,18,2.6,True
15.0,0.0,21,3,1,2023,False,258,45,5,1,168.0,56.0,3,False,True,Other,0,0.0,0,0.0,False
95.0,3.0,16,3,7,2023,False,172,35,3,3,128614.0,2966.0,1,True,False,Other,0,0.0,0,1.6,True
127.0,24.0,7,3,7,2026,False,50,50,3,2,326.0,5364.0,4,False,False,Design Tools,0,0.0,0,0.0,False
9.0,1.0,16,3,1,2023,False,256,25,2,1,5.0,1308.0,3,True,True,Other,0,0.0,3,0.0,True
898.0,224.0,0,1,5,2026,True,371,54,3,1,461.0,2555.0,7,True,False,Productivity,0,0.0,0,0.0,False
578.0,117.0,7,4,7,2026,True,49,49,2,3,123.0,920.0,7,False,False,Productivity,0,0.0,0,0.0,False
17.0,0.0,0,5,7,2026,False,211,60,3,1,5.0,594.0,8,False,False,Other,0,0.0,8,6.4,True
262.0,26.0,7,5,7,2023,False,231,46,1,2,5.0,2872.0,4,True,False,Chrome Extensions,0,0.3,18,0.0,True
133.0,32.0,7,6,7,2026,True,344,58,3,2,1720.0,2677.0,4,True,False,Developer Tools,13,0.0,0,332.9,True
11.0,1.0,7,5,7,2023,True,231,28,2,1,5.0,4977.0,6,True,True,Other,0,0.0,0,0.0,True
87.0,0.0,7,0,7,2026,True,35,41,3,3,4021.0,491.0,5,False,False,Other,0,102.7,833,192.6,True
256.0,0.0,7,4,6,2023,True,204,60,4,4,5.0,8778.0,3,False,False,iOS,0,0.0,33,0.5,True
218.0,56.0,7,2,6,2026,True,35,43,3,2,2687.0,8725.0,6,True,False,Productivity,0,0.0,0,300.2,True
120.0,29.0,7,2,7,2026,False,59,59,3,2,31.0,2306.0,7,False,False,Other,0,0.0,0,0.0,False
185.0,0.0,7,1,7,2023,True,266,35,3,1,5.0,2878.0,5,False,False,Productivity,0,0.0,0,0.0,True
87.0,20.0,8,5,1,2023,True,228,40,4,1,1086.0,2492.0,8,True,True,Android,0,0.0,0,0.0,False
17.0,3.0,7,2,7,2023,True,210,25,3,1,5.0,297.0,6,False,True,iOS,0,0.3,0,2.3,True
267.0,11.0,7,3,7,2026,True,38,38,3,1,1617.0,4905.0,8,True,True,Other,2,158.5,2,158.5,False
228.0,14.0,7,6,7,2026,True,500,54,3,3,219.0,1633.0,7,False,False,Other,0,116.5,16,1.4,True
40.0,4.0,7,4,7,2023,True,56,44,3,1,3042.0,4479.0,6,True,True,Other,0,0.0,0,0.0,True
71.0,1.0,7,4,7,2023,True,219,58,3,1,5.0,576.0,7,False,True,Other,0,0.0,379,0.3,True
3.0,0.0,11,1,3,2023,False,127,43,2,1,50.0,665.0,1,False,True,Android,0,0.0,0,0.0,False
23.0,0.0,7,4,5,2023,True,249,27,3,1,5.0,375.0,4,False,True,Other,0,0.0,3,2.1,True
226.0,70.0,9,2,7,2026,False,68,37,3,1,1383.0,3468.0,8,True,False,Productivity,0,1.6,1,221.0,True
1.0,3.0,7,3,5,2023,False,226,47,2,1,5.0,1179.0,3,False,True,Android,0,0.0,0,0.0,True
690.0,31.0,7,6,3,2023,False,226,27,2,1,65.0,1334.0,6,True,False,Productivity,0,0.0,0,2.3,True
6.0,5.0,9,3,7,2023,False,155,45,3,1,170.0,3043.0,1,False,True,Other,0,0.0,0,0.0,False
111.0,59.0,16,2,7,2023,True,70,47,3,1,2151.0,822.0,6,True,False,API,0,0.0,0,0.3,True
126.0,77.0,1,2,7,2023,False,28,58,3,2,5.0,8334.0,6,True,False,Web App,0,0.0,13,0.0,True
87.0,11.0,7,4,7,2026,True,53,42,3,1,3874.0,30385.0,11,True,False,API,5,0.0,5,0.5,True
111.0,35.0,7,0,5,2023,True,153,30,3,1,5.0,4093.0,2,True,False,Design Tools,0,0.0,0,0.0,True
175.0,0.0,8,0,5,2023,True,276,60,3,1,5.0,1117.0,10,True,True,Productivity,0,0.0,0,0.0,True
1.0,0.0,6,3,3,2023,True,255,60,3,3,5.0,165.0,1,True,True,Other,0,0.0,445,0.9,True
1.0,2.0,7,4,7,2023,False,240,47,3,4,5280.0,585.0,6,True,False,Social Media,0,0.3,0,0.5,True
3.0,1.0,18,3,1,2023,False,241,59,3,1,371.0,810.0,4,False,True,Other,0,0.0,0,0.0,False
118.0,15.0,7,1,7,2023,True,29,47,3,1,5.0,766.0,8,True,False,Productivity,12,0.1,24,0.0,True
177.0,1.0,7,1,7,2026,True,36,53,3,2,1119.0,2583.0,6,True,False,Other,0,0.4,0,1.7,True
126.0,0.0,18,4,7,2023,False,255,45,3,5,592.0,1543.0,8,True,False,Design Tools,0,3.0,15,0.0,True
12.0,0.0,14,4,7,2023,True,246,59,1,1,5.0,673.0,2,False,True,Productivity,0,0.0,0,1.9,True
296.0,15.0,7,2,7,2026,True,64,57,3,1,939.0,3061.0,5,False,False,Other,0,0.0,16,3.8,True
13.0,0.0,7,3,3,2023,False,272,46,2,1,5.0,1981.0,3,False,True,Design Tools,0,0.0,0,0.0,True
2.0,0.0,8,4,5,2023,False,259,51,3,1,470.0,3102.0,3,True,True,Other,0,0.0,0,0.0,False
186.0,24.0,7,4,7,2023,False,146,33,3,0,74594.0,552.0,10,True,False,API,0,0.0,959,192.0,True
131.0,25.0,0,3,6,2026,True,291,43,3,1,91.0,5670.0,6,True,False,Other,0,0.0,0,0.0,False
25.0,4.0,9,4,3,2023,False,491,42,5,5,43205.0,953.0,4,False,False,Web App,0,0.0,4,0.0,True
6.0,0.0,23,3,5,2024,True,228,38,3,1,2930.0,2033.0,3,True,False,Social Media,0,0.0,0,0.0,True
89.0,14.0,7,3,7,2023,True,254,31,3,3,2587.0,1175.0,8,False,False,Open Source,0,0.0,347,1.3,True
69.0,10.0,7,5,7,2023,True,52,54,3,1,5.0,4552.0,6,True,False,Developer Tools,0,0.0,0,2.8,True
87.0,117.0,7,0,1,2023,False,219,55,3,8,2664.0,4965.0,7,False,False,Design Tools,0,0.8,3,0.7,True
1.0,0.0,7,0,5,2023,True,237,25,3,1,5.0,359.0,8,False,True,Chrome Extensions,0,0.0,0,1.2,True
149.0,4.0,0,5,6,2026,True,129,46,3,1,3019.0,8585.0,3,False,False,Other,3,314.3333333333333,3,314.3333333333333,False
154.0,23.0,0,0,6,2026,True,454,40,3,1,163.0,4087.0,7,False,False,Productivity,0,0.0,0,0.0,False
1.0,0.0,8,5,10,2023,True,267,25,3,1,6139.0,2082.0,2,True,True,Developer Tools,0,0.0,0,2.3,True
124.0,0.0,7,4,7,2023,False,264,32,3,1,3316.0,3403.0,6,False,True,Design Tools,0,0.0,15,0.0,True
76.0,6.0,7,4,5,2023,True,262,43,3,1,3863.0,252.0,7,False,False,Open Source,0,1.3,0,1.1,True
129.0,0.0,7,4,7,2026,True,445,49,3,1,5.0,1803.0,6,False,True,Other,0,0.0,6,0.0,True
5.0,4.0,10,0,3,2023,False,258,25,3,1,203.0,6986.0,4,False,True,API,0,0.0,0,0.0,False
1.0,0.0,7,3,5,2023,True,257,30,3,1,5.0,2858.0,9,False,True,Marketing,0,0.0,0,1.6,True
8.0,0.0,7,4,7,2023,True,238,35,5,1,10498.0,2072.0,2,True,False,Artificial Intelligence,0,0.0,21,3.2,True
123.0,13.0,11,6,7,2023,False,28,44,3,1,5.0,1185.0,4,True,False,Analytics,0,0.0,14,0.0,True
220.0,77.0,7,2,10,2026,True,57,38,3,1,1156.0,24573.0,8,True,False,API,1,0.0,14,223.2,True
6.0,0.0,14,0,5,2023,False,263,43,3,0,5.0,3591.0,3,False,True,Design Tools,0,0.0,226,0.0,True
101.0,151.0,7,3,5,2023,True,24,56,3,1,764.0,637.0,4,False,False,Design Tools,0,0.0,24,219.7,True
12.0,5.0,7,0,5,2023,False,230,48,3,1,420.0,970.0,3,False,True,Design Tools,0,0.0,0,0.1,True
168.0,40.0,7,6,6,2026,True,500,51,3,0,5.0,2340.0,6,True,False,Other,0,0.0,0,195.2,True
6.0,0.0,14,4,7,2023,False,248,41,3,1,1118.0,978.0,3,True,True,Other,0,0.0,0,231.4,True
102.0,8.0,7,3,5,2023,False,226,60,3,1,5.0,1521.0,6,False,False,Marketing,0,0.0,9,5.2,True
1.0,0.0,7,3,5,2023,False,251,49,3,1,5.0,1476.0,3,False,True,Android,0,0.0,0,0.0,True
14.0,1.0,7,4,5,2023,True,255,20,3,1,1486.0,4514.0,5,True,False,API,0,0.0,419,0.0,True
180.0,87.0,7,4,7,2026,True,52,40,3,1,4068.0,30013.0,5,True,False,iOS,0,0.0,9,0.0,True
108.0,0.0,7,0,5,2023,True,263,59,3,1,5.0,326.0,3,False,True,Developer Tools,0,0.0,0,1.2,True
96.0,13.0,7,3,7,2026,True,51,25,3,1,5.0,1749.0,7,True,False,SaaS,0,0.0,0,193.9,True
9.0,0.0,9,4,3,2023,False,271,41,4,1,5.0,4346.0,3,False,True,Design Tools,0,0.0,0,0.9,True
244.0,89.0,7,1,6,2026,True,47,47,3,3,2719.0,7710.0,5,False,True,Other,1,308.0,1,308.0,False
151.0,0.0,7,0,7,2026,True,126,59,3,1,36687.0,1789.0,4,True,False,Chrome Extensions,0,0.0,12,0.0,True
17.0,0.0,7,1,5,2023,False,150,41,3,1,2865.0,2240.0,4,False,False,Productivity,0,0.0,0,0.0,True
209.0,77.0,7,0,3,2023,True,181,48,3,4,68974.0,5771.0,9,True,False,Productivity,3,180.33333333333337,447,215.8523489932886,False
12.0,0.0,5,4,5,2023,False,270,37,3,1,5807.0,970.0,4,False,True,Health & Fitness,0,0.0,110,164.3,True
108.0,6.0,0,0,6,2026,True,203,58,3,1,1947.0,932.0,6,True,False,Design Tools,0,0.0,0,0.0,False
91.0,32.0,7,3,7,2026,False,67,40,3,3,5.0,2350.0,6,True,False,Productivity,0,101.6,0,0.0,True
18.0,0.0,7,0,1,2023,False,287,40,3,1,5.0,2370.0,6,False,True,Productivity,0,0.0,0,0.0,True
109.0,82.0,7,3,7,2026,True,386,55,3,3,5.0,671.0,8,True,False,Productivity,0,0.0,0,0.0,True
8.0,3.0,7,0,3,2023,False,251,59,3,1,387.0,927.0,2,False,True,Health & Fitness,1,5.0,1,5.0,False
183.0,47.0,7,1,5,2026,False,35,42,3,1,267969.0,1195.0,6,True,False,Design Tools,5,0.0,0,2.7,True
552.0,57.0,7,1,7,2026,True,65,50,3,3,1342.0,13656.0,4,True,False,Artificial Intelligence,0,293.8,41,411.1,True
130.0,0.0,7,6,5,2026,True,73,45,3,1,5.0,791.0,4,False,False,Productivity,0,0.0,18,0.0,True
227.0,31.0,7,2,6,2026,True,30,60,3,3,738.0,3273.0,8,True,False,Other,0,180.9,25,198.4,True
6.0,1.0,8,3,3,2026,False,234,58,3,1,5.0,1182.0,6,True,True,Other,0,14.2,3,2.2,True
158.0,69.0,7,1,6,2026,True,31,29,3,3,5.0,2975.0,8,False,False,Health & Fitness,0,0.0,6,4.1,True
101.0,2.0,7,6,7,2023,False,82,52,3,1,880.0,2024.0,4,True,False,Other,0,0.0,0,1.8,True
91.0,2.0,7,3,7,2026,True,315,44,3,3,5.0,1314.0,6,True,False,Email,0,0.0,1462,0.0,True
9.0,3.0,9,5,5,2023,False,65,29,3,1,91396.0,365.0,5,False,True,Health & Fitness,0,0.0,0,0.2,True
279.0,4.0,7,4,6,2026,False,43,60,3,2,496.0,147.0,6,False,False,Design Tools,0,0.0,25,344.3,True
3.0,1.0,14,6,5,2023,False,237,26,2,1,209.0,801.0,3,False,True,Other,0,1.2,0,2.2,True
142.0,17.0,7,3,5,2026,True,64,21,4,1,1054.0,752.0,4,False,False,Developer Tools,0,2.7,15,0.0,True
50.0,40.0,7,1,5,2023,False,246,59,3,3,5.0,1414.0,10,False,False,Other,0,0.0,9,4.9,True
149.0,45.0,7,3,7,2023,True,232,54,3,1,5.0,530.0,4,True,False,Marketing,0,0.0,0,4.3,True
139.0,30.0,7,1,6,2026,False,38,38,3,1,93.0,3926.0,6,False,False,Other,0,0.0,0,0.0,False
648.0,248.0,8,3,1,2023,True,212,38,2,22,34329.0,738.0,6,True,False,Productivity,0,0.0,210,307.1,False
134.0,2.0,0,0,5,2026,True,386,59,3,1,1205.0,3045.0,6,False,False,API,0,0.0,0,0.0,False
123.0,4.0,7,6,7,2026,False,152,50,1,1,5.0,3269.0,6,False,False,Design Tools,0,0.0,0,2.4,True
94.0,1.0,7,4,3,2026,False,62,56,1,1,1834.0,4228.0,7,False,False,Other,0,0.0,5,0.0,True
3.0,0.0,7,3,5,2023,False,270,24,3,1,5.0,1473.0,4,True,True,iOS,0,0.3,230,0.0,True
230.0,0.0,7,5,7,2023,True,52,47,3,1,275139.0,23001.0,4,True,False,Productivity,0,0.0,0,0.0,True
130.0,13.0,0,0,6,2026,False,343,59,3,1,474.0,998.0,9,True,False,Productivity,0,0.0,0,0.0,False
142.0,0.0,11,5,7,2023,False,129,50,2,0,1101.0,4987.0,4,False,True,Other,0,0.7,11,221.3,True
3.0,1.0,1,4,1,2023,False,185,54,3,1,684.0,1008.0,5,True,True,Web App,0,0.0,0,0.0,False
178.0,69.0,7,1,3,2023,True,257,46,5,4,122906.0,1785.0,3,False,False,Design Tools,0,0.0,804,209.7089552238806,False
204.0,115.0,0,2,3,2023,True,173,41,3,1,71899.0,318.0,6,False,False,Fintech,0,0.8,0,399.7,True
93.0,9.0,7,3,7,2026,True,52,38,3,17,5.0,27190.0,6,False,False,Productivity,0,0.0,5,313.8,True
979.0,30.0,7,6,9,2026,True,471,60,3,3,6654.0,3799.0,4,True,False,Design Tools,0,0.0,0,206.8,True
333.0,42.0,7,1,6,2026,True,24,24,3,2,156.0,155.0,6,False,False,API,0,0.0,0,0.0,False
109.0,1.0,7,4,7,2023,True,47,41,3,3,5.0,10.0,6,False,False,iOS,0,0.9,7,1.5,True
18.0,7.0,20,6,1,2023,False,251,29,1,1,5.0,6377.0,4,False,True,Other,0,0.0,8,0.4,True
154.0,7.0,7,1,5,2023,True,239,50,3,1,1883.0,1605.0,7,False,False,Other,0,0.0,392,304.1,True
13.0,0.0,7,4,1,2023,False,150,52,1,1,5.0,585.0,2,False,True,Analytics,0,0.0,0,1.6,True
604.0,35.0,7,4,5,2026,True,42,55,3,1,2457.0,35656.0,6,True,False,Productivity,1,197.1,0,187.3,True
791.0,31.0,7,2,6,2026,True,43,57,3,1,23.0,12220.0,9,True,False,SaaS,2,159.2,5,277.4,True
173.0,18.0,0,1,7,2026,True,50,32,3,1,2779.0,431.0,4,False,False,API,0,0.0,6,225.7,True
160.0,6.0,7,4,7,2026,False,35,60,3,1,5.0,3362.0,6,True,False,Artificial Intelligence,0,0.0,11,1.1,True
16.0,3.0,0,6,5,2026,True,118,41,3,1,285.0,8413.0,6,True,False,Other,0,0.0,0,0.0,False
117.0,77.0,1,2,3,2023,False,500,53,3,1,2876.0,5231.0,8,True,False,Design Tools,0,0.0,0,0.0,True
97.0,107.0,7,3,3,2026,True,49,46,3,1,5.0,4847.0,4,True,False,Developer Tools,0,0.0,0,1.2,True
108.0,0.0,11,4,3,2023,True,318,44,3,1,5.0,1608.0,3,False,True,Education,0,0.0,0,0.8,True
58.0,4.0,17,1,5,2023,False,169,51,3,1,487.0,5302.0,4,False,False,Design Tools,0,1.7,0,1.9,True
87.0,0.0,7,4,7,2026,False,243,46,3,1,81186.0,13686.0,3,False,False,Web App,0,0.0,479,0.0,True
1.0,1.0,8,4,5,2023,False,251,23,2,0,5.0,2948.0,3,False,True,Design Tools,0,0.0,2,0.0,True
349.0,0.0,11,5,7,2026,True,232,58,3,1,2758.0,1103.0,9,True,False,API,0,0.3,5,0.9,True
101.0,191.0,15,3,7,2023,True,253,19,3,1,7123.0,2195.0,6,True,False,Artificial Intelligence,0,0.0,0,0.0,True
112.0,0.0,7,0,5,2023,True,216,47,3,3,5.0,1830.0,7,False,False,Other,0,0.0,17,5.1,True
118.0,0.0,18,5,5,2023,False,240,58,3,1,37706.0,642.0,6,True,True,Other,0,0.1,0,1.4,True
403.0,67.0,0,4,6,2026,False,492,42,3,1,9795.0,27550.0,5,True,False,Other,48,306.125,48,306.125,False
18.0,0.0,9,3,7,2023,False,260,21,2,1,5.0,5478.0,3,False,True,Other,0,0.0,0,0.0,True
6.0,3.0,19,4,5,2023,False,272,34,3,1,101729.0,1360.0,3,False,True,Other,0,0.0,0,0.0,True
19.0,0.0,7,0,5,2023,True,225,35,4,1,2979.0,1494.0,4,False,True,Other,0,0.0,11,221.2,True
159.0,2.0,7,3,7,2025,True,244,44,3,8,5.0,1103.0,6,False,False,Artificial Intelligence,0,0.0,0,2.0,True
165.0,0.0,8,3,7,2024,False,230,41,3,1,467.0,3174.0,8,True,False,Design Tools,0,0.0,14,0.0,True
207.0,178.0,7,2,6,2026,True,474,60,3,1,41.0,4503.0,8,True,False,Other,3,0.0,11,0.7,True
14.0,3.0,22,3,5,2023,False,261,60,4,1,920.0,2128.0,3,False,True,SaaS,0,0.0,0,2.3,True
189.0,115.0,7,6,5,2026,False,246,60,3,1,5.0,1175.0,6,True,False,Other,0,0.0,0,7.1,True
8.0,0.0,11,3,5,2023,False,238,47,2,1,5.0,5323.0,0,True,True,Other,0,1.5,15,0.0,True
637.0,29.0,7,2,7,2026,True,392,53,3,1,53.0,13324.0,5,True,False,Productivity,0,0.0,0,0.0,True
108.0,1.0,7,0,4,2023,True,247,48,1,1,5.0,1690.0,6,True,False,Social Media,0,1.6,0,187.0,True
133.0,0.0,17,6,5,2023,False,32,53,3,1,5.0,6170.0,2,False,True,Productivity,0,0.0,2,1.7,True
68.0,2.0,19,4,5,2023,True,63,28,2,0,519.0,3318.0,4,False,False,Other,0,0.0,0,0.0,False
15.0,0.0,7,4,3,2023,False,208,52,3,1,5.0,908.0,2,False,True,Design Tools,0,0.0,6,0.0,True
464.0,34.0,0,2,7,2026,True,56,53,3,3,5.0,13895.0,9,True,False,Other,0,194.3,7,331.6,True
253.0,37.0,7,0,3,2023,True,187,51,3,12,252674.0,962.0,4,True,False,Productivity,0,0.0,1672,215.7171052631579,False
3.0,4.0,13,1,5,2023,False,260,34,3,1,83569.0,3050.0,3,True,True,Other,0,0.4,0,0.0,True
315.0,37.0,7,0,6,2026,True,51,51,2,2,67.0,1239.0,6,False,True,Other,0,0.0,0,0.0,False
132.0,2.0,7,6,10,2026,True,55,40,3,2,1603.0,12238.0,8,False,False,Productivity,0,0.0,0,0.0,True
61.0,4.0,7,3,10,2023,True,255,54,3,1,1613.0,1798.0,6,False,True,Productivity,0,0.0,0,0.0,True
33.0,3.0,7,4,5,2023,False,264,19,2,1,5.0,1481.0,1,True,True,Other,0,0.0,340,1.3,True
135.0,1.0,8,6,7,2023,True,253,59,3,1,5.0,2207.0,6,True,True,Design Tools,0,0.0,1,209.2,True
4.0,4.0,9,4,7,2023,True,56,26,4,5,7770.0,1220.0,1,False,True,Health & Fitness,0,0.0,30,1.9,True
76.0,46.0,9,6,6,2026,True,268,51,3,1,447.0,2072.0,6,True,False,Productivity,0,0.0,10,206.2,True
95.0,11.0,8,3,1,2023,True,237,47,3,1,748.0,1841.0,5,False,True,Other,0,0.0,0,0.0,False
520.0,96.0,7,4,6,2026,True,500,45,3,2,3480.0,18712.0,5,True,False,Productivity,15,0.0,0,0.9,True
1.0,2.0,13,5,7,2023,True,146,32,1,1,5.0,376.0,4,True,True,Social Media,0,0.0,7,0.0,True
152.0,26.0,7,4,7,2026,True,50,50,2,2,382.0,994.0,7,False,True,Productivity,0,0.0,0,0.0,False
96.0,11.0,7,5,7,2023,True,198,41,1,1,5.0,179.0,6,False,True,Hiring,0,0.0,0,0.0,True
191.0,35.0,0,4,5,2026,True,497,58,3,1,3192.0,12238.0,6,True,False,API,8,245.5,8,245.5,False
230.0,3.0,7,5,6,2026,True,64,24,3,1,391097.0,2800.0,6,True,False,iOS,0,0.0,17,202.0,True
127.0,23.0,7,1,7,2023,True,254,30,3,3,254829.0,2073.0,8,False,False,Other,3,0.0,0,2.4,True
193.0,25.0,0,4,5,2026,True,290,47,3,1,3800.0,9892.0,10,True,False,Other,2,362.0,2,362.0,False
127.0,23.0,7,1,7,2026,True,173,46,3,1,5.0,5784.0,8,True,False,Other,0,0.0,0,1.1,True
13.0,1.0,14,3,5,2023,False,197,41,3,1,26709.0,1919.0,6,False,False,Web App,0,4.2,8,1.6,True
198.0,76.0,7,2,6,2026,True,46,40,3,3,1751.0,9348.0,8,True,False,Other,0,275.0,12,197.7,True
234.0,105.0,7,4,5,2026,True,38,32,3,1,5.0,1147.0,8,True,False,Chrome Extensions,0,0.0,0,0.0,True
185.0,0.0,7,3,7,2026,False,363,51,3,1,2205.0,7476.0,8,True,False,Other,0,103.7,10,0.7,True
198.0,14.0,7,0,5,2026,True,66,59,3,1,103564.0,2406.0,6,False,False,API,0,0.0,11,3.7,True
13.0,0.0,7,5,7,2023,True,242,32,3,2,1620.0,1182.0,3,False,True,Design Tools,0,0.0,9,2.6,True
94.0,0.0,7,5,3,2023,False,233,57,3,0,5.0,3561.0,4,False,True,Other,0,0.7,24,3.9,True
7.0,0.0,13,3,5,2023,False,244,53,2,1,5.0,2306.0,1,False,True,Design Tools,0,0.0,1030,1.2,True
131.0,19.0,7,2,3,2023,False,198,54,3,1,6296.0,1786.0,6,False,False,Productivity,0,0.0,0,0.0,True
174.0,12.0,7,5,7,2023,False,68,53,5,1,5.0,4894.0,6,False,False,Design Tools,0,0.0,0,0.0,True
108.0,6.0,0,4,6,2026,True,453,56,3,1,263.0,210.0,6,True,False,Other,0,0.0,0,0.0,False
114.0,0.0,5,4,3,2023,True,328,47,1,1,5.0,1879.0,3,True,True,Marketing,0,0.2,7,0.0,True
99.0,17.0,7,1,6,2023,True,356,33,3,1,435358.0,750.0,6,False,False,Other,0,0.7,20,203.5,True
98.0,63.0,7,0,5,2026,True,44,56,3,3,1245.0,2842.0,5,False,False,Productivity,0,164.9,15,0.0,True
230.0,26.0,0,3,5,2026,True,338,48,3,1,76.0,1036.0,6,True,False,API,0,0.0,0,0.0,False
8.0,1.0,17,6,5,2023,False,183,31,3,1,13.0,828.0,4,False,True,Other,0,0.0,0,0.0,False
477.0,89.0,0,2,6,2026,True,174,59,3,1,5518.0,11386.0,8,True,False,API,12,311.4166666666667,12,311.4166666666667,False
24.0,3.0,16,1,5,2023,False,255,54,2,1,5.0,2965.0,3,False,True,Marketing,0,0.0,0,0.0,True
1.0,2.0,4,4,7,2023,False,231,54,4,1,2236.0,2955.0,4,True,True,Android,0,0.2,0,0.0,True
161.0,1.0,7,1,5,2024,False,258,45,3,1,5.0,2036.0,5,False,True,Other,0,0.0,5,3.1,True
141.0,0.0,7,6,5,2023,False,55,54,3,1,3360.0,5400.0,8,True,False,Chrome Extensions,0,0.0,4,0.0,True
25.0,3.0,7,3,7,2023,False,268,34,2,1,224672.0,2644.0,4,False,False,Other,0,0.0,0,0.0,True
152.0,11.0,7,1,5,2026,False,55,55,3,3,2429.0,17378.0,9,False,False,Design Tools,0,0.9,9,2.1,True
12.0,0.0,7,6,7,2023,True,256,25,1,1,985.0,1442.0,4,True,True,Analytics,0,0.0,0,1.5,True
149.0,0.0,12,5,7,2026,False,70,45,3,1,1012.0,721.0,5,False,False,Health & Fitness,0,0.0,0,200.8,True
30.0,17.0,7,1,7,2026,True,53,59,3,1,1887.0,37.0,4,False,False,API,0,1.2,4,1.9,True
17.0,1.0,0,5,5,2026,False,139,33,3,1,413.0,622.0,4,True,False,Other,0,0.0,0,0.0,False
10.0,0.0,15,4,7,2023,True,267,40,1,3,33539.0,3392.0,4,False,False,Chrome Extensions,0,0.0,0,3.1,True
24.0,0.0,6,4,7,2023,False,279,47,3,1,5.0,1463.0,6,True,False,Mac,0,0.0,0,0.0,True
420.0,59.0,7,2,6,2026,True,449,57,3,3,5.0,4780.0,5,True,False,Productivity,1,0.0,4,313.8,True
193.0,133.0,9,4,7,2023,False,53,60,3,3,126.0,1947.0,6,True,False,Other,0,0.0,18,452.9,True
92.0,12.0,7,0,5,2023,True,272,29,2,1,5.0,1613.0,6,False,False,Developer Tools,0,0.0,0,0.0,True
9.0,0.0,12,0,3,2023,False,280,16,4,0,5209.0,1354.0,0,False,True,Android,0,0.0,0,0.0,True
3.0,0.0,11,3,7,2023,False,139,48,3,1,130.0,2656.0,3,True,True,Other,0,0.0,0,0.0,False
438.0,178.0,7,2,7,2023,True,260,56,5,6,337800.0,609.0,7,True,False,Design Tools,0,0.0,2240,194.9397321428571,False
132.0,0.0,8,4,5,2026,True,247,58,3,1,54856.0,427.0,5,False,False,Marketing,0,0.0,8,294.7,True
20.0,0.0,17,5,7,2023,False,175,58,1,1,3661.0,2413.0,3,True,True,Other,0,0.0,0,2.6,True
683.0,32.0,7,2,9,2026,True,60,38,3,3,684.0,1606.0,6,True,False,Productivity,0,0.0,0,0.0,True
231.0,78.0,7,1,5,2026,False,63,34,3,20,4032.0,3985.0,8,True,False,Other,0,0.0,3840,0.9,True
1.0,0.0,15,3,1,2023,False,254,32,1,1,5.0,1817.0,1,False,True,Design Tools,0,0.0,0,0.6,True
99.0,2.0,6,5,7,2023,False,248,46,3,1,5.0,794.0,1,True,True,Fintech,0,0.9,12,0.0,True
23.0,5.0,22,0,3,2023,False,230,34,2,1,5.0,689.0,6,False,False,Marketing,0,0.0,0,0.0,True
101.0,49.0,14,5,5,2023,True,229,54,3,1,42672.0,3630.0,9,True,False,Productivity,0,0.0,20,2.1,True
294.0,37.0,7,3,7,2026,True,55,21,3,1,332967.0,15237.0,6,True,False,Other,0,0.0,6,183.9,True
721.0,166.0,9,4,7,2026,True,70,60,3,1,6036.0,4025.0,6,True,False,Productivity,0,0.0,12,63.4,True
402.0,42.0,7,2,7,2026,False,49,60,3,1,5.0,5507.0,6,True,False,Web App,1,0.0,0,194.4,True
83.0,0.0,7,1,7,2023,False,260,53,3,1,5.0,3198.0,6,True,False,Chrome Extensions,0,0.0,0,0.0,True
101.0,0.0,7,3,7,2026,False,68,48,3,1,5.0,13934.0,4,True,False,Artificial Intelligence,10,0.0,6,0.0,True
122.0,0.0,7,4,7,2026,False,215,50,3,1,2122.0,1828.0,5,True,False,API,0,0.0,2,0.0,True
108.0,0.0,11,5,5,2023,True,264,39,2,0,5.0,1880.0,1,True,True,Analytics,0,0.0,0,1.5,True
82.0,7.0,7,3,5,2023,True,231,51,2,1,4551.0,658.0,8,False,True,SaaS,0,0.0,106,2.2,True
102.0,0.0,7,1,7,2024,True,214,47,3,1,85831.0,1225.0,6,False,False,Other,0,0.0,0,0.0,True
102.0,0.0,7,4,7,2023,False,225,16,2,1,40685.0,4679.0,9,False,True,Writing,0,0.0,1369,2.7,True
162.0,24.0,7,2,5,2026,True,65,37,5,3,8666.0,5752.0,4,False,False,Artificial Intelligence,0,0.0,20,3.6,True
2.0,0.0,3,3,7,2023,False,246,60,3,1,247.0,228.0,10,False,True,Productivity,0,0.0,0,0.0,False
181.0,0.0,7,2,7,2023,True,48,44,2,1,5.0,6745.0,6,True,True,Productivity,0,0.0,5,0.0,True
130.0,131.0,7,6,9,2026,False,36,50,3,1,813.0,9961.0,9,True,False,Open Source,0,0.0,9,0.2,True
2.0,0.0,7,3,1,2023,False,189,18,1,1,113.0,1367.0,1,False,True,Other,0,0.0,0,0.0,False
364.0,27.0,7,1,5,2026,True,62,47,3,2,1022.0,860.0,5,False,False,Other,0,44.4,22,326.7,True
81.0,3.0,7,0,5,2023,False,259,17,4,2,3653.0,1024.0,6,False,True,Other,0,0.0,0,1.5,True
110.0,18.0,0,4,6,2026,True,311,51,3,1,887.0,2312.0,4,False,False,Other,1,86.0,1,86.0,False
171.0,0.0,7,0,7,2026,True,201,38,3,1,5.0,931.0,5,True,False,Email,10,0.0,4,0.0,True
154.0,0.0,0,4,7,2026,True,188,48,3,1,99295.0,2237.0,6,True,False,SaaS,7,0.0,14,0.0,True
17.0,0.0,7,4,1,2023,False,91,33,2,1,1319.0,6477.0,0,False,True,Health & Fitness,0,0.0,22,4.6,True
98.0,0.0,7,0,7,2026,True,72,37,1,1,636.0,1703.0,6,True,True,Productivity,0,0.0,0,167.3,True
9.0,3.0,23,4,5,2023,False,65,40,3,0,7.0,3615.0,0,False,True,Design Tools,0,0.0,0,0.0,True
379.0,101.0,7,2,7,2026,False,58,34,3,3,42477.0,2678.0,6,False,False,Design Tools,0,0.0,1902,0.0,True
237.0,104.0,1,2,6,2026,True,51,53,3,3,5.0,15432.0,6,True,False,API,0,0.0,17,173.6,True
128.0,0.0,0,5,7,2023,False,191,44,3,1,195954.0,718.0,1,True,False,Marketing,0,1.2,25,5.1,True
15.0,13.0,11,4,5,2023,False,273,32,3,1,3676.0,1793.0,4,False,False,API,0,0.0,0,0.0,True
19.0,2.0,19,0,7,2023,True,204,56,3,1,5.0,2359.0,3,False,True,SaaS,0,0.0,742,2.3,True
760.0,123.0,8,6,5,2023,True,255,36,3,4,352.0,628.0,3,True,True,Productivity,0,0.0,0,0.0,False
194.0,60.0,7,3,6,2026,True,75,25,3,1,81.0,3395.0,8,False,False,iOS,0,0.0,0,1.8,True
1.0,0.0,21,5,7,2023,False,230,58,4,0,5.0,1856.0,4,False,True,Chrome Extensions,0,0.0,15,0.0,True
58.0,0.0,7,3,7,2023,True,65,58,3,1,191243.0,876.0,5,True,True,Productivity,0,0.0,16,0.0,True
13.0,0.0,7,4,7,2023,False,202,60,2,1,5.0,833.0,6,True,True,Fintech,0,0.0,3071,0.0,True
127.0,0.0,7,5,7,2023,True,54,58,3,1,88387.0,1189.0,6,False,False,Design Tools,0,0.0,9,0.0,True
210.0,19.0,7,6,6,2026,True,56,49,3,1,94489.0,1668.0,4,False,False,Productivity,0,0.6,0,260.4,True
1.0,0.0,18,3,7,2023,False,230,40,2,1,5.0,449.0,1,False,True,Open Source,0,0.0,6,4.5,True
18.0,1.0,17,5,7,2023,False,244,47,3,1,5.0,3074.0,1,False,True,Android,0,0.0,0,0.5,True
2.0,0.0,13,3,7,2023,False,206,20,3,1,626.0,1641.0,1,False,True,Email,0,0.0,0,0.0,False
370.0,9.0,7,0,3,2023,True,254,25,3,3,5.0,2079.0,4,True,False,Marketing,0,0.0,0,0.0,True
377.0,46.0,1,4,6,2026,False,56,54,3,3,1803.0,197.0,6,True,False,Productivity,0,0.0,4,0.0,True
105.0,21.0,7,1,6,2026,False,44,44,3,1,333.0,1191.0,6,False,False,Design Tools,0,0.0,0,0.0,False
2.0,0.0,7,3,5,2023,True,217,38,3,0,5.0,2471.0,2,False,False,Hiring,0,0.0,0,3.4,True
262.0,4.0,7,2,3,2023,True,37,24,3,1,4046.0,3481.0,9,True,False,Other,0,0.0,13,305.1,True
116.0,40.0,7,0,5,2026,False,260,37,3,0,654.0,2278.0,5,False,False,Other,0,0.0,0,1.2,True
122.0,33.0,7,4,9,2023,False,268,20,3,2,80391.0,1230.0,5,False,False,Other,0,0.1,13,41.5,True
13.0,0.0,17,6,1,2023,False,256,49,3,1,5.0,527.0,3,True,True,Other,0,0.0,24,2.1,True
124.0,70.0,7,2,5,2024,False,56,29,3,2,64796.0,4805.0,5,True,False,Productivity,0,0.0,21,0.0,True
81.0,8.0,7,5,5,2023,True,183,49,3,1,76.0,2201.0,2,False,True,SaaS,0,0.0,0,0.0,False
1.0,0.0,19,1,3,2023,False,171,34,1,1,1239.0,1341.0,1,False,True,Open Source,0,0.0,570,1.3,True
1.0,0.0,6,1,7,2023,True,261,55,3,3,328.0,2125.0,6,False,True,Developer Tools,0,0.0,0,1.7,True
2.0,0.0,17,3,7,2023,False,199,26,5,1,118.0,1904.0,1,False,True,Productivity,0,0.0,0,0.0,False
130.0,7.0,7,4,7,2026,True,278,30,3,1,83488.0,4041.0,6,True,False,Other,0,0.0,31,0.0,True
1.0,0.0,21,3,1,2023,False,276,37,5,1,5.0,54.0,2,False,True,Other,0,0.0,0,0.0,True
222.0,5.0,7,2,6,2026,True,54,40,3,3,442035.0,1090.0,7,False,False,Marketing,0,0.0,25,0.0,True
137.0,189.0,20,6,7,2024,False,47,32,3,1,5.0,1905.0,2,False,True,Design Tools,0,0.5,0,0.3,True
15.0,3.0,7,5,7,2023,False,231,23,3,1,209096.0,1532.0,1,False,True,Other,0,0.0,308,0.0,True
128.0,64.0,7,4,5,2026,True,25,57,3,3,334929.0,512.0,6,False,False,Productivity,6,1.6,23,202.4,True
104.0,23.0,7,0,10,2023,False,233,53,3,1,3292.0,878.0,0,True,False,Other,0,0.0,0,0.0,True
6.0,0.0,15,4,3,2023,False,273,47,4,1,1410.0,1108.0,4,False,True,Design Tools,0,0.0,0,0.5,True
122.0,23.0,7,1,7,2026,True,51,51,3,1,185.0,2176.0,6,False,False,Other,0,0.0,0,0.0,False
184.0,27.0,0,4,5,2026,True,343,46,3,1,791.0,2207.0,4,False,False,Social Media,0,0.0,0,0.0,False
540.0,33.0,7,4,6,2026,True,257,50,3,1,5.0,3796.0,6,True,False,Other,0,0.0,2,296.9,True
153.0,0.0,7,4,7,2023,False,252,40,3,1,116.0,1235.0,3,False,True,Other,0,0.0,0,0.0,True
301.0,67.0,7,0,7,2026,True,71,60,3,2,493.0,9168.0,6,True,False,Other,4,265.5,12,275.5,True
115.0,0.0,7,4,7,2026,True,59,34,3,1,5.0,10.0,4,True,False,Other,0,0.0,0,0.6,True
147.0,64.0,7,2,7,2026,True,53,60,3,3,161434.0,2910.0,6,True,False,Developer Tools,0,0.0,2,283.6,True
169.0,5.0,7,0,7,2026,True,259,38,3,3,395.0,1958.0,5,True,False,Marketing,0,0.0,0,0.0,True
151.0,0.0,7,2,7,2026,False,339,54,3,1,3538.0,2042.0,5,True,False,Other,0,0.0,4,237.3,True
137.0,22.0,14,4,5,2026,False,155,47,3,1,638452.0,1292.0,6,False,False,Artificial Intelligence,0,0.0,19,188.8,True
218.0,22.0,7,1,7,2026,True,44,40,3,1,1201.0,10351.0,6,True,False,API,0,202.7,371,7.1,True
190.0,48.0,7,0,6,2026,True,24,24,3,3,174.0,1757.0,7,False,False,Other,0,0.0,0,0.0,False
3.0,0.0,10,1,3,2023,False,145,57,2,1,605.0,2842.0,3,False,True,Other,0,0.0,0,0.0,False
127.0,155.0,7,6,7,2026,False,45,37,3,1,1095.0,1971.0,6,True,False,Developer Tools,0,0.0,0,305.8,True
316.0,35.0,7,1,11,2026,True,255,43,2,1,1463.0,12259.0,16,True,False,Analytics,0,0.2,0,0.0,True
739.0,43.0,7,5,7,2026,True,365,53,3,2,5348.0,4564.0,6,True,False,Other,0,0.5,32,327.7,True
216.0,44.0,7,0,6,2026,True,62,35,3,2,548.0,585.0,6,True,False,Productivity,0,0.0,0,0.0,True
74.0,9.0,7,4,5,2023,True,17,39,3,1,630.0,3840.0,5,True,False,Design Tools,0,0.0,0,0.0,True
294.0,12.0,18,3,7,2023,True,55,38,3,1,481.0,398.0,5,False,False,Writing,0,0.0,0,1.1,True
19.0,0.0,7,6,5,2023,False,243,38,3,1,5.0,2710.0,4,False,True,Marketing,0,0.5,32,0.0,True
188.0,121.0,7,6,7,2026,False,46,49,3,1,5.0,4002.0,8,True,False,Other,0,0.0,14,0.6,True
1.0,0.0,5,1,7,2024,False,272,36,3,1,5.0,1091.0,1,False,False,Marketing,0,0.0,6,6.3,True
179.0,27.0,7,2,6,2026,True,24,47,3,1,4312.0,20328.0,6,True,False,Productivity,2,207.2,0,0.0,True
18.0,4.0,10,6,7,2023,False,248,36,3,3,115553.0,860.0,5,False,False,Android,0,0.0,0,2.5,True
279.0,12.0,7,3,7,2023,False,242,45,2,1,1196.0,1223.0,8,False,True,Web App,0,0.0,0,0.0,True
431.0,68.0,7,0,7,2026,True,34,34,3,1,298.0,3769.0,4,False,False,Other,0,0.0,0,0.0,False
12.0,1.0,7,6,1,2023,False,214,23,3,1,5.0,1898.0,1,False,True,Other,0,1.5,23,203.1,True
650.0,4.0,0,6,7,2023,False,340,55,3,3,50740.0,1155.0,7,False,False,Design Tools,0,0.0,22,1.1,True
84.0,2.0,23,0,11,2023,False,209,58,3,1,4981.0,904.0,6,False,True,Chrome Extensions,0,0.0,0,221.7,True
414.0,82.0,7,1,6,2026,True,57,57,3,1,108.0,2111.0,8,True,False,Productivity,0,0.0,0,0.0,False
378.0,0.0,7,4,7,2026,True,63,59,3,1,225496.0,29921.0,8,False,False,iOS,0,0.0,5,0.0,True
35.0,0.0,14,6,7,2023,True,247,40,4,1,1348.0,2775.0,2,True,True,Productivity,0,0.0,664,0.0,True
55.0,0.0,15,3,3,2023,True,154,55,2,1,5.0,2730.0,3,False,True,Hiring,0,0.0,13,0.0,True
173.0,26.0,7,3,7,2026,True,50,50,3,1,1241.0,1077.0,6,False,False,Other,0,0.0,0,0.0,False
171.0,56.0,7,0,7,2026,True,41,37,3,3,4117.0,5494.0,6,True,False,Mac,0,1.2,515,1.8,True
147.0,35.0,7,0,5,2026,True,244,49,3,1,5.0,2028.0,6,True,False,Other,0,0.0,2033,0.0,True
1.0,0.0,6,4,7,2023,True,358,48,5,1,5.0,1559.0,1,False,True,Analytics,0,0.0,376,0.0,True
123.0,96.0,7,1,7,2023,True,349,21,3,2,5.0,1177.0,6,False,False,Productivity,0,0.0,1,0.0,True
153.0,0.0,17,4,7,2023,True,66,38,3,1,2723.0,630.0,4,True,False,Other,0,0.0,4,0.0,True
4.0,1.0,22,3,7,2023,True,249,29,4,1,5.0,1186.0,3,False,True,Other,0,0.0,8,0.0,True
452.0,15.0,7,5,7,2026,True,61,60,3,2,5.0,2522.0,4,True,False,Writing,0,0.0,23,4.2,True
86.0,1.0,7,1,8,2023,True,249,53,3,1,5.0,1109.0,3,False,False,Developer Tools,0,0.0,0,0.9,True
6.0,1.0,15,3,1,2023,False,196,41,1,1,128.0,2556.0,3,False,True,Marketing,0,0.0,0,0.0,False
11.0,0.0,21,1,7,2023,False,257,40,3,3,3160.0,2138.0,1,False,True,Web App,0,0.0,0,0.0,True
5.0,1.0,16,1,7,2023,False,245,60,3,1,52557.0,1615.0,1,True,True,Other,0,0.0,0,3.7,True
633.0,25.0,7,3,4,2026,False,73,42,3,1,5.0,1732.0,4,True,False,Productivity,0,0.0,0,5.4,True
19.0,0.0,15,3,1,2023,False,192,42,2,1,5.0,2070.0,4,True,True,Design Tools,0,0.0,0,0.0,True
10.0,92.0,7,6,7,2026,False,230,38,3,1,1300.0,399.0,7,True,False,Design Tools,0,0.9,0,1.1,True
147.0,57.0,14,2,7,2023,True,218,31,3,4,217920.0,639.0,5,False,False,iOS,0,0.0,1437,211.70772442588728,False
229.0,17.0,7,0,7,2026,True,55,45,3,3,4421.0,208.0,6,False,False,Marketing,0,299.1,9,0.0,True
6.0,0.0,5,4,7,2023,False,81,46,3,1,24.0,1954.0,3,False,True,Productivity,0,0.0,0,0.0,False
7.0,0.0,7,6,7,2023,False,262,51,3,2,1643.0,10.0,3,False,False,Productivity,0,0.0,0,0.1,True
149.0,2.0,15,4,1,2023,False,276,34,5,1,567.0,442.0,2,False,True,Artificial Intelligence,0,0.0,0,1.1,True
116.0,4.0,7,3,6,2026,True,385,54,3,1,566.0,1317.0,6,True,False,Android,0,252.5,14,0.0,True
254.0,83.0,7,0,3,2023,True,256,24,2,7,148800.0,1435.0,5,True,False,Other,0,0.0,978,218.23312883435585,False
3.0,0.0,22,6,5,2023,False,46,41,3,0,116.0,3059.0,1,False,False,Productivity,0,0.0,0,0.0,False
638.0,132.0,7,6,6,2026,True,62,23,3,5,2506.0,1038.0,8,True,False,Email,1,258.2,0,0.0,True
1.0,0.0,6,3,3,2023,True,245,57,4,1,5.0,2010.0,1,False,True,Health & Fitness,0,0.0,0,221.5,True
5.0,1.0,13,3,1,2023,False,262,36,3,1,5.0,803.0,0,False,True,Artificial Intelligence,0,0.0,0,1.9,True
15.0,0.0,11,6,5,2023,False,234,21,1,1,101.0,1418.0,1,False,True,Other,0,0.0,0,0.0,False
131.0,36.0,7,5,5,2023,True,30,37,3,1,5.0,1299.0,8,True,False,Productivity,0,0.0,0,0.0,True
5.0,0.0,23,3,7,2023,False,278,59,3,1,1099.0,1578.0,4,True,True,SaaS,0,0.0,13,0.0,True
74.0,7.0,8,3,1,2023,True,253,29,3,2,13342.0,2211.0,5,True,False,Analytics,0,0.0,70,325.45714285714286,False
400.0,67.0,7,2,7,2026,True,65,60,3,1,4955.0,776.0,8,True,False,Productivity,0,181.3,3036,410.7,True
197.0,77.0,7,3,6,2026,True,66,44,3,1,2188.0,1135.0,6,True,False,Productivity,8,0.0,12,0.0,True
108.0,0.0,7,0,7,2026,False,52,47,3,1,226.0,1895.0,5,True,False,Fintech,0,0.0,5,0.0,True
194.0,96.0,0,2,7,2026,True,54,44,3,12,250628.0,14031.0,6,True,False,Other,0,227.8,3171,0.2,True
1.0,0.0,5,4,5,2023,True,157,37,3,1,1525.0,1232.0,1,False,True,Other,0,0.0,21,0.0,True
108.0,2.0,1,1,6,2023,True,47,40,3,1,284601.0,1662.0,4,False,False,Chrome Extensions,0,318.5,701,304.9,True
198.0,16.0,7,3,5,2026,True,68,54,3,1,5.0,4288.0,5,True,False,Other,0,0.0,3,1.2,True
13.0,0.0,10,0,7,2023,True,74,57,3,1,3265.0,349.0,6,True,False,Education,0,1.1,0,0.0,True
124.0,0.0,7,4,5,2023,True,68,50,5,1,6566.0,232.0,8,False,False,Fintech,0,0.0,0,0.0,True
24.0,2.0,7,1,7,2023,True,259,27,4,2,5.0,24033.0,2,False,True,Health & Fitness,0,0.0,0,0.0,True
22.0,0.0,7,0,3,2023,False,260,45,1,1,5.0,3093.0,3,False,True,Android,0,0.0,0,2.7,True
163.0,55.0,7,0,7,2026,True,36,36,3,2,573.0,4156.0,8,False,True,Other,0,0.0,0,0.0,False
19.0,2.0,15,3,3,2023,True,257,24,3,0,5.0,1266.0,3,True,True,SaaS,0,0.0,5,4.7,True
21.0,1.0,8,1,3,2023,False,229,56,3,8,63577.0,1777.0,6,False,False,Productivity,0,0.0,0,0.0,True
16.0,3.0,16,3,3,2023,False,232,32,2,0,2816.0,2333.0,2,True,True,API,0,0.0,11,2.5,True
174.0,0.0,7,4,5,2023,True,76,30,3,1,5.0,1568.0,6,False,False,Open Source,0,0.0,0,3.1,True
1.0,4.0,19,5,7,2023,False,202,25,3,1,1324.0,593.0,7,True,True,Design Tools,0,0.0,528,0.0,True
22.0,1.0,13,3,7,2023,False,170,54,3,1,297.0,1376.0,3,False,True,Marketing,0,0.0,0,0.0,False
300.0,45.0,4,4,10,2025,False,295,53,3,1,26.0,3294.0,4,True,False,Artificial Intelligence,0,0.0,0,0.0,False
3.0,0.0,4,1,5,2023,False,234,30,3,1,2711.0,1165.0,3,False,True,Other,0,0.0,9,0.2,True
4.0,1.0,15,0,3,2023,False,260,48,3,1,448.0,2094.0,4,False,True,Other,0,0.0,0,0.0,False
122.0,15.0,10,3,7,2023,True,240,59,3,1,639.0,3374.0,3,False,True,Design Tools,0,0.0,0,0.0,False
145.0,2.0,7,1,9,2023,True,203,30,5,1,5.0,2586.0,3,False,True,Design Tools,0,0.0,14,2.8,True
21.0,0.0,21,0,3,2023,False,272,42,1,1,5.0,4415.0,3,False,True,Android,0,0.0,0,4.6,True
96.0,1.0,5,5,7,2023,True,240,37,3,1,5.0,1442.0,9,False,False,Other,0,0.0,8,0.8,True
176.0,0.0,17,0,1,2023,True,78,35,3,0,27490.0,10917.0,4,True,False,Productivity,0,0.0,2,0.0,True
20.0,11.0,1,4,5,2026,False,239,30,3,1,1072.0,3029.0,4,True,False,Artificial Intelligence,0,0.0,5,0.0,True
159.0,2.0,7,4,7,2024,False,58,35,5,1,287600.0,544.0,5,True,False,Mac,0,0.0,0,0.0,True
89.0,2.0,7,4,7,2026,False,249,31,3,1,5.0,648.0,4,False,True,Other,0,0.0,0,0.0,True
110.0,22.0,0,4,5,2026,True,380,56,3,1,412.0,34.0,4,True,False,Hiring,0,0.0,0,0.0,False
1.0,4.0,19,3,3,2023,True,262,16,3,0,5.0,1779.0,1,False,True,Fintech,0,0.0,0,0.0,True
172.0,57.0,7,0,7,2023,True,246,55,3,1,4247.0,12484.0,6,False,False,Productivity,0,0.0,16,3.2,True
32.0,13.0,7,0,7,2026,False,59,59,3,2,391.0,37.0,8,False,False,Other,0,0.0,0,0.0,False
25.0,0.0,7,5,5,2023,True,61,58,1,1,5.0,2808.0,3,False,True,Productivity,0,0.0,4,0.0,True
63.0,1.0,7,5,5,2023,True,255,25,3,1,5.0,323.0,6,False,False,Analytics,0,0.0,5,195.0,True
109.0,21.0,7,1,7,2026,False,52,52,3,1,409.0,107.0,6,True,True,Other,0,0.0,0,0.0,False
24.0,0.0,4,6,7,2023,True,234,48,3,1,960.0,1918.0,5,True,False,Other,0,0.0,22,0.0,True
204.0,25.0,12,0,5,2026,True,248,52,3,1,287.0,3805.0,4,True,False,API,0,0.0,0,0.0,False
20.0,51.0,7,4,5,2023,True,241,57,2,1,5.0,1057.0,8,True,True,Android,0,0.0,1,0.0,True
210.0,6.0,7,6,7,2026,True,44,53,3,1,168.0,3902.0,7,True,True,Social Media,0,0.0,18,399.4,True
80.0,0.0,7,0,7,2023,True,263,33,2,0,652713.0,1509.0,7,False,False,Productivity,0,0.0,0,0.0,True
1.0,0.0,18,4,5,2023,False,244,59,1,1,5.0,1528.0,1,False,True,Other,0,0.0,0,5.1,True
116.0,3.0,7,4,7,2023,True,260,44,3,1,5.0,2580.0,1,False,False,API,0,0.0,0,1.2,True
1.0,0.0,19,4,7,2023,False,224,28,4,0,3070.0,919.0,3,False,True,Android,0,0.0,0,1.3,True
4.0,0.0,9,4,7,2023,False,183,52,2,1,5.0,1727.0,6,True,True,Other,0,0.0,0,0.0,True
204.0,22.0,19,6,5,2026,True,279,38,3,2,5.0,2481.0,8,True,False,Productivity,0,0.0,0,208.7,True
11.0,0.0,7,4,7,2023,False,269,33,3,1,1120.0,6151.0,6,False,True,Web App,0,0.0,0,0.0,True
178.0,31.0,0,2,7,2026,True,50,32,3,2,5.0,11850.0,6,True,False,Productivity,0,206.9,1310,443.3,True
9.0,8.0,15,4,7,2023,False,201,55,3,2,103082.0,2007.0,3,False,False,Productivity,0,0.0,676,199.7352071005917,False
81.0,7.0,7,4,5,2023,True,238,59,3,1,511.0,278.0,4,True,True,Fintech,0,0.0,0,0.0,False
43.0,0.0,17,4,7,2023,True,274,15,4,0,2517.0,5039.0,2,False,True,Social Media,0,1.2,0,6.0,True
111.0,8.0,0,1,6,2026,True,242,47,3,0,5.0,3210.0,8,True,False,iOS,0,0.0,26,348.0,True
67.0,3.0,8,3,1,2023,True,235,58,3,1,5.0,115.0,3,False,True,Chrome Extensions,0,0.0,0,0.0,False
123.0,0.0,4,4,5,2023,False,242,56,3,1,107028.0,30269.0,9,False,True,Other,0,0.0,326,0.0,True
150.0,0.0,15,3,7,2023,False,269,28,3,1,5.0,3726.0,2,False,False,Education,0,0.0,0,1.7,True
356.0,27.0,7,0,6,2026,True,60,48,3,3,3198.0,3943.0,6,True,False,Other,0,0.0,0,0.0,True
11.0,14.0,7,5,5,2026,False,467,48,3,1,1246.0,44.0,5,False,False,Email,0,0.2,6,1.5,True
9.0,0.0,9,1,5,2023,False,262,41,3,1,5.0,1209.0,6,True,False,Other,0,0.0,29,180.6,True
56.0,89.0,7,3,7,2023,True,211,36,2,1,5.0,1500.0,4,False,False,Design Tools,0,0.0,13,0.0,True
94.0,13.0,7,4,7,2026,True,500,39,3,1,2897.0,1530.0,6,True,False,Other,0,0.0,7,287.2,True
10.0,0.0,11,4,5,2023,False,177,42,3,1,5.0,5207.0,1,False,False,Other,0,0.0,0,5.1,True
70.0,2.0,7,5,5,2023,False,56,40,3,0,5.0,448.0,2,False,False,Writing,1,1.5,4252,0.0,True
2.0,0.0,14,1,7,2023,False,253,24,3,1,219473.0,1591.0,6,False,True,Other,0,0.0,0,1.6,True
177.0,9.0,7,4,7,2023,True,260,58,3,1,5.0,445.0,6,False,False,Open Source,0,0.0,12,0.0,True
713.0,11.0,7,2,7,2026,True,289,30,3,2,140814.0,2461.0,8,True,False,Other,0,0.0,0,0.7,True
22.0,2.0,10,3,7,2023,False,241,51,2,1,2548.0,3617.0,3,False,True,Productivity,0,0.0,1,0.2,True
9.0,0.0,7,3,7,2023,False,217,35,3,0,1297.0,274.0,4,True,True,Artificial Intelligence,0,0.0,0,0.0,True
249.0,8.0,7,4,11,2026,False,48,57,3,3,716.0,5909.0,7,True,False,Developer Tools,2,0.0,1760,3.4,True
146.0,31.0,12,6,5,2026,False,500,56,3,3,3502.0,2113.0,5,True,False,API,0,0.4,0,368.9,True
6.0,1.0,9,5,5,2023,False,265,54,3,0,5.0,2123.0,4,True,True,Design Tools,0,0.0,10,190.8,True
68.0,20.0,7,3,7,2026,False,55,55,3,2,10.0,594.0,5,False,False,Other,0,0.0,0,0.0,False
2.0,1.0,16,4,1,2023,False,256,59,3,0,76.0,2503.0,3,False,False,SaaS,1,9.0,0,0.0,False
283.0,28.0,7,6,6,2026,True,59,59,3,1,334.0,108.0,5,False,True,Other,0,0.0,0,0.0,False
274.0,12.0,0,2,10,2026,True,50,43,3,1,1829.0,1305.0,8,True,False,Productivity,0,0.0,0,0.0,True
165.0,34.0,7,4,5,2026,True,257,58,2,2,121860.0,599.0,11,True,False,Other,0,0.0,0,381.8,True
113.0,40.0,7,1,7,2026,False,59,59,1,3,665.0,2088.0,8,False,False,Other,0,0.0,0,0.0,False
174.0,19.0,7,4,6,2026,True,191,30,3,3,2106.0,20909.0,8,True,False,Productivity,0,0.0,20,284.0,True
112.0,15.0,7,3,7,2023,False,249,33,3,1,3810.0,2483.0,3,True,False,Other,0,0.0,3,0.0,True
107.0,10.0,0,0,6,2026,False,256,46,3,1,611.0,3041.0,1,False,False,Other,0,0.0,0,0.0,False
402.0,13.0,7,3,7,2026,False,327,39,3,17,5.0,2469.0,6,True,False,Productivity,9,114.1,0,0.0,True
675.0,175.0,7,0,6,2026,True,59,59,3,3,2609.0,8438.0,8,True,False,Other,2,283.5,2,283.5,False
77.0,1.0,7,5,3,2023,True,213,29,3,1,293162.0,1604.0,4,False,False,Web App,0,1.2,1,2.4,True
148.0,0.0,7,4,5,2023,False,225,42,2,1,2406.0,3457.0,4,True,True,Android,0,0.0,0,0.0,True
461.0,12.0,7,3,7,2026,True,45,52,3,1,3768.0,13078.0,6,True,False,Productivity,1,0.0,31,4.1,True
116.0,16.0,0,1,6,2026,True,274,52,3,1,719.0,1787.0,13,False,False,Productivity,0,159.2,17,0.5,True
142.0,0.0,7,0,7,2023,False,259,35,1,3,5.0,617.0,3,False,True,Other,0,0.0,0,2.5,True
155.0,25.0,8,5,1,2023,True,237,59,2,2,21738.0,6092.0,4,False,False,Fintech,2,193.0,121,232.53719008264463,False
142.0,33.0,7,0,6,2026,False,248,54,3,18,270028.0,10109.0,6,False,False,Design Tools,0,0.0,1114,0.0,True
98.0,0.0,6,1,7,2023,True,363,33,4,0,5.0,1103.0,7,False,True,Developer Tools,0,0.0,0,0.1,True
154.0,0.0,0,3,6,2023,True,41,60,3,8,5.0,1305.0,6,True,False,Other,0,0.0,14,0.0,True
359.0,65.0,7,3,7,2026,True,44,44,3,1,413.0,1969.0,6,False,True,Other,0,0.0,0,0.0,False
211.0,9.0,7,6,6,2026,True,53,42,3,3,5.0,1344.0,4,False,False,Other,10,214.7,8,180.9,True
161.0,0.0,7,2,5,2026,True,45,20,3,1,5.0,10531.0,8,False,False,iOS,9,0.0,1,0.1,True
343.0,139.0,7,3,7,2026,True,59,59,3,3,275.0,1349.0,5,False,False,Developer Tools,0,0.0,0,0.0,False
245.0,60.0,7,5,7,2026,True,59,59,3,3,1111.0,2405.0,8,False,True,Productivity,0,0.0,0,0.0,False
20.0,0.0,7,0,3,2023,False,59,32,3,0,1548.0,2201.0,7,True,True,Productivity,0,0.0,2712,0.0,True
104.0,48.0,7,4,5,2026,True,61,48,3,1,121427.0,1645.0,6,False,False,Open Source,0,0.0,0,201.2,True
167.0,84.0,7,5,7,2025,False,402,58,3,2,5.0,2675.0,5,True,False,Productivity,0,0.0,0,0.0,True
10.0,0.0,16,4,1,2023,False,235,45,3,1,871.0,478.0,7,True,True,Open Source,0,0.0,0,1.6,True
63.0,1.0,14,4,1,2023,True,256,58,4,0,352.0,462.0,1,False,False,Other,0,0.0,0,0.0,False
220.0,42.0,7,6,7,2026,True,63,20,3,3,174.0,2526.0,5,True,False,Social Media,0,0.0,3,0.1,True
2.0,0.0,7,0,3,2023,False,253,40,3,1,1568.0,1242.0,4,True,True,Artificial Intelligence,0,0.0,0,2.4,True
254.0,89.0,7,6,7,2026,True,56,58,3,2,4119.0,15433.0,6,True,False,Other,1,0.0,4,276.2,True
2.0,0.0,6,3,7,2023,False,211,20,1,1,48.0,134.0,1,False,True,Productivity,0,0.0,0,0.0,False
175.0,30.0,7,4,7,2026,True,51,54,3,3,86195.0,579.0,8,False,False,Other,0,31.6,0,91.1,True
130.0,13.0,7,0,7,2026,True,500,38,3,1,3437.0,1229.0,5,True,False,Productivity,0,0.0,0,0.0,True
171.0,139.0,7,2,6,2026,True,77,35,3,1,1535.0,2107.0,4,True,False,Productivity,0,0.0,13,1.5,True
2.0,1.0,13,3,1,2023,False,189,42,1,1,25.0,310.0,2,True,True,Marketing,0,0.0,0,0.0,False
114.0,72.0,7,3,7,2023,True,62,56,2,1,5.0,4872.0,21,True,True,Health & Fitness,0,0.0,0,201.9,True
16.0,1.0,21,3,5,2023,True,215,51,3,0,5.0,1191.0,4,False,True,Health & Fitness,0,0.0,0,1.4,True
56.0,88.0,7,1,7,2026,False,37,37,3,1,1698.0,420.0,4,False,False,Android,0,2.6,0,1.5,True
8.0,0.0,7,4,5,2023,True,194,31,2,2,151630.0,1361.0,11,False,True,API,0,0.0,15,0.0,True
132.0,0.0,5,2,9,2026,False,291,40,3,1,5.0,1755.0,6,False,True,Design Tools,0,0.0,0,0.0,True
178.0,10.0,16,2,10,2019,False,253,47,3,1,276.0,254.0,5,True,False,Other,0,0.0,0,0.0,False
151.0,20.0,9,2,5,2026,False,46,30,3,1,3331.0,5908.0,5,True,False,API,0,0.0,0,188.2,True
105.0,43.0,7,3,6,2026,False,60,56,3,1,246358.0,17705.0,6,True,False,Android,0,0.0,4,0.0,True
197.0,91.0,7,4,6,2026,True,69,20,3,2,3029.0,22493.0,6,True,False,Education,0,0.0,7,4.3,True
3.0,1.0,14,4,7,2023,False,235,37,3,1,5.0,811.0,3,False,True,Web App,0,0.0,0,0.0,False
108.0,1.0,7,4,7,2023,False,192,58,3,1,1953.0,840.0,6,False,False,Other,0,0.0,0,4.6,True
118.0,4.0,7,1,6,2026,True,394,58,3,1,2387.0,2048.0,6,True,False,Marketing,0,0.1,13,3.2,True
136.0,28.0,7,5,7,2023,True,39,40,3,3,5.0,921.0,5,True,False,Developer Tools,0,0.0,8,0.0,True
305.0,19.0,7,2,9,2026,False,450,49,3,2,6645.0,23163.0,6,False,False,Productivity,0,0.0,1134,196.4,True
238.0,52.0,7,2,7,2026,False,68,58,5,1,5.0,1809.0,8,False,False,Open Source,0,0.0,4,2.2,True
100.0,0.0,16,5,1,2023,True,262,60,1,1,126358.0,174.0,5,True,False,Design Tools,0,0.0,0,1.8,True
112.0,0.0,14,4,5,2023,False,246,44,3,0,90.0,4071.0,1,True,True,iOS,0,0.0,2,0.0,True
232.0,12.0,7,6,6,2026,True,59,59,2,3,845.0,1098.0,8,False,True,Productivity,0,0.0,0,0.0,False
551.0,0.0,7,0,6,2026,True,60,60,1,1,4116.0,10678.0,4,False,False,Productivity,4,412.25,4,412.25,False
3.0,0.0,4,5,3,2023,False,450,57,3,1,5.0,1137.0,4,False,True,Design Tools,0,0.0,0,0.0,True
121.0,0.0,12,3,6,2026,True,262,56,3,1,5.0,2923.0,5,True,False,Email,0,1.1,845,0.4,True
10.0,0.0,7,1,3,2023,False,253,35,2,0,2821.0,792.0,1,False,True,Other,0,0.0,2114,0.6,True
179.0,31.0,7,1,6,2026,True,36,36,3,3,4572.0,13590.0,4,False,False,Developer Tools,5,440.0,5,440.0,False
86.0,19.0,7,1,5,2023,False,240,45,3,1,243.0,872.0,6,True,False,Productivity,0,0.0,0,3.9,True
102.0,0.0,7,0,7,2023,True,208,9,2,1,1684.0,5291.0,2,False,True,Developer Tools,0,0.0,0,0.0,True
71.0,2.0,7,3,7,2026,False,75,45,3,1,5.0,2882.0,6,False,True,Design Tools,0,0.0,0,184.3,True
86.0,2.0,7,0,7,2026,True,229,58,4,1,12777.0,525.0,3,False,False,Other,0,0.0,19,1.0,True
12.0,0.0,7,3,5,2023,False,173,60,2,1,3284.0,980.0,1,True,True,Android,0,0.0,9,0.0,True
273.0,7.0,8,0,10,2026,True,64,36,3,2,5.0,5093.0,8,True,False,Chrome Extensions,1,0.0,6,0.3,True
19.0,0.0,14,1,5,2023,False,122,50,4,1,389.0,3954.0,6,True,False,Health & Fitness,0,1.2,15,0.0,True
1.0,1.0,7,4,7,2023,False,255,29,1,1,344397.0,4539.0,2,True,True,Other,0,0.0,0,0.0,True
61.0,2.0,16,4,1,2023,True,245,38,1,1,1246.0,1290.0,3,False,True,Other,0,0.0,0,0.0,False
86.0,0.0,4,5,7,2023,True,252,34,3,1,2068.0,1931.0,6,True,True,SaaS,0,0.5,0,0.0,True
83.0,0.0,7,4,1,2023,False,44,29,3,3,874.0,2864.0,4,False,False,Other,0,0.0,5,0.0,True
164.0,105.0,7,6,7,2026,True,47,36,3,2,2111.0,548.0,4,True,False,Productivity,0,84.7,21,410.8,True
1.0,1.0,11,0,3,2023,False,258,28,1,0,5.0,1878.0,3,False,True,Productivity,0,0.0,1192,0.0,True
252.0,14.0,7,4,5,2026,True,55,52,3,1,4270.0,3597.0,4,False,False,Other,0,257.9,7,191.4,True
295.0,18.0,7,1,3,2026,True,65,31,3,1,1511.0,10.0,6,False,False,Other,0,26.0,2799,350.5,True
62.0,1.0,14,3,1,2023,True,151,56,4,1,252.0,836.0,5,False,True,Android,0,0.0,0,0.0,False
189.0,26.0,7,6,6,2026,True,53,36,3,9,3380.0,1147.0,6,True,False,Productivity,1,0.0,21,292.7,True
1.0,1.0,14,4,1,2023,False,265,31,5,1,1209.0,4217.0,3,False,True,Health & Fitness,0,0.0,0,5.5,True
104.0,15.0,0,4,5,2026,True,420,56,3,1,85.0,275.0,6,True,False,Other,0,0.0,0,0.0,False
213.0,25.0,7,0,7,2026,True,35,35,3,1,2181.0,4980.0,4,False,False,Productivity,2,186.5,2,186.5,False
128.0,3.0,7,3,7,2025,True,43,55,3,3,5.0,3713.0,5,True,False,Developer Tools,0,0.2,0,171.9,True
479.0,230.0,7,2,5,2025,True,67,39,3,3,1847.0,832.0,11,True,False,Open Source,0,0.0,0,1.1,True
1321.0,33.0,7,2,7,2026,True,71,47,3,1,4779.0,5910.0,6,True,False,SaaS,1,101.1,0,0.0,True
11.0,0.0,9,4,5,2023,False,256,30,3,1,1163.0,470.0,1,True,True,Design Tools,0,0.0,0,0.0,True
13.0,0.0,19,4,7,2023,False,397,56,3,1,5.0,2489.0,4,False,False,API,0,0.0,0,0.0,True
90.0,3.0,7,4,7,2023,False,261,55,3,1,3094.0,5064.0,6,False,True,Health & Fitness,0,0.0,0,3.0,True
12.0,2.0,7,3,3,2023,False,251,60,3,1,273908.0,5346.0,3,True,True,Other,0,0.0,16,2.6,True
6.0,3.0,8,3,5,2023,True,259,41,2,0,1583.0,372.0,3,False,True,Android,0,0.0,28,0.0,True
139.0,0.0,7,0,5,2025,True,63,55,2,1,636.0,22216.0,6,True,True,Mac,0,0.0,0,0.0,True
399.0,7.0,7,6,7,2023,True,67,58,3,1,536.0,9120.0,4,False,False,Developer Tools,0,1.7,13,0.0,True
19.0,0.0,7,0,7,2023,False,225,52,3,1,55.0,1210.0,1,False,True,Health & Fitness,0,0.0,13,1.2,True
137.0,109.0,7,0,3,2023,True,263,55,3,3,1037.0,950.0,4,False,False,Productivity,0,0.0,0,0.0,True
1.0,0.0,14,5,7,2023,True,260,30,2,1,4037.0,4888.0,4,False,True,Other,0,1.8,9,1.8,True
66.0,1.0,7,1,7,2023,False,262,54,3,2,1805.0,1216.0,6,False,False,Design Tools,0,0.0,17,0.5,True
167.0,21.0,7,2,6,2023,False,49,52,3,1,5.0,1180.0,2,True,True,API,0,0.0,0,0.0,True
3.0,1.0,9,3,7,2023,False,133,45,3,1,540.0,2163.0,3,False,True,Developer Tools,0,0.0,0,0.0,False
401.0,49.0,7,1,6,2026,True,36,36,3,3,331.0,205.0,6,False,True,Developer Tools,0,0.0,0,0.0,False
8.0,0.0,7,1,3,2023,False,266,27,1,1,2130.0,1753.0,3,False,True,Other,0,0.2,482,0.0,True
257.0,63.0,20,4,7,2026,True,392,60,3,1,1379.0,3337.0,8,True,False,API,0,0.0,10,0.0,True
250.0,0.0,7,0,5,2026,True,45,54,3,1,254.0,2787.0,9,True,False,Productivity,0,0.0,4,1.8,True
5.0,0.0,7,3,1,2023,True,232,44,3,1,5.0,2780.0,6,False,True,Other,0,0.0,14,1.7,True
106.0,18.0,7,0,3,2023,True,184,53,5,1,11.0,4257.0,7,False,True,Web App,0,0.0,0,0.0,False
217.0,10.0,7,0,7,2026,True,252,46,5,1,1333.0,7950.0,4,False,False,Design Tools,0,0.0,27,225.3,True
167.0,36.0,7,6,7,2026,False,54,60,3,2,121.0,2808.0,6,True,False,Other,0,0.0,0,3.3,True
58.0,2.0,8,5,7,2023,True,224,30,2,1,5.0,689.0,4,False,False,Design Tools,0,0.3,0,1.8,True
341.0,398.0,8,3,1,2023,True,173,44,3,10,2803.0,3824.0,11,True,False,Web App,0,0.0,9,2.0,False
4.0,1.0,15,4,5,2023,False,125,23,4,1,5.0,471.0,6,False,True,Android,0,0.0,0,0.0,False
6.0,0.0,21,5,1,2023,False,168,38,3,1,815.0,1167.0,5,False,True,Other,0,0.0,0,0.0,False
125.0,0.0,7,4,7,2023,False,56,34,3,1,2475.0,3554.0,4,False,True,Developer Tools,0,0.0,12,196.9,True
171.0,26.0,7,3,5,2026,True,57,57,3,1,339.0,416.0,7,False,True,Other,0,0.0,0,0.0,False
4.0,0.0,7,4,5,2023,False,254,60,3,1,3545.0,785.0,5,False,True,Web App,0,0.0,5,0.0,True
150.0,20.0,7,3,7,2023,False,73,56,3,1,5.0,4290.0,6,True,False,Design Tools,0,0.0,0,0.0,True
230.0,11.0,7,5,6,2026,True,29,59,3,3,295980.0,10.0,6,False,False,Other,0,0.0,15,227.0,True
255.0,15.0,7,1,7,2026,True,75,46,3,1,5.0,333.0,6,True,False,Productivity,0,0.0,1900,1.3,True
119.0,1.0,7,4,7,2026,True,245,31,3,1,3085.0,3334.0,8,True,False,Other,0,0.0,13,0.0,True
15.0,1.0,10,1,7,2023,False,213,50,2,1,1970.0,1182.0,1,False,True,Other,0,0.0,12,5.5,True
62.0,101.0,3,4,5,2023,False,239,40,3,1,2513.0,747.0,7,False,False,Developer Tools,0,0.0,1,0.0,True
159.0,0.0,7,3,7,2023,False,253,50,2,1,5.0,5814.0,8,False,True,Other,0,0.0,5,2.4,True
107.0,0.0,7,4,1,2023,False,400,49,3,3,725.0,1733.0,8,True,False,Productivity,0,0.0,0,0.0,True
24.0,1.0,7,6,5,2026,True,249,45,3,1,5.0,79.0,3,False,False,Productivity,0,0.0,0,0.0,True
310.0,1.0,7,3,7,2023,False,208,50,3,1,977.0,472.0,8,True,False,Other,0,0.0,0,0.0,True
166.0,55.0,8,1,3,2023,True,259,59,3,10,468980.0,2769.0,6,False,False,Productivity,0,0.0,3114,194.52601156069363,False
42.0,2.0,7,5,5,2023,True,246,60,4,1,1021.0,2982.0,6,False,True,Other,0,0.0,2,0.8,True
242.0,0.0,7,6,7,2026,True,72,58,3,1,5.0,1339.0,9,True,False,Other,0,0.0,0,0.0,True
300.0,94.0,15,1,5,2026,True,151,46,3,1,5.0,2386.0,4,True,False,Productivity,0,0.0,0,0.4,True
11.0,5.0,7,5,7,2023,False,245,47,3,1,5.0,154.0,4,False,True,Other,0,0.0,344,2.2,True
595.0,38.0,7,3,6,2026,True,51,23,3,1,5.0,5545.0,9,True,False,API,0,0.0,165,324.8,True
209.0,5.0,7,3,5,2026,False,67,60,3,1,5.0,485.0,7,True,False,API,0,0.0,0,0.8,True
139.0,11.0,7,0,7,2026,False,80,46,3,2,861.0,9770.0,7,True,False,Other,0,84.8,10,0.0,True
210.0,46.0,7,6,6,2026,False,52,59,3,3,540.0,8889.0,6,False,False,Artificial Intelligence,8,204.1,0,0.0,True
139.0,0.0,21,3,3,2023,True,277,57,2,1,1292.0,1990.0,4,False,True,Other,0,0.0,0,0.0,True
153.0,4.0,7,5,7,2023,True,184,42,5,1,5.0,741.0,5,False,False,Artificial Intelligence,0,0.0,22,0.0,True
92.0,4.0,7,5,5,2023,True,229,54,3,1,126.0,10554.0,8,False,False,iOS,8,197.375,0,0.0,False
201.0,0.0,14,2,7,2023,True,48,33,1,1,1944.0,1125.0,6,True,True,Other,0,0.0,1511,0.9,True
6.0,1.0,6,5,5,2023,False,246,24,4,3,127716.0,423.0,0,False,False,Open Source,0,0.0,836,189.42105263157896,False
113.0,7.0,7,6,6,2026,True,62,57,3,1,884.0,10.0,9,False,False,Other,1,135.3,280,342.1,True
68.0,44.0,7,2,7,2026,False,23,23,3,3,5093.0,11185.0,4,True,False,Design Tools,1,518.0,1,518.0,False
373.0,170.0,1,2,11,2025,True,53,50,3,1,743.0,3033.0,7,True,False,Other,1,0.0,143,321.4,True
132.0,20.0,7,6,7,2026,True,241,25,3,5,197705.0,1918.0,12,True,False,Other,0,0.0,16,313.2,True
22.0,0.0,6,3,7,2023,False,201,41,2,0,2231.0,1125.0,2,False,True,Other,0,0.0,325,0.0,True
114.0,46.0,7,6,7,2026,False,394,46,3,2,5.0,2220.0,8,True,False,Design Tools,0,0.0,12,0.0,True
2.0,3.0,10,3,3,2023,False,246,19,1,1,2711.0,4848.0,3,True,True,Other,0,0.0,0,0.0,True
5.0,0.0,13,4,7,2023,False,236,59,2,0,5.0,1064.0,1,False,True,Design Tools,0,1.3,12,5.1,True
15.0,0.0,5,0,1,2023,False,175,46,2,2,1622.0,3924.0,2,False,True,Developer Tools,0,0.0,12,0.0,True
339.0,5.0,1,4,6,2024,True,59,50,3,3,2661.0,9725.0,6,True,False,Web App,0,28.7,10,2.2,True
89.0,5.0,7,6,5,2023,True,190,60,3,1,291.0,247.0,9,True,True,Other,0,0.0,0,0.0,False
141.0,5.0,7,4,5,2026,True,260,33,3,1,303.0,5497.0,8,True,False,Other,0,0.0,15,0.8,True
246.0,48.0,7,3,7,2026,True,34,34,3,2,299.0,4758.0,6,True,True,API,0,0.0,0,0.0,False
272.0,5.0,7,1,5,2026,True,40,59,3,1,1632.0,197.0,6,True,False,Other,0,0.0,10,4.9,True
92.0,43.0,7,2,7,2026,False,259,57,3,3,2327.0,10671.0,5,True,False,Writing,1,0.0,1275,308.3,True
548.0,55.0,7,4,7,2024,True,205,58,1,1,61389.0,2345.0,8,False,False,Productivity,0,0.8,3731,218.8,True
313.0,17.0,7,6,7,2023,True,249,56,3,1,5.0,2738.0,4,True,True,Design Tools,0,0.5,7,0.9,True
140.0,0.0,7,0,5,2023,True,271,36,3,0,5.0,1324.0,1,False,True,Productivity,0,0.0,11,0.0,True
138.0,0.0,7,6,7,2026,False,58,57,3,1,448.0,981.0,4,False,False,Other,0,0.9,8,4.3,True
238.0,10.0,7,4,7,2023,True,59,44,3,1,1254.0,1199.0,3,False,False,Artificial Intelligence,0,0.0,402,0.0,True
111.0,121.0,0,0,5,2026,True,65,44,3,3,1750.0,11017.0,4,False,False,Writing,0,0.0,0,202.7,True
138.0,37.0,7,4,7,2026,False,52,44,3,6,3717.0,4792.0,6,True,False,API,0,0.0,32,203.3,True
219.0,10.0,7,5,7,2026,True,67,36,1,0,5.0,3885.0,4,True,False,Android,0,0.0,0,0.0,True
130.0,6.0,7,5,6,2026,True,66,60,3,3,188572.0,422.0,5,True,False,Marketing,0,0.0,27,329.7,True
105.0,25.0,7,5,7,2023,False,390,26,3,1,3806.0,2194.0,6,False,False,iOS,0,0.0,0,0.0,True
2.0,1.0,20,3,1,2023,False,233,53,1,3,26341.0,1821.0,2,True,False,Other,0,0.0,154,301.0779220779221,False
31.0,34.0,7,0,7,2023,True,233,47,3,1,5.0,1025.0,3,False,True,Design Tools,0,0.0,4,0.0,True
87.0,1.0,7,0,5,2024,True,61,43,3,1,5.0,1390.0,6,True,False,API,0,0.0,0,0.0,True
6.0,0.0,19,3,5,2023,False,236,43,4,1,836.0,1229.0,6,False,True,Android,0,0.0,205,0.0,True
93.0,0.0,7,3,7,2023,True,46,43,2,1,2618.0,2540.0,7,True,False,Design Tools,0,0.9,20,196.7,True
20.0,0.0,6,3,3,2025,False,261,51,3,1,1374.0,10.0,3,True,True,Writing,0,0.0,0,0.0,True
248.0,20.0,7,4,10,2026,True,65,49,3,1,3573.0,1594.0,5,True,False,Chrome Extensions,0,0.0,0,184.0,True
81.0,4.0,15,4,5,2026,False,252,28,3,1,2104.0,1100.0,1,True,False,Social Media,0,0.3,0,2.1,True
227.0,27.0,22,4,7,2023,True,48,43,3,1,5.0,3117.0,6,False,False,Android,0,0.0,174,0.0,True
93.0,2.0,10,4,7,2023,False,209,39,2,2,666.0,1673.0,8,False,True,Design Tools,0,1.6,7,0.6,True
123.0,1.0,2,1,7,2023,False,178,57,3,0,5.0,673.0,6,False,False,Marketing,0,3.0,2,0.0,True
8.0,1.0,0,6,5,2026,False,239,52,3,1,740.0,1905.0,1,False,False,Other,0,0.0,0,0.0,False
17.0,0.0,21,4,5,2023,False,246,44,2,1,2596.0,5184.0,0,False,True,Other,0,0.0,136,0.0,True
30.0,0.0,9,6,7,2023,False,186,27,3,1,5.0,1825.0,2,True,True,Other,0,0.0,19,2.4,True
144.0,0.0,22,1,5,2023,False,232,60,3,2,2015.0,2929.0,6,False,False,Artificial Intelligence,0,0.0,409,0.0,True
138.0,34.0,7,4,7,2026,True,43,54,3,3,5.0,726.0,6,True,False,Productivity,0,0.0,15,207.8,True
1.0,46.0,7,3,7,2023,True,55,41,4,2,100836.0,1383.0,6,False,False,Productivity,0,0.0,263,1.5,True
137.0,7.0,7,3,5,2026,False,147,31,3,1,5.0,983.0,6,True,False,Other,0,0.0,0,0.2,True
275.0,85.0,7,3,7,2026,True,51,24,3,1,5.0,5165.0,6,True,False,Other,0,0.0,16,3.6,True
1.0,17.0,16,5,3,2023,False,258,41,3,1,2974.0,1850.0,8,True,True,Design Tools,0,0.0,0,3.4,True
147.0,0.0,7,3,3,2023,False,251,24,2,1,90394.0,816.0,3,True,True,Productivity,0,0.0,0,0.0,True
152.0,26.0,19,0,5,2026,True,392,55,3,1,4627.0,11447.0,7,False,False,Hiring,4,483.0,4,483.0,False
141.0,1.0,7,3,6,2026,True,235,33,3,1,5.0,6105.0,6,True,False,Mac,0,0.0,1639,213.3,True
11.0,2.0,4,0,5,2023,True,272,41,2,1,5.0,2070.0,2,True,True,Productivity,0,0.0,16,1.6,True
100.0,2.0,7,4,3,2023,True,241,33,3,1,451.0,2559.0,4,False,True,Other,0,0.0,310,0.0,True
20.0,0.0,8,6,3,2023,True,157,29,1,2,5.0,1332.0,3,False,False,Chrome Extensions,0,0.0,0,1.1,True
3.0,1.0,7,1,5,2023,False,219,59,3,1,25844.0,1184.0,3,False,False,Developer Tools,0,0.0,0,319.8,True
133.0,0.0,7,3,3,2023,True,259,49,4,1,3643.0,506.0,2,False,True,Other,0,0.0,0,2.7,True
138.0,16.0,7,0,7,2026,False,252,46,3,1,62719.0,877.0,5,False,False,Education,0,3.2,0,192.2,True
12.0,0.0,7,1,7,2026,True,262,25,4,1,556.0,2372.0,2,False,True,Other,0,0.0,0,0.5,True
70.0,9.0,18,4,7,2023,True,255,57,3,1,606.0,1707.0,5,True,True,Other,0,0.0,0,0.0,False
497.0,8.0,7,4,7,2026,True,76,46,3,3,1097.0,1951.0,8,False,False,Analytics,0,0.0,12,0.0,True
83.0,5.0,8,6,5,2023,True,172,32,3,2,67014.0,176.0,7,False,False,Social Media,0,0.0,436,184.72935779816513,False
124.0,2.0,7,3,7,2023,True,250,24,4,1,5.0,317.0,6,True,True,Education,0,0.2,0,0.0,True
2.0,3.0,5,5,1,2023,False,144,23,3,1,122.0,2876.0,4,True,True,Other,0,0.0,0,0.0,False
502.0,240.0,7,4,7,2026,True,70,46,3,2,294132.0,2423.0,4,False,False,Other,0,0.0,4,193.2,True
233.0,85.0,0,1,10,2026,True,348,42,3,2,5049.0,9044.0,5,True,False,API,0,169.9,35,512.0,True
1.0,1.0,8,4,5,2023,False,233,19,3,1,819.0,3292.0,3,False,True,Productivity,0,0.1,0,2.8,True
145.0,51.0,7,4,6,2026,True,46,54,3,1,3981.0,688.0,7,True,False,Design Tools,0,0.0,0,0.0,True
139.0,3.0,7,3,5,2023,False,179,52,3,1,1487.0,4309.0,5,True,False,Marketing,0,0.0,0,3.1,True
91.0,0.0,23,4,5,2023,False,185,48,1,1,73.0,262.0,2,False,True,Other,0,1.1,0,0.0,True
5.0,1.0,10,5,5,2023,False,248,59,3,1,28.0,2663.0,1,False,True,API,0,0.0,0,0.0,False
133.0,10.0,7,4,5,2023,False,68,54,3,3,985.0,1230.0,6,False,False,Design Tools,0,0.0,1,3.6,True
53.0,20.0,7,4,7,2026,False,37,37,3,3,3460.0,9156.0,5,True,True,Other,1,379.0,1,379.0,False
79.0,22.0,1,3,7,2023,True,293,47,3,1,5.0,1578.0,6,True,False,Marketing,0,0.0,4,0.0,True
151.0,9.0,7,3,7,2023,False,216,30,3,1,32920.0,1578.0,8,True,False,Fintech,0,0.0,0,0.0,True
172.0,0.0,9,4,5,2025,False,264,50,3,1,3990.0,1147.0,6,False,False,Mac,0,0.0,482,0.0,True
230.0,1.0,7,1,7,2023,True,266,54,3,1,5.0,981.0,4,True,True,Design Tools,0,0.0,0,0.0,True
257.0,20.0,7,1,7,2026,True,64,56,3,3,4665.0,720.0,7,True,False,Design Tools,13,391.1,22,386.4,True
74.0,2.0,7,5,3,2023,False,257,38,3,1,5.0,3874.0,9,False,False,Productivity,0,0.0,0,0.5,True
723.0,20.0,7,2,7,2023,False,423,55,3,3,614.0,1915.0,6,True,False,Design Tools,0,0.0,8,0.0,True
29.0,5.0,7,1,7,2023,False,264,59,3,1,796.0,1795.0,3,False,True,Design Tools,0,0.7,0,0.0,True
30.0,3.0,3,2,6,2026,False,487,49,3,1,670.0,751.0,10,True,False,Other,0,0.0,0,0.0,False
138.0,20.0,7,6,7,2026,False,237,47,3,3,5.0,16351.0,7,True,False,Productivity,0,0.2,994,2.7,True
243.0,28.0,7,1,7,2026,True,42,42,3,1,529.0,455.0,5,False,False,Other,0,0.0,0,0.0,False
22.0,0.0,8,3,5,2023,False,241,42,2,1,252577.0,259.0,1,False,True,Other,0,0.0,0,0.0,True
3.0,0.0,12,0,3,2023,False,116,46,3,1,235.0,579.0,2,False,True,Email,0,0.0,0,0.0,False
57.0,2.0,9,0,3,2023,True,256,56,1,1,273.0,1992.0,5,True,True,Productivity,0,0.0,0,0.0,False
523.0,18.0,7,4,7,2026,True,64,33,3,1,282.0,1116.0,5,True,False,Chrome Extensions,0,0.0,0,2.1,True
597.0,40.0,1,6,7,2026,True,62,60,3,1,5.0,758.0,6,True,False,Productivity,0,0.0,0,332.5,True
153.0,31.0,7,1,6,2026,False,52,52,3,3,171.0,2380.0,6,False,False,Other,0,0.0,0,0.0,False
134.0,2.0,7,1,7,2023,True,47,54,1,2,5.0,9069.0,6,False,False,API,1,0.0,14,0.6,True
354.0,130.0,9,6,7,2026,False,51,29,3,3,1531.0,6329.0,9,True,False,SaaS,0,0.0,1268,1.4,True
390.0,46.0,7,0,6,2026,True,54,48,3,1,2151.0,759.0,8,True,False,Productivity,1,0.0,7,352.9,True
13.0,0.0,7,4,3,2023,True,259,43,3,1,5.0,151.0,3,False,False,Marketing,0,0.0,12,1.4,True
117.0,15.0,7,3,5,2023,False,263,38,4,1,1193.0,1989.0,9,True,True,Analytics,0,0.0,0,0.0,True
207.0,0.0,7,3,7,2023,True,236,51,1,0,2474.0,515.0,1,False,True,Productivity,0,0.0,0,0.0,True
227.0,3.0,7,0,9,2026,True,43,55,3,1,258.0,4033.0,8,False,False,Other,2,0.0,0,232.3,True
134.0,118.0,7,2,7,2026,True,53,60,3,1,428401.0,6783.0,6,True,False,Productivity,1,239.2,15,367.2,True
92.0,6.0,7,4,5,2023,False,260,25,3,1,5.0,3296.0,4,False,False,Other,0,0.0,0,2.2,True
86.0,3.0,7,4,7,2023,True,247,54,4,1,394.0,3890.0,12,False,True,Android,0,0.0,0,0.0,False
13.0,0.0,10,4,7,2023,True,55,46,3,1,5.0,1694.0,6,False,True,Mac,0,0.0,0,0.0,True
502.0,101.0,7,0,7,2026,True,454,56,3,3,322408.0,9369.0,6,False,False,Productivity,0,0.0,0,0.0,True
174.0,0.0,7,0,7,2026,True,117,24,3,1,37179.0,1244.0,6,True,False,Other,0,0.0,0,1.4,True
194.0,11.0,7,2,7,2026,True,39,56,3,3,5.0,3174.0,7,True,False,API,0,0.0,0,0.0,True
164.0,8.0,7,3,7,2026,True,63,44,4,1,3698.0,1298.0,9,True,True,Fintech,0,0.0,14,1.7,True
185.0,4.0,16,2,10,2019,True,288,58,3,1,215.0,1847.0,2,False,False,Other,0,0.0,0,0.0,False
17.0,9.0,7,6,7,2026,False,55,55,3,3,396.0,3948.0,6,False,True,Other,0,0.0,0,0.0,False
6.0,1.0,7,1,3,2023,False,46,44,2,1,180.0,2158.0,9,True,True,Android,0,0.0,22,0.0,True
2.0,1.0,6,5,1,2023,False,233,56,3,0,148.0,1221.0,1,False,False,Marketing,0,0.0,0,0.0,False
245.0,45.0,7,0,7,2026,True,276,50,4,2,5.0,3276.0,6,True,False,Other,0,0.0,0,0.0,True
100.0,50.0,7,6,7,2023,True,57,33,3,1,131.0,12202.0,8,True,False,Productivity,0,0.0,1,0.5,True
108.0,0.0,7,3,5,2023,False,301,60,2,3,3023.0,1196.0,4,True,False,Other,0,1.7,0,183.0,True
1.0,1.0,20,1,1,2023,True,251,40,2,1,5.0,879.0,3,False,True,Other,0,0.0,31,2.4,True
122.0,10.0,0,4,6,2026,True,146,44,3,1,233.0,744.0,5,False,False,Chrome Extensions,0,0.0,0,0.0,False
62.0,1.0,10,3,7,2023,True,259,33,4,4,259075.0,831.0,4,False,False,Productivity,0,0.0,1713,212.41681260945708,False
300.0,19.0,7,0,5,2026,False,51,54,3,1,950.0,1411.0,8,True,False,Productivity,0,214.5,2027,0.0,True
74.0,5.0,7,5,6,2023,False,43,44,3,0,43576.0,1113.0,6,True,False,Writing,0,0.0,0,0.0,True
159.0,16.0,7,1,7,2026,True,25,59,3,1,180940.0,3150.0,4,False,False,Productivity,0,0.0,0,0.7,True
76.0,0.0,7,3,7,2023,True,256,29,1,1,425.0,3071.0,8,False,True,Analytics,0,0.0,0,0.5,True
121.0,0.0,7,0,5,2023,True,206,47,2,1,5.0,475.0,3,False,True,Other,0,0.0,976,0.0,True
104.0,3.0,7,3,3,2023,True,224,57,3,0,5.0,2636.0,4,True,True,Other,0,0.0,4,0.1,True
236.0,0.0,12,5,4,2023,False,260,38,3,0,5.0,2148.0,1,False,True,Design Tools,0,0.0,36,3.4,True
14.0,0.0,16,3,7,2023,True,269,60,2,1,90.0,2080.0,6,False,True,Other,0,0.0,1,0.0,True
124.0,0.0,1,2,1,2023,False,258,60,3,1,865.0,1071.0,7,True,False,API,0,0.0,0,0.0,True
329.0,8.0,7,4,5,2026,True,62,58,3,2,280009.0,1281.0,6,True,False,Productivity,1,267.2,0,0.0,True
6.0,0.0,10,1,3,2023,False,252,35,3,1,257.0,207.0,3,False,True,Marketing,0,0.0,0,0.0,False
155.0,41.0,7,2,5,2026,True,58,59,3,1,149741.0,687.0,6,True,False,Design Tools,0,76.6,0,359.0,True
8.0,2.0,9,3,7,2023,False,238,37,2,1,1608.0,974.0,0,True,True,Other,0,0.0,10,1.9,True
1.0,4.0,10,3,7,2023,False,247,33,1,1,261959.0,3182.0,1,False,True,Other,0,0.0,0,1.8,True
381.0,7.0,7,4,7,2026,False,48,50,3,5,5.0,11042.0,4,True,False,Productivity,30,0.0,0,0.0,True
15.0,0.0,7,4,3,2023,False,269,46,3,4,5.0,2260.0,3,False,True,Developer Tools,0,0.0,3,0.0,True
3.0,0.0,7,4,3,2023,False,250,25,2,1,741.0,1026.0,1,False,True,Android,0,0.0,713,0.0,True
5.0,1.0,6,5,5,2023,False,243,36,3,1,535.0,263.0,1,False,True,Design Tools,0,0.0,0,0.0,False
11.0,0.0,13,4,5,2023,False,71,31,3,1,5269.0,5011.0,4,True,False,Other,0,0.0,0,0.0,True
1.0,2.0,12,3,5,2023,True,329,36,2,1,5.0,3694.0,3,True,True,Other,0,0.0,0,0.5,True
252.0,10.0,0,6,7,2026,True,69,57,3,2,1810.0,576.0,6,True,False,Other,2,0.0,0,0.0,True
74.0,35.0,7,0,6,2026,False,317,50,3,1,11065.0,25361.0,5,True,False,Other,42,331.14285714285717,42,331.14285714285717,False
25.0,0.0,7,3,3,2023,True,380,50,3,3,5.0,5404.0,4,False,True,API,0,0.0,0,1.9,True
136.0,43.0,10,6,5,2023,True,255,55,3,1,13217.0,483.0,4,True,True,Other,0,0.0,0,201.7,True
205.0,42.0,1,0,6,2026,True,67,42,3,3,4222.0,1403.0,4,True,False,Other,0,0.0,0,0.0,True
6.0,1.0,7,0,7,2023,False,267,46,2,1,851.0,976.0,3,True,False,Marketing,0,0.0,0,0.0,True
516.0,21.0,7,6,7,2026,True,36,60,3,3,5.0,799.0,8,True,False,Other,0,162.3,0,182.4,True
215.0,38.0,7,4,7,2026,True,75,53,3,1,5.0,825.0,6,True,False,Productivity,0,0.0,0,190.7,True
117.0,1.0,7,3,5,2024,True,52,54,3,3,5.0,2689.0,3,True,False,Artificial Intelligence,0,0.0,0,0.5,True
697.0,5.0,7,2,7,2026,False,57,26,3,3,5.0,3679.0,8,True,False,Productivity,0,0.0,5,1.0,True
139.0,44.0,7,4,7,2023,False,285,57,3,3,283404.0,922.0,6,True,False,Other,0,0.8,0,0.0,True
4.0,0.0,20,0,5,2023,False,178,46,3,1,1311.0,618.0,3,False,True,Design Tools,0,0.0,0,3.6,True
110.0,5.0,0,1,5,2026,True,494,52,3,1,449.0,336.0,15,False,False,Developer Tools,0,0.0,0,0.0,False
15.0,0.0,7,3,7,2023,False,241,29,2,1,4836.0,2721.0,1,False,True,Other,0,0.0,0,0.0,True
240.0,17.0,7,6,5,2026,False,63,42,3,3,5.0,914.0,8,True,False,Productivity,0,0.0,2,340.9,True
130.0,14.0,18,5,7,2023,False,263,57,3,1,5.0,1319.0,8,False,False,Health & Fitness,0,0.0,7,0.0,True
12.0,1.0,7,3,7,2023,True,193,33,4,1,5.0,1017.0,3,False,True,Marketing,0,0.0,269,1.3,True
28.0,19.0,7,0,7,2026,False,59,59,2,1,253.0,2964.0,7,False,False,Productivity,0,0.0,0,0.0,False
163.0,90.0,7,5,7,2023,False,56,50,3,1,891.0,786.0,5,True,False,Other,0,0.0,2,1.2,True
10.0,0.0,7,0,5,2023,True,243,29,5,1,5.0,711.0,3,False,True,Other,0,0.0,0,0.0,True
113.0,5.0,7,4,5,2023,False,195,54,3,1,3742.0,1672.0,1,True,False,Artificial Intelligence,0,0.0,17,2.9,True
6.0,0.0,18,3,1,2023,False,121,36,3,1,508.0,618.0,3,False,True,Other,0,0.0,0,0.0,False
167.0,54.0,7,6,7,2026,False,41,48,3,1,5.0,32115.0,4,True,False,Design Tools,0,0.0,1,2.7,True
6.0,2.0,10,3,7,2023,False,148,47,1,3,174320.0,1506.0,2,False,False,Productivity,0,0.0,1148,211.63066202090593,False
498.0,313.0,7,2,7,2023,True,243,43,3,5,273461.0,9922.0,7,True,False,Fintech,1,438.0,1812,197.6225165562914,False
7.0,0.0,16,3,3,2023,False,225,34,5,0,39260.0,1784.0,5,False,True,Web App,0,0.0,5,0.0,True
91.0,3.0,0,0,6,2026,True,467,49,3,1,139.0,1414.0,6,False,False,Android,0,0.0,0,0.0,False
90.0,5.0,0,5,5,2026,True,366,54,3,1,347.0,1775.0,7,True,False,Productivity,0,0.0,0,0.0,False
87.0,9.0,7,1,3,2023,True,257,45,4,1,28.0,1731.0,6,True,True,Chrome Extensions,0,0.0,0,0.0,False
128.0,16.0,1,5,7,2026,True,64,43,3,1,5.0,2829.0,7,False,False,Artificial Intelligence,0,0.6,0,0.0,True
122.0,37.0,7,4,7,2023,False,217,56,3,1,3818.0,2604.0,5,False,False,Productivity,0,0.0,15,1.7,True
5.0,0.0,7,6,5,2023,True,27,56,4,1,362185.0,2091.0,8,False,True,Productivity,0,0.0,9,3.0,True
150.0,115.0,7,0,5,2026,False,53,37,3,1,5.0,14325.0,6,True,False,Productivity,0,0.0,0,182.6,True
14.0,0.0,9,4,5,2023,False,251,21,1,2,5.0,1712.0,4,False,True,Design Tools,0,0.6,7,3.1,True
7.0,3.0,19,4,5,2023,False,269,44,2,0,384.0,1341.0,4,False,True,Design Tools,0,0.0,7,0.0,True
4.0,0.0,7,3,7,2023,False,248,59,2,1,5.0,2789.0,6,False,True,Artificial Intelligence,0,0.0,0,3.3,True
129.0,8.0,7,6,7,2026,True,287,31,3,1,2540.0,647.0,6,True,False,iOS,0,0.0,3,0.0,True
22.0,0.0,7,3,1,2023,False,270,21,1,1,3502.0,431.0,3,False,True,Marketing,0,0.0,0,0.0,True
11.0,0.0,15,4,1,2023,True,261,59,3,7,5.0,956.0,1,True,True,Design Tools,0,0.0,0,3.0,True
3.0,4.0,9,5,5,2023,False,234,60,3,5,1367.0,659.0,7,False,False,Design Tools,0,1.8,5,0.0,True
294.0,3.0,7,3,5,2026,False,249,23,3,1,2676.0,772.0,6,False,False,Open Source,0,0.0,3,3.5,True
109.0,107.0,7,5,7,2026,False,260,39,3,1,5.0,5346.0,4,False,False,Other,0,0.0,0,0.0,True
1.0,0.0,7,3,7,2023,False,187,60,1,1,5.0,10.0,1,True,False,API,0,0.0,0,0.0,True
5.0,0.0,18,5,9,2023,False,500,51,3,3,5.0,961.0,4,False,False,Other,0,0.7,0,0.0,True
96.0,11.0,18,1,5,2026,True,48,60,3,2,5.0,1405.0,6,True,False,Other,0,0.0,0,0.0,True
34.0,18.0,7,4,7,2026,True,34,34,3,1,39.0,1620.0,8,False,True,Other,0,0.0,0,0.0,False
112.0,24.0,7,1,7,2026,True,59,44,3,1,3879.0,1646.0,4,True,False,Productivity,0,0.0,8,4.8,True
18.0,0.0,15,5,5,2023,False,252,43,3,0,899.0,1006.0,1,True,True,Other,0,1.8,7,0.0,True
117.0,2.0,7,3,7,2025,True,326,58,1,1,5.0,114.0,6,True,False,Chrome Extensions,0,0.0,0,182.9,True
449.0,21.0,7,4,5,2023,True,240,33,3,3,438135.0,3371.0,9,False,True,Marketing,0,0.0,6,0.0,True
503.0,156.0,0,6,5,2026,False,414,60,3,1,8518.0,27751.0,5,True,False,Other,38,348.2631578947368,38,348.2631578947368,False
13.0,0.0,6,3,3,2023,True,264,19,1,1,5.0,5093.0,3,False,True,Other,0,0.0,0,4.5,True
113.0,49.0,7,0,7,2026,True,66,23,3,15,1261.0,170.0,6,True,False,Design Tools,0,0.0,11,59.3,True
54.0,3.0,7,5,5,2023,True,204,20,2,1,5.0,1471.0,4,False,True,Web App,0,0.0,0,0.9,True
12.0,0.0,7,1,5,2023,False,57,58,3,1,5.0,3344.0,2,False,True,Marketing,0,0.0,0,0.8,True
110.0,18.0,7,0,9,2026,True,57,57,3,2,504.0,23103.0,6,False,False,Productivity,0,0.0,4,185.9,True
138.0,16.0,16,3,7,2026,False,259,24,3,1,3358.0,4773.0,6,False,False,Open Source,0,0.0,4,6.1,True
18.0,3.0,9,3,3,2023,False,257,19,3,1,682.0,2798.0,4,False,True,Marketing,0,0.0,0,1.3,True
161.0,25.0,0,1,6,2026,True,257,51,3,1,235.0,1852.0,9,True,False,Productivity,0,0.0,0,0.0,False
163.0,0.0,7,1,5,2023,False,185,40,3,1,4528.0,3874.0,5,False,False,Developer Tools,0,0.0,0,0.1,True
90.0,0.0,7,3,5,2023,False,251,41,4,1,5.0,6540.0,3,True,True,Health & Fitness,0,0.0,0,0.0,True
9.0,4.0,7,4,7,2023,True,241,44,3,1,293434.0,3538.0,3,False,False,Other,0,0.0,2806,1.9,True
1.0,0.0,9,4,7,2023,False,246,47,3,1,5.0,925.0,1,False,True,SaaS,0,0.0,22,2.3,True
58.0,26.0,0,3,5,2026,False,498,60,3,1,66.0,1309.0,4,True,False,Other,0,0.0,0,0.0,False
14.0,1.0,4,3,7,2023,True,240,56,2,1,2945.0,739.0,4,False,True,Android,0,0.0,211,0.0,True
296.0,56.0,0,1,6,2026,True,288,55,3,1,4907.0,13671.0,10,True,False,iOS,15,320.73333333333335,15,320.73333333333335,False
208.0,5.0,7,4,5,2023,False,283,54,3,1,1197.0,260.0,6,True,False,Open Source,0,0.0,0,3.5,True
1.0,3.0,5,5,5,2023,False,245,47,3,1,135565.0,3119.0,3,False,True,Developer Tools,0,0.0,0,0.2,True
2.0,1.0,14,3,7,2023,False,214,59,2,1,5.0,3687.0,1,False,True,API,0,0.0,0,0.0,False
8.0,6.0,7,5,3,2023,True,233,30,2,1,1140.0,2108.0,2,False,True,Design Tools,0,0.0,7,2.1,True
70.0,2.0,14,4,7,2023,False,242,56,3,1,277.0,2037.0,1,False,True,API,0,0.0,14,3.6,True
182.0,112.0,0,4,7,2026,False,65,56,3,1,616.0,8052.0,6,True,False,Health & Fitness,0,0.0,0,0.0,True
146.0,6.0,0,4,7,2023,False,80,57,3,1,5.0,7558.0,6,False,False,Chrome Extensions,0,0.4,8,0.0,True
92.0,2.0,7,1,5,2023,True,223,58,2,0,1498.0,10.0,2,True,False,Android,0,0.0,0,0.0,True
137.0,0.0,7,2,6,2026,True,257,34,3,4,82266.0,10158.0,6,True,True,Android,0,0.0,0,0.0,True
86.0,1.0,7,3,7,2023,True,275,19,3,2,5.0,10.0,2,False,True,Fintech,0,0.3,1285,4.3,True
251.0,0.0,5,4,7,2023,False,405,41,1,1,1471.0,730.0,5,True,False,Productivity,0,0.0,0,3.2,True
82.0,2.0,7,2,7,2023,True,35,59,3,1,478.0,923.0,6,False,False,Marketing,0,0.0,6,2.7,True
132.0,48.0,7,0,7,2026,True,444,31,3,3,5.0,918.0,4,True,False,Productivity,30,0.0,155,5.9,True
83.0,2.0,7,5,3,2024,False,260,47,5,1,924.0,150.0,6,True,True,SaaS,0,0.0,0,1.7,True
98.0,22.0,7,6,5,2026,False,257,60,3,1,5.0,4533.0,7,True,False,Other,5,258.0,904,224.7,True
80.0,1.0,8,6,5,2023,True,117,39,3,1,2485.0,3003.0,4,True,True,Health & Fitness,0,0.6,5,0.0,True
228.0,31.0,7,4,5,2026,False,70,31,3,1,1329.0,34306.0,5,True,False,Design Tools,0,0.0,0,1.2,True
224.0,7.0,7,6,5,2023,True,67,52,3,2,1130.0,886.0,9,False,False,Design Tools,0,0.6,3590,214.4,True
3.0,1.0,7,3,5,2023,True,154,19,2,1,5.0,3323.0,3,False,True,Marketing,0,0.0,5,0.0,True
16.0,2.0,13,4,7,2023,False,253,60,3,1,470.0,2193.0,3,False,True,Other,0,0.0,0,0.0,False
981.0,645.0,2,1,5,2026,True,199,40,3,1,62.0,1062.0,4,True,False,Chrome Extensions,0,0.0,0,0.0,False
323.0,33.0,17,4,5,2026,True,236,18,2,1,394.0,2784.0,8,False,False,API,7,0.1,0,0.5,True
93.0,0.0,11,0,7,2024,True,471,48,5,1,5.0,1834.0,4,False,False,Productivity,0,8.8,1069,0.0,True
134.0,1.0,19,4,7,2023,False,171,25,2,1,506.0,713.0,3,False,True,Open Source,0,0.0,8,0.0,True
450.0,29.0,7,6,6,2026,True,53,57,3,1,144.0,865.0,7,True,False,Other,0,0.0,1010,207.4,True
156.0,119.0,7,2,6,2026,True,40,30,3,1,639.0,22380.0,6,True,False,Productivity,0,0.0,316,287.2,True
110.0,1.0,7,0,6,2026,True,75,43,3,1,3047.0,4270.0,5,False,False,Developer Tools,0,0.0,0,2.3,True
156.0,0.0,12,2,7,2023,False,247,56,3,0,1454.0,5088.0,4,False,False,Productivity,0,0.0,0,0.0,True
345.0,72.0,7,3,7,2026,True,33,19,3,3,2964.0,12948.0,8,True,False,Analytics,0,1.2,9,366.1,True
174.0,36.0,7,4,5,2026,True,56,39,3,3,431389.0,3032.0,6,True,False,Email,0,0.7,672,278.8,True
86.0,2.0,7,2,7,2026,True,78,53,3,1,6486.0,3795.0,1,False,False,iOS,0,0.0,0,5.1,True
102.0,24.0,7,2,5,2023,True,61,40,3,1,654.0,1592.0,6,False,False,Hiring,0,0.0,22,191.5,True
3.0,0.0,11,5,5,2023,False,292,55,3,1,112.0,5030.0,5,False,True,Productivity,0,0.0,0,0.0,False
1.0,0.0,8,3,5,2023,True,273,49,2,0,1077.0,909.0,3,False,True,Other,0,0.0,0,0.0,True
170.0,0.0,7,0,5,2023,False,307,55,3,1,64148.0,2136.0,4,True,False,Productivity,0,1.1,0,0.0,True
91.0,4.0,7,3,7,2024,True,55,44,3,1,5.0,724.0,6,False,False,Other,0,0.0,1188,0.0,True
453.0,1.0,7,0,5,2026,True,42,47,3,2,5.0,10982.0,2,True,False,Design Tools,0,1.9,0,0.0,True
131.0,0.0,7,4,5,2023,True,198,54,1,1,5.0,2470.0,4,False,True,Developer Tools,0,0.0,0,0.0,True
5.0,2.0,11,0,3,2023,False,236,55,1,0,147.0,4005.0,1,False,False,SaaS,0,0.0,0,0.0,False
23.0,0.0,14,4,7,2023,True,226,37,1,1,5.0,5006.0,1,False,False,Developer Tools,0,0.0,0,2.9,True
7.0,0.0,7,5,7,2023,False,196,47,3,1,109.0,66.0,3,False,False,Education,0,0.1,14,0.0,True
606.0,39.0,7,0,6,2026,True,76,60,3,3,474.0,7540.0,4,True,False,Mac,0,0.6,8,208.4,True
101.0,2.0,12,1,6,2026,True,429,41,3,1,5.0,212.0,6,False,False,Mac,0,0.0,0,0.0,False
132.0,0.0,7,0,7,2023,False,257,45,3,1,5264.0,2446.0,5,True,False,Chrome Extensions,0,0.0,385,1.5,True
257.0,66.0,7,0,5,2026,True,427,27,3,1,486.0,2103.0,6,True,False,Email,7,8.1,5,3.9,True
167.0,40.0,7,2,5,2026,True,65,42,3,1,41433.0,2445.0,5,False,False,Chrome Extensions,0,0.0,0,0.0,True
83.0,1.0,7,0,7,2023,False,253,14,3,1,1707.0,1082.0,1,False,True,Design Tools,0,0.0,366,0.9,True
18.0,1.0,9,3,5,2023,True,233,49,1,1,5.0,718.0,4,False,True,Open Source,0,0.0,0,0.0,True
116.0,3.0,7,4,5,2026,False,51,37,2,1,41815.0,1256.0,9,False,False,Artificial Intelligence,0,2.0,0,0.0,True
99.0,4.0,10,0,1,2023,True,247,34,2,0,4567.0,2785.0,4,False,True,Android,0,0.0,0,0.0,True
126.0,5.0,7,4,11,2026,True,71,40,3,1,1658.0,3074.0,4,False,False,Developer Tools,0,0.0,0,200.8,True
8.0,0.0,8,3,3,2023,False,230,59,1,0,5.0,2568.0,1,False,True,Other,0,0.0,0,0.0,True
12.0,1.0,15,3,3,2023,False,236,60,1,1,42457.0,1106.0,4,True,True,Other,0,0.1,0,0.0,True
48.0,1.0,7,4,7,2023,True,219,34,2,1,5.0,442.0,10,False,True,Design Tools,0,0.3,0,0.0,True
7.0,0.0,8,6,7,2023,True,61,47,3,0,2715.0,3795.0,4,False,True,Other,0,0.0,0,1.0,True
22.0,0.0,9,3,7,2023,True,213,60,3,1,5.0,1934.0,0,False,True,Marketing,0,0.0,0,1.2,True
120.0,18.0,0,3,6,2026,True,442,49,3,1,107.0,276.0,9,True,False,Other,0,0.0,0,0.0,False
1.0,0.0,7,3,10,2023,False,288,52,2,1,5.0,2100.0,1,False,True,Developer Tools,0,0.0,0,0.0,True
308.0,22.0,9,1,11,2025,False,38,52,3,1,6299.0,18114.0,5,True,False,Other,14,477.07142857142856,14,477.07142857142856,False
199.0,68.0,7,1,7,2026,True,247,32,3,1,4343.0,2163.0,8,True,False,Other,0,0.7,1332,5.1,True
109.0,8.0,7,5,7,2023,False,220,22,5,1,634.0,1429.0,6,False,False,Artificial Intelligence,0,0.8,0,0.2,True
19.0,0.0,13,4,5,2023,True,257,60,1,1,5.0,1053.0,7,False,True,SaaS,0,0.0,20,0.7,True
2.0,4.0,7,0,7,2023,False,247,25,2,1,2210.0,5089.0,2,True,True,Developer Tools,0,0.0,0,0.0,True
29.0,1.0,15,4,3,2023,False,258,51,3,1,5.0,1902.0,1,False,False,Productivity,0,0.0,0,0.6,True
147.0,63.0,7,4,3,2023,True,220,34,4,1,2580.0,514.0,5,False,False,Android,0,0.0,0,0.0,True
3.0,0.0,15,5,5,2023,False,193,56,2,1,1391.0,338.0,4,False,True,Education,0,0.0,0,0.0,False
527.0,35.0,7,6,7,2026,True,63,46,3,2,5.0,5755.0,7,True,False,Other,0,0.0,0,1.1,True
760.0,16.0,7,0,5,2023,True,446,46,3,1,99933.0,437.0,6,True,False,Productivity,0,1.6,850,0.7,True
4.0,3.0,13,0,3,2023,False,243,60,3,1,176.0,4512.0,5,True,True,iOS,0,0.0,0,0.0,False
27.0,0.0,7,4,7,2023,True,242,57,3,1,1351.0,3881.0,6,False,True,Artificial Intelligence,0,0.0,0,0.0,True
316.0,23.0,21,0,7,2026,False,68,41,3,1,5.0,453.0,6,True,False,Other,14,0.0,0,0.0,True
530.0,151.0,7,2,7,2023,True,101,36,3,17,1105674.0,3786.0,9,True,False,iOS,0,0.0,7360,200.26304347826087,False
119.0,14.0,7,6,6,2026,False,46,42,3,3,2238.0,4776.0,7,True,False,Productivity,0,0.0,8,0.0,True
469.0,45.0,7,4,7,2026,True,292,56,3,1,110951.0,318.0,9,False,False,Fintech,0,0.0,1,0.0,True
108.0,2.0,18,4,3,2023,False,298,45,1,0,5.0,1984.0,3,False,True,Design Tools,0,0.0,0,2.6,True
4.0,0.0,23,5,3,2023,True,236,37,2,1,5.0,1423.0,2,True,True,Other,0,0.0,713,1.3,True
6.0,2.0,14,0,3,2023,False,203,39,3,1,1164.0,598.0,3,False,True,Open Source,0,0.0,0,0.0,False
51.0,4.0,7,5,5,2023,False,255,53,3,0,72114.0,566.0,4,False,True,Design Tools,0,0.0,12,1.3,True
1.0,7.0,9,5,7,2023,False,259,27,3,1,5.0,1295.0,8,True,True,Health & Fitness,0,0.0,1115,175.9,True
6.0,0.0,7,3,5,2023,False,233,34,4,1,5.0,1350.0,2,False,True,API,0,0.6,0,0.0,True
5.0,0.0,7,3,7,2023,True,224,30,3,0,5.0,931.0,4,False,True,Productivity,0,0.0,11,5.3,True
86.0,1.0,7,1,7,2026,True,50,60,3,3,2866.0,9930.0,6,True,False,Other,0,0.0,0,247.0,True
25.0,0.0,7,4,5,2025,False,500,54,3,1,118.0,1080.0,5,False,False,Android,0,0.0,0,1.0,True
695.0,6.0,7,1,5,2023,False,236,38,1,1,5.0,1431.0,4,False,False,Developer Tools,0,0.0,0,0.0,True
152.0,11.0,7,1,7,2023,False,298,42,3,1,1291.0,5542.0,4,True,False,Social Media,0,0.3,3,2.2,True
98.0,1.0,7,4,6,2026,False,243,43,3,1,3128.0,4534.0,5,True,False,Other,0,0.0,2,0.1,True
5.0,1.0,15,4,7,2023,False,239,45,3,2,103256.0,409.0,2,True,False,Writing,0,0.0,677,199.45347119645496,False
229.0,61.0,7,0,6,2026,True,420,40,3,3,5.0,7988.0,5,True,False,Other,8,0.0,16,0.0,True
94.0,4.0,22,4,5,2023,True,225,49,3,1,5.0,367.0,7,False,True,Android,0,1.4,102,0.0,True
145.0,19.0,7,3,7,2026,True,256,55,4,1,5.0,690.0,10,False,False,Other,0,0.0,0,1.4,True
137.0,0.0,7,5,7,2023,True,63,58,3,1,5.0,2805.0,3,False,True,Open Source,0,0.0,0,224.5,True
201.0,2.0,7,4,7,2023,False,45,57,3,0,424.0,443.0,3,False,False,Marketing,0,0.0,0,0.0,True
216.0,39.0,7,4,7,2026,True,189,51,3,1,858.0,2107.0,6,True,False,Productivity,0,0.0,0,0.0,True
13.0,1.0,7,5,7,2023,True,224,51,3,1,5.0,84.0,3,False,True,Marketing,0,0.0,0,4.0,True
1.0,0.0,7,0,5,2023,False,231,57,4,1,565.0,5348.0,4,False,True,Other,0,0.0,0,0.0,True
594.0,76.0,7,2,7,2026,True,59,53,3,2,5669.0,2450.0,5,True,False,Design Tools,0,196.8,0,0.5,True
158.0,8.0,3,1,7,2026,False,255,60,3,1,5.0,1583.0,7,True,False,Open Source,0,0.0,0,0.9,True
381.0,16.0,7,4,6,2026,True,27,27,2,2,595.0,1001.0,8,False,False,Other,0,0.0,0,0.0,False
86.0,3.0,7,3,7,2023,True,133,41,3,1,20.0,2079.0,12,False,True,Productivity,0,0.0,0,0.0,False
8.0,0.0,12,4,7,2023,False,271,44,1,1,5.0,503.0,4,False,True,Developer Tools,0,0.0,0,172.7,True
5.0,0.0,11,0,7,2023,False,211,27,3,1,5.0,1363.0,4,False,True,Developer Tools,0,0.0,0,0.5,True
391.0,27.0,7,1,5,2026,True,264,40,3,1,678.0,357.0,6,False,False,Open Source,0,0.1,1117,2.7,True
408.0,52.0,7,0,6,2026,True,42,41,3,3,2668.0,12216.0,5,True,False,Other,0,217.2,39,203.6,True
19.0,137.0,7,4,3,2023,True,52,54,3,1,1068.0,1424.0,5,True,False,Design Tools,0,1.5,235,204.2,True
101.0,40.0,7,6,5,2023,False,240,52,3,1,5.0,352.0,6,False,False,Productivity,0,0.2,11,209.7,True
389.0,108.0,1,2,6,2026,True,50,60,3,1,514.0,11793.0,6,True,False,SaaS,4,139.7,18,430.4,True
156.0,6.0,7,4,7,2026,True,55,56,3,2,5.0,4865.0,6,True,False,Analytics,33,0.0,27,0.0,True
90.0,92.0,7,1,3,2026,True,271,39,3,1,1393.0,270.0,9,True,False,Other,0,0.0,0,0.0,True
132.0,2.0,7,4,7,2026,True,41,58,3,1,5.0,1771.0,6,True,False,API,0,0.0,11,4.0,True
158.0,1.0,13,4,6,2023,False,237,49,1,0,1704.0,1369.0,1,True,True,Design Tools,0,0.0,0,0.0,True
3.0,1.0,13,5,5,2023,False,260,29,4,1,1519.0,1656.0,1,False,True,Design Tools,0,0.0,297,0.0,True
1.0,0.0,7,3,5,2023,False,267,53,3,1,217.0,2666.0,3,False,True,Other,0,0.0,7,1.9,True
118.0,39.0,7,2,5,2026,False,276,51,3,1,5310.0,24487.0,8,True,False,API,0,0.0,9,286.9,True
103.0,7.0,7,2,5,2026,False,211,26,3,1,1282.0,1253.0,6,True,False,Chrome Extensions,6,0.0,2877,223.4,True
11.0,0.0,5,4,5,2023,False,64,40,3,0,487.0,1645.0,7,True,True,Other,0,0.0,0,0.0,True
289.0,13.0,7,0,5,2026,True,258,46,3,1,5.0,1165.0,6,False,False,Marketing,0,0.0,0,0.0,True
11.0,2.0,7,1,3,2026,False,47,56,3,1,1898.0,1892.0,3,False,True,Other,0,0.0,3,0.0,True
113.0,85.0,7,4,3,2026,False,53,56,3,1,5.0,4902.0,4,True,False,Design Tools,0,0.0,19,223.4,True
26.0,0.0,8,5,5,2023,False,259,29,3,2,5.0,909.0,2,False,True,Artificial Intelligence,0,0.0,3,203.5,True
9.0,5.0,14,3,3,2023,False,164,59,1,1,5.0,833.0,3,False,True,Health & Fitness,0,0.0,10,3.2,True
227.0,84.0,7,4,7,2026,True,47,25,3,1,1713.0,22601.0,9,True,False,Productivity,0,0.0,0,394.1,True
112.0,48.0,7,4,7,2026,False,58,60,3,2,3025.0,2453.0,6,True,False,Open Source,0,0.0,0,217.1,True
168.0,0.0,4,3,7,2023,True,276,44,3,1,400.0,2106.0,4,False,True,Other,0,0.0,2,0.0,True
7.0,2.0,11,4,3,2023,False,263,59,1,0,11.0,10.0,3,False,True,Android,0,0.0,0,2.0,True
106.0,19.0,7,3,6,2026,False,56,56,3,2,244.0,1781.0,5,True,False,Productivity,0,0.0,0,0.0,False
1.0,0.0,7,0,3,2023,True,200,34,3,0,3392.0,3885.0,6,False,True,Other,0,0.0,11,0.8,True
169.0,124.0,7,1,6,2026,True,50,27,2,1,3771.0,9747.0,4,False,False,Writing,0,0.0,15,0.0,True
88.0,4.0,7,4,7,2023,True,265,30,5,1,5.0,1255.0,6,False,False,Other,0,0.0,0,0.0,True
97.0,3.0,7,1,7,2026,True,34,51,3,3,3253.0,1808.0,4,True,False,Developer Tools,0,0.0,15,5.1,True
8.0,1.0,6,4,5,2023,False,233,32,3,1,437.0,922.0,2,False,True,Developer Tools,0,0.0,0,0.0,False
45.0,12.0,20,3,5,2026,True,145,40,2,1,5.0,974.0,5,True,False,Other,0,0.0,12,0.9,True
2.0,2.0,7,5,5,2023,False,296,56,3,1,2397.0,10.0,2,False,True,Marketing,0,0.0,0,0.0,True
119.0,0.0,13,5,1,2023,False,260,40,3,0,5.0,986.0,1,False,True,Design Tools,0,0.0,5,209.4,True
77.0,30.0,7,5,7,2023,True,61,53,3,1,5.0,17953.0,6,True,False,Fintech,0,0.0,1,0.0,True
2.0,0.0,18,1,3,2023,False,190,22,3,1,473.0,1453.0,1,False,True,Developer Tools,0,0.0,0,0.0,False
5.0,2.0,7,3,5,2023,False,259,48,3,1,3869.0,4236.0,6,True,False,Developer Tools,0,0.0,2,4.7,True
227.0,0.0,7,6,7,2023,True,257,36,3,0,5.0,486.0,4,False,True,Mac,0,0.0,12,2.7,True
129.0,80.0,7,1,3,2023,True,138,33,2,1,93.0,4049.0,4,True,True,Design Tools,0,0.0,0,0.0,False
2.0,1.0,22,4,7,2023,False,249,46,3,1,336.0,140.0,1,False,True,Fintech,0,0.0,0,0.0,False
317.0,12.0,7,2,6,2026,True,59,59,3,1,205.0,7272.0,4,False,True,Other,0,0.0,0,0.0,False
179.0,12.0,7,3,6,2026,True,52,60,3,1,2953.0,14260.0,8,True,False,Design Tools,0,79.6,0,0.0,True
157.0,0.0,7,4,7,2026,True,55,55,1,3,933.0,1237.0,4,False,False,Productivity,0,0.0,0,0.0,False
1.0,2.0,23,3,5,2023,True,260,32,3,1,263668.0,2809.0,1,False,True,Education,0,0.0,0,0.0,True
256.0,56.0,10,5,5,2026,True,462,45,3,1,3801.0,10463.0,5,True,False,Other,4,350.75,4,350.75,False
221.0,88.0,7,0,6,2026,True,49,36,3,3,637.0,1467.0,9,False,False,iOS,1,116.4,31,0.3,True
20.0,4.0,7,5,7,2024,False,259,46,3,4,452.0,1048.0,6,True,False,Design Tools,0,0.0,0,0.0,True
117.0,4.0,18,4,3,2023,False,68,58,3,1,276583.0,610.0,6,False,False,Productivity,0,0.0,2,2.7,True
239.0,10.0,7,4,7,2026,True,67,56,1,3,5.0,580.0,6,True,False,API,0,55.9,26,295.4,True
99.0,0.0,7,3,7,2026,False,432,45,1,10,5.0,4715.0,4,True,False,Web App,0,0.0,3,2.0,True
10.0,0.0,8,1,5,2023,True,212,32,3,1,639.0,663.0,6,True,False,Marketing,0,0.0,0,0.7,True
2.0,1.0,2,3,7,2023,False,260,60,4,1,25.0,382.0,2,False,True,Productivity,0,0.0,0,0.0,False
107.0,0.0,10,1,7,2026,True,258,60,3,1,5.0,590.0,4,False,True,Mac,0,0.0,0,2.7,True
43.0,4.0,7,1,7,2023,False,248,41,3,1,5.0,1415.0,9,False,False,Other,0,0.0,0,2.8,True
214.0,69.0,7,2,7,2026,True,35,32,3,1,2952.0,3375.0,6,True,False,Other,0,194.6,24,397.9,True
5.0,0.0,14,4,5,2023,False,224,21,2,1,181.0,890.0,3,False,True,Social Media,0,0.0,0,0.0,False
79.0,0.0,7,1,7,2023,True,283,56,3,1,4282.0,3158.0,6,True,False,Productivity,0,0.0,0,0.8,True
209.0,24.0,7,4,7,2026,True,500,54,3,1,3287.0,3952.0,6,True,False,Productivity,0,0.0,0,4.3,True
12.0,0.0,13,3,5,2023,False,265,42,3,1,5.0,590.0,2,False,True,Other,0,0.0,242,0.0,True
126.0,0.0,7,5,7,2023,True,245,26,2,1,1963.0,3903.0,2,False,False,Design Tools,0,1.0,767,188.7,True
14.0,0.0,9,5,5,2023,True,252,60,3,1,2811.0,3614.0,4,True,True,Email,0,0.0,8,2.3,True
11.0,1.0,15,6,7,2023,False,245,54,3,1,5.0,788.0,1,False,True,Design Tools,0,0.0,0,0.0,True
153.0,14.0,1,3,6,2026,True,42,53,3,1,3134.0,27090.0,5,True,False,Other,8,0.0,15,0.0,True
118.0,41.0,7,4,7,2023,True,274,27,5,1,5.0,22227.0,4,False,False,API,0,2.0,1528,0.0,True
102.0,17.0,7,3,7,2023,True,257,60,3,1,313.0,1888.0,3,True,True,SaaS,0,0.0,0,0.0,False
301.0,9.0,0,4,7,2026,False,47,60,3,1,5.0,2368.0,6,True,False,Productivity,3,0.0,7,3.3,True
96.0,16.0,7,4,5,2026,True,61,26,3,1,5.0,633.0,7,True,False,Design Tools,0,0.0,0,0.0,True
275.0,0.0,7,4,7,2026,True,41,21,3,1,54707.0,10273.0,7,False,False,Artificial Intelligence,0,0.0,8,0.0,True
728.0,28.0,16,2,10,2019,True,113,45,3,1,368.0,254.0,5,False,False,Other,0,0.0,0,0.0,False
1.0,0.0,12,4,3,2023,False,224,31,1,1,5.0,5632.0,3,False,True,Analytics,0,1.7,22,0.0,True
24.0,8.0,7,6,5,2023,True,256,47,3,3,5.0,2106.0,4,False,True,Marketing,0,0.0,14,2.6,True
10.0,0.0,8,4,5,2023,True,268,36,3,3,1044.0,10.0,4,False,True,Design Tools,0,0.0,2,0.0,True
613.0,59.0,1,3,7,2026,False,490,44,3,3,19390.0,4399.0,6,True,False,Productivity,0,0.0,0,169.8,True
146.0,2.0,20,1,3,2023,False,164,40,3,1,305797.0,2180.0,4,False,True,Productivity,0,0.0,8,0.0,True
13.0,0.0,7,3,3,2023,True,256,40,2,1,5.0,6453.0,4,True,False,Android,0,0.0,9,0.0,True
7.0,2.0,7,3,3,2023,True,276,31,3,1,128699.0,2782.0,6,False,True,Other,0,0.0,0,1.7,True
14.0,0.0,21,3,7,2023,False,58,21,3,1,5.0,10.0,4,True,True,Fintech,0,0.0,0,0.0,True
44.0,3.0,16,3,3,2023,False,263,43,2,1,5.0,670.0,3,False,True,Other,0,0.0,0,0.0,True
156.0,29.0,13,2,5,2026,True,224,42,3,1,75.0,2852.0,9,True,False,Productivity,0,0.0,0,0.0,False
8.0,1.0,4,4,5,2023,False,218,56,3,1,238.0,2975.0,3,True,True,API,0,0.0,0,0.0,False
308.0,197.0,7,2,7,2026,True,71,28,3,2,5.0,5756.0,8,True,False,Productivity,0,0.0,6,1.9,True
154.0,21.0,7,1,7,2023,True,56,27,3,3,3066.0,10.0,4,False,False,Developer Tools,0,0.0,291,0.0,True
8.0,1.0,7,3,7,2023,False,258,60,3,2,74822.0,3425.0,5,False,False,Marketing,0,0.0,487,210.25256673511296,False
26.0,1.0,4,0,5,2023,True,270,38,4,2,1587.0,870.0,4,False,True,Productivity,0,0.0,333,0.5,True
104.0,8.0,3,1,5,2023,True,197,31,3,1,5.0,4539.0,5,False,False,Open Source,0,0.0,6,0.0,True
1.0,3.0,9,4,3,2023,True,249,28,1,0,5.0,2479.0,3,False,True,Analytics,0,0.0,6,0.0,True
1.0,0.0,11,1,7,2023,True,49,57,1,1,64841.0,1519.0,6,False,False,Other,0,0.0,388,203.9,True
15.0,2.0,10,0,7,2023,True,259,55,3,1,5.0,462.0,9,False,True,Other,0,0.0,0,2.2,True
18.0,1.0,15,3,3,2023,False,260,52,2,1,2747.0,1620.0,0,True,True,Writing,0,0.0,0,0.8,True
10.0,0.0,6,3,3,2023,False,238,25,2,0,48.0,2611.0,6,False,True,Mac,0,2.5,514,0.9,True
209.0,0.0,10,0,3,2023,True,268,54,3,3,272315.0,2408.0,6,True,False,SaaS,0,0.0,0,1.7,True
646.0,12.0,7,4,7,2026,False,58,39,3,3,5.0,7429.0,5,True,False,Other,0,0.0,10,0.5,True
148.0,0.0,15,2,7,2023,True,262,49,2,1,7676.0,477.0,6,False,False,Productivity,0,0.0,15,0.0,True
153.0,245.0,7,1,7,2023,True,40,59,3,1,860.0,1183.0,6,True,False,Design Tools,0,1.9,32,0.9,True
17.0,2.0,23,4,7,2025,True,279,53,3,1,5.0,3342.0,1,False,True,Other,0,0.0,0,0.0,True
2.0,3.0,5,5,3,2023,False,230,8,2,1,1210.0,2314.0,3,True,True,Other,0,0.0,72,0.0,True
53.0,38.0,7,1,6,2026,True,36,51,3,3,3176.0,9267.0,7,True,False,Productivity,0,0.0,12,215.3,True
117.0,23.0,8,0,5,2023,True,267,60,3,1,1235.0,8971.0,5,False,False,Marketing,0,0.0,1894,4.1,True
447.0,88.0,7,6,7,2026,True,58,58,3,3,609.0,849.0,7,False,True,Productivity,0,0.0,0,0.0,False
116.0,27.0,16,5,5,2023,True,452,53,3,1,3446.0,1662.0,5,False,True,Marketing,0,0.0,23,0.0,True
4.0,1.0,10,1,3,2023,False,243,11,1,1,570.0,426.0,1,False,True,Writing,0,0.0,0,0.0,False
177.0,1.0,7,6,5,2023,False,173,50,2,1,5.0,2792.0,1,False,True,Other,0,0.0,2,4.3,True
281.0,114.0,0,4,7,2026,True,75,51,3,2,5.0,14735.0,6,False,False,Productivity,5,0.0,4,367.7,True
12.0,0.0,3,4,7,2023,False,267,34,3,8,1659.0,1138.0,3,False,False,API,0,0.0,0,2.9,True
110.0,38.0,7,4,7,2026,False,277,37,3,1,5198.0,947.0,5,False,False,Productivity,0,25.2,7,360.2,True
6.0,2.0,4,3,3,2023,False,255,37,3,1,79923.0,1244.0,1,False,True,Artificial Intelligence,0,0.0,5,0.0,True
1.0,0.0,7,4,7,2023,True,243,60,2,1,5.0,677.0,3,False,True,Other,0,0.0,13,2.2,True
151.0,26.0,14,5,1,2023,False,194,58,3,1,3961.0,2579.0,4,False,False,Marketing,0,0.0,4,3.1,True
2.0,1.0,8,6,5,2023,False,233,53,3,1,501.0,301.0,3,False,True,Design Tools,0,0.0,0,0.0,False
20.0,2.0,0,5,6,2026,False,350,50,3,1,320.0,3041.0,1,False,False,Productivity,0,0.0,0,0.0,False
10.0,3.0,3,4,1,2023,False,194,31,3,1,121.0,6366.0,3,False,True,API,0,0.0,0,0.0,False
155.0,60.0,0,0,7,2026,False,82,31,3,2,1622.0,466.0,8,False,False,Social Media,0,0.0,0,207.1,True
144.0,0.0,7,0,9,2026,True,249,55,3,5,1252.0,2509.0,3,False,True,Developer Tools,0,0.0,1242,0.0,True
187.0,43.0,7,4,6,2026,True,51,51,3,3,822.0,3841.0,4,True,False,Other,0,0.0,0,0.0,False
71.0,1.0,16,0,7,2023,False,230,59,3,1,5.0,906.0,4,False,False,Email,0,0.0,10,0.0,True
1301.0,0.0,7,3,5,2023,False,280,35,3,1,5.0,3952.0,1,False,False,Other,0,0.0,0,0.0,True
216.0,87.0,7,6,6,2026,True,220,32,3,2,5.0,3164.0,7,False,True,Productivity,0,0.0,5,0.0,True
111.0,0.0,7,0,5,2023,False,276,8,3,1,5729.0,2760.0,6,True,True,Developer Tools,0,0.0,28,205.6,True
291.0,85.0,7,2,7,2026,True,30,30,3,2,93.0,1981.0,8,True,True,Other,0,0.0,0,0.0,False
695.0,50.0,7,4,10,2026,True,352,60,3,1,90788.0,21447.0,5,False,False,Other,10,0.0,357,0.0,True
3.0,0.0,1,4,5,2023,False,174,50,1,1,843.0,642.0,2,False,True,Other,0,0.0,0,0.0,False
28.0,0.0,7,3,7,2023,False,231,41,2,1,5.0,1082.0,3,False,True,Chrome Extensions,0,0.0,13,0.0,True
4.0,2.0,23,5,5,2023,False,226,28,3,0,2912.0,2004.0,4,False,True,Design Tools,0,0.0,0,0.1,True
11.0,5.0,7,5,7,2026,False,40,40,3,2,176.0,525.0,4,False,False,Other,0,0.0,0,0.0,False
16.0,0.0,20,3,3,2023,False,260,36,2,1,3045.0,574.0,2,True,True,Productivity,0,0.0,11,0.0,True
253.0,32.0,7,4,5,2026,True,56,49,3,3,228308.0,1421.0,6,True,False,Productivity,1,0.0,0,293.1,True
122.0,0.0,7,3,5,2023,False,210,28,1,1,5.0,1880.0,3,False,True,Design Tools,0,0.0,4,0.0,True
132.0,134.0,12,0,7,2026,True,294,58,3,1,5.0,1943.0,4,False,False,Writing,0,0.0,2826,1.0,True
224.0,17.0,7,4,7,2023,True,52,48,3,1,5.0,9754.0,7,True,False,Productivity,0,0.0,11,0.0,True
257.0,13.0,7,2,5,2026,True,48,56,3,1,5.0,8680.0,4,False,False,Other,0,225.4,19,285.6,True
5.0,1.0,3,4,7,2023,False,178,42,3,1,114.0,610.0,5,True,True,Analytics,0,0.0,0,0.0,False
97.0,7.0,8,4,1,2023,True,248,59,3,1,678.0,147.0,6,True,True,Writing,0,0.0,0,0.0,False
5.0,0.0,8,5,7,2026,False,251,54,3,1,1604.0,713.0,6,False,False,Health & Fitness,0,0.0,437,0.2,True
135.0,61.0,7,2,6,2026,True,45,31,3,1,5.0,3451.0,7,False,False,Productivity,0,0.0,8,292.1,True
126.0,12.0,7,5,5,2023,True,231,53,3,1,148.0,984.0,3,False,True,Email,0,0.0,0,0.0,False
153.0,90.0,7,1,7,2023,True,358,56,3,1,6742.0,658.0,10,False,False,Productivity,0,0.3,3,0.0,True
108.0,33.0,7,4,5,2023,True,210,57,3,1,224.0,347.0,6,True,True,SaaS,0,0.0,0,0.0,False
6.0,1.0,21,5,1,2023,False,143,39,3,1,45.0,1137.0,3,False,True,Other,0,0.0,0,0.0,False
117.0,47.0,7,2,6,2026,True,58,57,3,1,5.0,14632.0,6,True,False,Other,0,2.4,0,0.9,True
20.0,0.0,7,4,5,2023,True,239,39,3,1,202.0,1477.0,3,False,True,Other,0,0.0,21,2.1,True
93.0,3.0,13,4,7,2023,True,186,59,3,15,1391894.0,3103.0,2,False,False,Other,0,0.0,9268,201.99244712990935,False
129.0,33.0,2,3,3,2023,True,233,56,1,1,5.0,346.0,6,False,False,Productivity,0,0.0,28,0.0,True
58.0,10.0,15,4,7,2023,True,258,45,3,0,215.0,508.0,3,False,False,Other,0,0.0,0,0.0,False
506.0,32.0,7,4,6,2026,False,53,57,3,1,992.0,12365.0,6,True,False,Open Source,0,0.0,0,249.2,True
206.0,1.0,7,3,5,2023,True,213,42,3,3,5.0,605.0,6,True,False,Productivity,0,0.0,16,2.6,True
1.0,9.0,15,4,5,2026,True,253,39,1,1,204847.0,6192.0,3,False,True,Other,0,0.0,1,3.9,True
115.0,0.0,7,3,7,2023,True,52,33,3,1,76.0,1303.0,6,False,False,Other,0,0.0,10,283.6,True
1.0,7.0,16,4,3,2026,True,216,34,3,1,2654.0,727.0,6,False,True,SaaS,0,0.0,0,0.0,True
175.0,45.0,7,4,7,2026,False,40,56,3,1,5.0,3469.0,4,False,True,Productivity,0,0.0,604,0.0,True
2.0,0.0,17,0,3,2023,True,262,13,5,2,5.0,846.0,2,False,True,Productivity,0,0.0,0,0.0,True
327.0,34.0,7,4,6,2026,True,51,55,3,3,3592.0,15857.0,8,True,False,Productivity,13,489.8,15,362.2,True
11.0,2.0,22,1,5,2023,False,255,59,3,1,5.0,10.0,2,False,False,Health & Fitness,0,0.0,0,0.0,True
161.0,0.0,7,0,7,2026,False,48,16,3,3,1011.0,4203.0,4,False,False,Developer Tools,0,0.0,2,0.0,True
670.0,0.0,7,3,3,2025,True,150,32,3,1,5.0,4299.0,2,False,False,Developer Tools,0,0.0,0,176.6,True
1.0,95.0,7,3,7,2023,False,272,28,3,1,28293.0,4408.0,1,False,False,Other,0,0.0,0,0.0,True
271.0,139.0,7,4,7,2026,True,193,30,3,1,5.0,734.0,9,False,False,Productivity,1,0.0,8,0.1,True
2.0,1.0,14,4,1,2023,False,189,57,3,1,26.0,420.0,2,False,True,Health & Fitness,0,0.0,0,0.0,False
165.0,2.0,7,6,7,2026,True,286,56,3,1,194.0,1410.0,8,False,True,Education,0,1.1,0,0.0,True
1.0,0.0,13,0,5,2023,True,294,36,4,1,2093.0,1637.0,6,True,True,Design Tools,0,0.0,16,0.0,True
78.0,0.0,7,4,5,2023,False,268,55,2,1,3633.0,2386.0,1,False,False,Marketing,0,0.0,0,0.0,True
10.0,0.0,18,5,7,2023,True,238,56,2,1,5.0,2105.0,3,True,True,Productivity,0,0.5,15,4.7,True
36.0,2.0,7,4,6,2026,False,54,54,3,1,185.0,237.0,7,True,False,Productivity,0,0.0,0,0.0,False
111.0,141.0,7,5,5,2026,True,264,60,3,1,193.0,1549.0,4,True,True,Analytics,0,0.0,0,2.1,True
78.0,1.0,9,4,7,2023,True,170,41,2,1,199.0,1435.0,8,False,True,Android,0,0.0,0,0.0,False
131.0,17.0,0,6,7,2026,True,441,30,3,1,443.0,4919.0,8,False,False,iOS,0,2.8,0,0.6,True
125.0,6.0,7,2,5,2025,False,175,48,3,1,27446.0,2689.0,8,True,False,API,0,0.0,0,0.0,True
144.0,0.0,7,0,9,2023,True,233,57,3,1,85323.0,1039.0,6,True,False,Social Media,0,0.6,4,0.0,True
106.0,82.0,7,6,5,2026,True,191,32,4,1,5.0,4250.0,5,True,False,Productivity,0,0.0,7,4.9,True
225.0,100.0,7,4,7,2026,True,500,59,3,4,5.0,2910.0,6,True,False,API,1,0.0,11,0.0,True
114.0,5.0,7,0,7,2026,False,67,57,3,1,5.0,17103.0,6,True,False,Productivity,2,1.7,0,0.0,True
3.0,1.0,0,5,5,2026,False,434,46,3,1,450.0,1594.0,1,False,False,Marketing,0,0.0,0,0.0,False
286.0,7.0,7,2,10,2026,True,43,60,3,3,3271.0,9719.0,8,True,False,Productivity,6,221.8,0,240.2,True
110.0,3.0,7,0,5,2023,True,241,45,5,1,5.0,3084.0,6,False,False,Email,0,0.0,10,0.0,True
21.0,0.0,7,3,7,2023,False,175,55,4,1,737.0,1210.0,3,False,True,Marketing,0,0.0,0,0.0,True
229.0,4.0,7,6,6,2026,True,30,51,3,3,1475.0,5080.0,6,False,False,Other,0,0.0,18,1.3,True
49.0,50.0,7,1,7,2023,True,39,59,3,1,80865.0,1759.0,5,False,False,Other,0,0.0,0,207.0,True
4.0,0.0,8,3,7,2023,True,250,29,3,1,1579.0,2905.0,6,True,False,iOS,0,0.0,1024,1.3,True
23.0,0.0,10,1,5,2026,False,267,60,1,1,4611.0,1094.0,6,True,True,Productivity,0,0.0,20,0.0,True
115.0,152.0,7,4,6,2023,True,241,46,3,2,165.0,3837.0,4,True,False,Other,0,0.0,0,0.0,True
116.0,2.0,0,3,9,2026,True,54,30,3,1,5.0,2066.0,6,True,False,Other,0,0.0,0,0.4,True
7.0,1.0,15,3,7,2023,False,240,47,3,1,279.0,1098.0,6,False,False,Design Tools,0,0.0,0,0.0,False
103.0,63.0,7,6,7,2026,True,62,49,3,1,3228.0,416.0,6,True,False,Other,0,0.0,13,185.7,True
104.0,10.0,7,0,6,2024,False,170,47,1,1,621.0,3421.0,9,True,False,API,0,0.0,5,0.0,True
1.0,0.0,4,4,3,2023,True,271,36,1,5,5.0,2964.0,3,False,True,Android,0,0.0,0,1.0,True
72.0,32.0,7,2,7,2026,True,49,40,3,1,4455.0,1208.0,6,False,False,Productivity,0,0.0,13,249.1,True
2.0,4.0,4,1,7,2023,False,259,31,1,0,5.0,780.0,3,True,True,Design Tools,0,3.3,0,1.7,True
70.0,2.0,8,3,1,2023,True,258,47,3,1,436.0,39.0,5,False,True,Productivity,0,0.0,0,0.0,False
151.0,1.0,7,3,5,2023,False,164,29,2,1,4653.0,2512.0,1,False,False,Other,0,0.0,6,192.4,True
138.0,12.0,7,4,5,2026,False,67,32,3,3,3199.0,23317.0,8,True,False,Productivity,11,147.5,0,95.7,True
145.0,17.0,7,4,5,2026,True,500,60,3,1,298827.0,992.0,6,False,False,Artificial Intelligence,0,0.0,0,0.0,True
5.0,3.0,17,6,5,2025,False,263,22,3,1,5.0,5518.0,10,False,True,Other,0,0.0,5,218.8,True
15.0,1.0,12,3,7,2023,True,251,47,2,0,5.0,1509.0,2,False,True,Education,0,1.5,0,5.3,True
126.0,20.0,7,0,4,2026,False,250,36,3,1,361848.0,292.0,6,False,False,Other,0,0.0,11,3.4,True
1222.0,164.0,7,2,6,2026,True,41,41,3,2,134.0,2285.0,8,False,True,Other,0,0.0,0,0.0,False
6.0,4.0,6,4,1,2023,False,266,30,3,0,5.0,1193.0,2,False,True,Education,0,0.0,0,0.0,True
133.0,5.0,15,1,5,2023,True,260,37,3,1,636.0,966.0,1,False,False,Other,0,0.0,0,0.2,True
84.0,12.0,7,1,7,2023,True,226,46,3,1,1109.0,773.0,5,True,False,Artificial Intelligence,0,0.0,0,2.6,True
994.0,150.0,6,0,5,2026,False,421,38,3,1,6440.0,17514.0,5,True,False,Other,19,423.42105263157896,19,423.42105263157896,False
7.0,0.0,3,4,7,2023,True,242,43,2,2,1098.0,1796.0,4,False,True,Developer Tools,0,0.0,0,6.5,True
162.0,0.0,13,3,5,2025,False,145,58,1,1,189689.0,5532.0,6,True,True,Developer Tools,0,0.0,14,199.0,True
89.0,107.0,7,0,7,2023,True,175,60,3,1,5.0,2474.0,1,True,False,Productivity,0,0.0,0,3.3,True
221.0,13.0,8,5,7,2023,True,63,45,3,3,5.0,985.0,6,True,False,Mac,0,0.0,24,353.9,True
62.0,3.0,7,0,7,2026,True,63,38,3,1,5.0,3368.0,5,False,True,Productivity,0,0.0,11,4.4,True
130.0,0.0,7,3,7,2023,True,253,40,5,1,5.0,2890.0,3,False,False,Open Source,0,0.0,23,0.0,True
13.0,0.0,4,4,7,2023,False,265,59,3,1,2072.0,846.0,6,False,True,Education,0,1.4,0,0.0,True
17.0,12.0,7,4,7,2026,False,48,48,3,3,67.0,128.0,8,True,True,Other,0,0.0,0,0.0,False
85.0,90.0,7,3,7,2025,True,253,30,3,1,148542.0,3109.0,8,False,False,Other,0,0.0,0,2.7,True
167.0,72.0,7,4,7,2026,False,41,49,3,2,5.0,4793.0,6,True,False,Other,9,102.2,0,0.0,True
1.0,0.0,7,5,7,2023,False,242,60,3,1,5.0,1650.0,4,False,True,Fintech,0,0.0,15,0.0,True
83.0,2.0,8,5,1,2023,True,200,46,3,0,112.0,5206.0,5,True,False,Other,2,209.0,0,0.0,False
17.0,0.0,4,6,9,2023,True,255,32,3,1,1805.0,657.0,4,True,True,API,0,0.0,14,0.0,True
256.0,11.0,7,6,5,2026,False,257,54,3,1,208393.0,15118.0,9,True,False,Productivity,0,0.0,2,0.4,True
58.0,0.0,5,1,3,2023,True,115,54,3,1,5.0,4019.0,3,False,False,Education,0,0.0,0,2.3,True
143.0,0.0,7,3,7,2023,False,233,58,1,2,1528.0,2540.0,4,True,False,Hiring,0,0.0,218,1.0,True
242.0,19.0,7,5,7,2026,True,500,55,3,1,96801.0,10605.0,7,True,False,Productivity,4,0.0,3177,0.0,True
49.0,23.0,7,4,7,2026,True,55,55,3,3,153.0,654.0,7,True,False,Other,0,0.0,0,0.0,False
398.0,28.0,7,5,7,2026,True,256,28,3,3,1854.0,15632.0,6,False,False,Marketing,0,0.0,0,353.7,True
14.0,0.0,9,0,7,2023,True,242,28,3,1,4078.0,1015.0,3,False,True,Other,0,2.8,0,1.8,True
8.0,0.0,7,3,7,2023,True,263,45,1,1,5.0,1693.0,3,True,True,Design Tools,0,0.0,0,4.3,True
3.0,0.0,7,3,7,2023,False,271,36,1,1,3052.0,2272.0,3,False,True,Other,0,0.0,0,3.0,True
27.0,20.0,7,6,7,2026,True,48,48,3,2,1217.0,5190.0,5,False,False,Productivity,1,124.0,1,124.0,False
147.0,11.0,6,1,6,2026,True,42,47,3,3,305.0,1004.0,6,False,False,Other,0,0.0,8,2.2,True
147.0,30.0,7,2,6,2026,True,84,31,3,3,4026.0,9975.0,8,True,False,Other,0,157.5,15,305.7,True
239.0,60.0,7,6,7,2026,True,49,49,3,3,626.0,1424.0,6,False,False,Other,0,0.0,0,0.0,False
19.0,0.0,7,0,6,2026,False,51,51,1,2,44.0,210.0,4,False,False,Productivity,0,0.0,0,0.0,False
144.0,37.0,7,6,7,2026,False,64,28,3,1,2388.0,3068.0,5,True,False,Artificial Intelligence,0,0.0,1735,1.4,True
72.0,36.0,7,3,7,2026,True,33,58,3,1,121141.0,1571.0,4,True,False,Android,0,0.7,0,0.5,True
801.0,101.0,7,1,7,2026,True,29,29,3,2,704.0,1953.0,5,True,True,Productivity,0,0.0,0,0.0,False
248.0,7.0,7,0,5,2026,True,59,41,3,2,82251.0,349.0,4,True,False,Other,0,0.0,12,0.0,True
98.0,0.0,7,3,5,2023,False,261,47,4,1,5.0,611.0,2,False,False,Developer Tools,0,0.0,0,0.0,True
156.0,1.0,7,3,7,2023,True,59,35,3,5,5.0,448.0,2,False,False,Productivity,0,0.9,0,0.4,True
119.0,36.0,7,6,5,2023,False,57,35,3,2,5.0,906.0,3,True,False,Marketing,0,0.0,0,0.0,True
10.0,1.0,2,5,5,2023,False,253,58,3,1,163.0,1269.0,8,True,True,Analytics,0,0.0,0,0.0,False
822.0,17.0,7,4,7,2026,True,53,54,3,2,5.0,3306.0,4,True,False,Marketing,2,0.0,4,229.1,True
22.0,1.0,7,3,7,2023,False,246,41,3,1,257.0,1127.0,4,True,True,Health & Fitness,0,0.0,12,2.2,True
110.0,5.0,7,4,7,2023,False,51,45,3,5,5.0,852.0,5,False,False,Education,0,0.0,16,2.8,True
264.0,22.0,1,2,6,2026,True,48,53,3,2,5.0,126.0,6,True,False,Productivity,0,0.0,0,254.6,True
79.0,17.0,0,3,7,2026,True,62,57,3,3,1217.0,4820.0,9,False,False,SaaS,0,0.0,33,0.0,True
28.0,0.0,7,4,7,2026,False,58,58,1,3,595.0,1301.0,4,False,False,Productivity,0,0.0,0,0.0,False
119.0,0.0,7,3,7,2026,True,249,30,2,3,5.0,458.0,7,True,False,Design Tools,0,142.0,2,1.3,True
68.0,23.0,8,4,1,2023,False,252,54,3,1,841.0,3411.0,7,False,True,Artificial Intelligence,0,0.0,0,0.0,False
2.0,0.0,12,3,7,2023,False,223,44,4,1,2256.0,563.0,6,False,True,Other,0,0.0,0,0.9,True
1.0,5.0,16,1,3,2023,False,215,59,1,1,5.0,348.0,3,False,True,Developer Tools,0,0.0,1,0.0,True
11.0,3.0,21,3,7,2023,True,236,34,2,1,5.0,3857.0,4,False,True,Other,0,0.0,4,6.2,True
278.0,14.0,13,0,7,2026,True,85,42,3,1,388.0,3337.0,6,True,False,Other,0,0.0,0,0.0,True
194.0,142.0,1,4,6,2026,False,66,47,3,1,5588.0,13666.0,5,True,False,Productivity,1,0.0,23,572.7,True
75.0,72.0,6,3,5,2023,True,42,19,4,1,1848.0,2235.0,7,False,False,Design Tools,0,0.8,0,192.4,True
164.0,26.0,7,2,7,2026,True,26,37,3,3,111176.0,3288.0,8,False,False,iOS,0,0.0,33,2.0,True
8.0,1.0,9,4,1,2023,False,247,60,3,1,255.0,264.0,2,False,True,Social Media,0,0.0,0,0.0,False
149.0,42.0,0,4,7,2026,True,75,38,5,3,5.0,10.0,7,True,False,Artificial Intelligence,0,0.0,0,0.6,True
1.0,1.0,10,3,7,2023,True,238,30,2,1,4346.0,5285.0,4,False,True,Android,0,0.0,2,0.0,True
257.0,18.0,7,3,5,2026,True,74,41,3,1,160.0,1036.0,8,True,False,Other,0,0.0,18,0.7,True
22.0,144.0,7,1,7,2026,False,500,50,3,1,98888.0,1707.0,7,False,False,Productivity,0,0.0,0,219.9,True
196.0,83.0,7,5,6,2026,True,56,56,3,1,1896.0,4018.0,6,False,False,Other,3,122.66666666666669,3,122.66666666666669,False
89.0,1.0,7,4,7,2023,True,441,55,3,1,114638.0,2562.0,11,False,True,Other,0,1.4,8,0.0,True
114.0,163.0,7,1,7,2023,True,261,29,5,1,5.0,4189.0,5,False,False,Productivity,0,0.0,0,1.7,True
209.0,70.0,7,0,7,2026,True,53,49,3,3,5.0,455.0,8,True,False,Other,0,0.0,15,207.1,True
212.0,14.0,10,1,7,2026,True,263,58,3,1,45557.0,474.0,6,False,False,Marketing,29,0.0,12,213.4,True
137.0,9.0,7,0,7,2023,False,77,52,2,3,1285.0,596.0,9,False,True,Productivity,0,0.0,0,257.7,True
110.0,34.0,7,4,7,2023,True,246,45,3,4,1915.0,1984.0,5,False,False,Other,0,0.0,0,0.0,True
5.0,1.0,7,3,7,2023,False,244,55,3,1,127.0,344.0,1,False,True,Health & Fitness,0,0.0,0,0.0,False
7.0,0.0,9,5,5,2023,True,41,44,1,1,1175.0,321.0,4,False,True,Productivity,0,0.0,0,0.0,True
117.0,18.0,7,5,5,2023,True,172,50,2,1,105.0,251.0,6,False,True,Web App,0,0.0,0,0.0,False
17.0,0.0,8,3,5,2023,True,72,34,3,1,1819.0,1164.0,9,True,False,Other,0,0.0,9,0.0,True
194.0,14.0,7,1,6,2026,True,41,41,2,2,614.0,765.0,4,True,False,Other,0,0.0,0,0.0,False
276.0,0.0,7,3,1,2023,False,298,37,2,1,5.0,1573.0,9,False,True,API,0,0.0,0,0.0,True
122.0,4.0,7,4,7,2026,True,42,60,3,1,1756.0,1824.0,6,False,False,Fintech,0,0.0,3,2.8,True
18.0,0.0,9,3,5,2023,True,233,50,2,1,5.0,2304.0,3,False,True,Marketing,0,0.0,0,0.0,True
86.0,14.0,8,3,5,2026,True,160,50,3,1,441.0,214.0,6,False,False,Other,0,0.0,0,0.0,False
171.0,0.0,7,6,7,2023,True,164,33,3,1,5.0,3302.0,5,True,False,Design Tools,0,0.0,97,4.6,True
23.0,8.0,7,0,7,2026,False,59,59,3,1,129.0,2811.0,8,False,False,Other,0,0.0,0,0.0,False
458.0,37.0,7,2,9,2026,True,57,58,3,1,5.0,1300.0,6,True,False,Other,0,0.0,17,371.0,True
94.0,0.0,7,3,7,2023,False,280,44,3,1,1245.0,2510.0,6,True,True,Design Tools,0,0.0,0,0.0,True
120.0,44.0,7,4,6,2026,True,447,42,5,1,4607.0,69.0,6,False,False,Design Tools,0,0.0,0,0.0,True
217.0,19.0,14,4,6,2026,True,247,51,3,1,290.0,1655.0,3,False,False,Other,0,0.0,0,0.0,False
224.0,18.0,7,5,7,2026,False,77,37,3,3,1022.0,235.0,8,False,False,Other,0,0.0,12,0.0,True
104.0,18.0,7,1,7,2026,False,36,36,3,2,607.0,88.0,8,False,False,Other,0,0.0,0,0.0,False
16.0,1.0,4,5,5,2023,False,237,57,3,1,1280.0,406.0,3,False,True,Productivity,0,0.0,0,0.0,False
286.0,61.0,7,2,5,2026,True,48,57,3,1,165351.0,2539.0,6,True,False,Productivity,0,1.6,0,124.2,True
5.0,1.0,7,3,7,2023,True,216,14,2,1,4223.0,10.0,4,False,True,Fintech,0,0.5,0,0.1,True
17.0,2.0,7,6,5,2023,False,277,59,2,1,724.0,1780.0,6,False,False,Artificial Intelligence,0,0.0,5,3.0,True
322.0,137.0,7,4,7,2026,True,32,51,3,3,2051.0,497.0,6,True,False,Other,1,1.1,6,220.9,True
164.0,19.0,7,3,7,2026,True,500,45,3,1,3626.0,4612.0,6,True,False,Mac,0,0.0,29,2.4,True
734.0,107.0,7,2,5,2025,True,35,42,3,6,5.0,4849.0,4,False,False,Writing,0,0.0,0,222.9,True
445.0,0.0,7,4,7,2026,False,45,34,3,1,5.0,2013.0,5,True,False,Artificial Intelligence,0,0.0,0,179.5,True
232.0,13.0,0,4,5,2026,True,50,35,3,1,1496.0,700.0,5,True,False,SaaS,0,0.0,7,197.2,True
13.0,0.0,6,4,3,2023,False,199,48,3,1,674.0,354.0,2,True,False,Developer Tools,0,0.0,6,0.0,True
79.0,36.0,10,4,5,2026,False,224,46,3,1,557.0,1878.0,7,False,False,Social Media,0,0.0,0,0.0,False
129.0,49.0,7,4,7,2026,True,65,38,3,1,918.0,5481.0,5,True,False,API,1,279.2,27,401.7,True
23.0,0.0,15,5,3,2023,False,249,33,1,1,5.0,612.0,3,False,True,Other,0,0.9,0,0.0,True
2.0,4.0,5,1,5,2023,True,265,28,2,0,790.0,2730.0,1,True,True,Other,0,0.0,0,0.1,True
144.0,22.0,7,2,6,2026,True,40,40,3,2,29.0,1031.0,4,True,False,Productivity,0,0.0,0,0.0,False
141.0,1.0,7,0,3,2023,False,252,57,3,1,5.0,2599.0,6,False,True,Developer Tools,0,2.7,0,0.3,True
535.0,25.0,7,2,7,2026,True,55,40,3,1,33359.0,939.0,6,False,False,Productivity,0,0.0,0,2.2,True
155.0,16.0,7,6,7,2025,True,71,51,3,1,28730.0,548.0,8,False,False,Writing,0,0.0,0,1.1,True
122.0,3.0,9,4,7,2023,False,255,33,3,0,1834.0,2318.0,3,False,False,Health & Fitness,0,0.2,3,2.5,True
14.0,3.0,7,5,5,2023,True,53,22,2,0,5.0,2784.0,5,True,True,Analytics,0,0.0,0,0.8,True
1.0,3.0,9,3,7,2023,False,232,36,2,1,5.0,4398.0,3,False,False,Productivity,0,0.0,2,221.2,True
19.0,3.0,7,0,5,2023,True,267,14,2,1,50561.0,598.0,8,False,False,Other,0,0.0,0,0.0,True
124.0,22.0,7,0,5,2026,True,35,59,3,1,2217.0,1967.0,6,False,False,API,0,0.0,0,0.0,True
2.0,0.0,13,4,7,2023,False,139,45,1,1,34.0,1481.0,1,False,True,Other,0,0.0,0,0.0,False
145.0,43.0,20,4,7,2026,True,55,43,3,3,5.0,3383.0,5,True,False,Productivity,0,0.0,0,169.6,True
146.0,115.0,7,4,7,2026,True,66,32,3,1,138.0,1105.0,6,True,False,API,0,0.0,0,0.0,True
77.0,3.0,7,3,6,2026,False,56,56,3,2,207.0,286.0,4,False,False,Productivity,0,0.0,0,0.0,False
284.0,20.0,7,5,7,2026,True,46,35,3,1,5.0,778.0,7,False,False,API,0,0.0,4,0.0,True
195.0,68.0,5,4,7,2026,False,83,50,3,1,623.0,9771.0,8,True,False,Other,0,0.0,1,0.0,True
306.0,40.0,7,3,5,2023,True,46,56,3,1,5.0,272.0,6,False,False,Other,0,0.0,1793,3.2,True
149.0,5.0,7,1,6,2026,False,57,57,3,1,2196.0,5984.0,7,True,True,Other,1,229.0,1,229.0,False
116.0,5.0,7,0,5,2024,False,71,40,3,1,2014.0,395.0,3,True,False,Artificial Intelligence,0,0.0,0,312.4,True
38.0,3.0,7,1,5,2023,True,235,41,3,1,77013.0,583.0,7,False,False,Other,0,0.0,9,1.0,True
161.0,0.0,7,4,5,2023,True,262,32,3,3,468718.0,896.0,2,True,False,Developer Tools,0,0.0,0,0.0,True
66.0,18.0,7,6,7,2026,True,48,34,3,1,5.0,29206.0,6,True,False,Other,0,107.8,9,202.6,True
16.0,0.0,19,3,3,2023,False,241,29,2,1,1214.0,2921.0,0,True,True,Other,0,1.4,7,0.0,True
94.0,8.0,7,3,7,2023,True,213,29,1,1,660.0,872.0,2,False,True,Productivity,0,0.0,0,0.0,False
16.0,0.0,20,0,1,2023,True,270,42,3,1,1814.0,1232.0,4,False,True,Other,0,0.0,382,1.8,True
133.0,18.0,0,4,6,2026,True,169,55,3,1,392.0,589.0,6,False,False,Productivity,0,0.0,0,0.0,False
203.0,37.0,7,5,5,2025,True,51,53,3,1,5.0,1105.0,9,False,False,Artificial Intelligence,0,0.0,17,322.5,True
436.0,63.0,8,3,7,2023,False,235,60,3,1,1083.0,1261.0,8,True,False,API,0,0.0,0,0.0,True
125.0,0.0,7,1,5,2023,False,54,46,3,0,834.0,877.0,4,True,False,Hiring,0,0.0,1,317.8,True
161.0,0.0,8,5,7,2023,False,255,34,3,1,374214.0,2341.0,4,False,True,Other,0,0.0,0,0.0,True
3.0,1.0,9,4,1,2023,False,269,60,4,1,520.0,160.0,7,False,True,Android,0,0.0,0,0.0,False
7.0,0.0,13,3,3,2023,False,198,44,4,0,5.0,467.0,1,True,False,Analytics,0,0.0,4,45.4,True
21.0,2.0,7,4,7,2023,False,52,41,3,2,1040.0,1371.0,2,True,True,Design Tools,0,0.0,0,0.0,True
205.0,32.0,7,6,5,2023,True,60,46,3,3,372603.0,650.0,5,True,False,Other,0,0.0,10,0.0,True
137.0,22.0,7,4,5,2026,False,85,47,3,1,2565.0,2919.0,8,True,False,API,0,0.0,4,3.3,True
75.0,7.0,7,1,3,2023,True,249,56,3,17,745891.0,556.0,6,True,False,Other,0,0.0,4960,204.07096774193548,False
84.0,5.0,15,1,7,2023,True,269,34,3,1,1003.0,10.0,1,False,True,Writing,0,0.0,0,2.4,True
99.0,5.0,7,4,7,2023,True,98,60,3,1,79.0,577.0,3,False,True,Other,0,0.0,0,0.0,False
115.0,0.0,8,3,5,2023,True,263,26,4,1,5.0,3136.0,5,False,False,Fintech,0,0.0,0,1.2,True
12.0,0.0,17,0,5,2023,False,247,42,3,0,5.0,2429.0,3,False,False,iOS,0,0.0,0,4.0,True
149.0,102.0,7,2,6,2026,True,167,44,3,2,5.0,32870.0,6,False,False,Productivity,14,347.1,3224,378.4,True
12.0,0.0,7,5,7,2023,False,237,50,5,1,358686.0,4579.0,0,False,False,Other,0,0.0,0,4.0,True
109.0,7.0,7,4,7,2023,True,264,52,3,1,244542.0,777.0,8,True,True,Other,1,0.0,0,0.0,True
358.0,28.0,7,1,6,2023,True,44,52,3,1,5.0,26131.0,9,True,False,Productivity,26,191.2,0,225.3,True
152.0,34.0,7,1,5,2026,False,266,16,3,9,1437.0,4959.0,6,True,False,Developer Tools,0,0.0,16,0.0,True
25.0,3.0,18,3,7,2023,False,269,58,2,1,4464.0,948.0,1,True,True,Productivity,0,0.6,0,0.0,True
25.0,0.0,19,3,5,2023,False,270,51,2,0,5.0,2944.0,3,True,True,Other,0,0.0,361,0.0,True
17.0,2.0,6,6,7,2023,True,237,49,3,1,3786.0,1138.0,2,False,True,Other,0,0.0,5,1.5,True
113.0,0.0,22,1,5,2023,True,249,21,3,0,52.0,3882.0,2,False,True,iOS,0,0.0,195,0.0,True
62.0,2.0,7,3,3,2023,False,248,32,2,0,5.0,701.0,11,False,True,Design Tools,0,1.0,0,0.0,True
201.0,0.0,7,2,5,2023,True,216,60,1,1,5.0,2749.0,3,False,False,Other,0,0.0,32,207.4,True
1.0,0.0,7,3,5,2023,True,219,24,2,1,5.0,3381.0,1,False,True,Android,0,0.0,0,0.0,True
283.0,52.0,7,4,7,2026,True,36,48,3,1,1407.0,610.0,7,True,False,Productivity,0,0.1,0,222.1,True
216.0,20.0,7,4,7,2026,True,43,57,3,1,5755.0,4060.0,5,True,False,Mac,0,0.0,13,1.3,True
4.0,3.0,10,0,3,2023,False,177,33,2,1,126.0,798.0,2,False,True,Artificial Intelligence,0,0.0,0,0.0,False
51.0,2.0,18,4,3,2023,False,220,28,3,1,2796.0,474.0,4,True,False,Chrome Extensions,0,0.0,0,0.0,True
149.0,116.0,7,4,5,2023,True,62,60,3,2,5.0,10919.0,8,False,False,Other,0,0.0,23,2.7,True
3.0,245.0,8,4,3,2023,True,253,30,2,1,3271.0,19587.0,3,False,True,Other,0,0.0,17,177.1,True
201.0,58.0,7,4,7,2026,True,35,50,3,1,1250.0,30591.0,6,True,False,Other,9,151.8,24,0.4,True
101.0,3.0,7,1,5,2023,False,253,51,3,6,5.0,491.0,4,False,False,Design Tools,0,0.1,8,4.1,True
121.0,14.0,7,3,7,2026,False,59,59,3,3,347.0,6629.0,8,False,False,Productivity,1,13.0,1,13.0,False
21.0,0.0,7,4,7,2023,True,298,50,3,1,105518.0,473.0,3,False,True,Design Tools,0,0.0,0,0.0,True
143.0,4.0,7,4,5,2023,False,302,41,2,0,63706.0,9417.0,6,False,True,Other,0,0.0,1,0.5,True
14.0,0.0,13,1,1,2023,False,235,42,4,1,5.0,2361.0,3,False,True,Android,0,1.9,1806,0.0,True
24.0,13.0,8,3,1,2023,False,193,46,3,5,22935.0,495.0,4,False,False,Hiring,0,0.0,124,538.0322580645161,False
191.0,1.0,7,5,5,2026,True,231,33,3,3,10854.0,197.0,3,False,False,Health & Fitness,0,0.0,0,0.3,True
6.0,0.0,17,3,1,2023,False,262,26,3,1,662.0,4853.0,1,False,True,Other,0,0.0,13,0.0,True
1.0,0.0,19,4,7,2023,True,250,44,2,1,5.0,578.0,3,True,True,SaaS,0,2.2,0,0.0,True
137.0,40.0,9,4,7,2025,False,351,36,3,1,790.0,458.0,3,False,False,Productivity,0,1.1,1,1.0,True
115.0,20.0,7,5,6,2023,False,57,38,1,1,609.0,2248.0,4,True,False,Chrome Extensions,0,0.0,0,0.0,True
205.0,0.0,18,1,7,2023,True,374,30,3,1,5.0,1242.0,1,True,False,Other,0,0.0,2697,0.0,True
674.0,34.0,7,2,7,2026,True,64,59,1,3,34847.0,1682.0,1,True,True,Design Tools,0,0.0,0,0.0,True
5.0,1.0,7,4,5,2023,False,241,48,3,0,536699.0,1219.0,3,False,True,Open Source,0,0.0,222,2.1,True
14.0,3.0,14,3,3,2023,True,278,58,3,1,5.0,2389.0,3,False,True,Productivity,0,0.0,2694,0.7,True
92.0,5.0,7,3,7,2023,True,180,55,2,1,29.0,41.0,5,False,True,Marketing,0,0.0,0,0.0,False
81.0,15.0,7,2,7,2023,True,169,58,3,1,5.0,2315.0,7,False,False,Education,0,0.0,0,1.5,True
227.0,7.0,7,4,7,2026,True,74,41,3,1,1664.0,1420.0,4,True,False,Other,0,0.0,490,0.0,True
258.0,6.0,7,3,7,2026,True,51,54,3,3,1406.0,11412.0,6,True,False,Productivity,5,0.0,0,0.0,True
160.0,1.0,7,4,7,2023,False,188,58,3,1,1072.0,922.0,4,True,True,Design Tools,0,0.0,3,0.0,True
219.0,13.0,7,3,7,2023,True,254,51,2,1,5.0,174.0,5,False,False,API,0,0.0,0,257.7,True
155.0,0.0,6,3,5,2026,True,268,34,3,1,1940.0,209.0,8,False,True,Health & Fitness,0,0.1,4,0.9,True
88.0,4.0,7,4,7,2023,True,258,60,2,1,429.0,299.0,3,False,True,Fintech,0,0.0,0,0.0,False
618.0,23.0,7,2,5,2026,True,60,33,3,1,5.0,2168.0,7,True,False,Developer Tools,0,0.0,1,3.1,True
9.0,0.0,18,5,7,2023,False,172,41,2,1,2340.0,2545.0,3,False,False,Marketing,0,0.0,19,0.7,True
85.0,3.0,7,4,7,2023,True,253,55,3,1,107.0,144.0,4,False,True,Other,0,0.0,0,0.0,False
250.0,84.0,0,2,6,2026,True,482,47,3,1,89.0,962.0,8,False,False,Other,0,0.0,17,0.0,True
3.0,1.0,6,4,1,2023,False,75,10,2,0,127.0,1501.0,1,False,False,Android,0,0.0,0,0.0,False
280.0,25.0,7,1,7,2026,True,40,51,3,3,5.0,1277.0,9,True,False,Other,1,0.0,27,227.2,True
132.0,136.0,7,6,7,2026,True,39,47,3,3,1708.0,1432.0,7,True,False,Fintech,0,0.0,0,3.3,True
1.0,3.0,7,4,3,2023,True,50,27,5,1,5.0,931.0,4,False,True,Android,0,0.0,1584,2.6,True
102.0,38.0,1,4,5,2026,True,38,36,3,1,5.0,2712.0,6,True,False,Other,3,0.8,0,325.3,True
7.0,0.0,7,3,1,2023,False,234,42,1,0,5.0,4618.0,1,False,True,Design Tools,0,0.0,0,0.0,True
101.0,11.0,7,4,7,2023,True,197,32,5,9,704.0,529.0,5,True,True,Design Tools,0,0.0,0,0.0,False
7.0,0.0,19,3,3,2023,False,229,51,1,1,614.0,2795.0,3,False,True,Artificial Intelligence,0,0.0,10,0.0,True
1.0,0.0,7,2,7,2023,True,246,52,3,1,5.0,1503.0,6,False,True,Hiring,0,0.0,0,2.3,True
492.0,39.0,7,6,5,2026,False,48,58,3,3,5.0,12998.0,6,True,False,Other,6,0.0,502,487.0,True
412.0,88.0,0,5,6,2026,True,498,55,3,1,5320.0,13767.0,7,True,False,Productivity,18,317.3333333333333,18,317.3333333333333,False
27.0,0.0,14,1,7,2023,False,287,57,2,1,84840.0,10.0,1,False,True,Other,0,0.0,266,0.0,True
20.0,0.0,15,1,1,2023,False,84,38,3,1,5.0,3507.0,1,False,True,Other,0,0.8,0,0.0,True
84.0,5.0,8,6,5,2023,True,253,25,3,0,10.0,764.0,4,False,False,Other,1,6.0,0,0.0,False
20.0,85.0,6,1,5,2023,False,273,55,3,0,5.0,1521.0,6,False,False,Developer Tools,0,0.0,0,0.0,True
157.0,8.0,7,3,5,2023,False,414,60,2,1,5.0,5811.0,4,True,False,API,0,0.0,0,201.5,True
117.0,0.0,10,4,7,2023,True,259,57,3,1,1504.0,377.0,3,False,True,Other,0,0.0,0,4.5,True
503.0,71.0,7,6,5,2026,False,41,38,3,2,119079.0,20859.0,6,True,False,Other,0,0.4,184,1.2,True
111.0,38.0,7,0,5,2026,True,218,59,3,1,2803.0,3638.0,4,True,False,Marketing,5,0.0,0,2.1,True
151.0,0.0,7,4,7,2023,True,266,30,3,1,1402.0,418.0,2,False,True,Design Tools,0,0.0,1,1.5,True
157.0,16.0,7,4,5,2024,False,67,36,3,1,5.0,478.0,8,True,False,Developer Tools,0,0.0,0,2.1,True
367.0,47.0,7,3,7,2026,True,43,60,3,3,19396.0,434.0,8,True,False,Other,0,0.0,0,0.4,True
245.0,48.0,7,4,10,2023,True,60,35,3,5,1985.0,5209.0,8,True,False,Other,13,0.0,14,209.6,True
17.0,0.0,7,1,7,2023,True,265,35,3,1,954.0,1300.0,3,True,True,Productivity,0,0.0,3,1.2,True
101.0,0.0,7,3,5,2023,False,220,56,1,3,5.0,4466.0,8,False,True,Chrome Extensions,0,0.0,0,0.0,True
175.0,2.0,7,4,7,2023,True,256,38,3,2,950.0,818.0,4,False,True,Other,0,1.5,0,3.0,True
2.0,4.0,7,4,7,2023,False,53,40,3,1,191761.0,834.0,4,True,False,Productivity,0,1.9,2,3.2,True
181.0,11.0,7,4,7,2026,True,450,58,3,2,39532.0,1004.0,6,True,False,API,0,0.8,16,330.5,True
127.0,17.0,0,0,6,2026,True,420,56,3,1,157.0,2437.0,5,False,False,API,0,0.0,0,0.0,False
172.0,31.0,0,2,5,2026,True,449,55,3,1,24.0,981.0,5,True,False,Other,0,0.0,0,0.0,False
116.0,50.0,5,0,7,2026,True,29,52,3,1,2554.0,1017.0,6,True,False,SaaS,0,0.0,0,1.7,True
198.0,37.0,7,2,7,2026,False,59,59,3,3,51.0,2297.0,4,True,True,Productivity,0,0.0,0,0.0,False
21.0,1.0,7,5,3,2026,True,39,43,1,2,915.0,3007.0,15,True,True,SaaS,0,0.0,0,1.0,True
9.0,4.0,7,4,7,2023,False,476,52,3,1,5.0,739.0,3,False,True,Other,0,0.0,0,3.4,True
558.0,0.0,7,1,5,2023,False,220,47,3,1,3178.0,1019.0,6,True,True,Productivity,0,0.0,0,0.0,True
99.0,9.0,8,4,1,2023,True,237,54,1,1,1886.0,415.0,5,True,True,Artificial Intelligence,0,0.0,0,0.0,False
9.0,28.0,13,4,7,2023,False,265,28,3,1,5.0,705.0,2,False,True,Marketing,0,1.1,0,0.3,True
137.0,0.0,11,4,7,2023,False,199,59,1,1,1952.0,1983.0,7,False,True,Artificial Intelligence,0,0.0,0,2.4,True
47.0,10.0,7,4,7,2026,False,48,48,2,1,195.0,1846.0,8,False,False,Other,0,0.0,0,0.0,False
725.0,9.0,7,2,7,2026,True,36,52,3,2,5.0,13369.0,2,True,True,Hiring,0,0.0,0,0.0,True
625.0,4.0,7,1,6,2026,True,52,37,3,1,2882.0,1562.0,8,False,False,Other,0,0.5,0,0.0,True
73.0,0.0,7,1,5,2026,False,236,46,3,1,46414.0,7476.0,5,True,False,Writing,0,0.0,11,0.0,True
97.0,66.0,0,4,6,2026,True,131,27,3,4,241483.0,843.0,6,False,False,Mac,0,0.0,8,0.0,True
1.0,0.0,11,3,5,2023,False,188,42,2,1,1619.0,1061.0,3,False,True,Developer Tools,0,0.0,1363,3.5,True
1.0,5.0,7,4,3,2023,False,196,59,3,1,110687.0,1598.0,6,False,False,Writing,0,0.0,5,0.0,True
70.0,0.0,16,3,8,2023,False,265,34,3,1,5.0,1229.0,1,False,True,Design Tools,0,0.0,0,0.0,True
119.0,8.0,21,2,5,2026,True,487,56,3,1,335.0,162.0,4,False,False,Design Tools,0,0.0,0,0.0,False
244.0,11.0,7,3,7,2026,True,31,60,3,3,5.0,238.0,8,True,False,Open Source,0,0.0,4,313.4,True
399.0,13.0,7,4,9,2026,False,55,40,3,1,1725.0,11060.0,5,True,False,Design Tools,0,0.0,18,3.1,True
19.0,1.0,9,3,1,2023,True,156,33,3,2,5.0,853.0,4,False,False,Android,0,0.0,1437,2.1,True
4.0,3.0,7,1,7,2023,False,248,32,2,1,18037.0,736.0,9,False,True,Open Source,0,0.0,1,2.0,True
286.0,38.0,16,2,5,2026,True,65,41,5,3,164563.0,1263.0,8,False,False,Design Tools,0,0.0,420,415.0,True
89.0,11.0,8,6,5,2023,True,247,41,3,2,66817.0,2583.0,3,False,False,Other,0,0.0,435,184.94942528735632,False
138.0,20.0,7,4,6,2026,True,34,34,3,1,302.0,2971.0,5,False,False,Productivity,0,0.0,0,0.0,False
624.0,5.0,7,4,5,2023,True,25,58,3,0,5.0,2037.0,3,True,False,Developer Tools,0,0.0,0,1.0,True
9.0,3.0,7,3,7,2026,True,255,53,3,2,5.0,400.0,2,False,True,Android,0,0.0,483,1.0,True
167.0,22.0,7,2,6,2026,False,38,50,3,1,5.0,367.0,7,False,False,Productivity,1,0.0,13,204.1,True
130.0,128.0,7,1,3,2023,True,201,56,3,8,265680.0,9505.0,6,True,False,Productivity,1,430.0,1757,214.64541832669323,False
352.0,56.0,7,3,7,2023,True,34,56,3,1,5.0,10.0,6,True,False,Hiring,0,0.0,0,332.4,True
7.0,3.0,7,1,3,2023,False,220,58,2,1,1431.0,1710.0,3,False,True,Other,0,1.9,0,0.0,True
62.0,3.0,17,3,7,2023,True,244,46,2,1,255293.0,673.0,6,False,True,Other,0,0.0,93,0.0,True
127.0,4.0,5,3,5,2023,True,255,54,3,4,121686.0,2301.0,5,False,False,Design Tools,0,0.0,6,0.0,True
82.0,2.0,7,3,7,2023,True,86,45,3,1,759.0,2241.0,3,False,True,Other,0,0.0,1,65.0,False
84.0,0.0,7,6,7,2023,True,37,49,1,4,5.0,4767.0,4,False,False,Productivity,0,0.6,11,3.0,True
